instance_id,voxel_count,z0,z1,y0,y1,x0,x1,volume_um3,z_extent_um,y_extent_um,x_extent_um,bbox_fill,touch_z_boundary,touch_xy_boundary,roi_voxels,complete_for_morphometry
32,207441,400,500,1003,1240,432,522,0.39828672,3.0,1.896,0.72,0.097253164556962,True,False,2242776,False
86,86949,400,443,0,124,836,970,0.16694208,1.29,0.992,1.072,0.1216941362206223,True,True,771120,False
99,56505,400,478,0,136,2034,2092,0.1084896,2.34,1.088,0.464,0.0918386253705726,True,True,662400,False
107,422703,400,500,2440,2855,2462,2586,0.8115897600000002,3.0,3.3200000000000003,0.992,0.0821420520792848,True,False,5359284,False
133,254489,400,461,1140,1280,3890,4000,0.4886188800000001,1.83,1.12,0.88,0.2709058973813072,True,False,1001952,False
134,86793,400,500,2128,2312,540,960,0.16664256,3.0,1.472,3.36,0.0112309782608695,True,False,8006184,False
147,56268,400,410,1360,1496,452,544,0.10803456,0.3,1.088,0.736,0.4497122762148338,True,False,155664,False
228,529932,400,475,3436,3588,3966,4096,1.0174694400000002,2.25,1.216,1.04,0.3575789473684211,True,True,1565256,False
248,97428,400,426,3920,4040,2512,2622,0.18706176,0.78,0.96,0.88,0.2838811188811189,True,False,382592,False
534,6273,400,409,1428,1468,974,1026,0.01204416,0.27,0.32,0.416,0.3350961538461538,True,False,24948,False
781,36881,400,428,3540,3616,164,238,0.07081152,0.84,0.608,0.592,0.2342067161146109,True,False,177840,False
1160,42227,400,423,3676,3757,3528,3576,0.08107584,0.69,0.648,0.384,0.4722110395419575,True,False,103750,False
1280,284005,400,500,964,1104,1700,2092,0.5452896,3.0,1.12,3.136,0.0517501822157434,True,False,5706696,False
1284,54147,400,500,1808,1920,2668,2914,0.10396224,3.0,0.896,1.968,0.019652656794425,True,False,2883744,False
1490,230010,400,500,4000,4096,3500,3603,0.4416192,3.0,0.768,0.8240000000000001,0.2326152912621359,True,True,1049580,False
1494,164731,400,500,366,484,60,246,0.31628352,3.0,0.944,1.488,0.0750551303080007,True,False,2301120,False
1595,276181,400,500,551,801,1570,1946,0.5302675200000001,3.0,2.0,3.008,0.0293809574468085,True,False,9716112,False
1685,432627,400,500,2824,3108,3036,3330,0.8306438400000001,3.0,2.272,2.352,0.0518140988789882,True,False,8634912,False
1737,123441,400,500,2208,2344,730,844,0.23700672,3.0,1.088,0.912,0.0796188080495356,True,False,1632816,False
1807,234182,400,500,3776,4004,600,720,0.44962944,3.0,1.824,0.96,0.0855928362573099,True,False,2862120,False
1817,121379,400,500,1736,2260,2808,3258,0.23304768,3.0,4.192,3.6,0.0051475402883799,True,False,24250704,False
1940,823161,400,500,3364,3572,124,378,1.5804691200000005,3.0,1.664,2.032,0.1558072758933979,True,False,5483520,False
1984,138647,400,500,668,752,598,706,0.26620224,3.0,0.672,0.864,0.1528295855379189,True,False,964920,False
2241,299,400,402,2071,2101,0,8,0.00057408,0.06,0.24,0.064,0.6229166666666668,True,True,1280,False
2258,2427,400,407,0,22,1778,1833,0.00465984,0.21,0.176,0.44,0.2865407319952775,True,True,12312,False
2389,305406,400,500,188,296,1348,1710,0.58637952,3.0,0.864,2.896,0.0781169429097606,True,False,4084080,False
2430,319392,400,460,24,304,0,166,0.6132326400000001,1.7999999999999998,2.24,1.328,0.1145266781411359,True,True,2937312,False
2456,24975,400,419,352,448,1028,1130,0.047952,0.57,0.768,0.8160000000000001,0.1342395510835913,True,False,214032,False
2483,231309,400,500,0,444,1060,1564,0.44411328,3.0,3.552,4.032,0.0103366312741312,True,True,23018952,False
2501,115704,400,410,20,435,595,726,0.22215168,0.3,3.3200000000000003,1.048,0.2128281063184033,True,False,665532,False
2510,249359,400,500,1284,1444,2724,3082,0.4787692800000001,3.0,1.28,2.864,0.043533344972067,True,False,5948640,False
2536,59516,400,437,0,144,1986,2176,0.11427072,1.11,1.152,1.52,0.0587916864232653,True,True,1093248,False
2548,462224,400,500,1096,1304,924,1284,0.8874700800000002,3.0,1.664,2.88,0.0617286324786324,True,False,7754040,False
2603,33402,400,500,1228,1276,1498,1904,0.06413184,3.0,0.384,3.248,0.0171397783251231,True,False,2080800,False
2621,351862,400,500,1708,1844,2706,2874,0.6755750400000001,3.0,1.088,1.344,0.1540012254901961,True,False,2392920,False
2630,33725,400,500,1872,1961,2,130,0.064752,3.0,0.712,1.024,0.0296041081460674,True,False,1206660,False
2654,515050,400,500,1336,1620,2262,2754,0.988896,3.0,2.272,3.936,0.0368609011794343,True,False,14410968,False
2666,1554,400,403,1983,2016,2658,2684,0.00298368,0.09,0.264,0.208,0.6037296037296037,True,False,4900,False
2732,360851,400,500,704,868,1914,2006,0.6928339200000001,3.0,1.312,0.736,0.2391642364793213,True,False,1591608,False
2742,114248,400,418,1664,1852,3192,3406,0.21935616,0.54,1.504,1.712,0.1577627538057046,True,False,820800,False
2774,3022,488,500,0,20,2642,2682,0.00580224,0.36,0.16,0.32,0.3147916666666667,True,True,12936,False
2781,140180,400,427,60,276,2548,2634,0.2691456,0.8099999999999999,1.728,0.6880000000000001,0.2794924554183814,True,False,556336,False
2807,337958,400,488,40,320,1604,2024,0.6488793600000001,2.6399999999999997,2.24,3.36,0.0326567331478045,True,False,10710360,False
2836,76563,400,461,656,836,782,842,0.14700096,1.83,1.44,0.48,0.1162158469945355,True,False,710892,False
2839,630115,400,500,48,1108,1280,1478,1.2098208,3.0,8.48,1.584,0.0300226319801791,True,False,21664800,False
2845,17800,400,411,1696,1768,1500,1550,0.034176,0.3299999999999999,0.5760000000000001,0.4,0.4494949494949495,True,False,50024,False
2860,129629,400,500,277,664,1790,1929,0.24888768,3.0,3.096,1.112,0.0240977450597661,True,False,5594598,False
2891,13603,400,406,1520,1600,878,930,0.02611776,0.18,0.64,0.416,0.5449919871794872,True,False,35424,False
2905,280576,400,500,420,584,32,236,0.5387059200000001,3.0,1.312,1.632,0.0838641798182687,True,False,3487992,False
2906,188958,400,481,284,548,1932,2082,0.36279936,2.4299999999999997,2.112,1.2,0.0589094650205761,True,False,3355856,False
2914,286731,400,500,1912,2084,2424,2956,0.55052352,3.0,1.376,4.256,0.0313353514600454,True,False,9477432,False
2927,7263,400,406,364,436,2088,2140,0.01394496,0.18,0.5760000000000001,0.416,0.3233173076923076,True,False,31968,False
2934,12990,400,413,1804,1872,224,258,0.0249408,0.39,0.544,0.272,0.4321932392866649,True,False,37800,False
2949,21539,400,414,2088,2156,2204,2248,0.04135488,0.42,0.544,0.352,0.5142045454545455,True,False,51520,False
2952,51958,400,425,746,908,2514,2572,0.09975936,0.75,1.296,0.464,0.2211919965942954,True,False,265680,False
2953,31910,400,412,1260,1333,2350,2424,0.0612672,0.36,0.584,0.592,0.4922559545847218,True,False,79800,False
2954,171350,400,421,1270,1516,2050,2134,0.328992,0.63,1.968,0.672,0.3948666187342146,True,False,490544,False
2956,31894,400,426,1672,1772,2490,2548,0.06123648,0.78,0.8,0.464,0.211498673740053,True,False,171360,False
2957,72265,400,438,448,576,2704,2804,0.1387488,1.14,1.024,0.8,0.148571134868421,True,False,530400,False
2958,39908,400,412,1240,1340,632,706,0.07662336,0.36,0.8,0.592,0.4494144144144145,True,False,108528,False
2959,14925,400,407,216,288,2488,2550,0.028656,0.21,0.5760000000000001,0.496,0.4776305683563748,True,False,42624,False
2960,4069,400,402,196,272,1910,1986,0.00781248,0.06,0.608,0.608,0.3522333795013851,True,False,24336,False
2961,976,400,402,792,824,2924,2946,0.00187392,0.06,0.256,0.176,0.6931818181818183,True,False,3264,False
2962,11240,400,411,0,76,2994,3028,0.0215808,0.3299999999999999,0.608,0.272,0.3954404728398538,True,True,36504,False
2963,39365,400,420,592,666,436,536,0.0755808,0.6,0.592,0.8,0.2659797297297298,True,False,170544,False
2964,445617,400,500,648,912,6,190,0.8555846400000001,3.0,2.112,1.472,0.0917360424901185,True,False,5046552,False
2965,5956,400,405,1052,1104,1006,1052,0.01143552,0.15,0.416,0.368,0.4979933110367893,True,False,18144,False
2967,15762,400,407,1252,1320,1536,1594,0.03026304,0.21,0.544,0.464,0.5709214720370908,True,False,37800,False
2968,9234,400,406,1372,1432,1474,1528,0.01772928,0.18,0.48,0.432,0.4750000000000001,True,False,27776,False
2970,4892,400,403,656,716,8,54,0.00939264,0.09,0.48,0.368,0.5908212560386474,True,False,14880,False
2971,22252,400,407,1192,1292,2788,2910,0.04272384,0.21,0.8,0.976,0.2605620608899298,True,False,113832,False
2972,30197,400,428,1964,2048,2510,2570,0.05797824,0.84,0.672,0.48,0.2139810090702948,True,False,159960,False
2974,2115,400,402,524,596,2632,2674,0.0040608,0.06,0.5760000000000001,0.336,0.349702380952381,True,False,13024,False
2975,42505,400,411,1076,1204,2936,3050,0.0816096,0.3299999999999999,1.024,0.912,0.2648088616427432,True,False,196040,False
2976,16759,400,411,296,360,1504,1554,0.03217728,0.3299999999999999,0.512,0.4,0.4761079545454546,True,False,44616,False
2977,4633,400,403,568,644,2858,2894,0.00889536,0.09,0.608,0.288,0.5644493177387915,True,False,14820,False
2979,14418,400,405,900,1017,1920,1990,0.02768256,0.15,0.936,0.56,0.3520879120879122,True,False,59976,False
2986,23627,400,411,540,628,2158,2218,0.04536384,0.3299999999999999,0.704,0.48,0.4068009641873279,True,False,72540,False
2987,11669,400,412,0,52,2932,2988,0.02240448,0.36,0.416,0.448,0.3339342948717949,True,True,43848,False
2988,74034,400,423,348,480,1702,1844,0.14214528,0.69,1.056,1.136,0.1717279964371207,True,False,482400,False
2989,15431,400,407,1396,1464,2688,2756,0.02962752,0.21,0.544,0.544,0.4767362827483934,True,False,44100,False
2993,1220,400,402,1320,1360,202,228,0.0023424,0.06,0.32,0.208,0.5865384615384616,True,False,4704,False
2995,15538,400,417,0,80,2206,2260,0.02983296,0.51,0.64,0.432,0.211574074074074,True,True,87248,False
2996,38210,400,425,272,368,2090,2166,0.0733632,0.75,0.768,0.608,0.209484649122807,True,False,206388,False
2997,31546,400,417,912,964,1652,1762,0.06056832,0.51,0.416,0.88,0.324413821472645,True,False,114912,False
2999,269014,400,500,636,988,938,1114,0.5165068800000001,3.0,2.816,1.408,0.0434229726239669,True,False,6427224,False
3000,4867,400,404,1076,1133,314,352,0.00934464,0.12,0.456,0.304,0.5617497691597416,True,False,14160,False
3003,52704,400,414,632,708,479,630,0.10119168,0.42,0.608,1.208,0.3280386396454714,True,False,190944,False
3004,16642,400,406,1008,1084,1848,1912,0.03195264,0.18,0.608,0.512,0.5702439692982457,True,False,41184,False
3005,20241,400,412,1768,1900,788,864,0.03886272,0.36,1.056,0.608,0.168136961722488,True,False,146328,False
3006,211874,400,500,52,208,2608,2694,0.40679808,3.0,1.248,0.6880000000000001,0.1579263565891473,True,False,1418208,False
3008,291669,400,500,1342,1664,422,680,0.56000448,3.0,2.576,2.064,0.0351086956521739,True,False,8592480,False
3009,30439,400,418,1520,1608,2314,2366,0.05844288,0.54,0.704,0.416,0.3695488539238539,True,False,97200,False
3010,21145,400,407,360,452,14,94,0.0405984,0.21,0.736,0.64,0.4104231366459628,True,False,69372,False
3011,37381,400,423,784,872,1638,1700,0.07177152,0.69,0.704,0.496,0.297885056738493,True,False,144000,False
3012,21741,400,407,1320,1408,2798,2854,0.04174272,0.21,0.704,0.448,0.6302469851576995,True,False,46980,False
3013,223654,400,500,1464,1600,1138,1328,0.4294156800000001,3.0,1.088,1.52,0.0865534055727554,True,False,2702592,False
3014,112245,400,456,1928,2100,714,840,0.2155104,1.68,1.376,1.008,0.0924868493909191,True,False,1291776,False
3017,15495,400,406,1552,1644,1590,1650,0.0297504,0.18,0.736,0.48,0.4678442028985508,True,False,46624,False
3019,129712,456,492,1356,1513,0,70,0.24904704,1.08,1.256,0.56,0.3278536042867253,False,True,435024,False
3020,28596,400,415,0,68,1956,2024,0.05490432,0.4499999999999999,0.544,0.544,0.4122837370242214,True,True,83300,False
3021,254075,400,442,132,764,1212,1404,0.4878240000000001,1.26,5.056,1.536,0.049853348842174,True,False,5411824,False
3022,101420,400,428,1256,1348,422,528,0.1947264,0.84,0.736,0.848,0.3714256416266261,True,False,304560,False
3026,40128,400,418,196,272,1686,1764,0.07704576,0.54,0.608,0.624,0.376068376068376,True,False,124800,False
3028,189106,400,466,576,736,1538,1638,0.36308352,1.98,1.28,0.8,0.1790776515151515,True,False,1123632,False
3029,60260,400,417,616,808,1022,1180,0.1156992,0.51,1.536,1.264,0.1168481633159592,True,False,589760,False
3030,36662,400,412,96,204,1376,1448,0.07039104,0.36,0.864,0.5760000000000001,0.3928969478737997,True,False,113960,False
3031,78689,400,447,856,960,1750,1858,0.15108288,1.41,0.8320000000000001,0.864,0.1490592986603625,True,False,571340,False
3032,34885,400,410,1160,1248,804,906,0.0669792,0.3,0.704,0.8160000000000001,0.388647504456328,True,False,112320,False
3033,21610,400,409,99,168,370,444,0.0414912,0.27,0.552,0.592,0.4702528615572093,True,False,59356,False
3035,35329,400,413,1712,1796,854,950,0.06783168,0.39,0.672,0.768,0.337005876068376,True,False,126420,False
3036,45842,400,432,1800,1880,2264,2330,0.08801664,0.96,0.64,0.528,0.2713186553030303,True,False,189584,False
3040,1359,400,402,1748,1796,2906,2934,0.00260928,0.06,0.384,0.224,0.5055803571428572,True,False,6000,False
3042,482497,400,421,100,840,228,572,0.92639424,0.63,5.92,2.752,0.0902578866241657,True,False,5904836,False
3044,288813,400,431,1380,1912,2356,2472,0.5545209600000001,0.93,4.256,0.928,0.1509681810198466,True,False,2079396,False
3045,24738,400,412,312,388,244,292,0.04749696,0.36,0.608,0.384,0.5651041666666667,True,False,54600,False
3046,46101,400,419,280,404,2332,2438,0.08851392,0.57,0.992,0.848,0.1845989364769196,True,False,285768,False
3047,2992,400,404,1912,1964,350,382,0.00574464,0.12,0.416,0.256,0.4495192307692308,True,False,11016,False
3048,15604,400,412,740,805,2804,2846,0.02995968,0.36,0.52,0.336,0.4763125763125763,True,False,41272,False
3049,33558,400,423,1156,1216,2894,2978,0.06443136,0.69,0.48,0.672,0.2894927536231885,True,False,133300,False
3050,30078,400,415,1656,1728,1408,1460,0.05774976,0.4499999999999999,0.5760000000000001,0.416,0.5355769230769232,True,False,67932,False
3052,34199,400,415,60,148,1784,1870,0.06566208,0.4499999999999999,0.704,0.6880000000000001,0.3012596899224807,True,False,134640,False
3053,260364,400,500,259,448,2116,2320,0.49989888,3.0,1.512,1.632,0.0675287892934951,True,False,4013292,False
3055,13938,400,412,356,424,1632,1672,0.02676096,0.36,0.544,0.32,0.4270220588235294,True,False,41160,False
3058,46520,400,412,651,760,1682,1756,0.0893184,0.36,0.872,0.592,0.480618232911811,True,False,118104,False
3060,17624,400,412,852,920,2666,2708,0.03383808,0.36,0.544,0.336,0.5142390289449114,True,False,43120,False
3061,7916,400,404,1552,1628,154,224,0.01519872,0.12,0.608,0.56,0.3719924812030075,True,False,33696,False
3064,35557,400,415,948,1020,970,1048,0.06826944,0.4499999999999999,0.5760000000000001,0.624,0.4220916429249763,True,False,100640,False
3065,16795,400,407,1876,1960,2480,2534,0.0322464,0.21,0.672,0.432,0.5289430587049635,True,False,43344,False
3066,633,400,401,2020,2049,562,588,0.00121536,0.03,0.232,0.208,0.8395225464190982,True,False,2604,False
3067,20657,401,413,444,512,812,870,0.03966144,0.36,0.544,0.464,0.4364646720757268,False,False,58800,True
3068,15204,401,413,1508,1572,756,796,0.02919168,0.36,0.512,0.32,0.4949218750000001,False,False,38808,True
3069,39893,401,420,1524,1600,1090,1162,0.07659456,0.57,0.608,0.5760000000000001,0.3837046014158203,False,False,121212,True
3071,69849,400,453,1968,2032,310,446,0.13411008,1.59,0.512,1.088,0.1514137937014428,True,False,500940,False
3072,25974,400,415,984,1068,2686,2736,0.04987008,0.4499999999999999,0.672,0.4,0.4122857142857142,True,False,76024,False
3073,6078,400,407,1748,1804,920,948,0.01166976,0.21,0.448,0.224,0.5537536443148688,True,False,15660,False
3074,232368,402,441,136,388,2885,3030,0.4461465600000001,1.17,2.016,1.16,0.1630583975411562,False,False,1530858,True
3075,56412,401,429,1536,1620,474,541,0.10831104,0.84,0.672,0.536,0.3579805056350899,False,False,178020,True
3076,44238,400,421,996,1120,2466,2554,0.08493696,0.63,0.992,0.704,0.193050900712191,True,False,260820,False
3078,5793,408,439,0,20,2310,2346,0.01112256,0.93,0.16,0.288,0.2595430107526882,False,True,27588,False
3080,22853,403,414,160,240,792,846,0.04387776,0.3299999999999999,0.64,0.432,0.4809132996632998,False,False,59696,True
3083,36087,402,416,904,988,1240,1304,0.06928704,0.42,0.672,0.512,0.4794722576530613,False,False,90816,True
3084,34184,402,429,1240,1328,2518,2592,0.06563328,0.8099999999999999,0.704,0.592,0.1944216944216944,False,False,198360,True
3085,54662,401,435,1640,1696,458,560,0.10495104,1.02,0.448,0.8160000000000001,0.2814611138573076,False,False,217152,True
3086,16683,403,414,1976,2048,1072,1120,0.03203136,0.3299999999999999,0.5760000000000001,0.384,0.4388415404040404,False,False,48100,True
3087,41644,403,419,512,652,1044,1106,0.07995648,0.48,1.12,0.496,0.2998559907834101,False,False,163584,True
3088,5319,400,406,964,1016,1304,1338,0.01021248,0.18,0.416,0.272,0.5014140271493213,True,False,15552,False
3089,1438,400,402,1252,1292,3064,3102,0.00276096,0.06,0.32,0.304,0.4730263157894737,True,False,6720,False
3091,65510,404,419,640,836,984,1142,0.1257792,0.4499999999999999,1.568,1.264,0.1410272969947472,False,False,538560,True
3092,246546,400,470,1712,1820,2744,2912,0.47336832,2.1,0.864,1.344,0.1941184807256236,True,False,1346400,False
3093,444639,403,444,792,1212,2488,2730,0.8537068800000001,1.23,3.36,1.936,0.1066986782618711,False,False,4427624,False
3094,16593,403,418,1072,1136,1010,1056,0.03185856,0.4499999999999999,0.512,0.368,0.3757472826086957,False,False,53856,True
3095,86182,404,423,540,840,1386,1478,0.16546944,0.57,2.4,0.736,0.1643440122044241,False,False,596148,True
3096,1028,400,403,120,152,2720,2740,0.00197376,0.09,0.256,0.16,0.5354166666666668,True,False,3740,False
3097,54443,405,438,808,892,472,524,0.10453056,0.99,0.672,0.416,0.3776986901986902,False,False,162540,True
3099,386422,400,500,1059,1492,2210,2570,0.7419302400000001,3.0,3.464,2.88,0.024789710033359,True,False,16061940,False
3101,42712,428,445,32,120,2544,2620,0.08200704,0.51,0.704,0.608,0.3756684491978611,False,False,133380,True
3102,15474,420,431,288,352,314,366,0.02971008,0.3299999999999999,0.512,0.416,0.4226944930069931,False,False,46332,True
3103,51742,420,440,436,512,1446,1514,0.09934464,0.6,0.608,0.544,0.5005998452012385,False,False,120120,True
3104,58318,419,445,792,876,2924,3002,0.11197056,0.78,0.672,0.624,0.3423382173382173,False,False,192640,True
3105,17100,419,434,1276,1344,1604,1654,0.032832,0.4499999999999999,0.544,0.4,0.3352941176470588,False,False,61880,True
3106,215920,419,460,1300,1460,2644,2774,0.4145664,1.23,1.28,1.04,0.2531894934333958,False,False,919512,True
3107,73745,420,440,1344,1496,1802,1914,0.1415904,0.6,1.216,0.896,0.2165912828947369,False,False,386232,True
3108,30846,420,436,1576,1696,2674,2718,0.05922432,0.48,0.96,0.352,0.365127840909091,False,False,101016,True
3109,27142,420,434,1772,1848,852,906,0.05211264,0.42,0.608,0.432,0.4723962684489001,False,False,69888,True
3110,17758,441,455,0,52,2550,2608,0.03409536,0.42,0.416,0.464,0.4205665024630541,False,True,51840,False
3111,153571,442,492,448,600,2086,2166,0.29485632,1.5,1.216,0.64,0.2525838815789474,False,False,656656,True
3112,65231,440,461,936,1024,1584,1662,0.12524352,0.63,0.704,0.624,0.4525405150405152,False,False,165600,True
3113,104951,441,500,904,1068,1302,1524,0.20150592,1.77,1.312,1.776,0.0488582319400839,True,False,2268224,False
3114,100840,442,481,1720,1884,2914,3106,0.1936128,1.17,1.312,1.536,0.0821151240358557,False,False,1320364,True
3115,50575,420,438,296,388,1022,1094,0.097104,0.54,0.736,0.5760000000000001,0.4241730407944176,False,False,139120,True
3116,24404,420,436,452,524,18,62,0.04685568,0.48,0.5760000000000001,0.352,0.4814551767676768,False,False,61272,True
3117,12924,421,432,536,616,1152,1192,0.02481408,0.3299999999999999,0.64,0.32,0.367159090909091,False,False,44772,True
3118,57514,421,443,1116,1304,576,674,0.11042688,0.6599999999999999,1.504,0.784,0.1418949591441993,False,False,456000,True
3119,13947,419,431,1324,1392,28,66,0.02677824,0.36,0.544,0.304,0.4497871517027864,False,False,39200,True
3120,28267,421,438,1820,1896,236,282,0.05427264,0.51,0.608,0.368,0.4756191950464396,False,False,71136,True
3121,25748,420,444,1960,2048,268,306,0.04943616,0.72,0.704,0.304,0.32082336523126,False,False,93600,True
3122,32989,453,466,0,92,1224,1288,0.06333888,0.39,0.736,0.512,0.4309808737458194,False,True,93060,False
3123,90001,442,482,360,544,1006,1108,0.17280192,1.2,1.472,0.8160000000000001,0.1198862425404944,False,False,812448,True
3124,14770,443,453,372,424,568,616,0.0283584,0.3,0.416,0.384,0.5917467948717948,False,False,32400,True
3125,14210,443,453,784,852,18,66,0.0272832,0.3,0.544,0.384,0.4353553921568627,False,False,42000,True
3126,50141,443,460,976,1076,1176,1240,0.09627072,0.51,0.8,0.512,0.4608547794117647,False,False,127908,True
3127,91196,443,482,1184,1260,2692,2832,0.17509632,1.17,0.608,1.12,0.2197705802968961,False,False,454116,True
3128,36116,442,458,1524,1608,1098,1154,0.06934272,0.48,0.672,0.448,0.4798575680272109,False,False,89784,True
3129,20184,442,460,1892,1956,970,1014,0.03875328,0.54,0.512,0.352,0.3982007575757577,False,False,60720,True
3130,69504,422,460,0,100,896,1006,0.13344768,1.14,0.8,0.88,0.1662775119617225,False,True,456960,False
3131,125677,422,452,1556,1644,938,1092,0.24129984,0.8999999999999999,0.704,1.232,0.3091228846910666,False,False,449280,True
3133,116256,443,464,524,708,2884,2996,0.22321152,0.63,1.472,0.896,0.2686335403726708,False,False,487692,True
3134,54789,444,461,1020,1116,2686,2810,0.10519488,0.51,0.768,0.992,0.270739444971537,False,False,234612,True
3135,102349,444,469,1436,1540,2772,2954,0.19651008,0.75,0.8320000000000001,1.456,0.2162912087912088,False,False,526608,True
3136,21135,444,462,1556,1616,1392,1434,0.0405792,0.54,0.48,0.336,0.4659391534391534,False,False,54560,True
3137,91506,443,471,1632,1760,1418,1518,0.17569152,0.84,1.024,0.8,0.2553180803571429,False,False,397800,True
3138,35901,422,434,176,360,2696,2746,0.06892992,0.36,1.472,0.4,0.3251902173913044,False,False,135408,True
3139,133313,419,452,500,616,3016,3134,0.25596096,0.99,0.928,0.944,0.2951335387776065,False,False,495600,True
3140,122734,423,469,904,1016,18,86,0.23564928,1.38,0.896,0.544,0.3503322524662038,False,False,383040,True
3141,57214,441,461,1140,1232,1240,1302,0.10985088,0.6,0.736,0.496,0.5015252454417953,False,False,132352,True
3142,15834,423,438,1227,1304,2440,2476,0.03040128,0.4499999999999999,0.616,0.288,0.3808080808080809,False,False,51034,True
3143,133569,423,488,1180,1368,304,430,0.25645248,1.95,1.504,1.008,0.0867488894084639,False,False,1629440,True
3144,111202,423,457,1684,1800,586,704,0.21350784,1.02,0.928,0.944,0.2389426547942379,False,False,509760,True
3145,58592,423,449,1660,1820,296,362,0.11249664,0.78,1.28,0.528,0.2134032634032634,False,False,308448,True
3146,39430,423,454,1728,1833,1284,1326,0.0757056,0.93,0.84,0.336,0.2884207446419429,False,False,155364,True
3147,87855,423,440,1760,1880,1876,1990,0.1686816,0.51,0.96,0.912,0.3777734778121775,False,False,268888,True
3148,80309,441,466,335,480,1228,1342,0.15419328,0.75,1.16,0.912,0.194335148215366,False,False,460404,True
3149,81543,445,466,144,220,1000,1184,0.15656256,0.63,0.608,1.472,0.2776744851258582,False,False,333684,True
3150,26893,445,463,192,276,180,238,0.05163456,0.54,0.672,0.464,0.3066616493340631,False,False,103200,True
3151,62036,445,471,704,844,2396,2440,0.11910912,0.78,1.12,0.352,0.3873376623376623,False,False,182896,True
3152,44030,445,481,1324,1460,2648,2702,0.0845376,1.08,1.088,0.432,0.1665380658436213,False,False,293664,True
3153,11672,427,438,0,56,674,714,0.02241024,0.3299999999999999,0.448,0.32,0.4737012987012988,False,True,31668,False
3154,53638,445,467,1724,1824,356,408,0.10298496,0.6599999999999999,0.8,0.416,0.4688636363636365,False,False,132192,True
3155,45670,423,443,292,372,424,542,0.0876864,0.6,0.64,0.944,0.2418961864406779,False,False,216480,True
3156,65483,423,458,532,664,844,936,0.12572736,1.05,1.056,0.736,0.1540631469979296,False,False,466052,True
3157,20945,425,437,600,676,132,176,0.0402144,0.36,0.608,0.352,0.521954744816587,False,False,50232,True
3158,45050,425,449,952,1016,1722,1798,0.086496,0.72,0.512,0.608,0.3859135142543861,False,False,133848,True
3159,30353,425,441,928,1020,1670,1732,0.05827776,0.48,0.736,0.496,0.3325845897615708,False,False,108288,True
3160,65271,425,440,1248,1404,876,954,0.12532032,0.4499999999999999,1.248,0.624,0.3576101249178173,False,False,214880,True
3161,101723,425,479,1336,1428,2794,2996,0.19530816,1.62,0.736,1.616,0.1013645748632834,False,False,1073856,True
3162,135738,400,481,1404,1480,1290,1530,0.26061696,2.4299999999999997,0.608,1.92,0.0918737816764132,True,False,1566708,False
3163,181581,400,500,1576,1668,2564,2694,0.34863552,3.0,0.736,1.04,0.1518235785953177,True,False,1265616,False
3164,31704,435,458,1660,1724,940,988,0.06087168,0.69,0.512,0.384,0.4487092391304348,False,False,82500,True
3165,70937,425,440,1668,1820,2358,2488,0.13619904,0.4499999999999999,1.216,1.04,0.2393286099865048,False,False,345576,True
3166,67592,426,457,188,284,480,648,0.12977664,0.93,0.768,1.344,0.1351926523297491,False,False,549780,True
3167,120610,426,488,148,364,152,266,0.2315712,1.86,1.728,0.912,0.0790010794608983,False,False,1618432,True
3168,21718,423,444,292,352,1818,1858,0.04169856,0.63,0.48,0.32,0.4309126984126984,False,False,59892,True
3169,51094,425,445,1148,1240,92,184,0.09810048,0.6,0.736,0.736,0.3018312854442345,False,False,194392,True
3170,110487,400,475,1716,1868,2258,2344,0.21213504,2.25,1.216,0.6880000000000001,0.1126958384332925,True,False,1043504,False
3171,53501,427,476,420,488,2184,2224,0.10272192,1.47,0.544,0.32,0.4014180672268908,False,False,149940,True
3172,65144,427,442,671,764,2802,2928,0.12507648,0.4499999999999999,0.744,1.008,0.370620697502418,False,False,206720,True
3173,96662,427,457,1200,1332,538,662,0.18559104,0.8999999999999999,1.056,0.992,0.1968515803193223,False,False,540288,True
3174,46946,400,415,0,100,1756,1900,0.09013632,0.4499999999999999,0.8,1.152,0.2173425925925926,True,True,253164,False
3175,93797,405,436,88,232,2328,2420,0.18009024,0.93,1.152,0.736,0.2283899213027894,False,False,452892,True
3176,352555,400,485,0,274,1622,2000,0.6769056000000001,2.55,2.192,3.024,0.0400465944690934,True,True,9124560,False
3177,265078,400,500,44,640,1392,1922,0.50894976,3.0,4.768,4.24,0.0083917310371026,True,False,32449872,False
3178,49229,428,452,420,488,422,568,0.09451968,0.72,0.544,1.168,0.2066084139135106,False,False,269360,True
3179,236216,428,495,500,780,2002,2124,0.45353472,2.01,2.24,0.976,0.1032087804537034,False,False,2412792,False
3180,71010,407,440,500,616,2488,2628,0.1363392,0.99,0.928,1.12,0.132501119570085,False,False,586460,True
3181,25726,427,465,1924,2004,2486,2518,0.04939392,1.14,0.64,0.256,0.264453125,False,False,111520,True
3182,55365,407,432,900,976,2816,2922,0.1063008,0.75,0.608,0.848,0.2749006951340616,False,False,227448,True
3183,55751,407,443,892,996,1654,1760,0.10704192,1.08,0.8320000000000001,0.848,0.1404788542170617,False,False,435024,True
3184,48824,428,449,1460,1536,288,354,0.09374208,0.63,0.608,0.528,0.4635072529809372,False,False,121992,True
3185,14674,429,441,1495,1552,1160,1198,0.02817408,0.36,0.456,0.304,0.5645583256386582,False,False,33040,True
3186,69056,429,467,1764,1876,2998,3122,0.13258752,1.14,0.896,0.992,0.1308513218530196,False,False,574560,True
3187,36726,400,418,1284,1365,296,354,0.07051392,0.54,0.648,0.464,0.4342982829572868,True,False,99600,False
3188,46379,407,434,1520,1616,18,68,0.08904768,0.8099999999999999,0.768,0.4,0.3578626543209877,False,False,147784,True
3189,79405,407,439,1552,1720,696,862,0.1524576,0.96,1.344,1.328,0.0889775620338497,False,False,971040,True
3190,48609,407,439,1688,1776,2326,2370,0.09332928,0.96,0.704,0.352,0.3923117897727274,False,False,140760,True
3191,87195,407,449,1680,1776,2512,2592,0.1674144,1.26,0.768,0.64,0.2703218005952381,False,False,353584,True
3192,48427,429,446,319,404,866,942,0.09297984,0.51,0.68,0.608,0.4409670369695865,False,False,128934,True
3193,21817,407,422,1748,1812,1286,1332,0.04188864,0.4499999999999999,0.512,0.368,0.4940443840579711,False,False,53856,True
3194,131617,430,462,1060,1152,2452,2692,0.25270464,0.96,0.736,1.92,0.1862785892210145,False,False,773432,True
3195,27951,449,474,1592,1676,1536,1588,0.05366592,0.75,0.672,0.416,0.2559615384615384,False,False,125388,True
3197,73446,407,432,1904,2036,208,280,0.14101632,0.75,1.056,0.5760000000000001,0.3091161616161616,False,False,267732,True
3198,152732,406,488,2000,2108,660,724,0.29324544,2.46,0.864,0.512,0.2694712624209576,False,False,609840,True
3199,35539,429,446,692,796,234,346,0.06823488,0.51,0.8320000000000001,0.896,0.1794753959276018,False,False,229596,True
3200,122450,408,450,943,1081,2890,3096,0.235104,1.26,1.104,1.648,0.1025565002981634,False,False,1281280,True
3201,18430,430,449,1000,1068,100,140,0.0353856,0.57,0.544,0.32,0.3566176470588235,False,False,61740,True
3202,71789,431,458,1336,1460,744,812,0.13783488,0.8099999999999999,0.992,0.544,0.3153287300583316,False,False,255780,True
3203,52965,430,449,1604,1685,402,516,0.1016928,0.57,0.648,0.912,0.3018877603365139,False,False,202188,True
3204,23017,409,425,16,104,758,808,0.04419264,0.48,0.704,0.4,0.3269460227272728,False,False,84240,True
3205,21622,409,422,396,472,1486,1532,0.04151424,0.39,0.608,0.368,0.4757525083612041,False,False,56160,True
3206,106258,409,441,1320,1444,1114,1278,0.20401536,0.96,0.992,1.312,0.1632849380409126,False,False,711144,True
3207,20950,409,420,2004,2076,770,822,0.040224,0.3299999999999999,0.5760000000000001,0.416,0.5086926961926962,False,False,51948,True
3208,39159,431,457,688,780,1378,1448,0.07518528,0.78,0.736,0.56,0.2338688485427615,False,False,189504,True
3209,383465,431,500,868,1116,1564,2020,0.7362528000000002,2.07,1.984,3.648,0.0491428247746528,True,False,8129500,False
3210,20627,432,449,1247,1324,1356,1404,0.03960384,0.51,0.616,0.384,0.3282881334351923,False,False,75050,True
3211,127905,432,474,1536,1664,74,184,0.2455776,1.26,1.024,0.88,0.2162895698051948,False,False,640640,True
3212,91512,431,478,1596,1680,1066,1144,0.17570304,1.41,0.672,0.624,0.2971709141921909,False,False,337120,True
3213,107205,431,444,1796,1876,600,802,0.2058336,0.39,0.64,1.616,0.5103055978674791,False,False,250920,True
3214,571156,410,482,0,720,2158,2420,1.0966195200000002,2.16,5.76,2.096,0.0420521746301008,False,True,14104992,False
3215,53945,409,426,604,700,2180,2266,0.1035744,0.51,0.768,0.6880000000000001,0.3843550501595987,False,False,163856,True
3216,23036,410,423,1536,1628,606,654,0.04422912,0.39,0.736,0.384,0.401268115942029,False,False,70500,True
3217,70360,433,456,280,364,1018,1150,0.1350912,0.69,0.672,1.056,0.2758956019825586,False,False,288100,True
3218,53771,433,454,1488,1596,3000,3072,0.10324032,0.63,0.864,0.5760000000000001,0.3292854693317656,False,False,187220,True
3219,29246,411,428,320,384,1856,1934,0.05615232,0.51,0.512,0.624,0.3446219834087481,False,False,100320,True
3220,21153,411,427,544,604,1740,1784,0.04061376,0.48,0.48,0.352,0.5007812500000002,False,False,51336,True
3221,16425,410,421,1456,1520,398,450,0.031536,0.3299999999999999,0.512,0.416,0.4486724213286714,False,False,46332,True
3222,19430,411,431,1796,1856,2746,2792,0.0373056,0.6,0.48,0.368,0.3519927536231885,False,False,65472,True
3223,20932,410,423,1804,1900,2940,2996,0.04018944,0.39,0.768,0.448,0.2995077838827839,False,False,85260,True
3224,80520,407,425,1980,2216,2560,2668,0.1545984,0.54,1.888,0.864,0.175507428332287,False,False,523600,True
3225,26895,433,461,224,280,2100,2138,0.0516384,0.84,0.448,0.304,0.4513795649838883,False,False,69600,True
3226,23709,434,445,240,304,632,694,0.04552128,0.3299999999999999,0.512,0.496,0.5431864002932553,False,False,54912,True
3227,22220,434,449,516,592,410,454,0.0426624,0.4499999999999999,0.608,0.352,0.442982456140351,False,False,60996,True
3228,67266,433,469,732,824,774,844,0.12915072,1.08,0.736,0.56,0.290139751552795,False,False,257184,True
3229,31716,412,431,132,216,1002,1074,0.06089472,0.57,0.672,0.5760000000000001,0.2760025062656641,False,False,133644,True
3230,71578,412,466,436,616,806,894,0.13742976,1.62,1.44,0.704,0.0836817246539469,False,False,917280,True
3231,99375,412,460,752,840,2610,2726,0.1908,1.44,0.704,0.928,0.2028127449059561,False,False,531000,True
3232,58140,444,474,0,56,1520,1666,0.1116288,0.8999999999999999,0.448,1.168,0.2370352250489237,False,True,274688,False
3233,13456,444,457,196,260,546,588,0.02583552,0.39,0.512,0.336,0.3850732600732601,False,False,43560,True
3234,30141,443,455,236,324,1412,1468,0.05787072,0.36,0.704,0.448,0.5096895292207793,False,False,73080,True
3235,102179,443,500,415,560,600,674,0.19618368,1.71,1.16,0.592,0.1670656137080819,True,False,659148,False
3236,44813,435,457,240,352,1242,1340,0.08604096,0.6599999999999999,0.896,0.784,0.1855825934269812,False,False,273600,True
3237,59717,434,477,300,372,0,64,0.11465664,1.29,0.5760000000000001,0.512,0.3013818233204134,False,True,219780,False
3238,90239,413,436,180,312,1940,2068,0.17325888,0.69,1.056,1.024,0.2322108654479578,False,False,435500,True
3239,447180,400,500,848,1000,632,1058,0.8585856000000001,3.0,1.216,3.408,0.0690604151223128,True,False,6723024,False
3240,60160,413,442,960,1104,292,384,0.1155072,0.87,1.152,0.736,0.1565883724804264,False,False,425444,True
3241,34624,451,465,1152,1224,2902,2988,0.06647808,0.42,0.5760000000000001,0.6880000000000001,0.3994093761535622,False,False,104192,True
3242,66198,412,442,1768,1852,532,636,0.12710016,0.8999999999999999,0.672,0.8320000000000001,0.2525869963369964,False,False,291712,True
3243,49576,413,436,1816,1952,134,200,0.09518592,0.69,1.088,0.528,0.2401379524141672,False,False,234600,True
3244,38673,413,442,1868,1928,1244,1294,0.07425216,0.87,0.48,0.4,0.4445172413793104,False,False,99944,True
3245,178907,414,435,108,284,2858,3014,0.34350144,0.63,1.408,1.248,0.3102921384171385,False,False,646852,True
3246,177326,414,455,659,808,1816,1960,0.34046592,1.23,1.192,1.152,0.2015764536839999,False,False,947978,True
3247,60065,414,437,668,780,1134,1186,0.1153248,0.69,0.896,0.416,0.4484068920210225,False,False,153900,True
3248,19886,414,427,768,828,1470,1526,0.03818112,0.39,0.48,0.448,0.4552655677655678,False,False,53940,True
3249,11445,413,423,1476,1540,2660,2696,0.0219744,0.3,0.512,0.288,0.4967447916666667,False,False,30096,True
3250,70513,414,452,1344,1616,1332,1432,0.13538496,1.14,2.176,0.8,0.0682207817337461,False,False,1117920,True
3251,67406,414,441,1608,1720,1244,1332,0.12941952,0.8099999999999999,0.896,0.704,0.2532993626743627,False,False,297540,True
3252,87012,436,468,1439,1616,1006,1126,0.16706304,0.96,1.416,0.96,0.1280190677966101,False,False,742492,True
3253,40356,435,449,1924,1996,2778,2860,0.07748352,0.42,0.5760000000000001,0.656,0.4882404181184669,False,False,99456,True
3254,207255,412,452,1959,2268,2364,2438,0.3979296,1.2,2.472,0.592,0.2265973497769614,False,False,992712,True
3255,16752,432,445,2016,2084,840,886,0.03216384,0.39,0.544,0.368,0.4119614400944325,False,False,50400,True
3256,21949,437,449,1352,1432,1282,1334,0.04214208,0.36,0.64,0.416,0.4396834935897435,False,False,61992,True
3257,34916,437,462,1856,1952,2982,3044,0.06703872,0.75,0.768,0.496,0.2346505376344086,False,False,169344,True
3258,44985,414,433,792,868,772,850,0.0863712,0.57,0.608,0.624,0.3993980396334967,False,False,131040,True
3259,57280,413,431,796,908,3018,3104,0.1099776,0.54,0.896,0.6880000000000001,0.3303802141011443,False,False,200640,True
3260,25477,414,426,1768,1878,170,214,0.04891584,0.36,0.88,0.352,0.4386535812672178,False,False,72128,True
3261,48965,437,462,552,648,682,752,0.0940128,0.75,0.768,0.56,0.2914583333333333,False,False,190512,True
3262,55859,436,453,732,856,1458,1628,0.10724928,0.51,0.992,1.36,0.1558739814711463,False,False,411768,True
3263,36041,416,442,355,460,2150,2192,0.06919872,0.78,0.84,0.336,0.3143293214721786,False,False,131824,True
3264,23979,415,427,516,620,2776,2846,0.04603968,0.36,0.8320000000000001,0.56,0.2744848901098901,False,False,106848,True
3265,648603,415,476,1016,1176,0,860,1.2453177600000005,1.83,1.28,6.88,0.077273517918414,False,True,8797572,False
3266,14680,416,434,820,880,2606,2640,0.0281856,0.54,0.48,0.272,0.3997821350762527,False,False,44640,True
3267,21894,417,436,848,920,0,36,0.04203648,0.57,0.5760000000000001,0.288,0.4445662768031189,False,True,59052,False
3268,176276,438,478,451,732,940,1076,0.33844992,1.2,2.248,1.088,0.1153155746284279,False,False,1640268,True
3269,96619,439,475,920,1012,62,162,0.18550848,1.08,0.736,0.8,0.2917240338164251,False,False,364344,True
3270,41984,417,457,1724,1796,1242,1280,0.08060928,1.2,0.5760000000000001,0.304,0.3836257309941521,False,False,124320,True
3271,11703,417,431,160,212,250,284,0.02246976,0.42,0.416,0.272,0.4728102779573367,False,False,31104,True
3272,22292,418,431,1224,1296,304,352,0.04280064,0.39,0.5760000000000001,0.384,0.4961716524216524,False,False,55500,True
3273,33899,439,452,832,980,2846,2920,0.06508608,0.39,1.184,0.592,0.2380949036354442,False,False,171000,True
3274,36339,440,455,1020,1104,1094,1152,0.06977088,0.4499999999999999,0.672,0.464,0.4972495894909688,False,False,87720,True
3275,55243,440,458,1440,1536,2796,2912,0.10606656,0.54,0.768,0.928,0.275597661238825,False,False,231280,True
3276,52221,440,457,1696,1908,434,530,0.10026432,0.51,1.696,0.768,0.1509347253052164,False,False,398468,True
3277,46896,440,463,1976,2092,1024,1130,0.09004032,0.69,0.928,0.848,0.165822749002857,False,False,318600,True
3278,9860,419,460,0,24,2886,2948,0.0189312,1.23,0.192,0.496,0.1616181484395489,False,True,71552,False
3279,54084,419,449,160,233,1554,1646,0.10384128,0.8999999999999999,0.584,0.736,0.2684335914234664,False,False,225600,True
3280,34252,418,446,448,532,2146,2192,0.06576384,0.84,0.672,0.368,0.3165853297840876,False,False,123840,True
3281,17953,419,433,740,824,2834,2872,0.03446976,0.42,0.672,0.304,0.4017409595417114,False,False,55040,True
3282,17534,418,430,1104,1176,2680,2730,0.03366528,0.36,0.5760000000000001,0.4,0.4058796296296296,False,False,53872,True
3283,100101,418,461,1176,1268,336,502,0.19219392,1.29,0.736,1.328,0.1524312619537807,False,False,710640,True
3284,436555,419,474,1116,1516,1660,1870,0.8381856000000001,1.65,3.2,1.68,0.0944924242424242,False,False,4857768,False
3285,51834,419,437,1344,1508,2298,2358,0.09952128,0.54,1.312,0.48,0.2926490514905149,False,False,205840,True
3286,96327,419,453,1732,1876,1300,1484,0.18494784,1.02,1.152,1.472,0.1069273497442455,False,False,977616,True
3287,15256,441,452,1000,1060,1744,1790,0.02929152,0.3299999999999999,0.48,0.368,0.5025032938076418,False,False,38688,True
3288,86350,441,469,1372,1544,2292,2418,0.165792,0.84,1.376,1.008,0.1423001371091072,False,False,668160,True
3289,55266,441,472,1928,2068,2236,2296,0.10611072,0.93,1.12,0.48,0.2122350230414746,False,False,290532,True
3290,12989,488,500,676,740,498,538,0.02493888,0.36,0.512,0.32,0.4228190104166667,True,False,38808,False
3291,16036,488,499,712,760,12,72,0.03078912,0.3299999999999999,0.384,0.48,0.5061868686868687,False,False,40300,True
3292,74180,463,478,372,496,478,588,0.1424256,0.4499999999999999,0.992,0.88,0.3625610948191594,False,False,239904,True
3293,9335,462,473,700,764,1368,1406,0.0179232,0.3299999999999999,0.512,0.304,0.3489458732057418,False,False,34320,True
3294,31095,463,489,764,840,1130,1192,0.0597024,0.78,0.608,0.496,0.2538118714901398,False,False,139776,True
3295,67665,462,478,908,1105,1542,1630,0.1299168,0.48,1.576,0.704,0.2439468447161975,False,False,322380,True
3296,19836,488,500,832,880,2896,2974,0.03808512,0.36,0.384,0.624,0.4415064102564103,True,False,56000,False
3297,66843,462,484,1751,1872,2668,2736,0.12833856,0.6599999999999999,0.968,0.544,0.3692657002695895,False,False,206640,True
3298,19134,486,500,1376,1436,1580,1626,0.03673728,0.42,0.48,0.368,0.4951863354037268,True,False,47616,False
3299,30413,463,492,1984,2072,920,962,0.05839296,0.87,0.704,0.336,0.2837457083146739,False,False,122760,True
3300,19223,488,500,1724,1792,928,984,0.03690816,0.36,0.544,0.448,0.4206713935574229,True,False,56840,False
3301,20830,488,500,0,76,954,1012,0.0399936,0.36,0.608,0.464,0.393791591046582,True,True,65520,False
3302,138969,451,483,580,776,2958,3124,0.26682048,0.96,1.568,1.328,0.133476187914925,False,False,1130976,True
3303,19419,489,500,440,528,986,1058,0.03728448,0.3299999999999999,0.704,0.5760000000000001,0.2786243112947659,True,False,86580,False
3304,36494,464,486,1572,1676,2720,2776,0.07006848,0.6599999999999999,0.8320000000000001,0.448,0.2848245504495504,False,False,147552,True
3305,30502,489,500,833,953,752,811,0.05856384,0.3299999999999999,0.96,0.472,0.3916538263995892,True,False,96746,False
3306,461,496,500,913,933,732,743,0.00088512,0.12,0.16,0.088,0.5238636363636365,True,False,1716,False
3307,21870,489,499,1036,1088,1036,1120,0.0419904,0.3,0.416,0.672,0.5006868131868132,False,False,55728,True
3308,46548,489,500,1320,1388,0,122,0.08937216,0.3299999999999999,0.544,0.976,0.510081528885772,True,True,112840,False
3309,22767,464,478,64,168,678,722,0.04371264,0.42,0.8320000000000001,0.352,0.355378996003996,False,False,78016,True
3310,27970,486,499,812,880,1480,1550,0.0537024,0.39,0.544,0.56,0.4520038784744667,False,False,75600,True
3311,65530,465,500,840,1092,372,446,0.1258176,1.05,2.016,0.592,0.1004014218299932,True,False,714248,False
3312,77508,476,500,800,976,360,474,0.14881536,0.72,1.408,0.912,0.160959928229665,True,False,536848,False
3313,75833,488,500,1152,1428,430,570,0.14559936,0.36,2.208,1.12,0.1635459799861973,True,False,552664,False
3314,15178,486,498,1284,1360,1670,1710,0.02914176,0.36,0.608,0.32,0.4160635964912281,False,False,45864,True
3315,59229,467,492,1284,1384,2508,2608,0.11371968,0.75,0.8,0.8,0.236916,False,False,280908,True
3316,183188,466,498,1408,1544,596,814,0.35172096,0.96,1.088,1.744,0.1930863801942795,False,False,1032240,True
3317,60830,467,492,1600,1704,2828,2902,0.1167936,0.75,0.8320000000000001,0.592,0.3161642411642411,False,False,217512,True
3318,43324,466,481,1636,1724,322,400,0.08318208,0.4499999999999999,0.704,0.624,0.4207847707847709,False,False,122400,True
3319,38394,467,488,1792,1868,2878,2940,0.07371648,0.63,0.608,0.496,0.3880063060878002,False,False,114816,True
3320,86221,466,500,1980,2100,2374,2432,0.16554432,1.02,0.96,0.464,0.364355138607167,True,False,263520,False
3321,91833,468,500,1096,1176,1896,2084,0.17631936,0.96,0.64,1.504,0.1908099235372341,True,False,529720,False
3322,34837,469,482,1144,1272,2906,2982,0.06688704,0.39,1.024,0.608,0.2754696988866397,False,False,152100,True
3324,44540,468,495,1856,1924,2986,3046,0.0855168,0.8099999999999999,0.544,0.48,0.4043209876543211,False,False,125860,True
3325,9471,469,478,0,32,398,465,0.01818432,0.27,0.256,0.536,0.4908271144278607,False,True,25806,False
3326,26871,470,481,0,100,422,500,0.05159232,0.3299999999999999,0.8,0.624,0.3131818181818183,False,True,106080,False
3327,57127,469,500,428,520,1190,1238,0.10968384,0.93,0.736,0.384,0.417302185600748,True,False,155100,False
3328,32998,470,483,660,808,502,554,0.06335616,0.39,1.184,0.416,0.3298216855909164,False,False,121500,True
3329,30363,469,492,856,940,1140,1200,0.05829696,0.69,0.672,0.48,0.2619306418219462,False,False,133300,True
3330,31061,470,500,972,1052,894,958,0.05963712,0.8999999999999999,0.64,0.512,0.2022200520833333,True,False,173184,False
3331,63396,470,500,1156,1256,350,426,0.12172032,0.8999999999999999,0.8,0.608,0.2780526315789474,True,False,254592,False
3332,39709,469,481,1244,1328,100,196,0.07624128,0.36,0.672,0.768,0.4103525958994709,False,False,117992,True
3333,270843,402,500,1292,1528,866,1154,0.52001856,2.94,1.888,2.3040000000000003,0.0406618420673354,True,False,6902000,False
3334,18779,470,483,1576,1636,1242,1302,0.03605568,0.39,0.48,0.48,0.4012606837606838,False,False,57660,True
3335,130063,470,500,1584,1788,750,850,0.24972096,0.8999999999999999,1.632,0.8,0.2125212418300654,True,False,672384,False
3336,19411,449,460,0,72,1746,1850,0.03726912,0.3299999999999999,0.5760000000000001,0.8320000000000001,0.2356619075369075,False,True,101972,False
3337,23212,449,461,136,216,1364,1412,0.04456704,0.36,0.64,0.384,0.503732638888889,False,False,57400,True
3338,61410,471,492,84,260,1270,1370,0.1179072,0.63,1.408,0.8,0.1661525974025974,False,False,417588,True
3339,35652,470,492,228,300,1998,2058,0.06845184,0.6599999999999999,0.5760000000000001,0.48,0.3751262626262627,False,False,110112,True
3340,28865,449,465,323,408,1794,1872,0.0554208,0.48,0.68,0.624,0.2721059577677225,False,False,125280,True
3341,42671,471,488,300,452,1970,2022,0.08192832,0.51,1.216,0.416,0.3175681709930936,False,False,158004,True
3342,62591,475,500,128,272,0,48,0.12017472,0.75,1.152,0.384,0.3622164351851851,True,True,197100,False
3343,37415,470,488,1344,1432,1644,1696,0.0718368,0.54,0.704,0.416,0.4542419386169386,False,False,97200,True
3344,458620,400,479,436,704,2868,3044,0.8805504000000001,2.37,2.144,1.408,0.1230774350342648,True,False,3892860,False
3345,100871,471,494,1596,1720,1660,1766,0.19367232,0.69,0.992,0.848,0.3336652200375771,False,False,340200,True
3347,28146,449,465,572,648,542,590,0.05404032,0.48,0.608,0.384,0.4822162828947369,False,False,70200,True
3348,1009453,430,500,204,1356,2224,2574,1.93814976,2.1,9.216,2.8000000000000003,0.035765766723356,True,False,29246976,False
3349,25338,449,474,796,908,1868,1912,0.04864896,0.75,0.896,0.352,0.2056655844155844,False,False,141588,True
3350,86971,471,500,180,304,2832,2898,0.16698432,0.87,0.992,0.528,0.366446725317693,True,False,265608,False
3351,33537,472,492,808,904,2774,2830,0.06439104,0.6,0.768,0.448,0.3119140625,False,False,125048,True
3352,31386,472,485,844,928,1062,1114,0.06026112,0.39,0.672,0.416,0.5527261200338123,False,False,69660,True
3353,253678,472,500,1120,1516,1782,2056,0.48706176,0.84,3.168,2.192,0.0834985675314142,True,False,3295440,False
3354,18203,472,485,1996,2048,186,236,0.03494976,0.39,0.416,0.4,0.5385502958579882,False,False,42120,True
3355,45898,472,500,1896,2048,2676,2722,0.08812416,0.84,1.216,0.368,0.2344414024190912,True,False,221760,False
3356,52030,422,451,1132,1208,1166,1244,0.0998976,0.87,0.608,0.624,0.302654846665736,False,False,193440,True
3357,86205,449,474,1228,1320,2478,2564,0.1655136,0.75,0.736,0.6880000000000001,0.4358190091001011,False,False,223344,True
3359,20531,449,461,1300,1380,282,328,0.03941952,0.36,0.64,0.368,0.4649230072463769,False,False,55104,True
3360,52622,449,464,1444,1540,1604,1692,0.10103424,0.4499999999999999,0.768,0.704,0.415261994949495,False,False,149940,True
3361,38904,449,475,1488,1560,1314,1362,0.07469568,0.78,0.5760000000000001,0.384,0.4329594017094016,False,False,103600,True
3362,40502,473,492,164,244,936,1016,0.07776384,0.57,0.64,0.64,0.3330756578947369,False,False,141204,True
3363,17280,473,486,268,344,1290,1332,0.0331776,0.39,0.608,0.336,0.4164256795835743,False,False,51480,True
3364,109854,423,485,1560,1688,884,994,0.21091968,1.86,1.024,0.88,0.1258408174486803,False,False,931840,True
3365,77725,473,500,1256,1348,1438,1568,0.149232,0.8099999999999999,0.736,1.04,0.2406942896073331,True,False,359832,False
3366,73174,473,488,1300,1392,490,664,0.14049408,0.4499999999999999,0.736,1.392,0.3047392970181576,False,False,281248,True
3367,139821,473,496,1312,1544,1958,2072,0.26845632,0.69,1.856,0.912,0.2298538230884557,False,False,678600,True
3368,36860,473,486,1976,2160,2306,2370,0.0707712,0.39,1.472,0.512,0.2407765468227425,False,False,184140,True
3369,64422,449,469,1744,1868,1056,1206,0.12369024,0.6,0.992,1.2,0.1731774193548387,False,False,421344,True
3370,12558,449,458,1796,1852,2578,2628,0.02411136,0.27,0.448,0.4,0.4983333333333332,False,False,33176,True
3371,112,499,500,196,212,1126,1136,0.00021504,0.03,0.128,0.08,0.7,True,False,648,False
3372,18151,474,488,796,872,734,774,0.03484992,0.42,0.608,0.32,0.4264802631578949,False,False,52416,True
3373,33038,449,460,56,128,1326,1442,0.06343296,0.3299999999999999,0.5760000000000001,0.928,0.3596090212469523,False,False,113516,True
3374,160653,454,500,148,360,2132,2206,0.30845376,1.38,1.696,0.592,0.2226196151032082,True,False,780672,False
3375,26840,449,463,1412,1492,106,156,0.0515328,0.42,0.64,0.4,0.4792857142857143,False,False,68224,True
3376,28873,450,472,1576,1660,2976,3020,0.05543616,0.6599999999999999,0.672,0.352,0.3550890397481307,False,False,94944,True
3377,30584,475,496,656,756,1496,1558,0.05872128,0.63,0.8,0.496,0.234900153609831,False,False,150144,True
3378,283085,450,500,0,444,360,538,0.5435232000000001,1.5,3.552,1.424,0.0716380706549246,True,True,4174560,False
3379,29817,476,496,432,500,874,938,0.05724864,0.6,0.544,0.512,0.3425666360294118,False,False,101640,True
3380,42245,476,489,456,576,496,598,0.0811104,0.39,0.96,0.8160000000000001,0.265491452991453,False,False,190320,True
3381,14571,476,489,896,972,476,522,0.02797632,0.39,0.608,0.368,0.320608167576131,False,False,56160,True
3382,327059,450,500,396,548,1606,1814,0.6279532800000001,1.5,1.216,1.664,0.2068946103238866,True,False,1681680,False
3383,23639,451,475,1788,1856,1130,1174,0.04538688,0.72,0.544,0.352,0.3291973039215686,False,False,83720,True
3384,26805,477,492,532,608,2670,2718,0.0514656,0.4499999999999999,0.608,0.384,0.489857456140351,False,False,66300,True
3385,109680,484,500,784,1004,324,438,0.2105856,0.48,1.76,0.912,0.2733253588516746,True,False,463536,False
3386,27202,489,500,904,1000,1600,1656,0.05222784,0.3299999999999999,0.768,0.448,0.4599905303030304,True,False,73892,False
3387,17922,453,470,444,512,960,1006,0.03441024,0.51,0.544,0.368,0.337031743643749,False,False,63840,True
3388,195544,453,498,560,668,2494,2600,0.37544448,1.35,0.864,0.848,0.379579159872661,False,False,558360,True
3389,12431,453,464,648,708,468,506,0.02386752,0.3299999999999999,0.48,0.304,0.4956539074960129,False,False,32240,True
3390,52336,453,474,820,936,290,402,0.10048512,0.63,0.928,0.896,0.1918250058644147,False,False,309396,True
3391,40326,478,500,112,196,2044,2106,0.07742592,0.6599999999999999,0.672,0.496,0.3519585253456222,True,False,132096,False
3392,10051,478,488,180,236,588,622,0.01929792,0.3,0.448,0.272,0.527888655462185,False,False,25056,True
3393,100681,478,500,260,372,2564,2652,0.19330752,0.6599999999999999,0.896,0.704,0.4643272210743804,True,False,246240,False
3394,35394,477,500,1176,1256,1216,1262,0.06795648,0.69,0.64,0.368,0.418171077504726,True,False,98400,False
3395,23568,478,500,1896,2008,1108,1156,0.04525056,0.6599999999999999,0.896,0.384,0.1992694805194806,True,False,136800,False
3396,16161,479,500,296,372,1816,1844,0.03102912,0.63,0.608,0.224,0.361640708915145,True,False,53820,False
3397,27643,454,468,700,780,280,334,0.05307456,0.42,0.64,0.432,0.4570601851851852,False,False,73472,True
3398,24077,479,492,0,128,470,514,0.04622784,0.39,1.024,0.352,0.3288488854895105,False,True,89700,False
3399,17509,454,466,904,976,1714,1760,0.03361728,0.36,0.5760000000000001,0.368,0.4405444847020935,False,False,49728,True
3400,50448,479,492,756,832,1434,1544,0.09686016,0.39,0.608,0.88,0.4641884431358116,False,False,131040,True
3401,40677,454,465,1663,1740,0,118,0.07809984,0.3299999999999999,0.616,0.944,0.4069897744782182,False,True,123240,False
3402,40263,479,496,1152,1240,2380,2440,0.07730496,0.51,0.704,0.48,0.448562834224599,False,False,106020,True
3403,21194,479,495,1196,1256,92,136,0.04069248,0.48,0.48,0.352,0.501751893939394,False,False,51336,True
3404,17151,478,488,1272,1344,942,1002,0.03292992,0.3,0.5760000000000001,0.48,0.3970138888888889,False,False,55056,True
3405,22285,455,468,672,748,34,80,0.0427872,0.39,0.608,0.368,0.4903406090477029,False,False,56160,True
3406,44356,455,484,800,881,196,274,0.08516352,0.87,0.648,0.624,0.2420888321271463,False,False,205840,True
3407,74596,455,482,1044,1125,770,912,0.14322432,0.8099999999999999,0.648,1.136,0.2402029920722322,False,False,346608,True
3408,18089,455,463,1268,1344,10,84,0.03473088,0.24,0.608,0.592,0.402049253200569,False,False,59280,True
3409,28154,479,500,12,140,620,674,0.05405568,0.63,1.024,0.432,0.1939621913580247,True,False,167440,False
3410,45579,454,474,1560,1648,2310,2384,0.08751168,0.6,0.704,0.592,0.3499616093366094,False,False,150480,True
3411,23507,479,500,220,280,194,264,0.04513344,0.63,0.48,0.56,0.2665192743764172,True,False,102672,False
3412,54650,479,500,324,400,1674,1754,0.104928,0.63,0.608,0.64,0.4280231829573935,True,False,147108,False
3413,24543,476,492,348,420,476,524,0.04712256,0.48,0.5760000000000001,0.384,0.44384765625,False,False,66600,True
3414,12750,481,492,808,868,1716,1754,0.02448,0.3299999999999999,0.48,0.304,0.5083732057416269,False,False,32240,True
3415,47234,479,497,1036,1132,100,164,0.09068928,0.54,0.768,0.512,0.427101417824074,False,False,129360,True
3416,80838,454,500,456,708,2596,2744,0.15520896,1.38,2.016,1.184,0.0471189357058922,True,False,1828800,False
3417,48399,455,481,748,888,2626,2684,0.09292608,0.78,1.12,0.464,0.2292487684729063,False,False,238560,True
3418,29497,482,496,96,192,1688,1736,0.05663424,0.42,0.768,0.384,0.4572327628968254,False,False,78400,True
3419,28693,482,500,788,864,1646,1694,0.05509056,0.54,0.608,0.384,0.4369669834307993,True,False,78000,False
3420,20940,482,500,928,988,3044,3080,0.0402048,0.54,0.48,0.288,0.5385802469135802,True,False,47120,False
3421,43289,490,500,1044,1140,1440,1576,0.08311488,0.3,0.768,1.088,0.3315640318627452,True,False,162288,False
3422,21218,492,500,1703,1828,2180,2280,0.04073856,0.24,1.0,0.8,0.21218,True,False,129540,False
3423,26158,481,500,1880,1960,2362,2402,0.05022336,0.57,0.64,0.32,0.4302302631578948,True,False,72324,False
3424,50362,457,484,0,120,1698,1864,0.09669504,0.8099999999999999,0.96,1.328,0.093637513015023,False,True,594384,False
3425,23988,456,479,0,80,2754,2794,0.04605696,0.69,0.64,0.32,0.3259239130434783,False,True,86100,False
3426,173064,457,500,276,384,0,110,0.33228288,1.29,0.864,0.88,0.3387831806436458,True,True,554400,False
3427,59916,457,477,616,740,1876,2004,0.11503872,0.6,0.992,1.024,0.1887474798387097,False,False,360360,True
3428,66818,457,482,888,1016,2642,2786,0.12829056,0.75,1.024,1.152,0.1450043402777777,False,False,512460,True
3429,44024,457,474,1540,1676,372,466,0.08452608,0.51,1.088,0.752,0.2025693882058455,False,False,251712,True
3430,14550,483,497,0,37,1694,1754,0.027936,0.42,0.296,0.48,0.4681467181467182,False,True,38688,False
3431,44077,483,500,348,436,2542,2636,0.08462784,0.51,0.704,0.752,0.3134386733416772,True,False,164160,False
3432,25347,483,500,444,512,1412,1480,0.04866624,0.51,0.544,0.544,0.3224480968858131,True,False,93100,False
3433,19957,482,496,2020,2096,2264,2312,0.03831744,0.42,0.608,0.384,0.3907620614035089,False,False,62400,True
3434,15786,458,468,88,144,1166,1232,0.03030912,0.3,0.448,0.528,0.4271103896103896,False,False,47328,True
3435,62117,458,500,772,872,1750,1848,0.11926464,1.26,0.8,0.784,0.1509159378036929,True,False,448800,False
3436,52153,458,488,900,984,1178,1310,0.10013376,0.8999999999999999,0.672,1.056,0.156785113035113,False,False,368768,True
3437,35138,457,483,1100,1172,2670,2722,0.06746496,0.78,0.5760000000000001,0.416,0.3609672912557528,False,False,111888,True
3438,68118,458,488,1324,1432,2522,2628,0.13078656,0.8999999999999999,0.864,0.848,0.198340321453529,False,False,380160,True
3439,17508,457,472,1876,1940,2576,2618,0.03361536,0.4499999999999999,0.512,0.336,0.4342261904761905,False,False,49368,True
3440,52231,484,500,396,512,1830,1950,0.10028352,0.48,0.928,0.96,0.2345141882183908,True,False,259128,False
3441,40070,484,500,1144,1220,1430,1494,0.0769344,0.48,0.608,0.512,0.5148797286184212,True,False,92664,False
3442,37226,484,500,1700,1772,292,370,0.07147392,0.48,0.5760000000000001,0.624,0.4142850783475784,True,False,106560,False
3443,228621,483,500,1844,2064,1292,1564,0.43895232,0.51,1.76,2.176,0.2247375353884869,True,False,1155732,False
3444,376421,460,500,0,296,2840,3032,0.7227283200000001,1.2,2.368,1.536,0.1655849697353604,True,True,2428104,False
3445,34181,458,486,240,296,76,136,0.06562752,0.84,0.448,0.48,0.3633184523809524,False,False,107880,True
3446,51250,458,470,272,352,1198,1338,0.0984,0.36,0.64,1.12,0.3813244047619048,False,False,163016,True
3447,58407,460,478,416,576,232,326,0.11214144,0.54,1.28,0.752,0.2157468971631206,False,False,311040,True
3448,46892,458,492,748,860,148,218,0.09003264,1.02,0.896,0.56,0.1759153661464585,False,False,295488,True
3449,20844,460,478,820,944,2666,2740,0.04002048,0.54,0.992,0.592,0.1261987794245858,False,False,191520,True
3450,75091,460,498,1112,1228,2574,2634,0.14417472,1.14,0.928,0.48,0.2839193889897157,False,False,292640,True
3451,99780,460,496,1440,1588,2446,2566,0.1915776,1.08,1.184,0.96,0.1560623123123123,False,False,695400,True
3452,14978,485,500,608,668,644,682,0.02875776,0.4499999999999999,0.48,0.304,0.4379532163742691,True,False,42160,False
3453,29993,485,500,1920,1996,2712,2786,0.05758656,0.4499999999999999,0.608,0.592,0.3555357989568517,True,False,100776,False
3454,57218,460,482,328,432,1590,1734,0.10985856,0.6599999999999999,0.8320000000000001,1.152,0.173665743978244,False,False,371424,True
3455,87246,460,486,1399,1600,2878,2976,0.16751232,0.78,1.608,0.784,0.1703531010567258,False,False,568400,True
3456,36896,486,499,33,112,1694,1762,0.07084032,0.39,0.632,0.544,0.5283235007732402,False,False,85050,True
3457,21569,486,500,92,176,292,340,0.04141248,0.42,0.672,0.384,0.3821038832199547,True,False,68800,False
3458,40315,486,500,224,308,1734,1836,0.0774048,0.42,0.672,0.8160000000000001,0.33609277044151,True,False,143104,False
3459,58951,462,500,720,844,1740,1874,0.11318592,1.14,0.992,1.072,0.0933643539518029,True,False,685440,False
3460,19640,462,472,884,984,470,512,0.0377088,0.3,0.8,0.336,0.4676190476190477,False,False,53856,True
3461,43446,453,467,1451,1546,1053,1136,0.08341632,0.42,0.76,0.664,0.3935682579943836,False,False,131920,True
3462,41034,462,481,1596,1672,596,690,0.07878528,0.57,0.608,0.752,0.3023074202864385,False,False,157248,True
3463,34930,462,479,1748,1820,210,266,0.0670656,0.51,0.5760000000000001,0.448,0.5095996732026143,False,False,81548,True
3464,244528,462,500,1636,2104,568,744,0.46949376,1.14,3.744,1.408,0.0781243610190978,True,False,3346400,False
3465,25104,494,500,0,200,654,712,0.04819968,0.18,1.6,0.464,0.3606896551724138,True,True,96960,False
3485,385473,400,500,1312,1840,562,1054,0.7401081600000001,3.0,4.224,3.936,0.0148386686991869,True,False,26705640,False
3514,13213,492,500,0,60,784,854,0.02536896,0.24,0.48,0.56,0.3932440476190477,True,True,44640,False
3519,9623,492,500,573,624,2696,2752,0.01847616,0.24,0.408,0.448,0.4211747198879552,True,False,30740,False
3520,19843,492,500,552,640,150,210,0.03809856,0.24,0.704,0.48,0.4697679924242425,True,False,55800,False
3521,7451,492,500,680,732,354,390,0.01430592,0.24,0.416,0.288,0.4975293803418804,True,False,20520,False
3522,20041,492,500,756,812,2908,2984,0.03847872,0.24,0.448,0.608,0.5886101973684212,True,False,45240,False
3528,11150,492,500,1100,1152,2946,3006,0.021408,0.24,0.416,0.48,0.4467147435897436,True,False,33480,False
3535,18919,492,500,832,896,610,684,0.03632448,0.24,0.512,0.592,0.4993401604729731,True,False,50160,False
3543,11694,495,500,516,604,566,628,0.02245248,0.15,0.704,0.496,0.4286656891495602,True,False,40320,False
3545,5464,495,500,1304,1368,310,344,0.01049088,0.15,0.512,0.272,0.5022058823529412,True,False,16632,False
3546,8292,495,500,1388,1464,84,142,0.01592064,0.15,0.608,0.464,0.3762250453720509,True,False,32760,False
3547,6844,494,500,1596,1656,2728,2768,0.01314048,0.18,0.48,0.32,0.4752777777777778,True,False,20832,False
3553,7263,495,500,276,340,104,150,0.01394496,0.15,0.512,0.368,0.4934103260869566,True,False,22176,False
3554,248590,447,500,224,400,3018,3154,0.4772928000000001,1.59,1.408,1.088,0.1959549364342649,True,False,1351020,False
3555,3657,496,500,356,412,90,122,0.00702144,0.12,0.448,0.256,0.5101841517857144,True,False,11832,False
3556,4812,496,500,1104,1160,1472,1512,0.00923904,0.12,0.448,0.32,0.5370535714285714,True,False,14616,False
3557,4971,496,500,1368,1440,2244,2290,0.00954432,0.12,0.5760000000000001,0.368,0.3752264492753624,True,False,21312,False
3558,5672,495,500,1548,1608,2252,2302,0.01089024,0.15,0.48,0.4,0.3781333333333334,True,False,22568,False
3568,2761,497,500,816,872,1176,1210,0.00530112,0.09,0.448,0.272,0.4833683473389356,True,False,10440,False
3569,2895,497,500,900,952,538,572,0.0055584,0.09,0.416,0.272,0.5458144796380091,True,False,9720,False
3572,3021,497,500,1160,1232,1626,1664,0.00580032,0.09,0.5760000000000001,0.304,0.3680555555555556,True,False,14800,False
3574,9961,497,500,1347,1488,554,648,0.01912512,0.09,1.128,0.752,0.2505155676273829,True,False,68640,False
3575,6299,497,500,1396,1536,2020,2072,0.01209408,0.09,1.12,0.416,0.2884157509157509,True,False,38340,False
3576,2384,497,500,1552,1604,2782,2814,0.00457728,0.09,0.416,0.256,0.4775641025641026,True,False,9180,False
3578,2532,497,500,216,261,2580,2622,0.00486144,0.09,0.36,0.336,0.4465608465608466,True,False,10340,False
3579,1740,498,500,356,412,758,794,0.0033408,0.06,0.448,0.288,0.431547619047619,True,False,8816,False
3581,1719,497,500,856,900,1638,1666,0.00330048,0.09,0.352,0.224,0.4650974025974027,True,False,6900,False
3582,4217,497,500,896,952,2622,2682,0.00809664,0.09,0.448,0.48,0.4183531746031746,True,False,17980,False
3586,1563,498,500,2016,2068,784,814,0.00300096,0.06,0.416,0.24,0.5009615384615386,True,False,6912,False
3589,335,499,500,868,896,1498,1512,0.0006432,0.03,0.224,0.112,0.854591836734694,True,False,1440,False
3590,325,499,500,880,904,1726,1744,0.000624,0.03,0.192,0.144,0.752314814814815,True,False,1560,False
3591,671,498,500,1008,1036,570,590,0.00128832,0.06,0.224,0.16,0.5991071428571428,True,False,2640,False
3593,16740,400,500,1421,1456,256,312,0.0321408,3.0,0.28,0.448,0.0854081632653061,True,False,218892,False
3602,302,499,500,1932,1956,2818,2834,0.00057984,0.03,0.192,0.128,0.7864583333333335,True,False,1404,False
3609,314475,401,500,400,840,0,278,0.6037920000000001,2.97,3.52,2.224,0.0259688943060427,True,True,12499760,False
3619,11174,427,500,1284,1499,0,195,0.02145408,2.19,1.72,1.56,0.0036510075885673,True,True,3206175,False
3632,19686,493,500,1304,1412,508,584,0.03779712,0.21,0.864,0.608,0.3426274018379282,True,False,77220,False
3633,170175,400,500,532,768,740,881,0.326736,3.0,1.888,1.128,0.0511404615939415,True,False,3471468,False
3728,85183,400,500,332,520,1892,1964,0.16355136,3.0,1.504,0.5760000000000001,0.0629307033096926,True,False,1434120,False
4006,287756,400,500,1044,1284,1210,1548,0.5524915200000001,3.0,1.92,2.704,0.0354728796844181,True,False,8392560,False
4039,101786,467,500,572,688,784,900,0.19542912,0.99,0.928,0.928,0.2292229668864627,True,False,487340,False
4275,154280,400,500,1120,1504,1362,1526,0.2962176,3.0,3.072,1.312,0.0244982215447154,True,False,6535752,False
4315,154633,469,500,936,1060,1486,1566,0.29689536,0.93,0.992,0.64,0.5028388397502603,True,False,340956,False
4602,310927,400,500,2212,2504,2802,2996,0.59697984,3.0,2.336,1.552,0.0548875511933342,True,False,5877648,False
4784,184657,400,500,2024,2312,2474,2620,0.35454144,3.0,2.3040000000000003,1.168,0.0439157629375951,True,False,4377840,False
5161,41426,400,500,1672,1728,884,924,0.07953792,3.0,0.448,0.32,0.1849375,True,False,248472,False
5341,41680,400,408,2112,2240,706,804,0.0800256,0.24,1.024,0.784,0.4153380102040817,True,False,130000,False
5377,349567,400,500,3728,4096,744,1060,0.6711686400000001,3.0,2.944,2.528,0.0300604533571821,True,True,12001320,False
5413,128676,400,436,2580,2688,2896,2968,0.24705792,1.08,0.864,0.5760000000000001,0.459662208504801,True,False,309320,False
5530,3669,400,417,4048,4096,1042,1068,0.00704448,0.51,0.384,0.208,0.1729355203619909,True,True,26600,False
5556,215798,400,500,2236,2432,2320,2400,0.41433216,3.0,1.568,0.64,0.1376262755102041,True,False,1656072,False
5570,96975,400,417,2604,2768,302,416,0.186192,0.51,1.312,0.912,0.3051140225024542,True,False,365864,False
5591,17007,400,411,3216,3288,230,278,0.03265344,0.3299999999999999,0.5760000000000001,0.384,0.4473642676767678,True,False,48100,False
5625,45212,400,423,3051,3236,52,98,0.08680704,0.69,1.48,0.368,0.2309916722015021,True,False,224400,False
5633,198201,400,500,3844,4060,730,940,0.38054592,3.0,1.728,1.68,0.0436951058201058,True,False,4714032,False
5654,187569,400,500,2456,2608,0,50,0.36013248,3.0,1.216,0.4,0.2468013157894737,True,True,816816,False
5680,2015,400,404,3071,3116,128,152,0.0038688,0.12,0.36,0.192,0.4664351851851853,True,False,7332,False
5691,31546,400,407,3796,3892,2758,2870,0.06056832,0.21,0.768,0.896,0.4191379676870749,True,False,100548,False
5729,36762,400,408,3220,3408,2564,2618,0.07058304,0.24,1.504,0.432,0.4526447990543736,True,False,106400,False
5743,247912,400,500,2048,2196,642,790,0.4759910400000001,3.0,1.184,1.184,0.1131811541271001,True,False,2295000,False
5748,33536,400,423,2556,2632,2748,2790,0.06438912,0.69,0.608,0.336,0.4567941593113219,True,False,85800,False
5786,19638,400,422,3860,3936,874,924,0.03770496,0.6599999999999999,0.608,0.4,0.2349043062200957,True,False,97344,False
5800,8374,400,408,3700,3756,534,578,0.01607808,0.24,0.448,0.352,0.4248173701298702,True,False,26680,False
5805,4729,400,406,3340,3388,2652,2686,0.00907968,0.18,0.384,0.272,0.4829452614379085,True,False,14400,False
5807,64078,400,425,3800,3892,1530,1594,0.12302976,0.75,0.736,0.512,0.4353125,True,False,167508,False
5810,45736,400,418,2236,2308,634,722,0.08781312,0.54,0.5760000000000001,0.704,0.4010241301907968,True,False,133200,False
5816,305973,400,460,3772,4096,2630,3020,0.5874681600000001,1.7999999999999998,2.592,3.12,0.0403573124406457,True,True,7923104,False
5817,2608,400,403,3756,3800,1438,1474,0.00500736,0.09,0.352,0.288,0.5488215488215489,True,False,8740,False
5822,79365,400,418,2320,2520,160,272,0.1523808,0.54,1.6,0.896,0.1968377976190476,True,False,460560,False
5823,76524,400,413,3207,3316,2844,2950,0.14692608,0.39,0.872,0.848,0.5094739084699272,True,False,179820,False
5827,18444,400,407,3228,3356,2686,2748,0.03541248,0.21,1.024,0.496,0.3320132488479262,True,False,74880,False
5829,237361,400,472,3860,4056,2436,2682,0.45573312,2.16,1.568,1.968,0.0683731656619287,True,False,3633696,False
5830,96649,400,476,2100,2320,2428,2548,0.18556608,2.28,1.76,0.96,0.0481703548644338,True,False,2112552,False
5831,15366,400,421,2516,2592,2268,2346,0.02950272,0.63,0.608,0.624,0.1234335839598997,True,False,143520,False
5832,3117,400,403,2556,2620,1968,2002,0.00598464,0.09,0.512,0.272,0.4774816176470589,True,False,11880,False
5834,299,400,401,3584,3612,2446,2462,0.00057408,0.03,0.224,0.128,0.6674107142857143,True,False,1620,False
5835,186301,400,444,2192,2364,1754,1876,0.35769792,1.3199999999999998,1.376,0.976,0.201778194641805,True,False,992496,False
5836,9167,400,405,3112,3212,3046,3104,0.01760064,0.15,0.8,0.464,0.316103448275862,True,False,42840,False
5837,27996,400,421,2312,2388,564,612,0.05375232,0.63,0.608,0.384,0.3654448621553885,True,False,89700,False
5838,51,400,401,4088,4096,1390,1398,9.792e-05,0.03,0.064,0.064,0.796875,True,True,300,False
5839,23377,400,412,4016,4080,1132,1184,0.04488384,0.36,0.512,0.416,0.5853615785256411,True,False,49896,False
5840,26200,400,414,3972,4048,1994,2060,0.050304,0.42,0.608,0.528,0.3730918204602416,True,False,84864,False
5841,8736,400,410,2308,2360,2712,2744,0.01677312,0.3,0.416,0.256,0.5250000000000001,True,False,22032,False
5842,25703,400,421,2392,2504,2820,2860,0.04934976,0.63,0.896,0.32,0.273203656462585,True,False,110124,False
5843,31955,400,407,3556,3656,2704,2812,0.0613536,0.21,0.8,0.864,0.4226851851851852,True,False,100980,False
5844,48326,400,438,4016,4088,536,582,0.09278592,1.14,0.5760000000000001,0.368,0.3839785151284007,True,False,142080,False
5845,62758,400,427,2064,2196,542,646,0.12049536,0.8099999999999999,1.056,0.8320000000000001,0.1693160234826901,True,False,411916,False
5846,4106,400,403,3816,3878,232,272,0.00788352,0.09,0.496,0.32,0.5518817204301076,True,False,13440,False
5847,22812,400,412,4012,4069,1436,1498,0.04379904,0.36,0.456,0.496,0.5379173740803622,True,False,52864,False
5848,42061,400,411,2556,2672,2518,2632,0.08075712,0.3299999999999999,0.928,0.912,0.2891505802122863,True,False,177944,False
5850,31755,400,427,4040,4096,822,896,0.0609696,0.8099999999999999,0.448,0.592,0.2838105963105963,True,True,127832,False
5851,13016,400,413,2196,2260,806,842,0.02499072,0.39,0.512,0.288,0.4345619658119658,True,False,37620,False
5852,38798,400,426,3764,3832,408,472,0.07449216,0.78,0.544,0.512,0.3428839083710407,True,False,129360,False
5853,12843,400,408,3836,3904,480,536,0.02465856,0.24,0.544,0.448,0.4215795693277311,True,False,40600,False
5854,8020,400,406,3747,3808,2662,2704,0.0153984,0.18,0.488,0.336,0.5217278168097841,True,False,22176,False
5855,31490,400,418,3699,3820,2554,2642,0.0604608,0.54,0.968,0.704,0.1642979380582686,True,False,221400,False
5856,207121,437,476,2946,3156,206,314,0.3976723200000001,1.17,1.68,0.864,0.2341620313842536,False,False,956120,True
5857,145549,400,447,3403,3508,526,650,0.27945408,1.41,0.84,0.992,0.2378484818773083,True,False,660618,False
5858,81073,400,428,2364,2480,2232,2296,0.15566016,0.84,0.928,0.512,0.3900140471059113,True,False,233640,False
5859,107470,400,439,2964,3112,2922,3010,0.2063424,1.17,1.184,0.704,0.2115817740817741,True,False,553500,False
5860,11217,400,411,3688,3736,2852,2896,0.02153664,0.3299999999999999,0.384,0.352,0.4828254132231406,True,False,29900,False
5861,48703,400,432,3016,3236,2564,2652,0.09350976,0.96,1.76,0.704,0.0786140883264463,True,False,679320,False
5862,46110,400,415,3072,3256,102,146,0.0885312,0.4499999999999999,1.472,0.352,0.3796936758893282,True,False,145452,False
5863,419518,400,449,3684,3880,988,1262,0.8054745600000001,1.47,1.568,2.192,0.159421864977184,True,False,2787048,False
5864,70286,400,444,2048,2124,646,702,0.13494912,1.3199999999999998,0.608,0.448,0.375331083390294,True,False,208104,False
5865,25460,401,412,4032,4096,2446,2518,0.0488832,0.3299999999999999,0.512,0.5760000000000001,0.5022885101010102,False,True,63492,False
5866,76890,401,447,3872,3996,828,940,0.1476288,1.38,0.992,0.896,0.1203572680825486,False,False,689472,True
5867,37753,403,420,2520,2672,2366,2416,0.07248576,0.51,1.216,0.4,0.2922058823529412,False,False,152152,True
5868,23827,402,427,2848,2964,2870,2932,0.04574784,0.75,0.928,0.496,0.1325194660734149,False,False,203904,True
5869,25330,403,422,3704,3764,638,694,0.0486336,0.57,0.48,0.448,0.3967731829573936,False,False,75516,True
5870,135346,402,425,3948,4096,58,256,0.25986432,0.69,1.184,1.584,0.200812472551603,False,True,750000,False
5871,61817,403,436,3992,4096,576,636,0.11868864,0.99,0.8320000000000001,0.48,0.3001991064491064,False,True,230020,False
5872,36819,403,418,4059,4096,2266,2466,0.07069248,0.4499999999999999,0.296,1.6,0.3317027027027028,False,True,133926,False
5873,40036,405,430,2312,2412,70,144,0.07686912,0.75,0.8,0.592,0.2164108108108108,False,False,209304,True
5874,17364,405,416,2368,2440,2602,2646,0.03333888,0.3299999999999999,0.5760000000000001,0.352,0.4982782369146006,False,False,44252,True
5875,80503,405,435,3596,3736,540,616,0.15456576,0.8999999999999999,1.12,0.608,0.252202380952381,False,False,354432,True
5876,20763,406,419,3452,3528,2784,2834,0.03986496,0.39,0.608,0.4,0.4203036437246964,False,False,60840,True
5877,25679,406,432,3124,3188,3014,3054,0.04930368,0.78,0.512,0.32,0.3858022836538461,False,False,77616,True
5878,42377,405,437,3744,3848,2920,3002,0.08136384,0.96,0.8320000000000001,0.656,0.1552862628986867,False,False,302736,True
5879,7119,407,419,4064,4096,1394,1432,0.01366848,0.36,0.256,0.304,0.4878700657894738,False,True,19040,False
5880,89479,408,440,2064,2172,910,1002,0.17179968,0.96,0.864,0.736,0.2814229820853462,False,False,351560,True
5881,58411,409,444,2388,2512,2444,2520,0.11214912,1.05,0.992,0.608,0.1770888915837982,False,False,363636,True
5882,4153,408,417,4076,4096,1878,1932,0.00797376,0.27,0.16,0.432,0.4272633744855968,False,True,13552,False
5883,92026,410,468,3544,3657,100,194,0.17668992,1.74,0.904,0.752,0.1493744278303326,False,False,662400,True
5884,94246,411,430,2092,2220,78,168,0.18095232,0.57,1.024,0.72,0.4305829678362574,False,False,251160,True
5885,29209,412,427,3380,3480,2588,2634,0.05608128,0.4499999999999999,0.8,0.368,0.4233188405797102,False,False,83232,True
5886,53486,412,451,2128,2216,0,40,0.10269312,1.17,0.704,0.32,0.3896124708624709,False,True,154980,False
5887,34771,412,440,3924,4004,450,512,0.06676032,0.84,0.64,0.496,0.2503672235023042,False,False,157440,True
5888,899660,413,464,1456,2752,1954,2288,1.7273472000000003,1.53,10.368,2.672,0.0407527356325837,False,False,23114784,False
5889,7962,414,423,2796,2848,2658,2692,0.01528704,0.27,0.416,0.272,0.5003770739064856,False,False,21384,True
5890,53541,413,449,3620,3744,142,216,0.10279872,1.08,0.992,0.592,0.1620804272013949,False,False,363888,True
5891,10870,414,428,4064,4096,626,674,0.0208704,0.42,0.256,0.384,0.5054873511904763,False,True,27200,False
5892,70992,415,449,3952,4044,2640,2716,0.13630464,1.02,0.736,0.608,0.2986270022883295,False,False,263952,True
5893,60447,416,444,2547,2648,20,90,0.11605824,0.84,0.808,0.56,0.3053495655688018,False,False,222480,True
5894,49756,417,449,2892,3020,2498,2544,0.09553152,0.96,1.024,0.368,0.2640752377717392,False,False,212160,True
5895,21625,417,435,3271,3376,2938,2980,0.04152,0.54,0.84,0.336,0.2724237843285463,False,False,94160,True
5896,48524,418,434,2964,3124,2598,2654,0.09316608,0.48,1.28,0.448,0.3384765625000001,False,False,169128,True
5897,55300,417,454,2992,3080,2784,2826,0.106176,1.11,0.704,0.336,0.4043816543816544,False,False,154440,True
5898,32882,419,435,3048,3128,2526,2582,0.06313344,0.48,0.64,0.448,0.4587332589285716,False,False,85608,True
5899,61555,418,464,4020,4096,584,678,0.1181856,1.38,0.608,0.752,0.1873113345343006,False,True,359424,False
5900,43887,420,452,2872,2948,2554,2620,0.08426304,0.96,0.608,0.528,0.2734188098086124,False,False,180336,True
5901,192474,421,462,2252,2384,664,754,0.36955008,1.23,1.056,0.72,0.395158906134516,False,False,530104,True
5902,42475,420,444,2364,2492,2770,2822,0.081552,0.72,1.024,0.416,0.2658941806891026,False,False,182520,True
5903,74141,421,457,2732,2900,2632,2718,0.14235072,1.08,1.344,0.6880000000000001,0.1425437584594561,False,False,568480,True
5904,53205,421,441,3568,3696,2878,2996,0.1021536,0.6,1.024,0.944,0.1761288400423729,False,False,343200,True
5905,46216,422,443,2056,2144,122,188,0.08873472,0.63,0.704,0.528,0.3789190607372426,False,False,140760,True
5906,62368,422,447,3676,3820,2382,2436,0.11974656,0.75,1.152,0.432,0.3208230452674897,False,False,220752,True
5907,12489,423,437,4056,4096,2380,2424,0.02397888,0.42,0.32,0.352,0.5068587662337665,False,True,30912,False
5908,43562,423,440,4003,4076,1938,2024,0.08363904,0.51,0.584,0.6880000000000001,0.4081667072690816,False,False,125400,True
5909,20600,426,445,2244,2332,56,88,0.039552,0.57,0.704,0.256,0.3850179425837321,False,False,64260,True
5910,74298,404,438,2640,2840,2500,2552,0.14265216,1.02,1.6,0.416,0.210118778280543,False,False,392688,True
5911,133936,425,460,3176,3408,2708,2828,0.25715712,1.05,1.856,0.96,0.1374548440065681,False,False,1056276,True
5912,72173,426,444,3976,4096,1004,1098,0.13857216,0.54,0.96,0.752,0.3554619779353822,False,True,234240,False
5915,48540,428,449,3604,3692,2842,2916,0.0931968,0.63,0.704,0.592,0.354949104949105,False,False,157320,True
5916,17569,478,495,3087,3204,0,22,0.03373248,0.51,0.936,0.176,0.4015037250331367,False,True,54264,False
5917,17971,428,441,3788,3860,2442,2482,0.03450432,0.39,0.5760000000000001,0.32,0.4799946581196581,False,False,46620,True
5918,28026,428,444,3804,3872,492,554,0.05380992,0.48,0.544,0.496,0.415470825426945,False,False,80640,True
5919,519781,427,483,3943,4096,1425,1971,0.99797952,1.68,1.224,4.368,0.1111087597432135,False,True,4926520,False
5920,7736,428,444,4072,4096,500,538,0.01485312,0.48,0.192,0.304,0.53015350877193,False,True,18720,False
5922,130636,429,460,3648,3784,2696,2864,0.25082112,0.93,1.088,1.344,0.1844390982199331,False,False,774180,True
5923,64368,429,470,3840,3956,442,532,0.12358656,1.23,0.928,0.72,0.1503784693019344,False,False,466808,True
5924,194874,429,488,2528,2648,452,592,0.37415808,1.77,0.96,1.12,0.1966041162227603,False,False,1056764,True
5925,334729,429,471,2716,3092,90,196,0.6426796800000001,1.26,3.008,0.848,0.1999633203341553,False,False,1796256,True
5926,145534,430,455,3548,3680,2306,2390,0.27942528,0.75,1.056,0.672,0.52501443001443,False,False,311148,True
5927,65826,431,465,3400,3512,2910,3018,0.12638592,1.02,0.896,0.864,0.1600577731092437,False,False,451440,True
5929,95313,431,488,2059,2176,2746,2834,0.18300096,1.71,0.936,0.704,0.1624084979348137,False,False,631890,True
5930,147452,431,449,2068,2384,1938,2012,0.28310784,0.54,2.528,0.592,0.3503155053787966,False,False,483360,True
5931,124688,433,469,2088,2192,104,212,0.23940096,1.08,0.8320000000000001,0.864,0.3083649889205445,False,False,443080,True
5932,209202,434,464,3520,3700,726,870,0.40166784,0.8999999999999999,1.44,1.152,0.2690354938271606,False,False,850304,True
5933,49581,436,452,2092,2212,1000,1070,0.09519552,0.48,0.96,0.56,0.36890625,False,False,158112,True
5934,29676,436,467,2496,2552,2430,2498,0.05697792,0.93,0.448,0.544,0.2513892653835728,False,False,133980,True
5935,46498,436,460,2880,2968,2744,2800,0.08927616,0.72,0.704,0.448,0.3931446158008658,False,False,135720,True
5936,32049,436,471,4012,4072,432,486,0.06153408,1.05,0.48,0.432,0.2826190476190476,False,False,128464,True
5937,63720,437,477,2768,2860,2890,2956,0.1223424,1.2,0.736,0.528,0.2623517786561265,False,False,268464,True
5938,39823,438,453,3580,3656,406,488,0.07646016,0.4499999999999999,0.608,0.656,0.4260055626872059,False,False,111384,True
5939,20163,438,457,3751,3816,3054,3094,0.03871296,0.57,0.52,0.32,0.4081578947368421,False,False,59094,True
5940,103957,437,500,4040,4096,410,518,0.19959744,1.89,0.448,0.864,0.2728358318636096,True,True,414700,False
5941,41305,439,455,2236,2328,954,1012,0.0793056,0.48,0.736,0.464,0.4838010682158921,False,False,101520,True
5942,26051,438,457,3432,3505,2598,2650,0.05001792,0.57,0.584,0.416,0.3611973822860629,False,False,85050,True
5943,17407,439,452,3472,3536,414,458,0.03342144,0.39,0.512,0.352,0.4754971590909091,False,False,45540,True
5944,192181,400,500,3519,3720,394,780,0.36898752,3.0,1.608,3.088,0.0247700616090531,True,False,8033928,False
5945,18598,438,456,2021,2084,3043,3085,0.03570816,0.54,0.504,0.336,0.3904845888972872,False,False,57200,True
5946,132029,440,470,3644,3744,1580,1706,0.25349568,0.8999999999999999,0.8,1.008,0.3492830687830688,False,False,417792,True
5947,70226,439,483,3944,4018,2098,2176,0.13483392,1.3199999999999998,0.592,0.624,0.2765151515151516,False,False,279680,True
5948,60425,440,454,3964,4088,1276,1422,0.116016,0.42,0.992,1.168,0.2384042989710246,False,False,298368,True
5949,116867,435,500,3800,4096,2864,3100,0.22438464,1.95,2.368,1.888,0.0257380016913915,True,True,4751908,False
5950,52818,441,463,2808,2928,2616,2688,0.10141056,0.6599999999999999,0.96,0.5760000000000001,0.2778724747474748,False,False,216672,True
5951,31392,441,454,4000,4072,1924,1998,0.06027264,0.39,0.5760000000000001,0.592,0.4532224532224533,False,False,84360,True
5952,25427,440,457,4004,4088,2148,2196,0.04881984,0.51,0.672,0.384,0.3709588001867413,False,False,81700,True
5953,56636,441,478,2252,2344,0,64,0.10874112,1.11,0.736,0.512,0.2599698883666275,False,True,241956,False
5954,252234,400,500,3492,3640,3094,3184,0.48428928,3.0,1.184,0.72,0.1893648648648649,True,False,1407600,False
5955,65853,443,500,3987,4044,484,554,0.12643776,1.71,0.456,0.56,0.2895528294420261,True,False,250632,False
5956,62630,444,488,3168,3268,2610,2664,0.1202496,1.3199999999999998,0.8,0.432,0.2635942760942761,False,False,262752,True
5957,59590,444,462,3784,3884,2888,2998,0.1144128,0.54,0.8,0.88,0.3009595959595959,False,False,228480,True
5958,43419,444,481,2648,2712,2394,2436,0.08336448,1.11,0.512,0.336,0.4365649131274132,False,False,113256,True
5959,48831,444,466,3548,3648,2528,2616,0.09375552,0.6599999999999999,0.8,0.704,0.2522262396694215,False,False,220320,True
5960,21343,446,460,3684,3753,576,624,0.04097856,0.42,0.552,0.384,0.4602958937198068,False,False,56800,True
5961,28337,446,462,3928,4012,552,604,0.05440704,0.48,0.672,0.416,0.4054630265567765,False,False,83592,True
5962,138320,447,469,3500,3740,2874,3142,0.2655744,0.6599999999999999,1.92,2.144,0.0977498869289914,False,False,1568160,True
5963,109961,449,500,2332,2553,2668,2722,0.21112512,1.53,1.768,0.432,0.1806685134251455,True,False,661864,False
5964,105029,450,500,2784,2889,2420,2484,0.20165568,1.5,0.84,0.512,0.3125863095238095,True,False,367224,False
5965,63720,450,470,3888,3984,1918,1988,0.1223424,0.6,0.768,0.56,0.4741071428571429,False,False,155232,True
5966,200201,454,500,2295,2640,130,430,0.38438592,1.38,2.76,2.4,0.0420501995379122,True,False,5030112,False
5967,10779,451,462,2800,2856,2514,2554,0.02069568,0.3299999999999999,0.448,0.32,0.4374594155844157,False,False,31668,True
5968,67694,451,477,3684,3776,1262,1342,0.12997248,0.78,0.736,0.64,0.3537520903010033,False,False,215824,True
5969,37927,450,465,3848,4028,2672,2724,0.07281984,0.4499999999999999,1.44,0.416,0.2701353276353277,False,False,167076,True
5970,17163,451,464,4040,4096,2848,2906,0.03295296,0.39,0.448,0.464,0.4064749905267146,False,True,52200,False
5971,19160,453,464,2284,2348,736,794,0.0367872,0.3299999999999999,0.512,0.464,0.4692398119122258,False,False,51480,True
5972,14940,453,464,3768,3820,218,284,0.0286848,0.3299999999999999,0.416,0.528,0.3957406230133504,False,False,47736,True
5973,61545,453,474,3976,4072,772,836,0.1181664,0.63,0.768,0.512,0.4770042782738096,False,False,148764,True
5974,42261,454,486,2324,2404,2296,2342,0.08114112,0.96,0.64,0.368,0.3588739809782609,False,False,133824,True
5975,25530,454,466,3884,3960,2406,2478,0.0490176,0.36,0.608,0.5760000000000001,0.3887975146198831,False,False,80808,True
5976,67176,454,496,3964,4080,858,924,0.12897792,1.26,0.928,0.528,0.2089117778772951,False,False,353056,True
5977,65611,455,490,2228,2420,2462,2548,0.12597312,1.05,1.536,0.6880000000000001,0.1135295542635659,False,False,631664,True
5978,32052,454,470,3600,3688,1310,1366,0.06153984,0.48,0.704,0.448,0.4065036525974027,False,False,93960,True
5979,47072,457,500,2048,2140,144,228,0.09037824,1.29,0.736,0.672,0.1416534257788049,True,False,363780,False
5980,66592,452,492,1964,2064,932,1012,0.12785664,1.2,0.8,0.64,0.2081,False,False,351288,True
5981,66549,456,477,3988,4096,2538,2602,0.12777408,0.63,0.864,0.512,0.4584780092592592,False,True,166980,False
5982,153447,458,493,2168,2308,400,538,0.29461824,1.05,1.12,1.104,0.2269254658385092,False,False,735560,True
5983,100369,468,482,3724,3808,2904,3130,0.19270848,0.42,0.672,1.808,0.3776450845825056,False,False,313728,True
5984,36118,457,467,3948,4016,2816,2938,0.06934656,0.3,0.544,0.976,0.4353664416586307,False,False,104160,True
5985,51186,460,475,2228,2428,2762,2808,0.09827712,0.4499999999999999,1.6,0.368,0.3709130434782609,False,False,164832,True
5986,34650,460,474,3300,3396,2956,3008,0.066528,0.42,0.768,0.416,0.4957932692307691,False,False,84672,True
5987,15930,460,471,3488,3564,2566,2606,0.0305856,0.3299999999999999,0.608,0.32,0.4763755980861245,False,False,42588,True
5988,205959,460,500,3664,3788,1896,2002,0.39544128,1.2,0.992,0.848,0.3917357729762631,True,False,571536,False
5989,49758,460,496,3924,3992,682,776,0.09553536,1.08,0.544,0.752,0.2162338339591155,False,False,255360,True
5990,26663,461,483,3448,3520,2744,2802,0.05119296,0.6599999999999999,0.5760000000000001,0.464,0.2902190003483107,False,False,106560,True
5991,247700,461,500,3443,3732,680,932,0.475584,1.17,2.312,2.016,0.0872093432647066,True,False,3030474,False
5992,150394,462,500,3732,3916,2346,2462,0.28875648,1.14,1.472,0.928,0.1854262013729977,True,False,877920,False
5993,62429,463,492,4016,4096,626,722,0.11986368,0.87,0.64,0.768,0.2803026221264368,False,True,249116,False
5994,36407,465,485,2088,2168,2454,2512,0.06990144,0.6,0.64,0.464,0.3923168103448276,False,False,108240,True
5995,170840,466,495,2172,2356,128,272,0.3280128,0.87,1.472,1.152,0.2223367482925204,False,False,841836,True
5996,118061,464,489,3337,3464,3030,3110,0.22667712,0.75,1.016,0.64,0.4648070866141733,False,False,285606,True
5997,69208,465,500,3684,3901,473,514,0.13287936,1.05,1.736,0.328,0.2222514812376564,True,False,348429,False
5998,14383,465,476,3952,4020,2058,2102,0.02761536,0.3299999999999999,0.544,0.352,0.4370138551288285,False,False,41860,True
5999,26874,466,484,2172,2252,2732,2778,0.05159808,0.54,0.64,0.368,0.4057065217391304,False,False,78720,True
6000,28612,467,500,2272,2344,22,60,0.05493504,0.99,0.5760000000000001,0.304,0.316897040581251,True,False,103600,False
6001,29257,469,486,2800,2864,2584,2638,0.05617344,0.51,0.512,0.432,0.4979745370370371,False,False,70224,True
6002,13703,469,481,3856,3916,2982,3018,0.02630976,0.36,0.48,0.288,0.5286651234567902,False,False,32984,True
6003,16986,488,500,3012,3088,2486,2524,0.03261312,0.36,0.608,0.304,0.4901315789473685,True,False,43680,False
6004,346401,470,500,3540,3680,1014,1334,0.6650899200000001,0.8999999999999999,1.12,2.56,0.2577388392857143,True,False,1463168,False
6005,30211,469,493,3872,3936,528,592,0.05800512,0.72,0.512,0.512,0.3073221842447917,False,False,113256,True
6006,7222,470,481,4068,4096,1078,1134,0.01386624,0.3299999999999999,0.224,0.448,0.4187152133580706,False,True,22620,False
6007,38196,471,488,2108,2280,2420,2460,0.07333632,0.51,1.376,0.32,0.3265731874145007,False,False,138852,True
6008,43462,488,500,3384,3536,230,308,0.08344704,0.36,1.216,0.624,0.3054852676563203,True,False,172480,False
6009,20469,471,488,3440,3496,28,78,0.03930048,0.51,0.448,0.4,0.4300210084033613,False,False,57304,True
6010,116340,471,498,3916,4096,2798,2862,0.2233728,0.8099999999999999,1.44,0.512,0.3740354938271605,False,True,348348,False
6011,54519,472,500,2248,2328,714,806,0.10467648,0.84,0.64,0.736,0.2645526009316771,True,False,231240,False
6012,91769,471,494,2332,2452,686,756,0.17619648,0.69,0.96,0.56,0.4749948240165633,False,False,219600,True
6013,85482,471,489,3204,3408,2826,2904,0.16412544,0.54,1.632,0.624,0.2984539969834087,False,False,329600,True
6014,21599,472,485,3636,3700,582,634,0.04147008,0.39,0.512,0.416,0.4992372411242602,False,False,53460,True
6015,58204,472,500,3987,4076,228,332,0.11175168,0.84,0.712,0.8320000000000001,0.2245801950858131,True,False,289380,False
6016,22702,473,490,2696,2760,2368,2410,0.04358784,0.51,0.512,0.336,0.4968049719887955,False,False,55176,True
6017,16409,474,488,3028,3096,2870,2906,0.03150528,0.42,0.544,0.288,0.4787873482726423,False,False,42560,True
6018,91910,474,493,3988,4064,546,728,0.1764672,0.57,0.608,1.456,0.3497229916897508,False,False,301392,True
6019,142775,474,496,3916,4096,3012,3100,0.274128,0.6599999999999999,1.44,0.704,0.4097078741965107,False,True,393120,False
6020,21041,475,489,3504,3560,266,332,0.04039872,0.42,0.448,0.528,0.4066365182436611,False,False,63104,True
6021,48781,474,495,3700,3796,338,390,0.09365952,0.63,0.768,0.416,0.4653254731379732,False,False,121716,True
6022,49225,475,500,3260,3348,2924,3022,0.094512,0.75,0.704,0.784,0.2283163265306122,True,False,243000,False
6023,114437,477,499,3556,3680,2074,2156,0.21971904,0.6599999999999999,0.992,0.656,0.511573742936843,False,False,254016,True
6024,66793,478,498,2076,2180,544,614,0.12824256,0.6,0.8320000000000001,0.56,0.4587431318681318,False,False,167904,True
6025,14698,478,489,2432,2496,2374,2420,0.02822016,0.3299999999999999,0.512,0.368,0.4538661067193678,False,False,41184,True
6026,73681,478,500,3196,3308,2832,2936,0.14146752,0.6599999999999999,0.896,0.8320000000000001,0.2875288773726274,True,False,290016,False
6027,18841,478,490,3803,3888,2650,2694,0.03617472,0.36,0.68,0.352,0.4198083778966133,False,False,56028,True
6028,65564,479,498,2420,2524,1864,1944,0.12588288,0.57,0.8320000000000001,0.64,0.4147520242914981,False,False,182532,True
6029,84531,479,500,2604,2724,2646,2736,0.16229952,0.63,0.96,0.72,0.3727116402116402,True,False,258152,False
6030,132449,479,500,3008,3216,2494,2642,0.25430208,0.63,1.664,1.184,0.2048822517572517,True,False,724500,False
6031,29100,479,500,3628,3692,3020,3072,0.055872,0.63,0.512,0.416,0.4163804945054944,True,False,81972,False
6032,56978,479,500,3976,4064,2176,2318,0.10939776,0.63,0.704,1.136,0.217128528748247,True,False,298080,False
6033,28164,479,500,3408,3496,2462,2508,0.05407488,0.63,0.704,0.368,0.3313099943534727,True,False,99360,False
6034,25445,481,499,3464,3544,2414,2456,0.0488544,0.54,0.64,0.336,0.4207175925925925,False,False,72160,True
6035,22374,481,500,3712,3772,404,440,0.04295808,0.57,0.48,0.288,0.5451754385964913,True,False,49476,False
6036,63819,479,500,3984,4096,1830,1920,0.12253248,0.63,0.896,0.72,0.3014880952380953,True,True,241224,False
6037,24803,481,496,2372,2460,2236,2284,0.04762176,0.4499999999999999,0.704,0.384,0.39146148989899,False,False,76500,True
6038,15426,481,494,3652,3713,222,264,0.02961792,0.39,0.488,0.336,0.4631597910286436,False,False,41580,True
6040,25500,483,500,2676,2749,2466,2512,0.04896,0.51,0.584,0.368,0.4466944609886837,True,False,68400,False
6041,58868,483,500,3680,3852,2882,2962,0.11302656,0.51,1.376,0.64,0.2516586867305062,True,False,271092,False
6042,48559,484,500,2948,3060,2732,2864,0.09323328,0.48,0.896,1.056,0.2052852746212121,True,False,274968,False
6043,12351,483,496,3492,3544,2702,2744,0.02371392,0.39,0.416,0.336,0.4350169061707523,False,False,35640,True
6044,23687,483,500,3804,3864,412,454,0.04547904,0.51,0.48,0.336,0.5529178338001868,True,False,51832,False
6045,14458,484,500,2600,2664,2772,2806,0.02775936,0.48,0.512,0.272,0.4152688419117646,True,False,42768,False
6046,29669,485,500,3308,3380,2752,2810,0.05696448,0.4499999999999999,0.5760000000000001,0.464,0.4736430395913155,True,False,75480,False
6047,24675,485,500,3944,4012,1172,1224,0.047376,0.4499999999999999,0.544,0.416,0.4652149321266969,True,False,64260,False
6048,23414,488,500,3604,3680,122,172,0.04495488,0.36,0.608,0.4,0.5134649122807018,True,False,56784,False
6049,13561,489,500,3532,3592,2448,2488,0.02603712,0.3299999999999999,0.48,0.32,0.5136742424242425,True,False,33852,False
6050,13381,490,500,2432,2496,48,90,0.02569152,0.3,0.512,0.336,0.4978050595238096,True,False,34848,False
6051,6435,489,500,2600,2652,2816,2848,0.0123552,0.3299999999999999,0.416,0.256,0.3515625000000001,True,False,23868,False
6052,30372,490,500,3291,3404,0,60,0.05831424,0.3,0.904,0.48,0.4479646017699116,True,True,85560,False
6053,14285,489,500,3896,3960,2200,2246,0.0274272,0.3299999999999999,0.512,0.368,0.4411128952569171,True,False,41184,False
6054,10470,491,500,3648,3704,170,208,0.0201024,0.27,0.448,0.304,0.5466791979949875,True,False,25520,False
6055,13390,491,500,3676,3732,710,762,0.0257088,0.27,0.448,0.416,0.5109126984126984,True,False,34452,False
6056,28029,491,500,3576,3672,1194,1274,0.05381568,0.27,0.768,0.64,0.4055121527777778,True,False,88396,False
6057,12250,491,500,3728,3792,2678,2732,0.02352,0.27,0.512,0.432,0.3938400205761317,True,False,40656,False
6058,24143,492,500,3800,3860,2608,2692,0.04635456,0.24,0.48,0.672,0.5987847222222222,True,False,53320,False
6059,17087,492,500,3815,3960,278,326,0.03280704,0.24,1.16,0.384,0.306878591954023,True,False,73500,False
6060,25191,493,500,4020,4080,788,902,0.04836672,0.21,0.48,0.912,0.5261278195488723,True,False,64728,False
6061,4813,494,500,2840,2904,2828,2862,0.00924096,0.18,0.512,0.272,0.3686427696078432,True,False,19008,False
6062,2281,498,500,3232,3292,20,62,0.00437952,0.06,0.48,0.336,0.4525793650793651,True,False,10912,False
6063,6202,494,500,3632,3708,604,642,0.01190784,0.18,0.608,0.304,0.3579178208679595,True,False,24960,False
6064,6206,495,500,3044,3116,2448,2484,0.01191552,0.15,0.5760000000000001,0.288,0.478858024691358,True,False,19684,False
6065,3553,496,500,2256,2316,2702,2738,0.00682176,0.12,0.48,0.288,0.4112268518518518,True,False,14136,False
6066,3149,496,500,2352,2404,560,594,0.00604608,0.12,0.416,0.272,0.445277149321267,True,False,11664,False
6067,5021,495,500,2624,2696,2556,2590,0.00964032,0.15,0.5760000000000001,0.272,0.4102124183006536,True,False,18648,False
6068,8072,496,500,3672,3800,2924,2980,0.01549824,0.12,1.024,0.448,0.2815290178571429,True,False,45240,False
6069,4802,496,500,3756,3824,746,788,0.00921984,0.12,0.544,0.336,0.420343137254902,True,False,18480,False
6070,2522,496,500,4072,4096,1190,1234,0.00484224,0.12,0.192,0.352,0.597064393939394,True,True,7176,False
6071,2109,497,500,3672,3720,496,526,0.00404928,0.09,0.384,0.24,0.4881944444444445,True,False,8000,False
6072,1686,498,500,2535,2580,2270,2300,0.00323712,0.06,0.36,0.24,0.6244444444444446,True,False,6016,False
6073,1610,498,500,3292,3340,2608,2638,0.0030912,0.06,0.384,0.24,0.559027777777778,True,False,6400,False
6074,634,499,500,2356,2396,2472,2492,0.00121728,0.03,0.32,0.16,0.7925000000000001,True,False,2772,False
6075,731,499,500,1412,2972,2120,2298,0.00140352,0.03,12.48,1.424,0.0026325266493805,True,False,843480,False
6076,546,499,500,3024,3064,134,152,0.00104832,0.03,0.32,0.144,0.7583333333333334,True,False,2520,False
6077,514,497,500,3728,3753,816,836,0.00098688,0.09,0.2,0.16,0.3426666666666667,True,False,2970,False
6138,8911,490,500,2355,2399,366,418,0.01710912,0.3,0.352,0.416,0.3894667832167832,True,False,29808,False
6157,287021,456,500,2771,3052,2794,2994,0.5510803200000001,1.3199999999999998,2.248,1.6,0.1160712552571983,True,False,2629636,False
6183,334257,400,500,3664,3984,3320,4096,0.6417734400000001,3.0,2.56,6.208,0.0134607361469072,True,True,25552632,False
6209,101877,400,500,3724,3976,272,408,0.19560384,3.0,2.016,1.088,0.0297260154061624,True,False,3575304,False
6210,514795,436,500,3836,4024,208,334,0.9884064,1.92,1.504,1.008,0.3395673706095914,True,False,1605120,False
6213,330312,400,500,2460,2636,2362,2460,0.63419904,3.0,1.408,0.784,0.1915074211502783,True,False,1815600,False
6214,262476,422,500,3484,3924,3414,4096,0.50395392,2.34,3.52,5.456,0.0112139326948711,True,True,24186240,False
6215,11292,460,500,1752,1864,0,66,0.02168064,1.2,0.896,0.528,0.038189935064935,True,True,325584,False
6380,26195,400,500,3682,3761,2516,2558,0.0502944,3.0,0.632,0.336,0.0789481615430982,True,False,363528,False
6422,265756,433,500,1564,1829,2462,2834,0.5102515200000001,2.01,2.12,2.976,0.0402364319607077,True,False,6890202,False
6458,155190,458,500,3856,4096,928,1396,0.2979648,1.26,1.92,3.744,0.0328970797720797,True,True,5004560,False
6763,850279,400,500,2776,3404,188,414,1.6325356800000002,3.0,5.024,1.808,0.0599091793021813,True,False,14651280,False
6844,174513,400,500,1888,2004,790,914,0.33506496,3.0,0.928,0.992,0.1213243882091212,True,False,1516536,False
7179,391126,400,500,3844,4000,2454,2636,0.7509619200000001,3.0,1.248,1.456,0.1377592279515356,True,False,2965344,False
7395,263342,400,464,652,1028,1512,1620,0.5056166400000001,1.92,3.008,0.864,0.1013277863967691,True,False,2744280,False
7647,228939,400,500,2936,3117,2673,2798,0.43956288,3.0,1.448,1.0,0.1011885082872928,True,False,2370582,False
7693,35824,400,500,1116,1396,736,966,0.06878208,3.0,2.24,1.84,0.0055627329192546,True,False,6673248,False
7853,20860,400,500,1744,1837,953,1063,0.0400512,3.0,0.744,0.88,0.0203910068426197,True,False,1085280,False
7980,282537,400,491,488,712,0,976,0.5424710400000001,2.73,1.792,7.808,0.0142015615751344,True,True,20555604,False
8076,220809,400,500,1416,1688,3238,3574,0.42395328,3.0,2.176,2.688,0.0241606486344537,True,False,9446424,False
8108,604098,400,500,776,1292,2910,3748,1.1598681600000005,3.0,4.128,6.704,0.0139705555863906,True,False,44382240,False
8109,835192,400,500,912,1116,2610,3410,1.6035686400000002,3.0,1.632,6.4,0.0511759803921568,True,False,16851624,False
8115,25297,405,418,504,576,3888,3939,0.04857024,0.39,0.5760000000000001,0.408,0.5299354784648902,False,False,58830,True
8116,22039,404,415,556,620,3728,3788,0.04231488,0.3299999999999999,0.512,0.48,0.521756628787879,False,False,53196,True
8117,967156,408,461,0,552,3126,3588,1.8569395200000005,1.59,4.416,3.696,0.0715549376336907,False,True,14138080,False
8118,77836,407,437,1624,1728,3404,3524,0.14944512,0.8999999999999999,0.8320000000000001,0.96,0.2078952991452991,False,False,413824,True
8119,52812,409,425,1528,1636,3784,3848,0.10139904,0.48,0.864,0.512,0.4775390625,False,False,130680,True
8122,104594,411,444,1520,1636,3638,3704,0.20082048,0.99,0.928,0.528,0.4139910072511953,False,False,280840,True
8124,19991,414,428,1304,1408,3638,3678,0.03838272,0.42,0.8320000000000001,0.32,0.3432520604395604,False,False,71232,True
8125,145435,415,462,656,864,3504,3682,0.2792352,1.41,1.664,1.424,0.0835771851266113,False,False,1852200,True
8126,20814,415,428,1280,1348,3142,3190,0.03996288,0.39,0.544,0.384,0.4905260180995475,False,False,52500,True
8128,91354,406,451,1756,1884,3248,3324,0.17539968,1.35,1.024,0.608,0.2086851242690059,False,False,476580,True
8129,55851,415,453,1080,1173,3154,3252,0.10723392,1.14,0.744,0.784,0.1612643359550951,False,False,380000,True
8130,113854,416,436,1108,1276,3308,3442,0.21859968,0.6,1.344,1.072,0.2528740227434257,False,False,508640,True
8132,195764,417,500,1256,1580,3380,3468,0.37586688,2.49,2.592,0.704,0.0827231484862007,True,False,2493900,False
8133,66584,417,447,1736,1820,3072,3176,0.12784128,0.8999999999999999,0.672,0.8320000000000001,0.2540598290598291,False,False,291712,True
8135,37416,419,435,660,772,3084,3184,0.07183872,0.48,0.896,0.8,0.2087946428571428,False,False,209304,True
8138,83169,420,438,960,1076,2872,3096,0.15968448,0.54,0.928,1.792,0.1778209667487684,False,False,533360,True
8139,118958,411,452,1319,1404,2986,3186,0.22839936,1.23,0.68,1.6,0.1706714490674318,False,False,755682,True
8140,9497,420,428,1380,1437,3374,3406,0.01823424,0.24,0.456,0.256,0.6508360745614036,False,False,20060,True
8141,68390,420,441,1572,1672,3582,3658,0.1313088,0.63,0.8,0.608,0.4285087719298246,False,False,182988,True
8144,7097,400,405,1632,1684,3458,3512,0.01362624,0.15,0.416,0.432,0.5054843304843305,True,False,21168,False
8147,31025,422,432,636,728,3038,3126,0.059568,0.3,0.736,0.704,0.3832139328063242,False,False,101520,True
8148,36959,423,452,1400,1468,3582,3656,0.07096128,0.87,0.544,0.592,0.2532687352667069,False,False,164920,True
8149,144526,423,461,1772,1864,3644,3864,0.27748992,1.14,0.736,1.76,0.1879108591637196,False,False,834720,True
8154,135403,408,500,1096,1280,3658,3844,0.25997376,2.76,1.472,1.488,0.0430040830741712,True,False,3286992,False
8164,2183,400,404,1396,1444,3384,3408,0.00419136,0.12,0.384,0.192,0.4737413194444446,True,False,7800,False
8165,56828,400,443,1380,1508,3326,3374,0.10910976,1.29,1.024,0.384,0.2151011385658915,True,False,292500,False
8174,313743,400,500,612,896,3846,3950,0.6023865600000001,3.0,2.272,0.8320000000000001,0.1062239301191766,True,False,3092232,False
8200,44510,400,416,1008,1132,4048,4096,0.0854592,0.48,0.992,0.384,0.4673849126344087,True,True,113400,False
8203,3599,400,406,1620,1664,3318,3348,0.00691008,0.18,0.352,0.24,0.4544191919191919,True,False,11776,False
8207,160654,400,479,1420,1568,3450,3554,0.30845568,2.37,1.184,0.8320000000000001,0.1321202531645569,True,False,1287900,False
8208,98259,400,428,1216,1352,3632,3758,0.18865728,0.84,1.088,1.008,0.2047881652661064,True,False,529920,False
8210,15224,400,411,1876,1940,3190,3236,0.02923008,0.3299999999999999,0.512,0.368,0.4701086956521741,True,False,41184,False
8212,3356,400,406,1244,1300,3766,3794,0.00644352,0.18,0.448,0.224,0.35671768707483,True,False,13920,False
8213,4422,400,403,80,136,3856,3918,0.00849024,0.09,0.448,0.496,0.4245391705069125,True,False,18560,False
8215,49848,400,415,1184,1308,3424,3532,0.09570816,0.4499999999999999,0.992,0.864,0.2481481481481482,True,False,235620,False
8216,16013,400,407,528,648,3480,3542,0.03074496,0.21,0.96,0.496,0.3074692780337942,True,False,70272,False
8217,5430,400,404,760,820,4024,4066,0.0104256,0.12,0.48,0.336,0.5386904761904763,True,False,16368,False
8218,21331,400,416,1640,1708,3120,3182,0.04095552,0.48,0.544,0.496,0.3162209440227704,True,False,80640,False
8222,329890,400,477,496,880,3614,3758,0.6333888000000001,2.31,3.072,1.152,0.0774791253306878,True,False,4452124,False
8223,49091,400,426,952,1064,3866,3952,0.09425472,0.78,0.896,0.6880000000000001,0.1960252683363148,True,False,280896,False
8224,10825,400,406,1184,1276,3288,3342,0.020784,0.18,0.736,0.432,0.3631575415995707,True,False,42112,False
8225,13942,400,406,1784,1920,3028,3120,0.02676864,0.18,1.088,0.736,0.1857150468883205,True,False,103776,False
8226,11007,400,405,900,976,3240,3306,0.02113344,0.15,0.608,0.528,0.4388755980861245,True,False,37128,False
8227,29557,400,415,1464,1544,3072,3118,0.05674944,0.4499999999999999,0.64,0.368,0.5354528985507248,True,False,66912,False
8228,785501,400,474,1276,1688,3866,4096,1.5081619200000005,2.22,3.2960000000000003,1.84,0.112018556124719,True,True,7299648,False
8229,75891,400,418,704,900,3352,3522,0.14571072,0.54,1.568,1.36,0.1265356142456982,True,False,681120,False
8230,129630,400,426,536,716,3356,3502,0.2488896,0.78,1.44,1.168,0.1897172462240955,True,False,754208,False
8231,63134,400,414,0,152,3192,3266,0.12121728,0.42,1.216,0.592,0.4009220686852267,True,True,187264,False
8232,15629,401,414,1040,1100,3262,3302,0.03000768,0.39,0.48,0.32,0.5009294871794873,False,False,39060,True
8233,191732,401,449,1156,1348,3528,3644,0.36812544,1.44,1.536,0.928,0.1793470126915708,False,False,1144600,True
8234,36546,402,419,676,772,3372,3432,0.07016832,0.51,0.768,0.48,0.3732230392156863,False,False,115444,True
8235,184726,400,500,1280,1444,3258,3580,0.35467392,3.0,1.312,2.576,0.0349806847447356,True,False,5485968,False
8236,40877,404,416,1220,1380,3326,3372,0.07848384,0.36,1.28,0.368,0.4628283514492755,False,False,108864,True
8237,109399,404,454,1356,1696,3072,3412,0.21004608,1.5,2.72,2.72,0.0189271626297577,False,False,6082128,False
8240,1099262,400,500,0,632,3228,4040,2.1105830400000003,3.0,5.056,6.496,0.021420426201908,True,True,52639752,False
8241,44625,428,457,560,708,4024,4080,0.08568,0.87,1.184,0.448,0.1856651910531221,False,False,269700,True
8243,21090,428,441,1004,1080,3284,3330,0.0404928,0.39,0.608,0.368,0.4640468227424749,False,False,56160,True
8244,63607,428,456,1000,1100,4026,4096,0.12212544,0.84,0.8,0.56,0.3245255102040816,False,True,220320,False
8245,139686,428,469,1216,1368,3850,3966,0.26819712,1.23,1.216,0.928,0.1932268381213757,False,False,781396,True
8246,37693,425,443,1448,1512,3042,3130,0.07237056,0.54,0.512,0.704,0.3718138415404041,False,False,118800,True
8247,202910,406,470,1584,1776,3348,3554,0.3895872000000001,1.92,1.536,1.648,0.0801595052083333,False,False,2663232,False
8248,77063,429,451,1420,1529,3810,3874,0.14796096,0.6599999999999999,0.872,0.512,0.502130681818182,False,False,175824,True
8252,16543,431,443,1183,1248,3052,3098,0.03176256,0.36,0.52,0.368,0.4610646599777035,False,False,45024,True
8253,7290,430,440,1216,1268,3142,3174,0.0139968,0.3,0.416,0.256,0.4381009615384616,False,False,22032,True
8255,29486,432,449,692,784,3246,3312,0.05661312,0.51,0.736,0.528,0.285650623885918,False,False,121448,True
8256,14431,434,446,776,840,3418,3458,0.02770752,0.36,0.512,0.32,0.4697591145833334,False,False,38808,True
8257,97296,435,458,556,660,3054,3150,0.18680832,0.69,0.8320000000000001,0.768,0.4237040133779264,False,False,259700,True
8266,80113,438,472,1112,1244,3436,3548,0.15381696,1.02,1.056,0.896,0.1593793767507003,False,False,549936,True
8267,14887,439,452,1468,1524,3098,3144,0.02858304,0.39,0.448,0.368,0.4445473005255614,False,False,41760,True
8268,35197,441,462,540,612,3998,4054,0.06757824,0.63,0.5760000000000001,0.448,0.4156864134542706,False,False,98716,True
8269,41050,441,466,1144,1252,3226,3312,0.078816,0.75,0.864,0.6880000000000001,0.1767872523686477,False,False,261360,True
8274,327,400,401,1216,1252,4084,4096,0.00062784,0.03,0.288,0.096,0.7569444444444444,True,True,1596,False
8275,92727,445,475,1564,1812,4006,4096,0.17803584,0.8999999999999999,1.984,0.72,0.1384811827956989,False,True,736000,False
8276,12456,446,457,928,992,3260,3300,0.02391552,0.3299999999999999,0.512,0.32,0.4423295454545456,False,False,36036,True
8277,15564,447,460,796,860,3974,4012,0.02988288,0.39,0.512,0.304,0.4922823886639676,False,False,39600,True
8278,37799,449,467,1344,1468,3522,3604,0.07257408,0.54,0.992,0.656,0.2065248273450476,False,False,211680,True
8279,66206,450,482,1244,1384,3076,3144,0.12711552,0.96,1.12,0.544,0.2173253676470588,False,False,337960,True
8280,26536,451,465,1232,1308,3232,3302,0.05094912,0.42,0.608,0.56,0.3562835660580022,False,False,89856,True
8281,336296,451,500,1172,1532,3604,3820,0.6456883200000001,1.47,2.88,1.728,0.0882611069119005,True,False,4024716,False
8282,49467,456,474,876,972,3564,3758,0.09497664,0.54,0.768,1.552,0.1475604954180985,False,False,384160,True
8283,31724,455,500,620,696,4070,4096,0.06091008,1.35,0.608,0.208,0.3567701304543411,True,True,102648,False
8284,146677,462,500,352,524,3718,3900,0.28161984,1.14,1.376,1.456,0.1233044036746607,True,False,1280640,False
8285,18420,462,474,1340,1412,3240,3284,0.0353664,0.36,0.5760000000000001,0.352,0.4845328282828284,False,False,47656,True
8286,19850,461,473,1660,1736,3104,3150,0.038112,0.36,0.608,0.368,0.4731598016781084,False,False,52416,True
8287,15207,462,473,504,572,3706,3748,0.02919744,0.3299999999999999,0.544,0.336,0.4840527119938885,False,False,40040,True
8288,32874,463,477,872,956,3308,3366,0.06311808,0.42,0.672,0.464,0.4819669247009149,False,False,82560,True
8289,52127,462,500,956,1016,4040,4096,0.10008384,1.14,0.48,0.448,0.4082628446115289,True,True,143840,False
8290,77318,463,493,1464,1648,3116,3198,0.14845056,0.8999999999999999,1.472,0.656,0.170815659243549,False,False,499968,True
8291,51751,464,478,516,632,4016,4096,0.09936192,0.42,0.928,0.64,0.3983297413793104,False,True,154816,False
8292,39027,464,488,1444,1516,3562,3622,0.07493184,0.72,0.5760000000000001,0.48,0.3764178240740741,False,False,119288,True
8293,79365,464,500,1632,1792,4034,4096,0.1523808,1.08,1.28,0.496,0.2222362231182796,True,True,393984,False
8294,30795,464,489,1164,1232,3840,3894,0.0591264,0.75,0.544,0.432,0.3354575163398693,False,False,105840,True
8295,100541,466,494,828,904,3618,3750,0.19303872,0.84,0.608,1.056,0.3579296251993621,False,False,313560,True
8296,43904,466,485,1400,1492,3650,3700,0.08429568,0.57,0.736,0.4,0.5023340961098399,False,False,102648,True
8297,103258,466,500,968,1088,3890,3982,0.19825536,1.02,0.96,0.736,0.2750905797101449,True,False,412848,False
8298,34271,467,492,1136,1244,3380,3460,0.06580032,0.75,0.864,0.64,0.158662037037037,False,False,243540,True
8299,16948,467,483,1492,1552,3520,3560,0.03254016,0.48,0.48,0.32,0.4413541666666667,False,False,46872,True
8300,69287,468,488,1868,1972,3174,3252,0.13303104,0.6,0.8320000000000001,0.624,0.427064842209073,False,False,186560,True
8301,22712,469,481,796,864,3116,3182,0.04360704,0.36,0.544,0.528,0.4217171717171717,False,False,66640,True
8302,123175,468,499,1192,1304,3202,3322,0.236496,0.93,0.896,0.96,0.2956389208909371,False,False,458964,True
8303,32898,471,481,1036,1100,3480,3584,0.06316416,0.3,0.512,0.8320000000000001,0.4942608173076924,False,False,83952,True
8304,21650,474,488,1192,1264,3290,3336,0.041568,0.42,0.5760000000000001,0.368,0.4669168391994479,False,False,56832,True
8305,29115,474,488,1668,1752,3170,3240,0.0559008,0.42,0.672,0.56,0.3536807580174927,False,False,99072,True
8307,19669,476,488,732,788,4050,4096,0.03776448,0.36,0.448,0.368,0.6362901138716357,False,True,38976,False
8308,24061,475,500,1003,1060,4002,4050,0.04619712,0.75,0.456,0.384,0.3517690058479533,True,False,79650,False
8309,77038,476,497,1800,1892,3778,3856,0.14791296,0.63,0.736,0.624,0.5112146307798482,False,False,172960,True
8310,42778,477,500,616,696,3874,3986,0.08213376,0.69,0.64,0.896,0.2075795807453416,True,False,233700,False
8311,12294,478,488,780,844,3456,3494,0.02360448,0.3,0.512,0.304,0.5055098684210527,False,False,31680,True
8312,27811,478,495,1196,1252,3378,3482,0.05339712,0.51,0.448,0.8320000000000001,0.2808964932126697,False,False,116812,True
8313,29993,478,495,1812,1884,3100,3152,0.05758656,0.51,0.5760000000000001,0.416,0.4712324032176973,False,False,75924,True
8315,20779,479,500,1148,1212,3562,3606,0.03989568,0.63,0.512,0.352,0.3513764880952381,True,False,69828,False
8316,76619,478,500,1516,1624,3218,3288,0.14710848,0.6599999999999999,0.864,0.56,0.4606721981721982,True,False,190080,False
8317,59307,482,500,936,1020,3366,3466,0.11386944,0.54,0.672,0.8,0.3922420634920635,True,False,175440,False
8318,539958,400,500,1237,1440,2486,3138,1.0367193600000002,3.0,1.624,5.216,0.0407958838284626,True,False,13675140,False
8319,26092,483,498,848,964,3828,3880,0.05009664,0.4499999999999999,0.928,0.416,0.2883731211317418,False,False,108324,True
8320,20291,485,500,1856,1920,3086,3136,0.03895872,0.4499999999999999,0.512,0.4,0.4227291666666666,True,False,58344,False
8321,23371,488,500,620,712,3346,3396,0.04487232,0.36,0.736,0.4,0.4233876811594204,True,False,68432,False
8322,16349,488,499,900,964,3250,3292,0.03139008,0.3299999999999999,0.512,0.336,0.5529288419913421,False,False,37752,True
8323,16848,488,500,964,1020,3172,3230,0.03234816,0.36,0.448,0.464,0.4322660098522167,True,False,48720,False
8324,9296,495,500,1548,1624,3660,3712,0.01784832,0.15,0.608,0.416,0.4704453441295547,True,False,29484,False
8325,6059,495,500,1592,1644,3292,3342,0.01163328,0.15,0.416,0.4,0.466076923076923,True,False,19656,False
8326,3624,496,500,880,924,3464,3504,0.00695808,0.12,0.352,0.32,0.5147727272727275,True,False,11592,False
8327,5788,496,500,992,1060,3782,3826,0.01111296,0.12,0.544,0.352,0.4836229946524064,True,False,19320,False
8328,288777,400,500,1528,1688,2934,3424,0.55445184,3.0,1.28,3.92,0.0368338010204081,True,False,8129808,False
8329,3921,496,500,1564,1624,3618,3658,0.00752832,0.12,0.48,0.32,0.4084375,True,False,15624,False
8330,1026,498,500,1028,1064,3416,3440,0.00196992,0.06,0.288,0.192,0.5937500000000001,True,False,3952,False
8331,1947,498,500,1444,1496,3888,3922,0.00373824,0.06,0.416,0.272,0.5506221719457014,True,False,7776,False
8332,846,498,500,1180,1212,3442,3468,0.00162432,0.06,0.256,0.208,0.5084134615384616,True,False,3808,False
8373,171525,400,500,1096,1220,2552,2880,0.329328,3.0,0.992,2.624,0.0421727478363493,True,False,4241160,False
8418,254257,407,500,788,1052,3642,4096,0.48817344,2.79,2.112,3.632,0.022810257613796,True,True,11523120,False
8450,76867,476,500,275,356,3480,3628,0.14758464,0.72,0.648,1.184,0.2671664720275832,True,False,323700,False
8626,46284,400,500,1864,2004,2938,3008,0.08886528,3.0,1.12,0.56,0.0472285714285714,True,False,1042848,False
8945,261507,400,500,3366,3456,3148,3276,0.5020934400000001,3.0,0.72,1.024,0.2270026041666667,True,False,1219920,False
8983,44629,400,433,3996,4096,3994,4038,0.08568768,0.99,0.8,0.352,0.3073622589531681,True,True,164220,False
9018,132014,400,455,3936,4048,3622,3744,0.25346688,1.65,0.896,0.976,0.175662657015116,True,False,805752,False
9034,48984,400,418,3816,3904,3790,3880,0.09404928,0.54,0.704,0.72,0.3436026936026937,True,False,165600,False
9038,31743,400,423,4008,4096,3922,3980,0.06094656,0.69,0.704,0.464,0.2704017309527055,True,True,135000,False
9042,350,400,401,3384,3412,3852,3868,0.000672,0.03,0.224,0.128,0.7812500000000001,True,False,1620,False
9044,7788,400,407,3356,3412,3654,3696,0.01495296,0.21,0.448,0.336,0.4730320699708455,True,False,22968,False
9045,48827,400,412,3699,3860,3594,3752,0.09374784,0.36,1.288,1.264,0.1599542678931782,True,False,365120,False
9046,9653,400,406,3648,3716,3952,4002,0.01853376,0.18,0.544,0.4,0.4731862745098039,True,False,29120,False
9047,51107,400,409,3520,3712,3248,3334,0.09812544,0.27,1.536,0.6880000000000001,0.3439047695951766,True,False,187792,False
9048,85496,422,444,3911,4004,3274,3468,0.16415232,0.6599999999999999,0.744,1.552,0.2153963983029497,False,False,446880,True
9049,196040,400,444,3963,4096,3694,3820,0.3763968,1.3199999999999998,1.064,1.008,0.2658703034642884,True,True,794880,False
9050,64279,400,429,3708,3816,3294,3420,0.12341568,0.87,0.864,1.008,0.1628833951630886,True,False,436480,False
9051,58430,402,416,3872,4036,3148,3230,0.1121856,0.42,1.312,0.656,0.3103488569728903,False,False,223104,True
9052,238613,403,433,3128,3292,3646,3776,0.45813696,0.8999999999999999,1.312,1.04,0.3730659787367105,False,False,701184,True
9053,36334,406,439,3672,3752,3646,3694,0.06976128,0.99,0.64,0.384,0.2867266414141414,False,False,143500,True
9054,148653,406,493,3888,4096,3882,4010,0.28541376,2.61,1.664,1.024,0.0641772525696286,False,True,2429700,False
9055,64029,408,442,3488,3632,3384,3504,0.12293568,1.02,1.152,0.96,0.1089818218954248,False,False,641232,True
9056,23832,410,423,3660,3736,3926,3984,0.04575744,0.39,0.608,0.464,0.4158871981013542,False,False,70200,True
9057,87166,415,436,2980,3112,3490,3596,0.16735872,0.63,1.056,0.848,0.2966525089166599,False,False,332856,True
9058,40981,416,436,3432,3492,3766,3870,0.07868352,0.6,0.48,0.8320000000000001,0.3283733974358975,False,False,144584,True
9059,10526,417,428,3712,3764,4004,4046,0.02020992,0.3299999999999999,0.416,0.336,0.4381451881451882,False,False,30888,True
9060,33525,417,436,3996,4064,3116,3192,0.064368,0.57,0.544,0.608,0.3414229265113248,False,False,114660,True
9061,45515,419,431,3748,3828,3516,3628,0.0873888,0.36,0.64,0.896,0.4233165922619049,False,False,130872,True
9062,16089,420,431,3544,3620,3354,3396,0.03089088,0.3299999999999999,0.608,0.336,0.4582194121667806,False,False,44616,True
9063,70664,421,462,3920,4004,3562,3620,0.13567488,1.23,0.672,0.464,0.3537586607393168,False,False,221880,True
9065,31771,430,460,3476,3540,3526,3566,0.06100032,0.8999999999999999,0.512,0.32,0.4136848958333334,False,False,88704,True
9066,16725,431,445,3827,3884,3626,3672,0.032112,0.42,0.456,0.368,0.4556227525335077,False,False,45312,True
9067,8354,432,443,4056,4096,3884,3924,0.01603968,0.3299999999999999,0.32,0.32,0.474659090909091,False,True,22932,False
9068,31390,434,454,3640,3696,3380,3452,0.0602688,0.6,0.448,0.5760000000000001,0.3892609126984127,False,False,94424,True
9069,29221,433,458,4040,4096,3300,3366,0.05610432,0.75,0.448,0.528,0.3162445887445888,False,True,106488,False
9070,401208,437,500,3092,3229,3898,4096,0.7703193600000001,1.89,1.096,1.584,0.2347703661572275,True,True,1807000,False
9071,15759,437,451,3768,3832,3418,3470,0.03025728,0.42,0.512,0.416,0.3382340315934066,False,False,57024,True
9072,35671,438,456,3328,3420,4000,4096,0.06848832,0.54,0.736,0.768,0.2243797805958132,False,True,184240,False
9073,61291,438,462,3348,3460,3478,3582,0.11767872,0.72,0.896,0.8320000000000001,0.2192472241300366,False,False,314184,True
9074,40334,441,465,3540,3629,3344,3440,0.07744128,0.72,0.712,0.768,0.1966974875156055,False,False,231868,True
9075,54426,442,456,3504,3652,3722,3824,0.10449792,0.42,1.184,0.8160000000000001,0.2575232795821031,False,False,249600,True
9076,125448,442,500,3916,4020,3872,4062,0.24086016,1.74,0.8320000000000001,1.52,0.1094583275164037,True,False,1221120,False
9077,713392,400,500,3400,3740,2872,3306,1.36971264,3.0,2.72,3.472,0.048345893195988,True,False,15209424,False
9078,62796,444,478,3639,3728,3912,4044,0.12056832,1.02,0.712,1.056,0.1572132428047828,False,False,438984,True
9079,3878,455,464,4068,4096,3072,3100,0.00744576,0.27,0.224,0.224,0.5496031746031745,False,True,9900,False
9080,24729,456,474,3508,3600,3526,3570,0.04747968,0.54,0.736,0.352,0.3393857048748353,False,False,86480,True
9081,72591,455,473,3880,4060,3712,3842,0.13937472,0.54,1.44,1.04,0.1723433048433048,False,False,480480,True
9082,72960,457,471,3808,3900,3956,4096,0.1400832,0.42,0.736,1.12,0.4046140195208518,False,True,213568,False
9083,61370,460,500,3795,3884,3086,3132,0.1178304,1.2,0.712,0.368,0.3747557401074745,True,False,183456,False
9084,53247,462,481,3800,3968,3324,3392,0.10223424,0.57,1.344,0.544,0.2453145731977001,False,False,249900,True
9085,102563,463,500,3124,3260,3074,3134,0.19692096,1.11,1.088,0.48,0.3397025702172762,True,False,333684,False
9086,85446,463,500,3948,4096,3374,3456,0.16405632,1.11,1.184,0.656,0.190289333499617,True,True,491400,False
9087,118998,466,500,3220,3364,3818,3968,0.22847616,1.02,1.152,1.2,0.1620343137254902,True,False,798912,False
9088,35862,466,488,3612,3728,3304,3364,0.06885504,0.6599999999999999,0.928,0.48,0.2342084639498433,False,False,175584,True
9089,52237,465,498,3664,3728,3128,3200,0.10029504,0.99,0.512,0.5760000000000001,0.3435198337542087,False,False,170940,True
9090,61145,474,500,3764,3856,3448,3620,0.1173984,0.78,0.736,1.376,0.1486179707552306,True,False,457968,False
9091,22919,467,479,3452,3524,3978,4028,0.04400448,0.36,0.5760000000000001,0.4,0.5305324074074074,False,False,53872,True
9092,45378,468,500,3768,3848,3176,3222,0.08712576,0.96,0.64,0.368,0.385343070652174,True,False,133824,False
9093,66477,469,496,3020,3104,3884,3970,0.12763584,0.8099999999999999,0.672,0.6880000000000001,0.3408237972191461,False,False,219472,True
9094,84489,471,485,3376,3477,3384,3542,0.16221888,0.42,0.808,1.264,0.3781757470502928,False,False,263680,True
9095,42031,470,483,3620,3700,4008,4096,0.08069952,0.39,0.64,0.704,0.4592548076923077,False,True,110700,False
9096,65343,473,500,3760,3856,3280,3426,0.12545856,0.8099999999999999,0.768,1.168,0.1726677447995941,True,False,420616,False
9097,18234,473,485,3504,3576,3960,4014,0.03500928,0.36,0.5760000000000001,0.432,0.3908179012345679,False,False,58016,True
9098,27441,474,485,3839,3920,3502,3580,0.05268672,0.3299999999999999,0.648,0.624,0.394845894845895,False,False,86320,True
9099,57714,475,500,4024,4096,3564,3652,0.11081088,0.75,0.5760000000000001,0.704,0.3643560606060606,True,True,179820,False
9100,242176,476,500,3327,3464,3780,4096,0.46497792,0.72,1.096,2.528,0.2330838646093196,True,True,1149252,False
9101,42537,478,500,3580,3652,3850,3942,0.08167104,0.6599999999999999,0.5760000000000001,0.736,0.291893115942029,True,False,166944,False
9102,34427,479,500,2920,2997,3344,3410,0.06609984,0.63,0.616,0.528,0.3225857836247447,True,False,123556,False
9103,34652,482,500,3247,3312,3430,3504,0.06653184,0.54,0.52,0.592,0.4002310002310003,True,False,101840,False
9104,22619,484,500,2956,3048,4066,4096,0.04342848,0.48,0.736,0.24,0.5122056159420291,True,True,54144,False
9105,15665,484,500,4060,4096,3874,3934,0.0300768,0.48,0.288,0.48,0.453269675925926,True,True,42408,False
9106,14325,489,500,3852,3916,3618,3664,0.027504,0.3299999999999999,0.512,0.368,0.4423480731225298,True,False,41184,False
9107,17388,490,500,3548,3644,3374,3428,0.03338496,0.3,0.768,0.432,0.3354166666666667,True,False,65856,False
9108,36750,492,500,3096,3196,3784,3888,0.07056,0.24,0.8,0.8320000000000001,0.4417067307692308,True,False,108120,False
9109,6833,493,500,3916,3968,3342,3380,0.01311936,0.21,0.416,0.304,0.4939994216310006,True,False,19440,False
9110,9300,494,500,3476,3548,3072,3116,0.017856,0.18,0.5760000000000001,0.352,0.4892676767676769,True,False,27232,False
9111,8145,493,500,3831,3892,3464,3514,0.0156384,0.21,0.488,0.4,0.3814988290398127,True,False,29484,False
9112,3426,497,500,3200,3256,3992,4036,0.00657792,0.09,0.448,0.352,0.463474025974026,True,False,13340,False
9113,5517,497,500,3956,4024,3474,3542,0.01059264,0.09,0.544,0.544,0.3977076124567474,True,False,24500,False
9114,3345,498,500,3720,3780,3424,3482,0.0064224,0.06,0.48,0.464,0.4806034482758621,True,False,14880,False
9412,13639,400,500,3599,3653,2667,2842,0.02618688,3.0,0.432,1.4,0.0144328042328042,True,False,1011024,False
9504,457343,400,500,3504,3656,3618,3732,0.8780985600000001,3.0,1.216,0.912,0.2639329409048939,True,False,1822128,False
9659,180427,400,500,1612,1768,2342,2544,0.34641984,3.0,1.248,1.616,0.057256600660066,True,False,3287664,False
9732,1361,495,500,2543,2596,0,8,0.00261312,0.15,0.424,0.064,0.6419811320754719,True,True,3850,False
9752,574,400,401,232,260,1391,1420,0.00110208,0.03,0.224,0.232,0.7068965517241379,True,False,2790,False
9755,9597,455,464,2586,2648,510,544,0.01842624,0.27,0.496,0.272,0.5058507273877293,False,False,25344,True
9762,77700,400,417,3784,3988,1680,1758,0.149184,0.51,1.632,0.624,0.2872415934699672,True,False,313120,False
9769,24195,400,500,3368,3461,3006,3048,0.0464544,3.0,0.744,0.336,0.0619431643625192,True,False,426360,False
9770,475904,400,471,440,756,2542,2990,0.9137356800000002,2.13,2.528,3.584,0.04734737539159,True,False,10446300,False
9771,466598,429,500,3004,3220,3406,3658,0.8958681600000001,2.13,1.728,2.016,0.1207341787349612,True,False,4042156,False
9790,357854,400,500,455,816,1146,1338,0.6870796800000001,3.0,2.888,1.536,0.0516294436749769,True,False,7183044,False
9795,345281,400,449,1548,1724,60,350,0.6629395200000001,1.47,1.408,2.32,0.1380593851960847,True,False,2650776,False
9832,519305,400,500,400,720,2514,2841,0.9970656,3.0,2.56,2.616,0.0496277714067278,True,False,10805676,False
9836,89094,425,447,948,1068,2580,2649,0.17106048,0.6599999999999999,0.96,0.552,0.4890974967061924,False,False,207888,True
9837,40061,428,444,172,264,2834,2891,0.07691712,0.48,0.736,0.456,0.4774623379099924,False,False,99828,True
9838,119966,419,444,24,168,2535,2708,0.23033472,0.75,1.152,1.384,0.1926236351958895,False,False,689850,True
9855,28016,400,408,1564,1664,3940,4010,0.05379072,0.24,0.8,0.56,0.5002857142857142,True,False,73440,False
9857,58052,403,439,1848,1952,3362,3450,0.11145984,1.08,0.8320000000000001,0.704,0.1761970668220668,False,False,362520,True
9902,30156,482,500,1724,1817,2264,2310,0.05789952,0.54,0.744,0.368,0.3916160199470158,True,False,91200,False
9904,1173002,400,500,3592,4076,842,1808,2.25216384,3.0,3.872,7.728,0.0250885905925431,True,False,47985696,False
9920,269179,400,456,3288,3452,3094,3280,0.5168236800000001,1.68,1.312,1.488,0.1575782801318797,True,False,1810064,False
9928,162542,400,457,3200,3308,3742,3934,0.31208064,1.71,0.864,1.536,0.1375199669698938,True,False,1259060,False
9930,12576,400,405,3224,3312,3650,3712,0.02414592,0.15,0.704,0.496,0.4609970674486805,True,False,40320,False
9939,71108,474,500,3952,4036,3572,3646,0.13652736,0.78,0.672,0.592,0.4399811899811899,True,False,183008,False
9948,338922,428,500,2968,3380,2898,3166,0.6507302400000001,2.16,3.2960000000000003,2.144,0.0426319555136936,True,False,8271720,False
9981,56042,466,500,124,248,1028,1110,0.10760064,1.02,0.992,0.656,0.1621060304530939,True,False,381024,False
10094,16043,472,485,3696,3756,3098,3140,0.03080256,0.39,0.48,0.336,0.4897130647130647,False,False,40920,True
10096,105577,443,472,684,900,1986,2096,0.20270784,0.87,1.728,0.88,0.1532233252060838,False,False,756896,True
10097,94062,450,477,212,396,2178,2240,0.18059904,0.8099999999999999,1.472,0.496,0.3053802399875331,False,False,345216,True
10098,34551,450,463,758,872,2030,2086,0.06633792,0.39,0.912,0.448,0.4163172353961827,False,False,100920,True
10099,2109,400,408,0,16,1724,1776,0.00404928,0.24,0.128,0.416,0.3168569711538462,True,True,9720,False
10104,6090,400,403,1248,1324,3994,4048,0.0116928,0.09,0.608,0.432,0.4946393762183236,True,False,21840,False
10112,62632,403,428,2132,2205,514,620,0.12025344,0.75,0.584,0.848,0.3237632463168778,False,False,218700,True
10117,15550,400,412,4027,4093,3906,3948,0.029856,0.36,0.528,0.336,0.4674723424723425,True,False,41888,False
10118,165777,400,449,3724,3860,3080,3186,0.31829184,1.47,1.088,0.848,0.2346839679267933,True,False,760104,False
10119,2483,400,407,4065,4096,3952,3990,0.00476736,0.21,0.248,0.304,0.3011156924569489,True,True,11880,False
10123,50366,409,426,484,568,3934,4004,0.09670272,0.51,0.672,0.56,0.503861544617847,False,False,117648,True
10124,1094,400,406,4080,4096,3910,3941,0.00210048,0.18,0.128,0.248,0.3676075268817206,True,True,4752,False
10133,57383,420,449,652,740,1150,1206,0.11017536,0.87,0.704,0.448,0.4015268137035379,False,False,161820,True
10134,102519,400,461,3972,4056,3218,3324,0.19683648,1.83,0.672,0.848,0.1887510494454509,True,False,585144,False
10135,178072,468,500,1300,1536,3694,3836,0.34189824,0.96,1.888,1.136,0.1660524588207209,True,False,1165248,False
10138,36380,460,491,1598,1676,895,942,0.0698496,0.93,0.624,0.376,0.3201168540907732,False,False,129360,True
10139,50128,441,472,3986,4056,2087,2160,0.09624576,0.93,0.56,0.584,0.3164446688971656,False,False,178200,True
10145,37482,473,494,104,194,0,54,0.07196544,0.63,0.72,0.432,0.367254556143445,False,True,118496,False
10148,77721,471,500,3388,3548,264,334,0.14922432,0.87,1.28,0.56,0.2392887931034482,True,False,361584,False
10150,18346,494,500,3208,3312,66,136,0.03522432,0.18,0.8320000000000001,0.56,0.4200091575091574,True,False,61056,False
10151,658,499,500,2936,2976,130,152,0.00126336,0.03,0.32,0.176,0.747727272727273,True,False,3024,False
10153,18280,419,431,3224,3292,3138,3184,0.0350976,0.36,0.544,0.368,0.486999147485081,False,False,47040,True
10156,4753,400,404,2508,2576,2702,2734,0.00912576,0.12,0.544,0.256,0.5460707720588236,True,False,14280,False
10166,85377,435,476,844,956,1702,1804,0.16392384,1.23,0.896,0.8160000000000001,0.1822799241647879,False,False,509808,True
10169,83392,466,495,3744,3848,3480,3594,0.16011264,0.87,0.8320000000000001,0.912,0.2425426962632044,False,False,381176,True
10250,8746,446,456,1084,1132,1328,1364,0.01679232,0.3,0.384,0.288,0.5061342592592594,False,False,22800,True
10253,97456,428,456,0,160,2224,2414,0.18711552,0.84,1.28,1.52,0.1144924812030075,False,True,933120,False
10279,77451,400,438,1268,1400,232,330,0.14870592,1.14,1.056,0.784,0.1575590762620838,True,False,536000,False
10297,34899,479,500,2720,2794,2410,2460,0.06700608,0.63,0.592,0.4,0.4491505791505792,True,False,90896,False
10299,47070,469,500,3008,3148,2488,2560,0.0903744,0.93,1.12,0.5760000000000001,0.1506336405529953,True,False,346764,False
10302,39613,473,492,4008,4096,2766,2816,0.07605696,0.57,0.704,0.4,0.4738397129186603,False,True,98280,False
10306,36575,469,500,828,904,3096,3140,0.070224,0.93,0.608,0.352,0.3528225806451613,True,False,118404,False
10369,42222,440,467,4032,4096,2979,3040,0.08106624,0.8099999999999999,0.512,0.488,0.4005578324225866,False,True,120582,False
10382,19140,482,493,1048,1128,1518,1574,0.0367488,0.3299999999999999,0.64,0.448,0.3883928571428572,False,False,61828,True
10423,58646,400,426,36,112,382,476,0.11260032,0.78,0.608,0.752,0.3157356361443708,True,False,209664,False
10425,11820,400,409,42,102,411,460,0.0226944,0.27,0.48,0.392,0.4467120181405896,True,False,34782,False
10432,31676,475,488,1432,1496,3120,3232,0.06081792,0.39,0.512,0.896,0.3399296016483516,False,False,112860,True
10488,47361,400,449,1600,1708,2250,2296,0.09093312,1.47,0.864,0.368,0.1945553583752342,True,False,269280,False
10497,15901,400,407,1316,1421,74,128,0.03052992,0.21,0.84,0.432,0.4006298815822626,True,False,53928,False
10499,22550,400,414,376,456,860,920,0.043296,0.42,0.64,0.48,0.3355654761904763,True,False,81344,False
10501,12397,421,435,1916,1984,642,672,0.02380224,0.42,0.544,0.24,0.4340686274509804,False,False,35840,True
10502,90322,425,449,1188,1308,2604,2674,0.17341824,0.72,0.96,0.56,0.4480257936507937,False,False,228384,True
10503,10039,429,437,200,268,1284,1330,0.01927488,0.24,0.544,0.368,0.4011748721227621,False,False,33600,True
10504,13101,408,418,1216,1276,1092,1142,0.02515392,0.3,0.48,0.4,0.4367000000000001,False,False,38688,True
10505,21623,409,439,460,524,1774,1824,0.04151616,0.8999999999999999,0.512,0.4,0.2252395833333333,False,False,109824,True
10506,21130,409,423,704,772,640,686,0.0405696,0.42,0.544,0.368,0.4825082206795762,False,False,53760,True
10507,8132,463,472,1604,1660,42,76,0.01561344,0.27,0.448,0.272,0.4745564892623716,False,False,22968,True
10508,48599,461,482,1799,1880,334,412,0.09331008,0.63,0.648,0.624,0.3662928292557923,False,False,152720,True
10509,16607,469,482,1556,1620,2808,2856,0.03188544,0.39,0.512,0.384,0.415840344551282,False,False,49500,True
10510,21049,472,486,396,468,1062,1110,0.04041408,0.42,0.5760000000000001,0.384,0.4350405092592592,False,False,59200,True
10517,138839,400,432,2048,2189,0,132,0.26657088,0.96,1.128,1.056,0.2331140527616591,True,True,651508,False
10518,1560,400,402,3080,3128,2908,2934,0.0029952,0.06,0.384,0.208,0.6250000000000001,True,False,5600,False
10520,41663,400,440,2232,2320,2280,2372,0.07999296,1.2,0.704,0.736,0.1286530385375494,True,False,355320,False
10521,15302,400,409,2640,2712,2476,2520,0.02937984,0.27,0.5760000000000001,0.352,0.5366863075196409,True,False,37444,False
10522,41477,400,425,2748,2821,2582,2658,0.07963584,0.75,0.584,0.608,0.299041095890411,True,False,157950,False
10523,28500,420,442,2048,2116,2728,2788,0.05472,0.6599999999999999,0.544,0.48,0.3175133689839573,False,False,104160,True
10524,77590,420,484,2361,2440,488,536,0.1489728,1.92,0.632,0.384,0.319710904535865,False,False,267300,True
10525,41913,432,482,3340,3412,96,148,0.08047296,1.5,0.5760000000000001,0.416,0.2238942307692307,False,False,207792,True
10526,12619,444,458,3576,3636,2446,2480,0.02422848,0.42,0.48,0.272,0.4418417366946779,False,False,35712,True
10527,38912,449,469,3796,3929,0,40,0.07471104,0.6,1.064,0.32,0.3657142857142857,False,True,124740,False
10528,84302,451,478,3700,3808,322,388,0.16185984,0.8099999999999999,0.864,0.528,0.4380325892671572,False,False,216920,True
10529,29980,460,473,4000,4096,256,310,0.0575616,0.39,0.768,0.432,0.4448599240265907,False,True,82320,False
10533,9597,401,412,776,836,3110,3146,0.01842624,0.3299999999999999,0.48,0.288,0.4039141414141415,False,False,30628,True
10534,10170,431,442,1492,1548,3752,3788,0.0195264,0.3299999999999999,0.448,0.288,0.4586038961038962,False,False,28652,True
10536,5272,419,426,3540,3584,3200,3230,0.01012224,0.21,0.352,0.24,0.5705627705627707,False,False,13248,True
10541,15923,430,448,1596,1656,1548,1582,0.03057216,0.54,0.48,0.272,0.4336328976034858,False,False,44640,True
10543,265702,400,483,1686,1812,362,478,0.51014784,2.49,1.008,0.928,0.2190222301356493,True,False,1283840,False
10566,30482,443,457,28,120,1260,1326,0.05852544,0.42,0.736,0.528,0.3585780161867118,False,False,102272,True
10583,44195,458,472,3728,3800,2932,3060,0.0848544,0.42,0.5760000000000001,1.024,0.3425331721230158,False,False,153920,True
10597,3566,400,402,3924,4016,2298,2340,0.00684672,0.06,0.736,0.336,0.4614389233954452,True,False,16544,False
10609,1074174,400,500,3560,4096,2570,4096,2.0624140800000004,3.0,4.288,12.208,0.0131327389918037,True,True,83850528,False
10628,54858,457,474,1524,1624,3886,4020,0.10532736,0.51,0.8,1.072,0.2408165057067603,False,False,263568,True
10633,78038,408,500,1284,1362,2286,2406,0.14983296,2.76,0.624,0.96,0.0906238387216648,True,False,917440,False
10635,180990,400,500,784,1084,3776,4096,0.3475008,3.0,2.4,2.56,0.018853125,True,True,9918888,False
10638,155219,415,445,2068,2208,1994,2084,0.29802048,0.8999999999999999,1.12,0.72,0.4106322751322752,False,False,418048,True
10639,94112,400,427,1688,1832,388,480,0.18069504,0.8099999999999999,1.152,0.736,0.2631061012703525,True,False,397996,False
10660,34000,411,425,1540,1646,812,860,0.06528,0.42,0.848,0.384,0.4773135669362085,False,False,86400,True
10675,3000,400,401,3724,3800,3135,3184,0.00576,0.03,0.608,0.392,0.8055853920515575,True,False,11934,False
10684,105960,465,500,2072,2200,3000,3190,0.2034432,1.05,1.024,1.52,0.1244830827067669,True,False,923520,False
10711,3764,449,453,834,912,2872,2900,0.00722688,0.12,0.624,0.224,0.4308608058608058,False,False,14400,True
10750,6210,475,489,1231,1301,0,16,0.0119232,0.42,0.56,0.128,0.396045918367347,False,True,20736,False
10751,831,400,404,896,937,0,10,0.00159552,0.12,0.328,0.08,0.5067073170731707,True,True,3096,False
10755,234672,400,500,1876,1973,2208,2388,0.45057024,3.0,0.776,1.44,0.1344054982817869,True,False,1837836,False
10761,44264,407,427,3763,3944,0,36,0.08498688,0.6,1.448,0.288,0.3396562308164518,False,True,152988,False
10790,43862,435,466,1180,1256,2965,3026,0.08421504,0.93,0.608,0.488,0.3051991427537644,False,False,162162,True
10792,63165,410,449,736,832,2776,2838,0.1212768,1.17,0.768,0.496,0.2721127998345741,False,False,257152,True
10793,28586,454,479,348,436,1822,1864,0.05488512,0.75,0.704,0.336,0.3093722943722944,False,False,106920,True
10805,191287,400,411,260,792,2620,2796,0.36727104,0.3299999999999999,4.256,1.408,0.1857241890884235,True,False,1235676,False
10806,723938,400,500,608,992,2530,3516,1.3899609600000002,3.0,3.072,7.888,0.0191202353786342,True,False,38899536,False
10808,167330,400,481,1276,1436,3790,3968,0.3212736,2.4299999999999997,1.28,1.424,0.0725351990567346,True,False,2420280,False
10809,545177,400,500,1732,2160,3072,3522,1.04673984,3.0,3.424,3.6,0.028306178608515,True,False,19824720,False
10810,8804,400,403,1836,1916,882,952,0.01690368,0.09,0.64,0.56,0.5240476190476191,True,False,29520,False
10811,374504,400,488,1812,1948,0,754,0.7190476800000001,2.6399999999999997,1.088,6.032,0.0415014751982297,True,True,9389520,False
10812,5985,400,403,1948,2012,1050,1104,0.0114912,0.09,0.512,0.432,0.5772569444444446,True,False,18480,False
10813,17904,400,407,2048,2128,1068,1146,0.03437568,0.21,0.64,0.624,0.40989010989011,True,False,59040,False
10814,96639,400,415,2088,2256,2022,2132,0.18554688,0.4499999999999999,1.344,0.88,0.3486255411255411,True,False,323680,False
10815,7639,400,403,2144,2212,1938,2010,0.01466688,0.09,0.544,0.5760000000000001,0.5200844226579521,True,False,25900,False
10816,739448,400,451,1988,2444,216,596,1.41974016,1.53,3.648,3.04,0.0836737095576919,True,False,9272668,False
10817,678106,400,500,2056,2368,1330,1652,1.3019635200000002,3.0,2.496,2.576,0.0674974120082815,True,False,10377072,False
10818,304065,400,435,2480,2812,126,402,0.5838048000000001,1.05,2.656,2.208,0.0948093616702836,True,False,3435524,False
10819,619780,400,500,2408,2680,402,692,1.1899776000000002,3.0,2.176,2.32,0.0785725152129817,True,False,8160816,False
10821,18828,400,412,3108,3181,2928,2972,0.03614976,0.36,0.584,0.352,0.4884806973848071,True,False,48300,False
10822,1093917,419,500,2572,3628,2114,2426,2.10032064,2.4299999999999997,8.448,2.496,0.0409902757993035,True,False,27573596,False
10823,919727,430,500,1804,2312,972,1578,1.7658758400000003,2.1,4.064,4.848,0.0426800146268845,True,False,22325760,False
10824,306591,450,500,2336,2792,84,364,0.5886547200000001,1.5,3.648,2.24,0.0480249060150375,True,False,6716112,False
10825,245903,460,500,0,284,952,1368,0.47213376,1.2,2.272,3.3280000000000003,0.0520345933775731,True,True,5021016,False
10826,128334,462,500,2875,3220,36,96,0.24640128,1.14,2.76,0.48,0.1631502669717773,True,False,860560,False
10827,82187,465,500,3276,3376,2320,2376,0.15779904,1.05,0.8,0.448,0.4193214285714286,True,False,218892,False
10828,520977,469,500,556,1396,2118,2394,1.00027584,0.93,6.72,2.208,0.072488395779069,True,False,7724508,False
10829,1054474,470,500,1520,1984,3470,4074,2.0245900800000003,0.8999999999999999,3.712,4.832,0.1254179512065159,True,False,9036672,False
10830,72302,479,500,2996,3096,3366,3490,0.13881984,0.63,0.8,0.992,0.277657450076805,True,False,295596,False
10831,28171,485,500,3692,3776,2010,2102,0.05408832,0.4499999999999999,0.672,0.736,0.2430210489993099,True,False,137428,False
10832,26931,488,500,776,860,799,874,0.05170752,0.36,0.672,0.6,0.3562301587301588,True,False,92708,False
10833,8165,493,500,2932,3004,3216,3260,0.0156768,0.21,0.5760000000000001,0.352,0.368190836940837,True,False,30636,False
10834,119353,494,500,1472,2036,1748,2120,0.22915776,0.18,4.5120000000000005,2.976,0.0948112877805739,True,False,1693472,False
10835,232686,400,500,456,624,2720,3096,0.44675712,3.0,1.344,3.008,0.036836056231003,True,False,6554520,False
10836,53511,403,500,453,678,2662,3028,0.10274112,2.9099999999999997,1.8,2.928,0.0066989653165079,True,False,8270064,False
10837,117795,400,471,564,667,2793,3026,0.2261664,2.13,0.8240000000000001,1.864,0.0691314016018273,True,False,1801275,False
