instance_id,n_points,occ_fraction_inside,v_box,occ_volume_est,sd_replicate,sd_analytic,sd_ratio,rel_sd_pct,rc_pct,chi2_x,chi2_y,chi2_z,v_at_1000,v_at_2500,v_at_5000,v_at_10000,v_at_25000,v_at_50000,v_at_100000,mesh_volume,mesh_area,bias_pct
24559,100000,0.06476,1144740.6490138515,74133.40443013703,1025.4786396319205,890.8858504239424,1.1510774799531611,1.3832882052493984,3.831708328540833,4.9462,14.822400000000002,10.023799999999998,69829.17958984495,73721.29779649204,75094.98657530866,77269.99380843499,73629.71854457093,73263.4015368865,74133.40443013703,68488.25312404822,13414.222081785047,8.242510282550386
24565,100000,0.30921,114161.79805942817,35299.96957795578,108.45637857499673,166.84783925055612,0.6500316639529705,0.30724213043720544,0.851060701311059,5.971399999999999,8.9648,9.286,38244.20234990844,35755.4751522129,35709.810432989136,35287.41178016925,35175.53321807101,35200.64881364408,35299.96957795578,34873.453783964105,5215.46596471184,1.2230385801012933
24570,100000,0.10931,453290.85620981734,49549.22349229514,389.02403814388583,447.27043712573544,0.8697736444282913,0.7851264070856302,2.1748001476271956,14.014999999999997,12.331999999999997,20.933,58474.52045106644,53307.004690274516,51403.183094193286,49726.00692621696,50242.75850229615,49716.94110909277,49549.22349229514,48374.9540774758,7475.78602408854,2.4274326192406668
24572,100000,0.2444,87396.02776551247,21359.589185891247,107.23587180578848,118.76494429586742,0.9029252902998236,0.5020502542091095,1.3906792041592335,12.9326,8.251599999999998,4.8478,20625.46255266094,21079.921897041608,21114.880308147815,21272.193158125734,21492.431148094827,21357.841265335934,21359.589185891247,20899.87959620939,3819.3911486412408,2.199580086409851
24574,100000,0.322,94424.87519755647,30404.80981361318,161.59257129652448,139.51766598728193,1.1582230117815677,0.5314704228939937,1.4721730714163626,1.8694,13.5304,8.469,30404.80981361318,30215.96006321807,31519.023340944346,30253.730013297092,29872.25351749896,30183.8556056509,30404.80981361318,29831.89591141095,4721.62247252948,1.9204743268867719
24579,100000,0.3299,19195.57953786391,6332.621689541304,25.262432864077095,28.540540615402378,0.8851420582567312,0.39892534407667973,1.105023203092403,9.552800000000001,1.9713999999999996,12.2378,6123.389872578587,6219.367770267907,6234.724233898197,6273.115392973925,6395.967102016254,6359.87941248507,6332.621689541304,6249.464976383737,1667.2698389800103,1.330621316733667
24589,100000,0.23981,107448.48443285022,25767.22105184181,80.01445905837492,145.07581360558194,0.5515354838947206,0.3105280887581611,0.8601628058601064,7.604399999999999,8.545000000000002,4.953,26969.569592645406,24111.43990673159,25680.187779451204,25819.87080921391,25757.550688242853,25622.165597857464,25767.22105184181,25082.042385914712,4474.470438934048,2.731749892552104
24591,100000,0.23855,104771.5632976137,24993.256424645748,172.10941770866603,141.2062208544711,1.218851525571555,0.6886234221921944,1.9074868794723785,2.0956,7.383,5.4912,28078.778963760473,27031.063330784335,25899.530447170106,26098.596417435572,25073.93052838491,25080.216822182767,24993.256424645748,24672.978339381185,4209.608372185542,1.2980925158652559
24593,100000,0.14854,437909.21803661826,65047.03524715928,552.3831305062287,492.4792335341531,1.1216374070073785,0.8492056992410769,2.352299786897783,6.809399999999999,5.9266,9.876599999999998,58241.92599887023,65336.05533106344,65773.96454910006,65117.100722045136,64933.178850469754,64381.413235743625,65047.03524715928,62606.119404364756,8292.59323436776,3.898845457947913
24605,100000,0.21828,139642.90642502936,30481.25361445541,150.72811496597876,182.41118453352124,0.8263096111756231,0.4944944747761213,1.369749695129856,4.111200000000001,8.8738,13.2828,31838.582664906695,29604.296162106224,29045.724536406105,29799.796231101267,30157.282071549344,30486.839330712406,30481.25361445541,29985.098455425952,5024.46965545736,1.6546724359335119
24619,100000,0.22259,162019.99632489265,36064.030981957854,270.5345838944488,213.13094182896134,1.2693350931257752,0.7501507084157955,2.0779174623117536,9.0364,9.386600000000001,9.0512,34024.19922822746,34283.43122234729,35125.935203236724,35206.94520139917,35132.416003089726,35871.227186331234,36064.030981957854,34928.907984997546,6823.658465045117,3.249809577350255
24625,100000,0.13578,236352.79260215504,32091.982179520615,161.9510153813078,256.02996480993437,0.6325471141689734,0.5046463458547483,1.3978703780176527,18.910600000000002,9.8894,20.0994,30253.157453075844,28267.79399521774,29874.9929849124,31789.450604989855,31935.989336403185,32049.438676852224,32091.982179520615,31495.858563291302,6127.527486276036,1.8927047663469658
24631,100000,0.35095,37323.05447388728,13098.52596761074,58.165585209437644,56.329886888985484,1.0325883544568435,0.44406206739037707,1.2300519266713446,13.24,8.542399999999999,16.79,12764.48463006945,12824.20151722767,13018.281400491882,13055.604454965769,13145.1797857031,13147.419168971534,13098.52596761074,12890.614467963787,2685.5995718149243,1.6128905271634766
24648,100000,0.29849,63413.1172554993,18928.181369593985,73.31128050089939,91.76158971286276,0.7989321101596273,0.3873128594312066,1.0728566206244423,13.9122,11.6314,9.167200000000001,19594.653231949284,19074.66567045419,18935.15681249209,18865.402383511042,18917.40113966055,18838.768874263733,18928.181369593985,18746.356103058788,3453.6403791426837,0.9699232508739635
24650,100000,0.18298,68959.75076802753,12618.255195533678,53.2058727522481,84.31674621519488,0.6310237899415023,0.42165792280917486,1.1679924461814144,7.1374,3.8288,3.9705999999999992,12412.755138244955,12467.922938859376,12605.842440395432,12461.026963782575,12412.755138244955,12626.530365625842,12618.255195533678,12275.989714555175,3220.2160708863894,2.788088691314985
24655,100000,0.34074,73287.25874742873,24971.900545598863,123.68550346727491,109.84199196305026,1.1260311403391288,0.4952987188196763,1.3719774511305034,4.3574,9.1684,11.328600000000002,23891.646351661766,24419.314614643252,24448.629518142225,24426.643340517992,24982.160761823507,25103.81761134424,24971.900545598863,24457.977909822628,4111.336000065114,2.1012474443761633
24661,100000,0.13744,168114.59463488733,23105.669886618914,257.82687200806936,183.04448491683797,1.4085476113918813,1.1158597576839073,3.0909315287844237,8.1062,4.132199999999999,8.7458,23367.92865424934,21922.143140389304,22291.99524858606,23082.13384337003,23018.25029740877,23250.248438004917,23105.669886618914,22225.63243113666,4878.028684338579,3.9595609178228854
24665,100000,0.05749,1291852.4701909723,74268.598511279,676.8917952448688,950.9376831295929,0.7118150928851378,0.9114104868184242,2.5246070484870353,14.1808,17.3292,20.256799999999995,72343.73833069445,72343.73833069445,75444.18425915278,74539.8875300191,74204.00588776945,74307.35408538474,74268.598511279,71119.5815351181,12272.836593838094,4.427777706489946
24670,100000,0.04411,1075165.1547010627,47425.53497386388,918.2648990456142,698.1482742182912,1.3152863552857523,1.936224651027486,5.363342283346136,28.866,8.868600000000002,13.366,44081.771342743574,42576.54012616209,39781.11072393932,42899.0896725724,45802.035590265274,46447.13468308591,47425.53497386388,44655.71852252904,9312.567280545576,6.202601912983349
24672,100000,0.06671,862073.502995296,57508.923384816204,832.787594538985,680.2179266011441,1.2242952765155548,1.4481015215090285,4.011241214580009,11.509999999999998,4.0442,8.0006,59483.07170667543,54138.21598810459,55689.94829349613,59741.693757574016,58414.10056296126,56741.67796715039,57508.923384816204,54197.03422880537,10257.803736476842,6.110830976523405
24676,100000,0.15317,121166.02641392336,18559.000265820643,128.11616363429357,137.99579071688032,0.9284063156472915,0.6903182380477676,1.9121815193923162,8.857800000000001,14.457199999999998,2.5436,18538.402041330275,17835.63908812952,17520.607419453318,17932.571909260656,18136.13083363605,18380.886206992174,18559.000265820643,17939.05821242566,3732.021453537905,3.45582274194067
24679,100000,0.10464,308678.43336510187,32300.111267324257,351.8633271327132,298.7817021779379,1.1776602267402667,1.0893563932972223,3.0175172094333056,4.592,8.3922,7.205400000000001,32411.235503335694,31238.25745654831,31793.878636605492,31330.86098655784,32361.84695399728,32454.45048400681,32300.111267324257,30874.702134058967,5816.012997741434,4.61675428341338
24680,100000,0.03301,2017668.3899196314,66603.23355124703,1062.74509713885,1139.9440700459993,0.9322782801931379,1.5956358880400816,4.419911409871026,7.498999999999999,9.376000000000001,11.437199999999999,58512.38330766931,59722.98434162109,63758.32112146036,65574.22267238803,67632.24443010605,65493.51593679124,66603.23355124703,59464.86869971681,12198.34548517128,12.00433971792191
24695,100000,0.04613,555397.601159318,25620.491341479337,393.9496777932793,368.4175600456889,1.0693021194332433,1.5376351395551828,4.259249336567856,6.298800000000001,5.5184,12.1318,23326.69924869136,25992.607734256082,25326.1306128649,25326.1306128649,25948.175926163334,25737.124837722797,25620.491341479337,24740.664035693433,5501.580540971638,3.5561992374843885
24709,100000,0.15792,157943.93318737205,24942.505928949795,266.6275733013095,182.13700579377004,1.463884684714793,1.068968667626316,2.9610432093248953,8.217,10.2786,10.9698,25744.861109541645,26345.04805565366,28050.842534077277,26976.823788403148,25877.534013419037,25312.094732608246,24942.505928949795,24205.19969375724,4657.177350311216,3.0460654922120436
24710,100000,0.15711,238262.85416394466,37433.47701769735,342.5879608278795,274.1850082313495,1.2494773621569182,0.9151913958351101,2.535080166463255,8.4252,3.6982,7.0036,33833.32529128014,35453.51269959496,34786.37670793592,35167.597274598236,37140.41370707569,37164.23999249209,37433.47701769735,36443.594808417976,6193.7867981146865,2.716203531740292
24721,100000,0.04254,456447.70413798315,19417.285334029802,425.15843392469145,291.3064424547955,1.4594886070556674,2.1895874042679857,6.065157109822321,10.9692,6.675800000000001,9.761999999999999,17801.460461381343,21726.910716968,20631.436227036836,20266.27806372645,20905.304849519627,20184.117476981617,19417.285334029802,18436.043619043845,4446.566901816573,5.322409380569951
24723,100000,0.0501,1966675.287719161,98530.43191472997,1076.39420231669,1356.720750639908,0.7933793316045328,1.092448476474985,3.026082279835709,5.893400000000001,17.037,7.54,62933.609207013156,84960.37242946777,95187.0839256074,94597.08133929163,97389.76024785286,99317.10202981764,98530.43191472997,92922.30557957552,16216.292842921266,6.035285392646482
24727,100000,0.09396,387554.9756099316,36414.66550830917,481.60885738366767,357.58435282929446,1.3468398535144537,1.3225683956200922,3.6635144558676553,15.313399999999998,8.8866,7.8422,38755.49756099316,37205.27765855343,35500.03576586973,35965.101736601646,36352.65671221158,36166.63032391881,36414.66550830917,34841.8437118513,7588.0051909640915,4.514174994484797
24728,100000,0.17654,93780.59827507842,16556.026819482344,150.35603498123024,113.07219269749213,1.3297348481026232,0.908164963856536,2.5156169498826046,7.485799999999999,13.0312,8.984399999999999,15567.579313663018,15380.01811711286,15417.53035642289,15764.518570040682,16539.14631179283,16556.026819482344,16556.026819482344,16023.9342606314,3859.9160101542448,3.320611219419576
24742,100000,0.12377,336009.6812666155,41587.918250369,412.50197041206843,349.91982240863655,1.178847107239179,0.9918793432475027,2.7475057807955827,9.913200000000002,2.3708,4.7374,37969.093983127554,38977.1230269274,40321.16175199386,41194.786923287065,41342.631183044374,40825.17627389378,41587.918250369,40120.63647691774,6270.957091298046,3.6571747167954904
24745,100000,0.19175,234684.84411465164,45000.81885898445,339.6269821784207,292.16324993012574,1.1624562030291163,0.7547128936535203,2.0905547154202515,10.8112,6.602200000000001,5.4374,39896.42349949078,43088.13737945005,43886.06584943986,45129.89552324751,45219.075764011075,44683.99431942968,45000.81885898445,43355.19804257344,6760.664232479463,3.7956713167243894
24746,100000,0.25894,52665.328286694734,13637.160106556734,45.920622896204286,72.95432668033918,0.6294434475067215,0.33673156681738814,0.9327464400841651,12.3182,13.0374,4.505,14166.973309120884,13292.728859561752,13419.12564744982,13629.786960596595,13625.573734333662,13712.998179289574,13637.160106556734,13360.952744432958,2922.6596873255803,2.067272951316005
24756,100000,0.33294,27657.059237553804,9208.141302551163,38.79268863970742,41.21653105547273,0.941192469290948,0.4212868522006684,1.1669645805958515,8.217,10.2786,10.9698,8960.887192967433,9093.64107730769,9193.206490562883,9220.863549800437,9302.728445143597,9265.114844580525,9208.141302551163,9038.249823167009,2116.8297325118756,1.879694439831538
24759,100000,0.25737,22221.666986956516,5719.190432432998,22.878726349913048,30.721459278829965,0.7447148308374364,0.4000343513685069,1.1080951532907641,14.037799999999999,7.256400000000001,14.1294,5533.195079752172,5626.52608109739,5564.305413533912,5617.637414302608,5689.635615340346,5700.302015494086,5719.190432432998,5583.782685380135,1599.8402623135967,2.425018212248789
24763,100000,0.35253,49517.11514482309,17456.268602004482,77.85043125450487,74.8106108021508,1.0406335467624155,0.44597406828149627,1.2353481691397448,4.9628,7.0447999999999995,11.102599999999999,16192.096652357151,16776.398611066063,16994.273917703285,17256.714627970847,17578.575876412197,17532.029788176063,17456.268602004482,17169.687459035253,3249.6303214244217,1.6691110053865366
24766,100000,0.09685,404205.246456908,39147.27811935154,420.54831644831347,378.0347314228648,1.1124594686457354,1.0742721758742795,2.975733927171754,7.5624,10.959,2.782,37186.882674035536,40743.88884285633,40420.524645690806,39773.796251359745,37946.78853737452,38722.862610571785,39147.27811935154,37785.19205352179,7342.642577915333,3.6048144572095655
24774,100000,0.12136,338238.69201587164,41048.647663046184,406.7998997174285,349.2742392390856,1.1647005533636432,0.9910190051976983,2.745122644397624,7.4124,20.375800000000005,8.197399999999998,42618.07519399983,40723.938518710944,39438.63148905063,38998.92118943,40006.872491637296,40615.70213726587,41048.647663046184,39124.139339529305,8373.215132002248,4.918979320709147
24785,100000,0.03127,5382539.780113899,168312.01892416162,3229.5737060150873,2962.4604665991,1.090166009783966,1.9188015963793263,5.315080421970734,6.592800000000001,6.994,7.236000000000001,183006.35252387257,183006.35252387257,185159.36843591812,183544.60650188394,170518.86023400832,174178.98728448577,168312.01892416162,157745.89610180186,24515.656493482726,6.698191891813702
24793,100000,0.03204,586968.0568089843,18806.456540159856,365.7459459182931,326.8808107436612,1.118896961513932,1.9447892543567074,5.38706623456808,10.8112,6.602200000000001,5.4374,23478.72227235937,20426.48837695265,19487.339486058278,18489.493789483004,19064.72248515581,18501.233150619184,18806.456540159856,16955.3966414306,5826.679748767282,10.917231474291668
24812,100000,0.07373,304912.3553203281,22481.18795776779,171.58677712955387,251.97992298215925,0.6809541613428567,0.7632460413208125,2.1141915344586506,4.9628,7.0447999999999995,11.102599999999999,22868.426649024605,23051.374062216804,21709.75969880736,21679.268463275326,21978.08257148925,22228.110702851918,22481.18795776779,21317.83109787099,4810.836268802757,5.457200850104239
24821,100000,0.07676,524708.2481710266,40276.605129608,340.427433318922,441.7155419392262,0.7706938085637022,0.8452237526560255,2.341269794857191,14.284,8.621400000000001,5.8751999999999995,39877.82686099802,42186.54315295054,41661.83490477951,38985.82283910728,39961.78018070539,40035.23933544933,40276.605129608,37939.21223769739,7047.019681867261,6.160889364982937
24834,100000,0.15345,794864.7149695583,121971.99051207872,974.9656492786924,905.9473770764752,1.076183533336055,0.7993356877964066,2.214159855196047,22.4544,6.7936,6.9312,119229.70724543373,115414.35661357986,119388.68018842765,120819.43667537285,120851.23126397165,120422.00431788807,121971.99051207872,118325.79718720222,17305.53841533933,3.081486380444906
24840,100000,0.15529,483205.071411412,75036.91553947817,413.56947181385254,553.4227989346558,0.7472938820192766,0.5511546801204359,1.5266984639336074,14.222599999999998,15.749999999999998,8.7082,77312.81142582592,76732.96534013221,75766.5551973094,75814.87570445055,75882.52441444814,75631.2577773142,75036.91553947817,73601.74144021921,12183.205344609938,1.9499186719985953
24846,100000,0.1514,159333.25902575222,24123.055416498886,113.21509778095034,180.60130770684128,0.6268786157668652,0.46932320896430574,1.300025288831127,13.389600000000002,13.931,11.6682,24537.321889965842,22752.78938887742,22242.922959995012,24075.255438791162,24205.908711192278,23938.228836029015,24123.055416498886,23145.26965058911,4780.176563984336,4.22455983737
24850,100000,0.20451,29085.694435510286,5948.315369006208,37.66556876410254,37.09830555427145,1.0152908118404824,0.6332140518365852,1.7540029235873411,5.8428,9.1216,8.1074,6166.1672203281805,5700.796109360016,5886.944553747282,6009.1044703764255,5984.672487050597,6005.614187044163,5948.315369006208,5809.142508490029,1684.8218374827577,2.395755661231903
24851,100000,0.36467,69000.15607140234,25162.286914558288,100.20766600423774,105.02671286141327,0.9541159889147969,0.39824546292038354,1.1031399322894622,8.0222,8.3656,10.258000000000001,25530.057746418865,25695.658120990232,25295.457215776096,24867.6562481334,25298.217222018953,25185.056966061853,25162.286914558288,24740.91222536333,4201.685349641139,1.7031493639227422
24874,100000,0.07414,732748.6375326851,54325.98398667327,680.8562880291091,607.0912469533474,1.1215056903652414,1.2532792561955808,3.471583539661759,5.1822,20.2974,9.6532,51292.40462728796,55395.79699747099,57447.49318256251,55542.346724977535,54633.738414437,54076.84944991216,54325.98398667327,50182.89167145276,11275.810182814383,8.255985610285926
24875,100000,0.08191,614455.3682575353,50330.03921397471,430.0651115058025,532.8456618229972,0.8071100926944645,0.8544899193847438,2.3669370766957405,13.189,5.815200000000001,7.842,47927.51872408775,55055.20099587516,52966.05274379954,50938.35002854968,49942.93233197247,50250.16001610124,50330.03921397471,48005.98931381828,8781.685979600485,4.84116655728927
24876,100000,0.01517,1776469.8120393883,26949.04704863752,813.2403800340868,686.6434111553394,1.1843707619151789,3.01769624197232,8.359018590263325,13.9816,9.5008,5.0072,30199.986804669603,34108.220391156254,32687.044541524745,28956.457936242026,25794.34167081192,26647.047180590824,26949.04704863752,24930.975788911037,6725.2441566175,8.094634068130192
24883,100000,0.17926,187827.41773816038,33669.94290374263,272.5360801118604,227.82610420801183,1.196246062580375,0.8094343399720058,2.242133121722456,4.289,10.686800000000002,13.001199999999999,31555.006180010947,34259.72099544045,34147.024544797554,34278.50373721427,34327.33886582619,33715.021483999786,33669.94290374263,33130.651738230365,6254.76290742885,1.6277710736669975
24887,100000,0.0453,1016030.464349558,46026.18003503498,426.2486964080974,668.1735689520762,0.6379310948749448,0.9261005281855637,2.565298463074011,7.447799999999999,5.171600000000001,5.615399999999999,45721.370895730106,47956.63791729914,45314.958709990286,45721.370895730106,45762.01211430409,46310.66856505285,46026.18003503498,43499.627807932644,9986.631658412574,5.808215735219673
24905,100000,0.34804,34459.787320304,11993.384378958604,53.70570106961259,51.90840067735872,1.0346244609504567,0.44779437873962225,1.2403904291087535,4.8618,4.0694,8.1782,12164.304924067312,12033.357732250157,11854.166838184576,12064.37154083843,12084.358217484207,12056.790387627965,11993.384378958604,11857.86127907027,2540.035948999697,1.1428966547916999
24915,100000,0.1814,177193.38726158932,32142.880449252305,165.16941556603214,215.92454931230967,0.7649404205870721,0.5138600313895461,1.4233922869490425,5.469,13.2784,15.418000000000001,30300.069221731777,31115.158803135084,31469.545577658264,31150.597480587403,31788.493674729125,32192.49459768555,32142.880449252305,31278.773550102487,6072.173494014358,2.7625984048437426
24918,100000,0.03933,859745.0937258125,33813.774536236204,414.5144466243887,528.4681202257376,0.7843698243279593,1.225874520989008,3.3956724231395516,14.014399999999998,9.723600000000001,7.162400000000001,31810.56846785506,36109.29393648413,31982.517486600223,32154.46650534539,32842.26258032604,33736.39747780088,33813.774536236204,32198.727997508944,7069.784513919083,5.015870623374338
24926,100000,0.03129,1380952.19961541,43209.99432596618,899.7880627371426,760.2883209688437,1.1834826840303596,2.082360983316383,5.76813992378638,7.1522,10.424600000000002,5.828200000000001,38666.66158923148,34799.995430308336,39219.04246907765,40738.0898886546,42091.4230442777,42864.75627606233,43209.99432596618,42650.63981718137,8907.639765608184,1.311479760168757
24930,100000,0.07479,594053.2385390768,44429.24171033755,410.08801145651967,494.15966453066414,0.8298694549382276,0.9230137532621959,2.5567480965362828,7.916399999999999,25.3424,11.0472,45148.046128969836,46573.77390146362,47405.44843541832,45979.72066292454,44245.08520639044,44886.66270401264,44429.24171033755,40952.96285639653,7966.079908151173,8.488467284115073
24932,100000,0.2392,75209.88802265108,17990.205215018137,134.1934006283436,101.45904770140324,1.3226361144575145,0.7459247908763129,2.066211670727387,9.1412,5.503200000000001,9.9724,18426.422565549514,17839.785438972835,17899.953349390955,17990.205215018137,18011.26398366448,17996.22200605995,17990.205215018137,17768.423813649384,3592.3236615497426,1.2481771241767912
24933,100000,0.03016,615357.151376802,18559.171685524347,386.71333450834015,332.8073942487531,1.1619733851805458,2.0836777689274038,5.771787419928908,7.0614,12.9636,7.9396,14768.571633043248,15507.00021469541,16983.857377999735,18953.0002624055,19051.457406625792,18780.700260019996,18559.171685524347,17403.908267226976,5356.874410102907,6.637953961598551
24961,100000,0.01965,3876555.675780889,76174.31902909448,2485.735846774129,1701.444862172836,1.4609558628892103,3.2632203063406613,9.039120248563632,10.248800000000001,6.623,10.835199999999999,93037.33621874134,79081.73578593014,75205.18011014925,69390.34659647792,72258.99779655578,76135.55347233667,76174.31902909448,70791.70616659551,13998.472793360828,7.6034512430481005
24966,100000,0.35128,26756.967750619122,9399.187631437484,33.71519504863638,40.39171105628276,0.8347057890579787,0.35870328767423576,0.993608106857633,13.8586,6.1256,6.066,8642.500583449977,9097.369035210502,9306.07338366533,9447.885312743612,9463.40435403897,9455.912403068798,9399.187631437484,9301.142074721254,2164.3806976274027,1.0541238476799437
24990,100000,0.23675,74229.04452770861,17573.726291935014,61.183327162785154,99.78201519602415,0.6131698888080086,0.34815227087532136,0.9643817903246401,7.3996,5.988999999999999,5.735799999999999,18483.032087399442,17725.89583321682,17458.671272917065,17696.204215405734,17636.820979783566,17653.151369579664,17573.726291935014,17292.196703938567,3532.9532198007646,1.6280730136057509
25002,100000,0.07725,4657385.720187245,359783.0468844647,2956.410890741591,3932.1807996323037,0.751850192396556,0.8217204552417302,2.276165661019593,8.394,6.6015999999999995,11.1444,316702.2289727327,340920.63471770636,373522.334759017,363276.0861746051,358432.40502561035,359084.4390264366,359783.0468844647,327304.5866048131,56872.200481150336,9.923007989761535
25014,100000,0.31338,36736.35675236047,11512.439479054725,40.129974363736366,53.88773710535779,0.7446958532564998,0.34857924279860275,0.9655645025521297,4.8988,8.050199999999998,9.850799999999998,12416.888582297841,11770.328703456296,11829.106874260073,11619.709640771618,11554.318925752417,11562.400924237936,11512.439479054725,11353.719584429162,2521.8613586930696,1.3979550353105104
25018,100000,0.29312,30547.439027213564,8954.06532765684,40.03618416538727,43.971408750498085,0.9105049236097936,0.4471285689833604,1.2385461360839083,11.4012,12.4404,18.647799999999997,8736.567561783078,8687.691659339538,8681.582171534095,8834.319366670163,8823.322288620366,8918.019349604727,8954.06532765684,8859.99124264503,2216.0130459308625,1.0617853046965826
25036,100000,0.04018,477722.174126448,19194.87695640068,354.41705517499605,296.67111504711795,1.1946463177539437,1.8464148323535512,5.114569085619337,19.7892,10.7346,3.5348,15287.109572046336,19682.15357400966,18822.25366058205,19108.88696505792,19930.56910455541,19911.460217590353,19194.87695640068,18199.00822265468,4338.429580609389,5.472104422186654
25038,100000,0.24729,22039.171093791596,5450.066619783724,26.846910927620222,30.068542456510112,0.8928570770083211,0.49259784880731594,1.3644960411962652,6.3448,12.058,6.867999999999999,5289.401062509983,5439.267425947765,5408.412586416458,5340.091156025704,5454.254062291544,5456.457979400923,5450.066619783724,5297.641144558415,1574.7468149220595,2.877232924353045
25040,100000,0.1925,250848.88648597215,48288.41064854964,484.62839189668006,312.75107415328046,1.5495658750612695,1.0036122236945815,2.7800058596339907,12.715399999999999,8.079,9.0676,48664.6839782786,49066.042196656155,47761.6279869291,48087.731539360866,47189.692525741084,48388.75020314402,48288.41064854964,46190.7909312775,7739.873538225216,4.541207619486248
25042,100000,0.0411,1474077.923524838,60584.60265687083,742.5868205910422,925.3968402957004,0.802452297496236,1.2257022213990312,3.3951951532753157,2.9982,6.584,9.643,39800.10393517062,59552.74811040345,57194.22343276371,58668.30135628855,60319.26863063637,60732.01044922332,60584.60265687083,56997.332361779765,10475.98773812674,6.293751209831276
25077,100000,0.12897,494650.2898775754,63795.0478855109,509.2763125132318,524.2750308245392,0.9713915074541725,0.7983006979275242,2.2112929332592417,4.5684000000000005,19.726200000000002,8.404399999999999,50454.32956751269,53026.511074876085,58368.7342055539,62227.006466598985,63216.30704635414,63513.09722028067,63795.0478855109,61221.32077015392,8977.100312405382,4.203971889171823
25092,100000,0.11549,643981.3433581449,74373.40534443215,808.4153503221653,650.8738899456641,1.2420460596286216,1.0869683142492899,3.0109022304705326,5.284000000000001,6.7274,2.2742,75345.81717290296,78050.53881500715,80240.07538242485,76247.39105360435,74444.24329220154,74238.16926232693,74373.40534443215,71628.875177672,12773.507870599542,3.831597466737359
25101,100000,0.22748,82128.25907675902,18682.53637478114,127.38443342470732,108.87272487652632,1.1700307268801744,0.6818369351425904,1.8886883103449754,9.685,8.5896,11.059000000000001,18807.371328577814,18166.770907779093,18281.750470486557,18446.006988640074,18777.805155310183,18855.005718842334,18682.53637478114,18090.340656157507,3871.4553210976364,3.273546528943132
25115,100000,0.12986,424362.79982328543,55107.75318505185,564.1950902929152,451.0966190570994,1.250718951235367,1.0238034717154008,2.8359356166516605,5.2648,8.903400000000001,8.621999999999998,55167.16397702711,53639.457897663284,54233.565817415874,54403.310937345195,54590.03056926744,55082.29141706245,55107.75318505185,52627.39533052992,10021.426957171596,4.713054558265467
25125,100000,0.10642,368231.9357465092,39187.24260214351,284.58609004268857,359.08709552413774,0.7925266421153215,0.7262212678039305,2.011632911816888,5.4486,12.1624,14.4556,33509.106152932334,37559.65744614393,37633.303833293234,39474.46351202579,39327.17073772718,39754.31978319313,39187.24260214351,38082.92879279437,6203.342733648713,2.899760717873364
25131,100000,0.06028,482066.64863165986,29058.977579516457,270.3014372335055,362.8214403319242,0.7449985232025497,0.9301822009871392,2.5766046967343756,7.0102,8.644400000000001,14.183799999999998,28923.99891789959,27188.558982825616,29888.13221516291,29261.445571941753,29001.129581680656,28943.28158384486,29058.977579516457,28152.45756427429,5796.979350811847,3.2200386526558495
25132,100000,0.06576,351192.53016807564,23094.420783852653,248.0655921662625,275.2677931852137,0.9011791364903767,1.074136452643606,2.9753579738227875,3.6472,11.4494,10.591,20720.35927991646,21773.93687042069,22335.84491868961,22757.2759548913,22490.369631963564,23143.587738076185,23094.420783852653,21763.094619331205,5428.69684229522,6.117356873221923
25133,100000,0.13268,159194.0697256249,21121.86917119591,146.5930667263577,170.7730352336039,0.8584087442483532,0.6940345361397656,1.9224756651071508,11.057,5.7632,8.8908,19103.288367074987,20567.87380855074,21841.426366355736,21936.94280819111,21083.662594461763,21131.42081537945,21121.86917119591,20832.556429549226,4127.967029632055,1.3887529484202874
25134,100000,0.16983,142417.9056529053,24186.832917032905,164.58770160944408,169.10455942593947,0.9732895562850061,0.6804847173419624,1.8849426670372358,3.8389999999999995,18.6922,13.101800000000003,24638.297677952614,24723.74842134436,24524.36335343029,24410.429028907965,23743.91323045237,24162.621873071912,24186.832917032905,23684.8085646784,4512.15218875763,2.119604855507193
25139,100000,0.24892,48871.42284926127,12165.074575638115,53.34626667136751,66.82330911799946,0.7983182421745441,0.438519849094877,1.2146999819928093,19.0636,11.91,11.0152,12511.084249410886,12374.244265432952,12149.43572032635,12305.824273443988,12237.404281455021,12141.61629267047,12165.074575638115,11859.109843218946,2604.569068279823,2.57999745734811
25155,100000,0.07794,333668.7328611829,26006.141039200593,173.03654279729108,282.8624534187681,0.6117338681960608,0.6653680087963181,1.843069384365801,8.3272,12.937600000000002,10.9446,30030.18595750646,27494.30358776147,25825.959923455554,25425.55744402214,25999.467664543372,26126.26178303062,26006.141039200593,25173.19451500197,4986.246241307943,3.30886301975789
25162,100000,0.3588,15450.559980827831,5543.660921121026,27.609035798163905,23.43512090149894,1.1781051147211277,0.4980289413621075,1.3795401675730379,13.24,8.542399999999999,16.79,5484.94879319388,5605.4631610443375,5518.940025151702,5603.918105046255,5581.3602874742455,5545.823999518341,5543.660921121026,5465.422538005179,1510.0418810335827,1.431515725852789
25164,100000,0.05957,208795.17246602173,12437.928423800913,109.78249939800284,156.27787261451797,0.7024826839612623,0.8826429583557158,2.444920994645333,7.485799999999999,13.0312,8.984399999999999,12736.505520427325,12861.782623906938,12903.541658400143,12840.903106660337,12753.209134224608,12632.107934194315,12437.928423800913,11958.335722033911,3106.056406886929,4.010530502863581
25174,100000,0.37166,39979.81359220417,14858.897519678601,56.493487035591656,61.095754150522154,0.9246712446892488,0.3801997218217143,1.0531532294461488,10.0684,8.211,10.1192,14112.874198048072,14472.692520377908,14464.696557659468,14776.53910367866,14893.280159367898,14823.715283717462,14858.897519678601,14607.677502049448,2924.316427649639,1.7197806947333518
25179,100000,0.33527,48397.41811383407,16226.20237102515,62.050489796427776,72.25072021542262,0.8588217475399297,0.38240919457056854,1.059273468960475,6.453,9.2392,12.683,16551.916994931253,16300.250420739314,16426.08370783528,15995.34668662216,16184.096617266112,16127.955612254065,16226.20237102515,15870.049209022007,3082.7967107679424,2.2441843582984813
25189,100000,0.37446,17213.34242214142,6445.708203395076,34.06831211387243,26.344834069496596,1.2931685970768165,0.5285425749792397,1.464062932692494,12.399000000000001,1.8804,8.3354,6162.376587126629,6658.120848884301,6455.003408303033,6530.742114960455,6552.08665956391,6441.921268062206,6445.708203395076,6324.674330856276,1694.247372217072,1.9136775461830575
25202,100000,0.32323,33661.05952725775,10880.264270995523,34.79413247329964,49.785647800503135,0.6988787735116708,0.31979124409738297,0.8858217461497507,12.704199999999998,8.5354,12.031400000000001,10872.522227304253,10731.145777289768,10508.982784409869,10778.271260627931,10802.507223487555,10826.743186347181,10880.264270995523,10739.6229405196,2375.239075401562,1.3095555705712525
25216,100000,0.15038,259815.25433239137,39071.01794650502,380.329461577067,293.6784299437143,1.2950541231440116,0.9734311557938005,2.696404301548827,13.24,8.542399999999999,16.79,43908.77798217414,40219.40137065418,41050.81018451784,40765.01340475221,38941.11031933882,38774.82855656609,39071.01794650502,38086.028095415844,6878.849276827196,2.586223610982761
25218,100000,0.09606,177209.78886495807,17022.77231836787,179.36650027529896,165.13107251608437,1.0862068388602515,1.0536855978609274,2.9187091060747687,4.0706,9.730599999999999,10.512400000000001,16480.5103644411,16161.532744484177,17083.023646581958,17224.791477673924,16742.780851961237,16792.399592843427,17022.77231836787,16603.901669355993,4272.388423411308,2.5227242208073433
25226,100000,0.32429,36381.76018644729,11798.241010862992,45.877096653204276,53.85557391103686,0.8518541967260046,0.38884691888361894,1.0771059653076243,10.888800000000002,3.3762,8.615,11460.254458730897,11540.29433114108,11372.938234283421,11704.012251980092,11825.527331002826,11837.169494262489,11798.241010862992,11573.581944022344,2496.046898438043,1.9411368747139033
25232,100000,0.36584,75629.39264300668,27668.257004517563,119.59757520864072,115.19553060228698,1.038213675333914,0.43225554536779565,1.1973478606687942,2.4273999999999996,6.3666,5.5152,27755.98709998345,27105.574323253593,27816.490614097856,27544.224800583033,27498.847164997227,27486.746462174346,27668.257004517563,27331.009012499806,4421.160416738374,1.2339390465369116
25237,100000,0.02232,1023809.2870640625,22851.423287269874,489.29087280884147,478.26051308763624,1.0230634966077243,2.141183359381456,5.931077905486633,13.1472,7.0360000000000005,8.578000000000001,16380.948593025001,17609.519737501876,18838.09088197875,19452.37645421719,22073.32822910119,22564.75668689194,22851.423287269874,21022.572478797807,5615.448354768177,8.699462495926909
25254,100000,0.26237,86308.33662553236,22644.718280440924,130.4690390398534,120.06850969917575,1.0866216243271074,0.5761566005108764,1.5959537834151276,9.016,11.338,2.0904,23130.634215642676,22854.447538440967,22871.709205766078,22457.42918996352,22474.690857288628,22759.508368152885,22644.718280440924,22169.587261317447,4019.048085683344,2.143165831294064
25255,100000,0.11003,273914.14109813137,30138.772945027395,305.9470957626843,271.0551691142757,1.1287262912654445,1.0151279095559946,2.811904309470105,5.284000000000001,6.7274,2.2742,30678.383802990713,29144.464612841177,27994.025220229025,29062.29037051174,29549.857541666413,29927.859056381832,30138.772945027395,29684.205052508147,5383.422768010038,1.5313460195924615
25259,100000,0.31498,41549.77348264588,13087.3476515638,39.83773753274739,61.032586530329915,0.6527289731191415,0.30439886364589086,0.8431848522991177,16.6842,12.794,7.5842,12921.97955310287,13146.348329909159,13196.208058088332,13084.02366968519,13179.588148695273,13139.700366151936,13087.3476515638,12835.801898794378,2735.2748487563294,1.9597198114521261
25268,100000,0.12929,102036.11938208035,13192.249874909166,100.13008189002221,108.26128238629106,0.9248928119357056,0.7590068626615644,2.102449009572533,19.9278,10.280999999999999,7.2328,13162.659400288365,13795.283340457261,13570.803877816687,13529.989430063853,13448.36053455819,13307.55068981092,13192.249874909166,12755.16901135255,3124.5126997904854,3.4266959784507747
25269,100000,0.29299,49927.16705308997,14628.16067488483,88.76323922833883,71.85816146856035,1.2352561965723943,0.6067969938335236,1.6808276729188605,5.0236,5.212999999999999,8.611999999999998,14628.65994655536,14019.548508507663,14548.776479270417,14608.689079734128,14764.461840939766,14543.783762565108,14628.16067488483,14387.47305583802,2915.9780516027477,1.6728970967500514
25273,100000,0.11758,593385.077106067,69770.21736613136,843.2565895510933,604.4230520106897,1.3951429991723405,1.2086196967481948,3.3478765599925002,7.485799999999999,13.0312,8.984399999999999,59338.507710606704,64085.58832745523,60050.56980313398,63670.21877348099,69188.6999905674,68761.46273505104,69770.21736613136,66566.84869917913,10553.981381186324,4.812258247988433
25276,100000,0.05464,273096.4198528283,14921.98838075854,185.0529141162823,196.2772494874321,0.9428138747589873,1.2401357606932768,3.4351760571203767,4.2052,12.9466,4.8896,17751.26729043384,16167.308055287436,16495.02375911083,15211.470585802537,15107.693946258463,15096.77008946435,14921.98838075854,14140.55459920853,4439.640541693769,5.526189061875604
25279,100000,0.04173,1604057.406522718,66937.31557419302,1016.1984654305569,1014.3504946676651,1.001821826649276,1.5181344765823586,4.205232500133133,7.115600000000001,13.223799999999999,16.2072,56142.00922829514,74428.2636626541,71540.96033091322,69134.87422112914,65958.84055621416,65413.461037996436,66937.31557419302,65493.44365699865,14443.348709779262,2.2046052804250147
25284,100000,0.13517,67042.35399066618,9062.114988918347,83.10157518559173,72.48610852562078,1.1464482902433482,0.9170218573391852,2.540150544829543,10.9028,8.1218,12.986799999999999,8715.506018786604,9144.577084326866,9238.4363799138,9278.661792308198,9219.664520796412,9133.850307688359,9062.114988918347,8708.473286208635,2361.8774263043624,4.060892088510678
25295,100000,0.33809,53317.599394575984,18026.147179312193,103.5925267253312,79.76019758024728,1.2987997756789162,0.5746792461797923,1.5918615119180246,10.2002,13.9768,5.718999999999999,18554.52458931244,19045.046503742542,18255.946032702817,18010.685075487767,17987.225331754154,17882.722836940782,18026.147179312193,17755.56579252236,3320.954335521461,1.52392432858313
25296,100000,0.14798,189797.2966104233,28086.20395241044,192.5151360826428,213.11618262722547,0.9033341987895063,0.6854437730668143,1.8986792513950752,6.862,5.9878,8.0426,26761.418822069685,26723.459362747602,27254.89179325679,27824.28368308806,28196.286384444487,27976.121520376397,28086.20395241044,27015.763955025865,5785.221519967069,3.9622792054541804
25300,100000,0.18078,251524.05466745867,45470.51860278317,390.8805739068455,306.09412187753753,1.2769947083898245,0.8596351788319395,2.381189445364473,5.5892,12.772,18.297,42507.56523880052,43765.1855121378,43563.96626840384,45450.39667840978,45133.47636952878,45510.76245152997,45470.51860278317,44308.07865019426,7128.262437255027,2.623539516949513
25319,100000,0.31328,54531.46752408493,17083.61814594533,93.89974580969906,79.98404585684655,1.1739809458721115,0.5496478849358118,1.5225246412721989,15.893399999999998,2.8512,11.720799999999999,14287.244491310254,15726.875233946093,16195.845854653224,16621.19130134109,17046.53674802895,16976.73646959812,17083.61814594533,16713.49171694567,3195.4592572466754,2.2145368261043252
25326,100000,0.28775,57788.8120529122,16628.730668225486,115.89582716341283,82.730883449181,1.4008774272863171,0.6969613584810109,1.9305829629924,6.8236,13.032399999999999,9.2384,17163.27717971492,16874.333119450363,16920.564169092693,16770.313257755122,16705.58978825586,16796.89611129946,16628.730668225486,16305.947477217966,3340.1526346297715,1.9795426880805316
25343,100000,0.03206,351941.1600129859,11283.233590016329,178.23965761764362,196.05414961486943,0.9091348383483809,1.5796859667547276,4.375730127910596,8.7532,7.899799999999999,12.206999999999999,10558.234800389577,10699.011264394772,10558.234800389577,11473.28181642334,11374.738291619706,11184.690065212693,11283.233590016329,10615.088410284348,3450.8459712536014,6.294296890496486
25344,100000,0.31546,20123.865871728707,6348.2747278955385,15.82906898152794,29.5721553357576,0.5352693708594176,0.24934442285511008,0.6906840513086548,9.9372,6.1164000000000005,19.042800000000003,6520.132542440101,6318.893883722814,6339.017749594543,6355.116842291926,6334.188021785328,6324.528566166899,6348.2747278955385,6258.936990444029,1663.2557964232378,1.4273627868104082
25366,100000,0.19849,116860.40136213359,23195.621066369895,109.43706045146249,147.39785449609923,0.7424603351628748,0.4718005184613466,1.30688743613793,18.9538,6.4796,2.312,22320.336660167515,21923.01129553626,22904.638666978186,23114.987389430025,22970.08049174098,23016.82465228583,23195.621066369895,22691.205620742636,4297.917385032827,2.222955686260052
25369,100000,0.26277,142117.07928118898,37344.10492271803,237.12740881651862,197.80427061891223,1.1987982265224495,0.6349794949088841,1.7588932008976086,8.954199999999998,20.118000000000002,16.8358,39650.66511945173,39281.160713320634,38371.61140592103,38286.34115835231,37808.82777196752,37581.440445117616,37344.10492271803,36352.89214475171,5484.536284845532,2.7266407691015453
25372,100000,0.04129,2317725.23322713,95698.8748799482,1228.5887167470792,1458.2366832836633,0.84251667156016,1.2838068559200015,3.5561449908984044,14.259999999999998,14.500400000000003,6.851999999999999,111250.81119490224,100125.73007541202,98271.54988883031,99662.18502876659,97159.04177688129,95119.44357164142,95698.8748799482,90129.87320897168,17701.310712539565,6.178863314346891
25377,100000,0.03778,2212809.783837081,83599.95363336492,911.0520050979804,1334.1733136318362,0.6828588128613884,1.0897757301319575,3.018678772465522,11.3622,10.620199999999999,6.468399999999999,92938.0109211574,85857.01961287874,80988.83808843716,80324.99515328603,84086.77178580908,84131.02798148581,83599.95363336492,79144.67139239048,13342.320425286056,5.629288949707867
25382,100000,0.32934,18874.185328491265,6216.024196085314,20.942314616983417,28.05056788676159,0.7465914665801507,0.3369085118776135,0.9332365779009894,9.035799999999998,12.915599999999998,14.2836,6417.2230116870305,6213.381810139324,6288.878551453289,6253.017599329156,6246.6003763174685,6191.110271451705,6216.024196085314,6097.580760298714,1629.780918938254,1.9424660442020443
25383,100000,0.16234,116327.78244413299,18884.65220198055,104.984704769227,135.6532205329214,0.7739197370824562,0.5559260697330534,1.539915213160558,3.0982,9.666799999999999,5.7254000000000005,20008.378580390872,19775.723015502608,19170.818546793118,19461.638002903448,18770.6509751853,18842.774200300664,18884.65220198055,18375.373992278634,4073.955549624406,2.771525683863169
25395,100000,0.13113,125358.68880101551,16438.284862477165,94.86578536821465,133.80824441258366,0.7089681639922423,0.5771026975250924,1.5985744721445059,3.8616,5.8396,5.4318,18678.44463135131,16948.494725897293,16421.988232933032,16484.66757733354,16366.830409860586,16519.768010197826,16438.284862477165,15902.609669168416,3411.3723621668714,3.368473504995238
25411,100000,0.27033,74616.83898134639,20171.17008182737,109.46092191471931,104.79660526901894,1.044508279955508,0.542660249607111,1.5031688914116974,16.2652,23.3644,3.593,21937.350660515836,21250.875741887452,21012.101857147143,20765.8662885087,20412.18247173712,20380.843399364952,20171.17008182737,19647.688652953326,3737.7742135012077,2.66434102311245
25418,100000,0.3188,58362.749273081834,18606.044468258486,82.52822022854178,86.00668680457171,0.9595558589074142,0.4435559657472235,1.2286500251198091,9.5466,4.889200000000001,5.9144,19084.61901229776,18722.76996680465,18991.23861346083,18670.24349245888,18638.72760785141,18600.20819333118,18606.044468258486,18344.766508466033,3438.7050852614284,1.4242642972417996
25435,100000,0.0383,1010903.0955088306,38717.588557988216,672.7549762876533,613.5199952744972,1.0965493895380762,1.7375952411913587,4.8131388181000645,10.3154,4.717199999999999,11.5806,41447.02691586206,40436.12382035323,39627.401343946156,38313.22731978468,39182.60398192228,37706.685462479385,38717.588557988216,37112.412975441875,7239.386164946819,4.325171698236171
25450,100000,0.00962,8424387.379781308,81042.60659349618,2563.8695657419867,2600.3199959377353,0.9859823290007799,3.1636069883612827,8.763191357760752,10.058,5.6006,8.929,75819.48641803177,84243.87379781308,85928.75127376935,83401.43505983496,80200.16785551806,85423.28803098245,81042.60659349618,73937.34802368227,14844.84312452468,9.609836922387435
25455,100000,0.28274,100468.00856457358,28406.324741547534,156.56542250925534,143.0736730534168,1.0942993156455931,0.5511639535693271,1.5267241513870362,4.2052,12.9466,4.8896,27729.17036382231,27206.736719286524,28432.44642377432,27970.293584377283,28532.914432338894,28360.10945760783,28406.324741547534,27903.93617109029,4775.678808999806,1.800421873734583
25458,100000,0.16688,200247.91960941663,33417.37282441945,171.5807770814523,236.11519604667552,0.7266824836108136,0.5134478344032813,1.4222505012970892,22.610199999999995,9.8008,6.7928,33841.89841399141,34122.245501444595,33281.20423908504,33681.700078303875,33457.42240834133,33593.59099367573,33417.37282441945,32498.12990990056,5745.740268029779,2.828602498258964
25463,100000,0.06554,517884.1669733163,33942.12830343115,376.3291613339433,405.2903005002375,0.9285422347128753,1.1087376665649482,3.071203336384906,12.4778,18.619,2.2468,38323.428356025404,35008.96968739618,34076.77818684421,36821.56427180279,35443.992387653765,34304.647220312465,33942.12830343115,32629.201975555974,6380.470632199628,4.023777010724161
25465,100000,0.01065,7729927.104916849,82323.72366736444,3535.262252751952,2509.1416609581543,1.408952833456983,4.294342013775349,11.895327378157718,15.719199999999999,6.3764,4.275399999999999,108218.9794688359,68023.35852326828,80391.24189113523,88121.16899605209,89048.76024864211,81473.4316858236,82323.72366736444,76370.29343039978,14580.019740870335,7.795479065941173
25469,100000,0.01324,5635991.709675645,74620.53023610555,3203.879391211665,2037.1363877992414,1.5727368134996984,4.293562885541451,11.893169192949822,14.222599999999998,15.749999999999998,8.7082,101447.8507741616,108211.04082577239,95811.85906448598,86794.27232900495,86117.95332384386,77663.9657593304,74620.53023610555,65094.95139432187,17230.17520214623,14.633360403145769
25477,100000,0.3128,42890.509145841475,13416.151260819215,74.78489121755264,62.88341941251114,1.1892624783485233,0.5574243295538555,1.5440653928641799,5.2848,10.943600000000002,3.1466000000000003,13553.400890085906,13433.30746447755,13656.338112035926,13446.174617221302,13225.717400211679,13308.924987954611,13416.151260819215,13243.495421024729,2767.5875308997597,1.303702944770807
25480,100000,0.04542,830604.4396041662,37726.05364682123,593.531952241111,546.9202183502803,1.0852258379319555,1.5732680597805426,4.357952525592103,10.63,19.4526,3.8413999999999997,34054.782023770815,38540.04599763331,37044.95800634581,37294.13933822706,38174.580044207476,37842.33826836581,37726.05364682123,36176.054309575,7823.644027542945,4.284600315949814
25496,100000,0.16787,224457.56389474412,37679.69125101069,414.6907067467641,265.2872513660706,1.5631761594699898,1.100568218524457,3.048573965312746,19.9278,10.280999999999999,7.2328,38831.15855379073,38337.351913222294,36496.799889285394,35800.98144121169,37313.82542186226,37690.914129205434,37679.69125101069,36150.805144762526,6886.486944588682,4.229189640800211
25505,100000,0.10145,253035.66538819234,25670.468253632112,162.4713176224623,241.58996409254124,0.6725085548678981,0.6329113906968731,1.7531645522303383,12.093399999999999,13.292,5.2238,27580.887527312963,25910.852135750898,24999.923740353403,25961.459268828534,25961.459268828534,25662.877183670465,25670.468253632112,24021.96233574527,5527.808239589623,6.862494807236567
25510,100000,0.07789,239666.4602681712,18667.620590287857,151.89173776825854,203.11382252324876,0.7478158595083934,0.8136641573232036,2.253849715785274,13.8586,6.1256,6.066,17974.98452011284,18406.38414859555,17687.384767791038,18574.15067078327,18751.503851381716,18550.18402475645,18667.620590287857,18042.406214499493,4020.649577766929,3.4652494149362436
25513,100000,0.08116,385727.29215414944,31305.627031230768,313.8513067695648,333.09747012137245,0.9422206258582666,1.0025395960172399,2.7770346809677546,13.482999999999999,16.8124,14.615999999999998,30086.728788023658,27155.201367652124,28312.38324411457,29160.983286853698,30811.89609727346,31074.19065593828,31305.627031230768,30185.164897043007,6500.927508671849,3.7119629394422273
25519,100000,0.11735,87685.84169703754,10289.933523147354,73.55222579686098,89.24117603847156,0.8241960613019361,0.714797871447898,1.9799901039106773,3.3706000000000005,3.0214000000000003,4.6904,11399.15942061488,10487.22666696569,10364.466488589836,10609.986845341542,10399.540825268652,10401.294542102592,10289.933523147354,9897.766669340206,2779.9655846148994,3.962175174546626
25523,100000,0.37039,22600.903808072417,8371.148761471943,37.997385608748935,34.513677916791,1.1009370169228792,0.4539088563762145,1.257327532162114,9.936200000000001,2.1756,9.360199999999999,8430.137120411011,8380.415132033253,8335.213324417107,8280.971155277733,8340.637541331043,8360.52633668215,8371.148761471943,8279.230411073297,1995.9557617540872,1.1102281955543494
25540,100000,0.33409,29352.718602979694,9806.449758069486,40.68279268407753,43.781217820582704,0.9292293524313863,0.41485750386474646,1.1491552857053475,5.459600000000001,16.9826,6.3877999999999995,9246.106359938603,9709.879313865682,9938.830518968925,9830.225460137899,9923.567105295375,9849.011200043808,9806.449758069486,9650.401014481926,2208.730893622694,1.6170182291221356
25550,100000,0.09554,109724.52036743751,10483.08067590498,113.27813144639723,101.99784403012126,1.1105933907087757,1.080580555931076,2.993208139929081,3.4104,5.937399999999999,8.700599999999998,11411.3501182135,11323.57050191955,11499.12973450745,11213.845981552113,10792.503823341154,10555.498859347488,10483.08067590498,10193.095046193259,2809.8715392988333,2.844922257641649
25558,100000,0.12735,294086.9428791172,37451.972175655574,386.84203372216956,310.023963301004,1.247781073447482,1.0329016370828759,2.8611375347195662,8.4342,4.9266000000000005,21.509999999999998,34114.0853739776,36584.41569416218,37172.589579920415,38290.11996286106,37090.24523591426,37572.54782223602,37451.972175655574,36481.093148174274,6561.233646205187,2.6613210945678265
25563,100000,0.04608,1461038.0869142849,67324.63504501025,904.0089124005482,968.6653163214855,0.9332520708324,1.34276095488103,3.719447845020453,5.2303999999999995,17.6552,13.0334,54058.409215828535,67207.75199805711,70129.82817188567,69691.51674581139,70305.15274231539,69077.8807493074,67324.63504501025,60802.610527163204,12099.813748589791,10.72655345107817
25564,100000,0.17115,105087.26216650847,17985.684919797925,104.24611678820321,125.1631544975108,0.832881826977894,0.5796060436567153,1.6055087409291013,6.298800000000001,5.5184,12.1318,18705.532665638508,16940.066661241166,17864.834568306444,17623.13386532347,17839.61362538648,17906.869473173043,17985.684919797925,17683.16708754988,3647.0252296931944,1.7107672553806192
25565,100000,0.19732,85987.23726366679,16967.00165686673,86.25243333546501,108.21582379199027,0.7970408606901821,0.5083540102122741,1.4081406082879993,5.4486,12.1624,14.4556,15907.638893778356,16475.154659718555,16561.141896982223,16913.689569763257,16932.606761961266,16951.52395415927,16967.00165686673,16601.425766574892,3352.1505549033577,2.2020752640889723
25585,100000,0.12722,304048.4953352768,38681.049576553916,230.39128583198806,320.3855696718665,0.7191063132710719,0.5956179792278365,1.6498618024611071,16.4406,12.949800000000002,13.9606,36181.77094489794,38431.729810378994,38614.15890758016,38279.70556271136,38529.02532888628,38614.15890758016,38681.049576553916,37336.97356701624,6659.033509382567,3.5998525888157205
25597,100000,0.05793,721959.9290968215,41823.13869257887,402.84098940628775,533.3428101606141,0.7553134339337465,0.9632012373996411,2.668067427597006,9.6584,20.165599999999998,2.8440000000000003,41151.71595851883,43895.163689086745,42884.419788351195,42090.26386634469,41873.675887615645,41714.844703214345,41823.13869257887,40244.3604604062,9347.148469480559,3.922980050151193
25604,100000,0.3348,27938.50868506238,9353.812707758885,52.7603200511879,41.693856310293114,1.265421928318076,0.564051491082602,1.5624226302988076,8.2148,5.958600000000001,9.945599999999999,9331.461900810837,9610.846987661458,9348.225006021872,9376.163514706936,9426.452830340048,9418.63004790823,9353.812707758885,9325.138571221292,2168.523306062768,0.30749287336153197
25613,100000,0.21661,135130.98490938987,29270.72264122294,151.73029463848994,176.02858789351893,0.8619639369616074,0.5183688031835711,1.4358815848184923,11.8716,17.757199999999997,12.4606,30944.99554425028,30377.445407630843,30107.183437812062,29431.52851326511,29258.560852581093,29401.799696585047,29270.72264122294,28271.85653864669,4909.970043990574,3.5330757327904223
25618,100000,0.07573,417973.3109267114,31653.118836479858,438.5976648695253,349.6889896631552,1.254250713732832,1.3856380697754387,3.8382174532779656,9.449599999999998,5.994,7.297199999999999,28840.15845394309,28087.806494275006,29007.347778313775,29634.30774470384,30294.705575968044,31030.338603199056,31653.118836479858,30612.319055485452,6960.834615154827,3.399937714970027
25623,100000,0.06213,519232.1851806561,32259.89566527416,353.69245455002044,396.3543269808708,0.8923643075734371,1.096384372162583,3.036984710890355,12.9326,8.251599999999998,4.8478,36346.25296264593,32607.7812293452,33438.552725634254,31569.31685898389,32109.318331571772,31756.240445648928,32259.89566527416,30849.98038647263,6350.475826999569,4.570230713727659
25629,100000,0.04138,663770.4435757067,27466.820955162744,480.87612179988616,418.0578629285655,1.1502621154671466,1.750752744865799,4.849585103278263,11.5172,8.59,7.8302000000000005,33852.29262236104,30002.42404962194,26418.063654313126,27679.22749710697,28064.214354380878,27705.778314849995,27466.820955162744,25515.799226953746,5990.6406954796985,7.646328107755395
25632,100000,0.32782,51376.04394084669,16842.094724688362,72.99015374157165,76.2642802310568,0.9570686764555362,0.4333793090153886,1.2004606859726266,8.316,8.115199999999998,8.7524,16337.581973189248,16666.388654410668,16686.939071987006,16573.91177531714,16816.40670271794,16879.08547632577,16842.094724688362,16621.337665888765,3180.7527349315246,1.328154588018796
25638,100000,0.10303,425872.7718624051,43877.6716849836,310.4979549731992,409.4026818531765,0.758417002955913,0.707644555988284,1.9601754200875467,4.2052,12.9466,4.8896,40883.78609879089,44120.41916494517,43183.49906684788,44929.57743148374,43813.790769204235,44180.04135300591,43877.6716849836,42397.851277778864,7614.3021825845535,3.4903193501702905
25640,100000,0.04502,362551.43727503665,16322.065706122148,270.2190769507639,237.7220762179483,1.1367016528284974,1.6555445972099538,4.585858534271572,16.2646,12.5404,11.093399999999999,17039.917551926723,15807.242665191598,15299.670653006548,15988.518383829116,16532.345539741673,16662.864057160685,16322.065706122148,15962.476372406085,3792.4526908816765,2.2527164665858233
25646,100000,0.03189,2250556.5906804777,71770.24967680043,771.2330495545083,1250.488063462568,0.6167456308371185,1.0745859921451655,2.976603198242108,7.982200000000001,7.9706,7.325200000000001,63015.58453905338,67516.69772041433,75168.59012872796,69767.2543110948,71027.56600187586,70757.49921099422,71770.24967680043,65135.91625256973,13688.324550632906,10.185369003646993
25649,100000,0.25207,48801.02103934044,12301.273373386546,68.34098579555601,67.00696785398712,1.0199086450901018,0.5555602556025605,1.5389019080190924,4.0264,10.0546,6.6418,12834.668533346538,12473.540977655417,12512.58179448689,12561.38281552623,12440.356283348665,12356.418527160999,12301.273373386546,12023.902126590716,2632.6981120301834,2.30683220701229
25656,100000,0.27522,52594.057160406,14474.936411686942,52.05247178595431,74.28134684475805,0.7007475496471507,0.3596041482014911,0.9961034905181304,5.0208,12.0524,14.1822,14147.801376149215,14452.846907679568,14621.14789059287,14484.403341975813,14467.573243684483,14445.483739677113,14474.936411686942,14393.088559876103,2933.513760760393,0.568660794869334
25674,100000,0.19053,131354.2720927314,25026.929461828116,211.24999733841125,163.1271560435983,1.2950020245675795,0.8440907529651872,2.338131385713569,10.939400000000001,6.6418,10.745,27715.751411566325,27216.605177613947,26481.02125389465,25417.05164994353,25156.97019119992,25332.98491580418,25026.929461828116,24477.662078486293,4586.564192540831,2.2439536160791294
25687,100000,0.32613,41401.37411864287,13502.230141312997,63.16344664442044,61.37594502144422,1.0291238142622763,0.46780010400769423,1.295806288101313,4.2052,12.9466,4.8896,13000.03147325386,13231.87916831826,13438.886038911474,13368.503702909782,13582.962820844352,13580.478738397233,13502.230141312997,13370.278817207893,2748.8016018118656,0.98690031755568
25689,100000,0.06354,834063.6750938031,52996.40591546025,755.2972486985718,643.3798104126016,1.1739523629350401,1.4251857944922157,3.9477646507434376,3.2432,1.7772,4.5098,53380.0752060034,54380.951616115955,51378.32238577827,51294.91601826889,53380.0752060034,53797.1070435503,52996.40591546025,51567.529927089934,8937.954662279442,2.7708831320611433
25692,100000,0.09003,440123.84021148214,39624.349334239734,242.31694316476793,398.36580845631084,0.6082774626260202,0.6115354503887837,1.6939531975769304,2.0956,7.383,5.4912,43132.13634072525,39963.24469120258,38818.922706652724,40139.29422728717,39769.59020150953,39505.51589738264,39624.349334239734,38196.90887327065,8032.755548109195,3.737057534433039
25693,100000,0.0567,543823.3936417431,30834.786419486834,333.7616855998628,397.7171625581211,0.839193570257577,1.0824193203716617,2.9983015174295025,9.4534,5.008800000000001,2.1966,29366.463256654126,31976.815546134494,30454.110043937613,30399.727704573437,31063.192244816364,30997.93343757936,30834.786419486834,28804.190505166607,6950.94400676658,7.049654507582844
25716,100000,0.04229,1333002.0243694505,56372.655610584065,737.2330089543615,848.3335885570068,0.8690366842698938,1.3077847778665666,3.6225638346903897,12.6588,6.052200000000001,5.6096,66650.10121847253,63984.09716973363,57052.48664301248,58118.888262508044,56252.68542839081,55959.42498302954,56372.655610584065,52274.9915792931,10961.871251045306,7.838669902175769
25722,100000,0.07833,1386724.689804697,108622.14495240191,981.8798585045939,1178.2624490790656,0.833328652094476,0.9039407746319614,2.5039159457305336,5.3848,13.388800000000002,6.595599999999999,115098.14925378986,109828.595432532,106500.45617700071,108025.85333578588,107887.18086680541,108774.68466828042,108622.14495240191,103377.4772850668,19941.16532102522,5.07331752048154
25725,100000,0.3424,34443.02507902901,11793.291787059532,54.96274198601927,51.68316104992732,1.063455502130061,0.46605089552968093,1.2909609806172164,7.1102,15.411999999999999,12.399,11779.514577027921,11366.198276079573,11738.182946933086,11745.071551948893,11866.311000227073,11793.980647561113,11793.291787059532,11626.945342404922,2507.7031622506365,1.4306977435244599
25727,100000,0.35642,19840.52117854123,7071.558558455665,28.158011129378302,30.049370525631073,0.9370582690030227,0.398186777308221,1.1029773731437722,4.433999999999999,5.4808,7.523199999999999,6805.298764239642,6904.501370132347,6971.959142139387,7017.592340850033,7021.163634662169,7029.4966535571575,7071.558558455665,6953.203224900225,1776.8172144033126,1.702169916903847
25730,100000,0.17939,146693.3528586877,26315.320569319985,247.54500276521625,177.98276627804907,1.390836921696651,0.9406877720266855,2.605705128513919,4.366,16.3364,15.0854,25524.643397411655,27108.931608285486,27490.334325718075,27108.931608285486,26968.105989541145,26211.16828879032,26315.320569319985,25750.893252253853,4715.028691782216,2.1918747110519403
25740,100000,0.02392,6920371.636100702,165535.2895355288,3407.185079242908,3343.895617978796,1.0189268650982495,2.0582832148981893,5.701444505267984,2.931,7.8464,17.841399999999997,131487.06108591333,155016.32464865572,160552.62195753626,163320.77061197656,161383.06655386838,167196.17872819296,165535.2895355288,154590.51115116695,26189.723679325863,7.079851345895
25763,100000,0.06065,133616.6271172887,8103.8484346635605,52.1028705364594,100.85318711163598,0.5166209619016394,0.6429398446495316,1.7809433696792027,19.0636,11.91,11.0152,7215.29786433359,7215.29786433359,7990.274301613865,8163.97591686634,8054.410282630163,8097.167603307696,8103.8484346635605,7815.249140168416,2543.452522369387,3.6927715203833635
25766,100000,0.02578,877386.8788337434,22619.033736333906,518.3765234681191,439.704704602893,1.1789196659523495,2.2917712998297937,6.348206500528529,8.9178,14.471599999999999,4.2774,22812.058849677327,28076.380122679788,25093.26473464506,24479.09391946144,22320.72219753043,22355.81767268378,22619.033736333906,21260.558890511216,6057.798521929389,6.3896478583589325
25767,100000,0.07554,1120094.7998289713,84611.96117908049,1070.4835589120107,936.0247525864293,1.1436487720586919,1.2651681204343455,3.5045156936031368,19.7892,10.7346,3.5348,79526.73078785696,81542.9014275491,84455.14790710443,81318.88246758332,86023.28062686499,84320.73653112496,84611.96117908049,79252.40349234604,17147.32076089041,6.762643718751141
25787,100000,0.07244,543410.9587854068,39364.68985441487,401.7976039995735,445.43939036353174,0.9020253095974711,1.0207056259951979,2.8273545840066983,8.871799999999999,10.219199999999999,6.8796,35321.71232105144,34995.6657457802,36734.580813893495,37712.72053970723,38799.54245727805,39549.4495804019,39364.68985441487,37702.992131292915,7822.314867458462,4.407336471692847
25788,100000,0.30373,59074.95573204123,17942.83630449288,138.18728094089266,85.90849118366306,1.6085404252469433,0.7701529378958365,2.133323637971467,9.426599999999999,7.2772,12.0394,18372.311232664822,17131.737162291956,17167.182135731182,17379.85197636653,17781.56167534441,17806.37315675187,17942.83630449288,17564.13617256512,3482.9244318332494,2.156098815262464
25797,100000,0.18517,129261.28959522722,23935.312994348224,133.88998936378098,158.77689430069591,0.8432586488952011,0.5593826552232513,1.549489954968406,8.746199999999998,10.4246,7.5958000000000006,22491.464389569534,23008.509547950445,22749.98696875999,23202.401482343284,23913.338575117035,24019.332832585125,23935.312994348224,23236.069579263796,4149.413070259774,3.0093016062770026
25808,100000,0.16525,139377.97450300754,23032.210286621998,126.45559133310715,163.6978957528023,0.7724936887647341,0.5490380200573172,1.5208353155587684,6.964799999999999,13.456,7.5872,19931.050353930077,21464.20807346316,22356.22711028241,22788.298831241733,22963.915079115523,23022.453828406786,23032.210286621998,22579.5133679662,4529.187944009739,2.0049011299687445
25811,100000,0.07312,705320.5522970142,51573.03878395768,700.4290418891218,580.6526144720676,1.2062789771918199,1.3581302525594,3.7620207995895383,12.757,7.797000000000001,8.4784,41613.91258552383,50218.82332354741,51065.20798630383,50359.887434006814,51657.67725023332,51601.251606049555,51573.03878395768,48813.02784584896,8494.23406642247,5.6542506374011525
25818,100000,0.09035,636838.1036166453,57538.32266176391,505.67511963955417,577.338182649226,0.8758733353113208,0.8788492542824711,2.434412434362445,19.1762,8.0026,7.0582,51583.886392948276,57315.42932549808,56041.75311826479,58716.4731534547,58690.999629310034,57901.3203808254,57538.32266176391,54007.1060170515,10803.622813506274,6.53842967182413
25823,100000,0.31163,91578.38798126564,28538.573046601814,126.92447415650548,134.12927955361437,0.946284618682165,0.4447470935188149,1.2319494490471172,9.746,14.0984,3.8602000000000003,28664.035438136143,28682.351115732396,28480.878662173614,28096.2494326523,28711.656199886405,28698.835225569026,28538.573046601814,28101.977939302753,4567.571904175929,1.5536098855463465
25827,100000,0.22389,38110.597314841776,8532.581632819925,52.2158453793564,50.237121070347904,1.039387693141047,0.6119583453911783,1.695124616733564,5.2872,8.9368,20.4468,9680.091717969812,9100.810638784216,8765.43738241361,8776.87056160806,8666.34982939502,8617.568264832022,8532.581632819925,8299.55556559944,2082.332216797872,2.8076933201863015
25828,100000,0.20691,260884.2144691957,53979.552815821284,266.0066788770505,334.19486997196645,0.7959627833286733,0.49279155717474665,1.3650326133740482,9.354199999999999,12.882000000000001,8.2394,57916.29561216145,54785.68503853109,55203.09978168181,53898.67870933583,53376.91028039744,54175.21597667318,53979.552815821284,52429.17409230862,7460.234699713331,2.957091639061518
25846,100000,0.12168,820265.9341941527,99809.9588727445,800.4121940537739,847.989865897304,0.9438935843965711,0.8019362026531659,2.22136328134927,8.102400000000001,7.9298,17.2016,90229.2527613568,97119.48660858769,98103.80572962067,99006.09825723423,98431.91210329832,99055.31421328589,99809.9588727445,95316.96170560534,15524.954907655218,4.713743584291077
25852,100000,0.09424,146058.1602629487,13764.521023180285,133.3713535311871,134.94289824028607,0.9883540021031667,0.9689501967164835,2.6839920449046595,11.553799999999999,8.743,3.4617999999999993,12414.94362235064,14488.969498084509,14810.297450662998,14123.824097427138,14085.84897575877,13767.442186385542,13764.521023180285,13157.133090904419,3301.3862089577506,4.616415506929512
25853,100000,0.37669,15348.407760660586,5781.591719363237,25.850868360578797,23.518380982762423,1.0991772086490965,0.447123726741222,1.2385327230731848,8.217,10.2786,10.9698,6124.014696503574,6010.436479074686,5850.813038363815,5728.02577627853,5805.38175139226,5828.097394878037,5781.591719363237,5685.959223255384,1552.7585466821888,1.681906119142024
25854,100000,0.34506,58528.01922663142,20195.678314341436,83.82298557091718,87.98565940539845,0.9526891784114325,0.4150540737787078,1.1496997843670205,13.4566,6.1836,14.269599999999999,22006.535229213412,21397.843829256446,20754.035617763504,20578.45156008361,20257.718014721664,20097.3512420407,20195.678314341436,19823.46238036289,3569.490650279152,1.8776534938077396
25861,100000,0.07836,481888.28759908106,37760.76621626399,424.02518482720495,409.51917543804154,1.035422051662531,1.1229252669257874,3.1105029893844307,2.3708,12.330800000000002,10.906600000000001,39032.95129552557,38743.818322966115,38936.57363800575,38358.307692886854,37818.59281077588,38078.81248607939,37760.76621626399,36227.00094316585,7701.478587246747,4.233762754759539
25862,100000,0.04246,1161041.8641918811,49297.83755358727,741.2504452353132,740.3146386934789,1.0012640659699583,1.5036165520030491,4.165017849048446,3.7252,8.7268,5.62,58052.09320959406,55730.0094812103,55730.0094812103,53988.44668492247,51225.1670481458,49715.812624696344,49297.83755358727,46946.457551321386,9580.248655516085,5.008642025216448
25868,100000,0.0708,544718.1762380939,38566.04687765705,504.36706771957466,441.81768579517666,1.1415728340793387,1.3078007951387312,3.6226082025342854,6.638,11.261800000000001,4.357,37585.55416042848,37040.83598419039,37367.666889933236,37912.38506617133,39263.28614324181,39219.70868914275,38566.04687765705,35951.62450978842,8370.414358420097,7.272056279840187
25906,100000,0.08941,446910.6339919063,39958.27978521634,274.80461840450505,403.2507412100241,0.6814733125595899,0.6877288508955697,1.905008916980728,7.2303999999999995,8.977,4.913799999999999,38881.22515729585,43082.18511681977,42545.892356029486,40400.72131286833,40043.19280567481,39998.501742275614,39958.27978521634,36823.60197091559,8735.686980595769,8.512686555694955
25911,100000,0.16794,48716.26646781624,8181.409790605059,66.54799709315827,57.58752237071052,1.1555975036530677,0.8134050096057673,2.2531318766079758,8.6592,6.392600000000001,4.8178,8233.049033060945,7989.467700721863,7999.210954015427,8140.488126772094,8081.054281681358,8166.794910664715,8181.409790605059,7980.116426278818,2091.4210661486895,2.5224364354306266
25917,100000,0.13112,254013.8915573536,33306.3014610002,275.48246027676953,271.12641941500294,1.0160664566410216,0.8271181373871367,2.2911172405623685,10.2002,13.9768,5.718999999999999,35815.958709586856,34139.467025308324,32056.553114538026,31726.335055513464,32686.50756560026,32960.8425684822,33306.3014610002,31854.7095681105,6221.851356129376,4.556914542843229
25925,100000,0.34799,52554.91677721897,18288.58548930443,40.1582081012458,79.16329510346648,0.507283180276402,0.21958072222004923,0.6082386005495364,3.542,7.1504,6.7922,18762.10528946717,18141.957271495987,17931.73760438711,18409.987347059803,18446.775788803858,18392.11867535555,18288.58548930443,18066.69025671779,3360.6187667471595,1.228200790701735
25931,100000,0.0455,1087827.537636902,49496.152962479035,631.3982767526555,716.8919656516447,0.8807439712045363,1.275651215219276,3.5335538661573946,10.984200000000001,9.762,8.0244,46776.58411838678,54391.3768818451,48952.239193660585,47211.71513344155,47907.92475752917,49757.2315715119,49496.152962479035,47442.04278347463,8871.91350983022,4.329725404910069
25934,100000,0.18477,82211.26475652667,15190.175389063432,122.52911100366532,100.89906353667813,1.2143731240788413,0.806633945068754,2.2343760278404488,6.1918,10.0512,12.3676,17346.576863627128,15981.869868668784,15455.717774227014,14765.14315027219,14952.58483391707,15090.699758708035,15190.175389063432,14938.107243111086,3271.4095861474707,1.6874168986073548
25944,100000,0.01667,792176.5823592385,13205.583627928507,269.04215986065685,320.7298967585857,0.838843408674077,2.0373363831618865,5.643421781358426,7.115600000000001,13.223799999999999,16.2072,17427.88481190325,15843.531647184771,15526.661014241075,14417.613798938142,13435.314836812686,13197.661862104915,13205.583627928507,11880.48539103714,4179.385104848611,11.153569852382002
25947,100000,0.0924,246422.76800506777,22769.46376366826,226.80416242210035,225.6649243136651,1.0050483614673398,0.996089169144145,2.759166998529282,6.592800000000001,6.994,7.236000000000001,18728.13036838515,18629.561261183124,20551.65885162265,21882.34179885002,22345.616602699545,22818.748317269277,22769.46376366826,21998.433119256577,4788.690041510537,3.504934375243084
25962,100000,0.1976,141034.35869963976,27868.389279048817,170.13989733691935,177.5880989524344,0.9580591173651226,0.6105121312656159,1.6911186036057562,6.1918,10.0512,12.3676,23975.840978938762,26119.563231173284,26909.355639891266,28347.906098627594,27986.858140356515,27707.610110131227,27868.389279048817,27466.09454717327,4971.6907182334435,1.464695794972241
25968,100000,0.06687,1218809.5614486185,81501.79537406912,818.2178028309389,962.7700910806672,0.8498579363973857,1.003926108714,2.78087532113778,4.6144,11.433399999999999,3.622,91410.7171086464,86291.7169505622,82147.76444163689,83610.33591537522,80733.94535035649,81782.12157320231,81501.79537406912,77788.04994019827,15693.871156527379,4.7741850280678
25969,100000,0.26317,44313.34048366176,11661.941815085267,86.52910216214961,61.70726954371678,1.4022513522632485,0.7419785103902694,2.055280473781046,4.592,8.3922,7.205400000000001,11610.095206719383,12141.855292523323,11805.073904847495,11929.151258201746,11743.035228170367,11759.874297554159,11661.941815085267,11338.009136856039,2516.6068533814773,2.857050777779253
25973,100000,0.35086,37787.855811880436,13258.24709015637,52.4185348647795,57.028029376568185,0.9191714221553894,0.3953654997401415,1.095162434280192,19.8492,7.259800000000001,9.6954,12772.295264415588,13059.482968585879,13195.519249508648,13248.422247645281,13206.099849135975,13298.302217316963,13258.24709015637,13021.349741828073,2778.2077777731192,1.8192994814302481
25975,100000,0.32919,35828.61936766449,11794.423209641473,55.039544182625306,53.24185205186448,1.0337646430670677,0.4666573617405272,1.2926408920212604,6.758399999999999,13.7372,7.256799999999999,12754.988494888557,12110.0733462706,11923.764525558741,11956.01028298964,11850.674142048707,11783.316337637498,11794.423209641473,11533.490967373296,2493.271309399293,2.2623873639500705
25976,100000,0.04545,1834752.989938473,83389.5233927036,1762.6471539326976,1208.4923035031911,1.4585505830886272,2.113751322971256,5.85509116463038,4.0264,10.0546,6.6418,69720.61361766198,81463.03275326821,77426.57617540356,84582.11283616361,83444.56598240175,83884.90669998698,83389.5233927036,76301.31047798174,14426.238389493083,9.289765628294564
25982,100000,0.07414,408268.78470916254,30269.04769833731,321.82815451312297,338.2557031232382,0.9514345258381937,1.063225238271375,2.9451339100117084,7.7788,6.5214,12.630799999999999,32253.23399202384,32824.81029061667,33233.07907532583,31477.52330107643,30228.220819866394,30326.205328196593,30269.04769833731,28637.201467869483,7072.690527225106,5.698343926164477
25984,100000,0.09648,157836.72001726602,15228.086747265825,165.1856772778335,147.36541786812066,1.1209256531655238,1.0847434744715536,3.0047394242862033,7.9168,8.1502,10.0564,12942.611041415814,14520.978241588475,14489.410897585021,14631.46394560056,15082.876964849942,15133.384715255468,15228.086747265825,14718.709061187139,3693.0952392406252,3.460749743480572
25990,100000,0.09042,157712.8980175308,14260.400238745135,169.66337576351742,143.02762088398103,1.1862280496236624,1.1897518507408122,3.2956126265520496,3.7268000000000003,10.096200000000001,3.6842,13090.170535455056,13500.224070300636,13405.596331490118,14083.7617929655,14067.990503163746,14219.394885260577,14260.400238745135,13760.876826364358,3323.234925328068,3.6300260418271004
25991,100000,0.02791,616107.0273085404,17195.547132181364,361.4086132855088,320.9144837083095,1.126183552419547,2.1017569868953734,5.821866853700183,11.065999999999999,3.9288,8.279199999999998,13554.354600787889,13800.797411711304,13184.690384402764,15341.064979982655,17448.151013377865,17571.37241883957,17195.547132181364,15601.728532820787,5730.44063714282,10.215653964288114
25996,100000,0.07713,631087.2413450795,48675.758924945985,490.19859169687595,532.4408034082553,0.9206630832179298,1.0070692322490993,2.789581773330005,12.817999999999998,9.561600000000002,8.682,44807.19413550064,44933.41158376966,47836.41289395703,47079.10820434293,47785.925914649415,48379.147921513795,48675.758924945985,45936.59945109799,10301.715816350817,5.962913029215371
26003,100000,0.23912,53478.10082383348,12787.683468995063,38.371960705885854,72.13433144869211,0.5319514291635067,0.3000696787570811,0.8311930101571147,14.931199999999999,4.6656,14.972800000000001,12193.006987834035,12342.745670140768,12952.396019532469,12824.04857755527,12877.526678379101,12820.83989150584,12787.683468995063,12578.096319640636,2855.626760805834,1.6662867259742478
26011,100000,0.12408,234997.36908120557,29158.473555595985,262.8471222813128,244.98873426948785,1.0728947315274535,0.9014433549827171,2.4969980933021265,9.5266,9.838,7.570600000000001,27964.686920663462,29891.66534712935,30361.66008529176,29703.66745186439,29365.27124038745,28998.675344620766,29158.473555595985,28515.706397616104,5007.712807945965,2.2540811334542834
26028,100000,0.08054,352096.99194696295,28357.891731408396,358.00182979792714,302.99436221052474,1.1815461752690384,1.2624416271447094,3.4969633071908452,12.6442,6.7198,6.1634,28519.856347704,29435.3085267661,28308.598152535822,28695.904843677483,28097.339957367643,28583.233806254455,28357.891731408396,27298.40503110945,6519.318562289926,3.8811304143650394
26030,100000,0.10906,355847.73132848047,38808.75357868408,424.4461152146849,350.768977566856,1.2100446229848993,1.0936865425325442,3.0295117228151467,14.284,8.621400000000001,5.8751999999999995,35584.77313284805,33876.70402247134,35798.28177164513,36723.485873099184,38175.344616919385,38267.865027064785,38808.75357868408,36712.57763332986,8342.92264546399,5.709694280499621
26032,100000,0.12757,68889.15686030472,8788.189740669073,83.64384387895602,72.67590402912586,1.1509157676997677,0.9517755800364404,2.63641835670094,8.487400000000001,7.93,13.456,9300.036176141139,9065.8130428161,9644.481960442661,9176.03569379259,9010.701717327858,8911.501331449019,8788.189740669073,8565.178239001885,2232.5181362876356,2.603699484637647
26048,100000,0.12931,212070.64685666916,27422.855345035892,175.8027431893418,225.02376933123898,0.7812629915133856,0.6410811017940398,1.77579465196949,18.113799999999998,2.8128,7.818599999999999,24600.195035373625,26551.24498645498,25702.962399028303,26890.558021425648,27908.49712633766,27637.046698361122,27422.855345035892,26465.54978059322,5135.844296452273,3.617176187077167
26058,100000,0.03801,2200400.2576727383,83637.21379414079,1263.7996107706495,1330.564403749065,0.9498222011724531,1.5110493922971704,4.185606816663162,4.269,4.6312,5.73,85815.6100492368,82735.04968849497,83175.1297400295,83395.16976579679,83263.1457503364,81150.76150297059,83637.21379414079,75483.11399937647,17969.420309788857,10.802548229305533
26063,100000,0.06459,892413.0086707685,57640.95623004493,695.1471547653231,693.6646115869003,1.0021372622354645,1.2059951816048857,3.3406066530455334,3.542,7.1504,6.7922,49975.12848556304,55686.57174105595,59256.223775739025,56578.98474972672,56471.895188686234,57649.88036013165,57640.95623004493,54362.67570961879,9088.21102616921,6.030388456111433
26066,100000,0.31813,41150.00756218142,13091.051905756776,72.79933992616093,60.607033001095076,1.2011698365905084,0.5561000021254785,1.5403970058875756,9.1412,5.503200000000001,9.9724,13168.002419898054,13036.322395699075,12822.34235637573,13065.1274009926,13049.490398118971,13023.154393279174,13091.051905756776,12855.894673087978,2690.416484243476,1.8291782769585627
26067,100000,0.32161,149331.3040667784,48026.4407009166,254.57909540876986,220.5745228523689,1.1541636455410598,0.5300811213434584,1.46832470612138,8.6808,4.637,11.3394,49129.99903797009,47188.692085101975,48562.54008251633,48368.40938722953,49046.3735076927,48547.60695210966,48026.4407009166,47294.23920506216,6409.813762371683,1.5481832632505366
26069,100000,0.02403,1892294.8558169727,45471.84538528185,849.5680388627263,916.3975686585524,0.9270736500385385,1.8683385986743157,5.175297918327854,4.9124,13.0638,10.285599999999999,62445.730241960104,52227.33802054844,49199.66625124129,48253.5188233328,44128.316037651806,44431.08321458252,45471.84538528185,43109.89536988657,9661.717584937807,5.478904541821648
26077,100000,0.19534,148278.44664340594,28964.71176732292,216.35107561501866,185.90018667469187,1.163802358055794,0.7469471036100528,2.069043476999846,18.910600000000002,9.8894,20.0994,30100.524668611408,29655.68932868119,29715.00070733855,29151.54261009361,28854.985716806797,29047.74769744322,28964.71176732292,28654.333700784326,5059.10893345966,1.0831801911000196
26082,100000,0.0413,1010657.9019193433,41740.17134926888,720.3375129157859,635.9464765004964,1.132701476513682,1.7257655865574288,4.780370674764078,13.970600000000001,6.0161999999999995,10.2482,45479.605586370446,45277.47400598658,44873.21084521884,44165.7503138753,41881.663455537586,42386.99240649726,41740.17134926888,38487.62721672507,8032.979778868256,8.450882446529185
26085,100000,0.31505,59071.718095139935,18610.544785873837,79.72736957736971,86.77583061896324,0.9187739144492474,0.4283989023141657,1.186664959410239,7.8664,11.041799999999999,10.9834,17780.58714663712,17674.25805406587,18099.574424350878,18158.646142446018,18257.886628845852,18433.920348769367,18610.544785873837,18290.485187901744,3424.67083190671,1.7498693702439154
26087,100000,0.31185,16408.838442170432,5117.0962681908495,31.03854673257439,24.037664557906652,1.2912463545617185,0.6065656205359621,1.680186768884615,7.7627999999999995,7.490799999999999,16.9198,5365.690170589732,5152.375270841516,5057.204007876927,4971.878047977641,4994.194068258993,5052.60953311312,5117.0962681908495,5012.1987070730065,1430.9744389257717,2.092845221196357
26099,100000,0.29397,74894.41832275406,22016.712154340014,77.15740763102481,107.89778663585929,0.7150972233695657,0.3504492727621697,0.9707444855512101,8.01,10.395,7.7186,22093.85340521245,21539.63470962407,22453.34661316167,22326.026102012984,22225.667581460497,22089.359740113083,22016.712154340014,21628.057714442108,3881.1224957463733,1.7969918752268834
26101,100000,0.28553,74579.1120661775,21294.573868255662,90.50468791105662,106.52096200708746,0.8496420442113057,0.42501290925560226,1.177285758638018,8.102400000000001,7.9298,17.2016,20956.73049059588,21269.962761273826,21225.21529403412,21583.19503195177,21544.41389367736,21308.743899548233,21294.573868255662,20922.747001345055,3886.242135350159,1.7771417246822505
26102,100000,0.12742,384726.92913643183,49021.90531056414,398.9881862498648,405.6710476515716,0.9835264028813644,0.813897753916724,2.2544967783493255,5.8972,14.1242,4.3148,46167.231496371816,44628.323779826096,49245.04692946328,49514.35577985878,50276.11509954891,49552.82847277242,49021.90531056414,47011.75679050608,9256.672405802765,4.275842166493999
26104,100000,0.05147,2613297.730874056,134506.43420808768,2478.288830061603,1825.9610578010183,1.3572517439370668,1.8425057839445627,5.103741021526439,4.269,4.6312,5.73,148957.9706598212,142163.39655954865,136414.14155162574,141379.40724028644,133278.18427457684,135264.29055004113,134506.43420808768,123387.69667161007,24368.03669968975,9.011220596871624
26110,100000,0.25288,124587.17547362448,31505.604933770155,204.98534615285385,171.24810037029636,1.197008000144855,0.6506313609396359,1.8022488698027916,6.3553999999999995,4.8228,11.6434,33264.775851457736,31346.133349163916,31096.95899821667,32155.949989742476,31839.498564039473,31901.792151776284,31505.604933770155,31000.569852728553,4982.558654642808,1.629115475750362
26114,100000,0.12837,114901.14481559304,14749.85995997768,127.47814688836131,121.54083373221364,1.0488503573147205,0.8642668285275992,2.3940191150214494,2.8649999999999998,8.424399999999999,12.072,14477.544246764723,14477.544246764723,14569.465162617196,14891.188368100857,15038.261833464816,14980.81126105702,14749.85995997768,14204.038450849775,3907.777405858731,3.842720582717451
26118,100000,0.33458,49445.943751620245,16543.6238604171,85.99046257283584,73.77828978874372,1.165525289608371,0.5197800874727324,1.4397908422994687,16.6414,25.280399999999997,5.792999999999999,17009.404650557364,16594.058723043756,16406.164136787596,16356.718193035977,16390.34143478708,16423.96467653818,16543.6238604171,16306.181732104924,3148.0723987868078,1.4561479334225877
26124,100000,0.12572,638426.3294503535,80262.95813849845,679.7100327890342,669.3268506943866,1.0155128724985045,0.846853951752133,2.345785446353408,15.893399999999998,2.8512,11.720799999999999,93210.24409975161,85293.75761456722,80186.3469789644,80186.3469789644,79854.36528765022,80377.87487779952,80262.95813849845,75066.1872934022,14520.632123240199,6.9229183370993095
26139,100000,0.12252,263868.1404270613,32329.12456512355,200.64006240933085,273.59557170185894,0.7333454308535784,0.6206170600294573,1.7191092562815966,8.4342,4.9266000000000005,21.509999999999998,32983.51755338266,33669.57471849302,33722.34834657843,32534.94171465666,32381.898193208963,32608.824793976233,32329.12456512355,30915.979105366572,6177.905187601702,4.570922547659755
26151,100000,0.2263,75354.82730795552,17052.797419790335,103.30912005374779,99.71021536660335,1.0360936406958143,0.605819195001133,1.6781191701531386,17.754199999999997,3.631,3.5831999999999997,18160.51338121728,16969.907109751584,16789.05552421249,16947.300661559195,16822.21164822799,17033.205164690266,17052.797419790335,16712.077856855623,3575.0675685159035,2.038762419928182
26157,100000,0.27904,68772.24682090667,19190.207752905797,77.31365533576084,97.54432994939422,0.792600199067142,0.4028807625808738,1.1159797123490205,8.0212,5.9938,6.091,18087.100913898455,19228.720211125506,18747.31448337916,19490.05474904495,19077.42126811951,19087.04938267444,19190.207752905797,18963.99805366746,3585.341449923716,1.192837599952141
26168,100000,0.21924,107262.87570088959,23516.312868663033,99.74358092239845,140.3356823205626,0.7107499623264637,0.4241463424962042,1.1748853687144856,11.780399999999998,12.097999999999999,6.299799999999999,23168.78115139215,22482.29874690646,22653.91934802788,23490.56977849482,23765.1627402891,23705.0955298966,23516.312868663033,22856.29290420725,4486.2332737957195,2.8876947246956695
26179,100000,0.12608,207034.75913133696,26102.942431278963,315.55429958627104,217.32125518016716,1.4520176561867597,1.2088840191753427,3.3486087331156993,7.5746,6.6518,13.557,27121.553446205144,26334.821361506063,27204.367349857675,26148.490078287858,26094.661040913714,26525.293339906893,26102.942431278963,25097.640764594278,5838.284338544554,4.005562419647362
26183,100000,0.06281,569787.2707027235,35788.33847283807,473.1827045401906,437.16054866350026,1.0824002897489682,1.3221700831384433,3.662411130293488,14.6256,13.8668,13.486799999999999,37036.17259567703,35326.81078356886,35326.81078356886,35269.832056498584,36215.67892586511,35794.03634554509,35788.33847283807,33882.471892858484,6433.942260582219,5.624933700251341
26192,100000,0.38304,41958.3185230389,16071.71432706482,58.752301046786464,64.50132615190891,0.9108696603914351,0.3655633733350237,1.0126105441380158,10.5302,9.3346,2.6803999999999997,14979.119712724887,15356.744579432238,15742.761109844194,15981.923525425518,15991.154355500586,15989.476022759662,16071.71432706482,15737.677595880246,3052.7495940158065,2.122528747647086
26200,100000,0.32535,18793.87578898751,6114.587487947086,32.47378951433551,27.84396121273258,1.166277645132108,0.5310871678317955,1.4711114548940734,10.7706,13.084999999999999,9.753,6295.948389310815,5938.864749320052,5871.206796479698,5989.608213950319,6032.082373233431,6041.103433612145,6114.587487947086,6063.863445134387,1627.7758870028592,0.8364971156037417
26208,100000,0.11335,246488.78605170426,27939.50389896068,287.5761191143909,247.1064248622774,1.1637743505644134,1.029281407981938,2.851109500109968,9.347999999999999,11.406,6.342,30071.631898307918,29677.24984062519,28641.996939208035,27163.06422289781,28070.14295556808,28218.036227199103,27939.50389896068,27098.943639648456,5763.520218271481,3.101819283030651
26217,100000,0.14985,405728.40064546297,60798.40083672263,613.0617444709202,457.94314482239446,1.3387289479105224,1.0083517593124371,2.7931343732954512,4.6622,14.947799999999999,11.208200000000001,56396.247689719356,60047.803295528516,60615.82305643217,59763.79341507669,60907.9475048969,60502.21910425144,60798.40083672263,59002.87241940579,10245.852929253713,3.043120349385395
26218,100000,0.24943,45034.806542374776,11233.031795864541,60.755461082791555,61.61951074815513,0.9859776610545476,0.5408643203979782,1.4981941675023995,8.3272,12.937600000000002,10.9446,10808.353570169946,11312.743403444543,11546.924397464893,11677.525336437779,11364.983779033697,11246.992585892676,11233.031795864541,11047.721259336591,2511.6049940884022,1.6773643376577876
26223,100000,0.11619,223000.76650116523,25910.45905977039,231.1153090817246,225.9800951862314,1.0227241867973427,0.8919768983968464,2.4707760085592643,10.058,5.6006,8.929,23415.080482622347,25600.48799433377,24886.885541530042,25199.086614631673,26144.609864596612,26184.75000256682,25910.45905977039,24958.197397410677,4932.443640632946,3.815426439645465
26225,100000,0.09015,740268.8563153439,66735.23739682825,670.2738323255237,670.4358727967351,0.9997583057861515,1.0043776848201937,2.782126186951937,7.168399999999999,6.3174,5.7627999999999995,77728.2299131111,68993.05740859006,66031.98198332867,68845.00363732698,65913.53896631821,66017.17660620237,66735.23739682825,62596.91925463383,11272.15743688074,6.611057207720446
26230,100000,0.08892,197243.23399088133,17538.868366469167,155.47082673280363,177.53341132210613,0.8757271410209458,0.8864359061502108,2.455427460036084,5.2648,8.903400000000001,8.621999999999998,15976.701953261389,16726.226242426736,16962.918123215793,17396.853237995732,17538.868366469167,17601.98620134625,17538.868366469167,17114.68559995948,3788.080901410789,2.4784724442188435
26237,100000,0.09357,355349.7347957112,33250.0746848347,262.04215382564786,327.2588845951552,0.8007182269468848,0.788094933047368,2.1830229645412094,14.540199999999999,6.107799999999999,11.5346,37667.07188834538,32692.17560120543,34184.64448734741,33438.410044276425,33047.52533600114,32933.813420866514,33250.0746848347,32204.561627172672,7487.294972382946,3.2464750483666602
26244,100000,0.17194,270326.750440989,46479.981470823644,371.1393656800333,322.5584237628437,1.150611295003438,0.798492929505586,2.2118254147304732,2.7658,10.6694,7.3486,43252.28007055824,44766.10987302777,44982.371273380566,45685.22082452714,46798.96703634401,46279.93967549731,46479.981470823644,45326.64169925533,8775.480610420369,2.544507442710597
26249,100000,0.01412,3642864.2407057798,51437.24307876561,844.4323797766011,1359.1655656195169,0.6212873553721199,1.6416750378388782,4.5474398548136925,6.2856,11.504800000000001,3.5406,72857.2848141156,61200.119243857094,45171.51658475167,47357.23512917513,48814.38082545745,51582.95764839384,51437.24307876561,46563.67574734142,9342.532714491143,10.466457497618093
26257,100000,0.33432,47340.55638809742,15826.89481166873,69.59330154376839,70.62318365102664,0.9854172234383082,0.43971544874651713,1.2180117930278525,7.396800000000001,10.1408,17.4582,14817.594149474493,15603.44738551691,15669.724164460247,15669.724164460247,15783.341499791679,15833.522489563064,15826.89481166873,15636.515562429917,3052.1810619315665,1.217529880482068
26267,100000,0.08831,277094.6961167541,24470.23261407055,266.81947583083235,248.6318440167197,1.0731508543728197,1.0903838963811456,3.020363392975774,8.437800000000001,13.4374,5.908399999999999,24107.238562157603,24273.49537982766,25215.617346624622,25104.77946817792,24328.91431905101,24528.422500255074,24470.23261407055,23375.582985815854,4790.543425683828,4.68287626845039
26268,100000,0.25894,39053.27857285362,10112.455953654717,47.60016352455518,54.09831734898813,0.8798825149678247,0.47070824083394036,1.3038618271100146,9.552800000000001,1.9713999999999996,12.2378,9138.467186047747,9669.591774638555,10169.473740371082,10130.420461798229,10105.426363511602,10131.201527369685,10112.455953654717,9940.723618189179,2301.6327959323207,1.7275637273659692
26271,100000,0.07827,495263.6634203478,38764.286935910626,462.602656089904,420.66462670525334,1.099694689598979,1.1933733151205115,3.3056440828838167,15.521199999999999,9.345600000000001,4.2278,47050.04802493304,42196.46412341363,39323.934875575615,39472.513974601716,38016.438804145895,39363.55596864924,38764.286935910626,38531.48784483625,6697.416220459263,0.6041788264492721
26274,100000,0.2034,138735.66148579828,28218.83354621137,215.31607797751636,176.5971679184716,1.2192498923704136,0.7630226019970427,2.1135726075318084,11.7784,2.8158000000000003,3.9624,28440.810604588645,29245.477441206276,27497.408106485218,28038.477186279833,28390.865766453757,28127.268009630745,28218.83354621137,27435.82292050339,4670.273856653463,2.853971714195669
26275,100000,0.31144,35355.488556687545,11011.11335609477,42.51880315739104,51.774383136550206,0.8212324431804736,0.386144450450657,1.06962012774832,9.0532,6.3982,4.0076,10748.068521233014,11073.339015954538,11016.770234263839,10893.026024315432,10995.556941129827,11003.335148612297,11011.11335609477,10820.202282904,2419.2906387266876,1.7643946776522872
26277,100000,0.27383,129678.45872535292,35509.852352763395,161.91122874153726,182.8637008418059,0.8854202774863751,0.45596142482675583,1.2630131467701136,13.2768,5.4628,11.660799999999998,37606.753030352345,35843.12599168754,35765.318916452336,34831.634013629795,35433.34206211543,35389.25138614881,35509.852352763395,34716.467533085495,5329.000285384569,2.2853270394569614
26283,100000,0.11962,69187.74789782695,8276.23840353806,54.251508795486984,71.00127985424677,0.7640919840720598,0.6555092561409864,1.8157606395105323,5.3718,7.4484,3.0358,8371.71749563706,8164.15425194358,8717.656235126196,8323.286072108582,8382.787535300713,8283.157178327841,8276.23840353806,7994.906666846641,2690.649920850123,3.518887066662681
26308,100000,0.15416,149586.2967258239,23060.22350325301,165.07593197843832,170.81333459368565,0.9664112721123622,0.7158470600042177,1.9828963562116833,9.685,8.5896,11.059000000000001,24532.152663035118,22856.78613970589,23604.71762333501,23888.931587114075,23610.701075204044,23090.140762598177,23060.22350325301,22133.701161818026,4350.873695538276,4.1860253495845186
26326,100000,0.01433,1256085.6141510576,17999.706850784656,429.87173836033384,472.0718524493137,0.910606586963346,2.3882152188583814,6.615356156237716,4.8376,4.6194,11.275400000000001,17585.198598114806,11053.553404529308,13816.941755661632,17208.37291386949,17032.520927888338,18037.389419209187,17999.706850784656,17139.866788479627,5366.086469787216,5.016608780664278
26338,100000,0.04529,816153.1820990155,36963.57761726441,396.3831567711883,536.6715515455124,0.7385954325875479,1.0723614496288676,2.970441215471963,14.7058,1.2440000000000002,4.3158,31829.974101861604,34278.43364815865,37216.58510371511,36400.43192161609,36531.01643075193,36857.47770359154,36963.57761726441,35306.30167482843,7747.919049171284,4.693994736972225
26349,100000,0.33876,29381.641498337995,9953.324873976979,36.404263539294604,43.97457755530495,0.8278479422232201,0.3657497770867878,1.0131268825304023,5.5564,13.962800000000001,12.9582,9842.84990194323,9872.231543441567,9930.994826438242,10030.89240753259,10030.89240753259,10033.830571682425,9953.324873976979,9753.250735897207,2228.6768983324882,2.0513585008472233
26354,100000,0.06634,538618.0159855491,35731.91918048132,323.48983317305215,423.89957971229916,0.7631284593219103,0.905324540613423,2.507748977499182,2.074,7.1411999999999995,12.861400000000003,39319.11516694508,36841.472293411556,34579.27662627225,34956.309237462134,36302.854277426006,35494.927253447684,35731.91918048132,34739.2416231748,6772.334787647791,2.857510731162024
26364,100000,0.05392,766234.2661300197,41315.35162973066,397.1298562534201,547.2684885467288,0.7256581816139245,0.9612162079909399,2.6625688961349034,11.1224,11.2686,10.2954,33714.307709720866,36472.75106778894,37851.97274682297,38388.33673311398,41315.35162973066,41315.35162973066,41315.35162973066,39252.985805529264,7986.400165931538,5.2540355386440165
26375,100000,0.14187,405196.8685324064,57485.279738692494,535.6863343343574,447.08274346245867,1.1981816390087057,0.9318669697171097,2.5812715061163938,5.853600000000001,4.558399999999999,11.9348,51460.00230361561,56403.40409971097,56889.64034194986,57254.317523629026,57845.90495168634,57448.81202052457,57485.279738692494,55900.535320185154,8978.298238643005,2.8349360331350955
26383,100000,0.03506,1495805.5276563268,52442.94179963082,773.4598748833689,870.024023150208,0.8890097908823289,1.474859815909133,4.085361690068299,11.1474,10.0534,12.5008,56840.61005094041,52652.35457350271,48763.26020159625,49959.90462372131,53430.17344788399,53340.42511622461,52442.94179963082,49797.57514321771,10803.142526081941,5.312239900848659
26384,100000,0.08958,236082.5778748237,21148.27732602671,259.5668030721124,213.20155240714206,1.2174714496282306,1.227366177729613,3.3998043123110273,5.943,3.3482000000000003,8.9716,19594.853963610367,21341.865039884062,21436.298071033994,20539.18427510966,20605.287396914613,20945.246309054357,21148.27732602671,20425.85849972528,5448.770261268056,3.5367856205953134
26385,100000,0.32199,109634.9318529299,35301.3517073249,137.15276905120908,161.989995258492,0.8466743198081494,0.38851987931881476,1.076200065713117,19.0636,11.91,11.0152,33438.65421514362,35258.59408390226,34622.71147915527,35006.43374064052,35083.17819293757,35116.06867249344,35301.3517073249,34433.859782084015,5234.9897020888075,2.519299116424481
26388,100000,0.27973,33807.232237639786,9456.897073834976,57.684138665210185,47.98735389219608,1.2020695868081828,0.6099689804683263,1.6896140758972638,5.4224,4.9685999999999995,9.694600000000001,10040.747974579015,9871.711813390817,9587.731062594645,9587.731062594645,9361.89875124721,9414.638033537927,9456.897073834976,9272.43988357479,2252.6126980310582,1.9893058631410838
26397,100000,0.14463,613373.0671513128,88712.14670209438,493.7600276803942,682.2301411088998,0.7237440827194098,0.5565867201235669,1.5417452147422805,2.8458,10.2736,12.0902,86485.6024683351,91269.91239211534,85872.22940118381,89000.4320436555,87540.60414383537,88337.98913113208,88712.14670209438,85509.15802570294,16066.124930727383,3.7457843701708105
26402,100000,0.22254,105464.497440691,23470.069260451375,123.4149937138528,138.72328241363562,0.8896487422050928,0.5258399212388148,1.456576581831517,4.1532,6.0127999999999995,8.594199999999999,25311.47938576584,26197.381164267645,25248.200687301425,24225.19506212672,23564.987308147996,23564.987308147996,23470.069260451375,23093.85448969301,4179.250463348206,1.6290687677376352
26412,100000,0.10057,420517.9034406007,42291.48554902122,381.36489187436536,399.94696006495406,0.9535386687585503,0.901753359863216,2.4978568068211087,8.9064,6.5744,16.2904,42051.79034406008,40369.71873029767,41631.272440619476,42892.82615094127,42808.72257025316,42413.43574101899,42291.48554902122,41069.247076745465,7846.396763449999,2.9760430474699913
26414,100000,0.08721,734671.1731979944,64070.67301459709,552.7637785685561,655.4832215295498,0.8432920331335085,0.8627407089084597,2.389791763676433,9.6584,20.165599999999998,2.8440000000000003,63181.72089502751,65238.8001799819,67002.01099565708,66046.93847049969,65003.70540455855,63857.61837436967,64070.67301459709,61676.97756703031,10092.68499200359,3.8810193722046678
26420,100000,0.3087,63023.90008154802,19455.477955173872,76.92473713370306,92.06760973444362,0.8355244298791062,0.39538857544872685,1.0952263539929734,11.4012,12.4404,18.647799999999997,17268.54862234416,18755.91266426869,18831.54134436655,19342.034935027088,19355.90019304503,19581.525755336967,19455.477955173872,19226.29240589418,3628.360148509309,1.1920423576280987
26423,100000,0.32503,33007.87196296298,10728.548624121857,34.17213797609514,48.89016299351945,0.6989573338224453,0.3185159444518262,0.8822891661315586,12.4282,6.8458,9.1582,11288.692211333338,11394.31740161482,10885.996173385189,10813.378855066672,10804.136650917042,10750.663898337041,10728.548624121857,10490.535315776586,2332.7485487273098,2.2688385404634768
26433,100000,0.22533,70177.61770250487,15813.122596905421,62.56837412930363,92.71852166766405,0.6748206615456057,0.3956737434107294,1.0960162692477207,3.6682,11.2318,10.3456,16351.384924683634,15832.070553685098,15677.679794739586,15860.141600766101,15969.618684382009,15886.809095493052,15813.122596905421,15367.506741323452,3206.4525527351907,2.899727737770901
26434,100000,0.05938,142432.22115073743,8457.625291930788,107.29893993355549,106.44749552768486,1.0079987265238117,1.2686650948692035,3.514202312787694,7.6232,3.9933999999999994,8.078600000000002,7548.907720989084,8261.068826742772,8574.419713274392,8631.392601734688,8414.895625585568,8488.96038058395,8457.625291930788,8059.347340298376,2839.7052076467344,4.941813956087249
26447,100000,0.15101,166438.67389104379,25133.904144286524,212.35629726417991,188.45531401224733,1.126825732546758,0.8448997658505556,2.340372351406039,2.5162,10.7846,5.7778,26130.871800893874,26630.187822567008,24266.758653314188,24899.225614100153,25205.472774059668,25311.99352534994,25133.904144286524,24403.31525694332,5424.990959001216,2.9938099788934833
26459,100000,0.0386,1511716.5394998284,58352.25842469338,1124.5111896617686,920.907639856001,1.221090086555916,1.9271082559949393,5.338089869105982,10.4788,19.005,13.9656,60468.66157999314,63492.09465899279,60166.31827209317,61073.34819579306,56840.54188519355,56961.47920835353,58352.25842469338,53282.83120840441,10889.141746318797,9.514185153677339
26463,100000,0.12035,87540.7407198735,10535.528145636776,96.80852012663559,90.07167059828602,1.0747943219394196,0.918876764300879,2.5452886371134342,10.888800000000002,3.3762,8.615,11117.674071423935,10855.051849264315,10872.559997408289,10863.805923336302,10897.071404809853,10639.701627093425,10535.528145636776,10154.010818842702,2712.663152639981,3.7573066800962582
26464,100000,0.06973,588563.9756401386,41040.56602138687,598.6177562711434,474.0323896181908,1.2628203670920037,1.45860014688685,4.040322406876574,13.319799999999999,3.3696,5.1502,38845.22239224915,42141.18065583392,40493.201524041535,39728.06835570936,39221.90333665884,39987.03650499102,41040.56602138687,39101.538922260865,7265.386873120977,4.958953413524341
26470,100000,0.29833,63568.57153085926,18964.411944801242,85.2127157733229,91.97236850498412,0.9265034396575869,0.44932959704391184,1.2446429838116355,6.298800000000001,5.5184,12.1318,18625.591458541763,18867.15203035903,18714.587458684968,19273.99088815653,19027.344830616792,19005.731516296302,18964.411944801242,18746.41774215325,3521.3286270927147,1.1628579158236123
26472,100000,0.15352,226143.33694465383,34717.525087743255,273.5784018797558,257.79508190778023,1.061224286573557,0.788012397739551,2.1827943417385565,13.9122,11.6314,9.167200000000001,34599.93055253204,33650.128537364486,35459.27523292172,35142.67456119921,34527.564684709745,34414.49301623742,34717.525087743255,33442.646537084176,7307.828473712475,3.812134154052015
26475,100000,0.02108,2797196.3604486594,58964.89927825775,1165.1627716075418,1270.6673140852772,0.9169691851610383,1.9760277484899813,5.473596863317248,7.3629999999999995,10.578399999999998,12.803999999999998,50349.534488075864,58181.68429733211,58741.12356942185,57062.80575315266,55943.92720897319,56727.14218989881,58964.89927825775,52830.80405929935,9744.996857238337,11.610830704134752
26485,100000,0.19476,89105.13556475207,17354.11620259111,137.79929880113724,111.58743332765147,1.2348997973322007,0.7940438867210229,2.1995015662172333,14.4876,4.4984,16.572400000000002,16573.555215043885,16716.123431947486,16662.660350608636,17723.011463829185,17699.84412858235,17496.684419494715,17354.11620259111,17036.710320829854,3615.790293623103,1.8630702511457387
26492,100000,0.16332,128704.68287363295,21020.04880692173,128.98752239396714,150.45053219705727,0.8573417488814311,0.6136404514507721,1.6997840505186386,13.431799999999999,11.118800000000002,7.536199999999999,20335.339894034005,20026.448655137287,20695.71300608018,20785.806284091723,21102.419803960856,21184.79080099998,21020.04880692173,20598.89880755175,4591.9434470350725,2.0445267647782335
26508,100000,0.34501,41479.45021041793,14310.825117096289,70.4674699256482,62.35426548220096,1.1301146662655046,0.4924067574654722,1.363966718179358,7.604399999999999,8.545000000000002,4.953,14185.971971962932,13937.095270700423,14260.634982341682,14244.043202257515,14235.747312215433,14208.370875076556,14310.825117096289,14045.512157740364,2880.5951874518973,1.888951832986115
26509,100000,0.05148,189308.17477647826,9745.584837493101,178.43236967279773,132.28539049684832,1.3488441089573595,1.8309046881038353,5.071605986047624,5.9484,5.3595999999999995,9.143799999999999,9276.100564047436,8935.345849449774,8746.037674673295,9370.754651435675,9897.031377314284,9976.540810720404,9745.584837493101,9225.970448192242,3095.679302800832,5.632083824880165
26515,100000,0.29404,44340.42184120336,13037.857638187437,82.58171281686823,63.88414324299448,1.2926793508485241,0.6333994058578246,1.7545163542261741,6.453,9.2392,12.683,12104.935162648519,12805.51382773953,12770.041490266567,12827.684038660133,12761.173405898327,12949.17679450503,13037.857638187437,12834.862759152946,2724.7080975137355,1.5815897905860308
26527,100000,0.14189,109114.8488594233,15482.305904663572,88.14321834629258,120.40131530249751,0.7320785335678489,0.5693158298838555,1.57700484877828,7.11,8.9104,7.273,17240.146119788882,14883.265384425338,15079.6721123723,15603.423386897532,15446.298004539962,15494.308538038107,15482.305904663572,14786.641743077615,3771.810983245162,4.7046798973920705
26528,100000,0.07636,221623.28355817002,16923.153932501864,141.91583314284995,186.1228573727114,0.762484711153253,0.83858974343011,2.3228935893014047,6.689,17.3956,7.986799999999999,14183.890147722881,16045.52572961151,16754.720236997655,16710.39558028602,16905.42406981721,16883.261741461392,16923.153932501864,15972.705549239055,5108.936139573696,5.950453292542465
26543,100000,0.19595,124587.18986658056,24412.859854356462,163.93462940798562,156.38228414985124,1.0482941229512766,0.6715093208497307,1.860080818753754,10.553400000000002,3.3946000000000005,6.871599999999999,23173.217315183985,24718.098469529585,25515.456484675702,24568.593841689686,24678.23056877228,24685.705800164273,24412.859854356462,24009.89293358362,4467.8492459309255,1.678337016693638
26553,100000,0.01901,474261.3525581365,9015.708312130175,143.75500588983664,204.80524949353907,0.7019107481147432,1.5944948628874964,4.416750770198365,8.1446,6.5772,5.4468,11382.272461395276,10433.749756279003,8821.261157581339,8868.687292837154,8764.349795274362,9058.391833860407,9015.708312130175,8422.197017641889,3010.0003497587527,7.046988965528398
26558,100000,0.33114,33031.45553840328,10938.036186986861,47.86003471665899,49.15878561967012,0.97358049254798,0.43755601004135236,1.212030147814546,11.262599999999999,3.5107999999999997,9.124600000000001,11527.977982902743,11243.907465272476,10755.041923304108,10791.376524396352,10823.747350823987,10856.77880636239,10938.036186986861,10689.559131993976,2369.5632819727075,2.32448365666635
26560,100000,0.06483,277921.9405680194,18017.679407024698,240.54657282980764,216.39943747889973,1.1115859432548776,1.3350585688411338,3.698112235689941,21.4574,15.6568,10.9084,18342.84807748928,19343.367063534148,18787.52318239811,18759.73098834131,18287.263689375675,17720.302930616916,18017.679407024698,17255.410128573476,4184.871214845132,4.417566854519265
26564,100000,0.22095,185501.53549260856,40986.56426709186,284.10279998737036,243.37567987971954,1.1673426043546293,0.6931608078588736,1.92005543776908,2.6996,11.7148,4.8756,41181.3408793591,39771.52920961528,39771.52920961528,40402.23443029014,40632.25633430098,41218.441186457625,40986.56426709186,39918.30953953499,5934.439786955178,2.6761021192515067
26567,100000,0.24711,130324.77218899867,32204.55445562346,129.7798892107308,177.76157895316166,0.7300784003776567,0.4029861347393025,1.116271593227868,5.144,15.8914,10.533399999999999,32190.21873068267,32581.193047249668,32320.54350287167,31681.95211914558,32200.64471245779,32067.713444825014,32204.55445562346,31787.536703225054,5164.89653512525,1.3118907460234142
26572,100000,0.05874,307385.86077186075,18055.8454617391,229.21268040084487,228.56285883498578,1.002843075944934,1.2694652315592405,3.516418691419096,5.2848,10.943600000000002,3.1466000000000003,18135.765785539785,18320.1973020029,18135.765785539785,19211.616298241297,18959.55989240837,18258.72012984853,18055.8454617391,17451.563455867992,3952.293296899791,3.4626238926915236
26578,100000,0.32814,36378.493064125,11937.238714061978,37.94230127585454,54.01491346358041,0.702441211933759,0.3178482242393192,0.8804395811429142,12.933800000000002,8.284999999999998,13.716600000000001,12295.930655674252,12019.454108386903,11939.421423645827,11764.804656938028,11789.54203222163,11860.116308766033,11937.238714061978,11795.850792659854,2531.2955343951244,1.1986241932638237
26584,100000,0.08663,400984.4047842826,34737.2789864624,442.177106916606,356.6851354742565,1.2396847049111746,1.272918086327166,3.5259830991262504,12.9562,5.063,6.024000000000001,35687.61202580115,33682.69000187974,31356.980454130902,32519.835228005322,33971.39877332442,34693.170701936135,34737.2789864624,33343.17708144869,6932.0129698496185,4.181070992749982
26586,100000,0.23073,29120.26421674855,6718.918562730392,19.611728672778565,38.79598138273118,0.5055092814718205,0.29188817351596047,0.8085302406392104,7.5624,10.959,2.782,6726.781034068916,6651.068347105369,6709.308875538865,6662.716452792069,6720.956981225566,6704.067227979852,6718.918562730392,6523.41465541128,2004.75632975376,2.996956619290454
26608,100000,0.24095,100083.137042104,24115.03187029496,114.5722447916908,135.3504073634097,0.8464861467617866,0.47510716721391355,1.3160468531825404,9.965399999999999,4.783799999999999,12.2438,25120.867397568105,25541.21657314494,25060.817515342846,24240.13579159759,24144.05598003717,24280.169046414434,24115.03187029496,23814.872579211242,4243.345817687834,1.2603858789726874
26620,100000,0.33873,33457.28250901946,11332.98530428016,50.98025785137044,50.07337966313409,1.0181109842063252,0.4498396184464881,1.2460557430967718,6.0768,3.5218,4.7626,11342.018770557597,10800.01079391148,10886.999728434934,10973.988662958383,11193.468436217552,11277.780788140279,11332.98530428016,11105.930465747515,2434.045046692221,2.0444467866327765
26622,100000,0.13834,179826.73325586403,24877.23027861623,194.81137216996072,196.33426769471814,0.9922433534265889,0.7830910836461369,2.1691623016997994,11.870800000000003,6.7136000000000005,10.035000000000002,22298.51492372714,25247.67334912331,24852.054535960408,24870.037209285998,24880.82681328135,24852.054535960408,24877.23027861623,24403.159051293278,4635.654107234923,1.9426633507837872
26624,100000,0.34851,28841.485386169854,10051.546071934055,50.96680283506403,43.458939322754546,1.1727576335112824,0.5070543622873462,1.4045405835359492,10.3878,11.8682,10.033999999999999,9863.78800207009,9840.714813761155,9979.153943614769,9820.525773990836,9980.307603030216,10011.456407247279,10051.546071934055,9827.307362437628,2275.144468780268,2.2817919621962997
26625,100000,0.28311,69453.42562988857,19662.959330077752,59.17324983407806,98.94583942131105,0.5980367661758729,0.3009376607088984,0.8335973201636485,11.5138,7.3145999999999995,16.371399999999998,20558.213986447015,20197.056173171597,20155.384117793667,19856.734387585144,19730.329152938746,19713.66033078757,19662.959330077752,19189.776163594626,3611.587321925883,2.465808680878795
26630,100000,0.18849,189070.35179144706,35637.870609169855,160.54164851995242,233.83769823571828,0.68655161135789,0.45048047421397847,1.2478309135727204,5.0322,14.339800000000002,7.1857999999999995,36490.57789574928,34486.43216675994,34826.75879998455,36112.43719216639,36067.06030773644,35760.7663378343,35637.870609169855,35015.91588811014,5455.321860225109,1.776205777530166
26640,100000,0.33274,31223.910819482997,10389.44408607477,32.47953834283773,46.52510367424554,0.6981078122952602,0.31262056057812426,0.8659589528014041,1.7031999999999998,10.670600000000002,15.7638,10335.114481248873,10029.120155217937,10222.708402298735,10269.544268527958,10377.578999963369,10351.350914875002,10389.44408607477,10213.171834488166,2297.0681847960614,1.7259305379682597
26645,100000,0.32073,29016.83004100738,9306.567899052297,25.0511966020697,42.82929989297338,0.5849079173526165,0.26917760525467943,0.7456219665554619,4.702999999999999,16.596,3.8655999999999997,8763.082672384227,8902.363456581064,9088.071168843511,9238.95868505675,9265.654168694477,9242.44070466167,9306.567899052297,9211.333198074024,2150.999903366711,1.0338861805388366
26646,100000,0.15631,55949.657810668854,8745.491012385648,81.81095107345264,64.25135146294892,1.273295412636256,0.9354643548039706,2.5912362628069987,7.1102,15.411999999999999,12.399,8560.297645032335,8593.867439718735,8526.727850345933,8453.993295192064,8808.714125711704,8763.95439946317,8745.491012385648,8599.254646548163,2233.434527945235,1.7005702453082503
26651,100000,0.27548,139662.1389508592,38474.126038182694,205.7436049528632,197.30991770196385,1.042743351926376,0.5347583587699382,1.4812806537927286,8.558399999999999,13.853,9.8602,41339.99312945432,39272.99347298161,38798.14220054868,38127.76393358457,38636.134119365684,38705.96518884112,38474.126038182694,37441.62775336415,5885.411389795914,2.757621254128771
26667,100000,0.34287,38699.806502247426,13269.002655425575,67.11451018677373,58.08970681395165,1.1553597679831042,0.5057992068403967,1.4010638029478988,7.1936,8.431000000000001,14.0644,13777.131114800082,13250.813746369518,13103.754481660979,13123.104384912103,13156.386218504034,13277.903610921092,13269.002655425575,13102.637733683403,2734.8611852156137,1.269705574736998
26675,100000,0.23377,122176.17710994915,28561.12492299281,95.64920013981958,163.51609095694988,0.5849528299022381,0.33489297217007824,0.9276535329111167,5.443,8.713,17.0874,29077.930152167894,29762.116743983614,28784.70732710402,28613.66067915009,28564.790208306113,28777.37675647742,28561.12492299281,28071.96749117463,4656.859547737044,1.7425121056155548
26679,100000,0.03174,1863406.794972823,59144.5316724374,1004.3207544048777,1033.0161982135287,0.9722216903681896,1.69807880121048,4.70367827935303,22.610199999999995,9.8008,6.7928,63355.831029075984,62610.46831108685,61865.10559309772,61678.76491360044,58883.65472114121,57653.80623645914,59144.5316724374,55390.09021554971,10194.418073078787,6.778182599590173
26681,100000,0.1308,64153.86299108563,8391.325279234,68.29030641952401,68.40479459333972,0.9983263136086247,0.813820274474664,2.2542821602948195,12.752600000000001,10.451,10.833000000000002,7762.617421921362,8006.402101287486,7903.755920501751,7955.0790108946185,8260.451398732186,8333.586802542022,8391.325279234,8141.171408970808,2480.689227963957,3.0727011838560023
26684,100000,0.03023,2786943.714998775,84249.30850441297,1080.217850010886,1508.9736076084791,0.7158626529743528,1.2821682090771158,3.551605939143611,10.7002,11.308599999999998,5.1588,89182.19887996081,86952.64390796178,88067.42139396131,87510.03265096153,87064.12165656174,84444.39456446288,84249.30850441297,78950.18752561214,12688.919898951886,6.71198023067614
26690,100000,0.21701,70665.13736947841,15335.04146055051,73.59924737670731,92.11347972906276,0.7990062648071472,0.47994162628149284,1.3294383047997351,6.8232,8.962399999999999,8.985999999999999,15051.6742596989,16139.917375188868,16309.513704875619,15581.66278996999,15385.21370808284,15269.322882796894,15335.04146055051,15073.971015527788,3522.724111182386,1.7319287980174034
26695,100000,0.18001,70179.99473396574,12633.100852061172,77.51951463608789,85.2640436604412,0.9091700476323241,0.6136222258008814,1.6997335654684418,5.4238,7.7472,17.3952,12351.67907317797,12042.88709634852,13011.371023677248,12927.15502999649,12823.28863779022,12740.476244004141,12633.100852061172,12378.049447991909,2862.824707868796,2.0605136951576832
26700,100000,0.19802,254394.02134945916,50375.1041076199,167.49699390089185,320.5849995864052,0.5224729607342325,0.3324995488705218,0.9210237503713452,4.1934000000000005,3.0060000000000002,9.7902,50624.41024854237,53015.71404922729,49657.71296741443,50446.33443359775,50471.773835732696,50431.07079231679,50375.1041076199,48924.70488820719,7455.962090163792,2.964553843966706
26705,100000,0.09494,485288.6240322676,46073.30196562348,464.3017209280694,449.845530838143,1.0321358979892319,1.00774570330231,2.7914555981473987,2.0956,7.383,5.4912,45617.13065903315,46587.70790709769,45617.13065903315,45083.31317259766,45461.83829934283,46063.59619314285,46073.30196562348,44504.65135151332,8143.746033381929,3.5246891425357134
26719,100000,0.04336,638995.9436489203,27706.864116617184,322.91606606290486,411.5446933514454,0.7846439798147157,1.1654731647138517,3.228360666257369,5.4224,4.9685999999999995,9.694600000000001,24281.84585865897,25048.640991037675,24665.243424848326,26454.4320670653,28192.501033790362,27911.342818584835,27706.864116617184,26272.493671205273,6246.221236497841,5.459590031166265
26723,100000,0.04405,503025.7165611689,22158.28281451949,340.69446512121374,326.4229862195748,1.043720814722401,1.537549041922912,4.259010846126467,2.5162,10.7846,5.7778,20121.028662446755,22133.13152869143,22837.36753187707,22636.157245252598,23179.425019138664,22646.217759583822,22158.28281451949,20805.11472830803,4903.469009266323,6.504016458848458
26727,100000,0.14219,68865.654803695,9792.007456537392,87.37137244109408,76.05587388941288,1.148778759259728,0.89227232341171,2.471594335850437,10.331600000000002,14.8422,7.479800000000001,9916.654291732078,10054.385601339469,9944.200553653558,10150.797518064643,9869.825646465568,9743.112841626767,9792.007456537392,9575.430987337439,2388.5317520165536,2.2617934324455455
26732,100000,0.02719,366916.43004466925,9976.457732914556,229.49474732823262,188.70602923478395,1.216149522401853,2.300363049412602,6.372005646872908,9.4534,5.008800000000001,2.1966,11741.325761429416,9686.593753179268,10567.193185286475,10273.66004125074,9613.210467170335,9723.285396183735,9976.457732914556,9279.820654415347,3137.018998816051,7.507010150759197
26735,100000,0.04233,1123085.6118658304,47540.2139502806,590.7449297439332,715.0640413987052,0.8261426886861813,1.2426215211436724,3.4420616135679727,9.593599999999999,4.1168,4.6937999999999995,35938.73957970657,39083.37929293089,42228.01900615522,45709.5844029393,47798.52364100974,47753.60021653511,47540.2139502806,43790.86578811725,8601.863995040741,8.561941159840574
26737,100000,0.1457,201157.3661906574,29308.628253978783,186.2320839985204,224.42483766511975,0.829819399385778,0.635417264788701,1.7601058234647018,8.1644,5.715000000000001,14.1008,30173.60492859861,30414.993768027398,29489.669883550378,29248.281044121584,28741.364481321132,28926.429258216536,29308.628253978783,28359.868284273238,5210.562108622268,3.3454315097495457
26741,100000,0.09214,278141.9922267932,25628.003163776724,239.81224137877285,254.3900412870926,0.9426950841528111,0.935742983353965,2.5920080638904834,14.6058,3.4292,4.5932,24476.4953159578,24699.008909739237,26423.489261545354,26089.7188708732,25511.18352704147,25939.52219507073,25628.003163776724,25079.60688769612,5377.536924109308,2.186622296498762
26754,100000,0.21337,87827.77101645533,18739.811501781074,132.75299861162398,113.78467991551751,1.1667036257446082,0.7084009281470459,1.962270570967317,13.149600000000001,6.2484,6.7064,18882.970768537896,18970.79853955435,18777.577443318147,18584.35634708195,18679.21033977972,18682.723450620375,18739.811501781074,18273.178148114115,3905.8057729122984,2.553651860035732
26761,100000,0.34547,53494.98750351108,18480.913332837972,50.25903977157554,80.44203317779645,0.6247857965062972,0.27195106035302014,0.7533044371778658,14.118000000000002,6.3732,4.5094,17439.365926144612,18573.459661219047,18466.469686212025,18300.63522495114,18265.328533198826,18404.415500707953,18480.913332837972,18123.822542896025,3375.3376731180965,1.9702840782995619
26763,100000,0.15118,208001.50187288897,31445.667053143356,262.2395885598745,235.6250410722828,1.1129529669956733,0.8339450650440587,2.310027830172043,2.9797999999999996,6.021199999999999,5.550999999999999,30992.223779060456,33280.24029966223,31990.63098805032,32094.631738986765,31208.545341008263,31882.47020707642,31445.667053143356,30838.305316084792,5492.146526336792,1.9695042604749515
26770,100000,0.13973,67542.48939304534,9437.712042890225,36.149782443539834,74.0524244671985,0.4881647387460267,0.38303544629519387,1.061008186237687,5.943,3.3482000000000003,8.9716,9455.948515026348,9564.01649805522,9658.575983205483,9557.262249115915,9591.033493812438,9491.07060951073,9437.712042890225,9204.787787939591,2415.0600010676026,2.530468494404827
26792,100000,0.20353,50792.055611261516,10337.707078560055,69.52742083506887,64.66878730771465,1.0751310443511999,0.67256133595878,1.8629949006058204,11.6342,3.884,15.108,9955.242899807257,9934.926077562752,9955.242899807257,10153.331916691177,10302.660560188286,10414.403082533061,10337.707078560055,10257.228021012714,2480.96908394042,0.7846082526631383
26793,100000,0.08121,197785.9006956803,16062.192995496198,137.961080913971,170.84733726158845,0.8075108639401004,0.8589180876649593,2.3792031028319376,2.6598,6.167000000000001,10.0122,13053.8694459149,13212.098166471444,14477.927930923797,16079.993726558807,16416.229757741465,16198.665266976215,16062.192995496198,15604.982573419993,3413.5617498403735,2.9299002413176196
26805,100000,0.18053,87156.67317053858,15734.39420747733,142.95377204151734,106.00878701321041,1.3485087045067594,0.9085432216613879,2.5166647240020446,7.396800000000001,10.1408,17.4582,14555.164419479943,14258.83173070011,14990.947785332633,15714.348172648104,15834.62438162345,16008.937727964527,15734.39420747733,15507.393324406783,3344.895558427419,1.4638235989879371
26807,100000,0.04672,1156193.570405269,54017.36360933417,636.9683409146882,771.5999800677338,0.8255162744545079,1.1791918345393302,3.2663613816739447,14.0898,15.990400000000001,20.4696,55497.291379452916,60584.543089236104,58272.15594842556,55150.43330833133,53601.13392398827,53138.656495826166,54017.36360933417,50862.931950661026,10330.870420141098,6.201828203165839
26813,100000,0.1439,277994.8691183741,40003.461666134026,327.2004726955257,308.552753105283,1.0604360823313732,0.8179303966899589,2.2656671988311863,9.624,9.5326,13.9134,42811.209844229605,39920.06320539852,41921.626263050806,40281.4565352524,40576.13109651788,40337.05550907608,40003.461666134026,39381.06019837802,6264.314741278174,1.5804588922205784
26819,100000,0.22336,114802.96140050012,25642.389458415706,134.27748378601382,151.20483160514482,0.8880502187698939,0.5236543341788478,1.4505225056754083,7.8664,11.041799999999999,10.9834,25486.257430911028,25899.548091952827,25601.060392311527,25968.42986879313,26262.325449978405,25727.343649852075,25642.389458415706,24785.40042055082,4605.164738120335,3.457636444534955
26834,100000,0.30552,68491.55972530077,20925.54132727389,92.79869165717534,99.76696265607076,0.9301545239688481,0.4434709248655066,1.2284144618774535,6.0554,2.7931999999999997,13.3432,20136.518559238426,21999.48898376661,21300.87507456854,20835.132468436495,20815.954831713414,20915.95250891235,20925.54132727389,20509.747856508246,3814.5501775454113,2.0272968428215195
26837,100000,0.03955,793514.1270093847,31383.483723221165,487.6149870305394,489.06354023316226,0.9970381083776307,1.553731227963532,4.303835501458984,5.6442000000000005,10.0372,7.6514,37295.16396944108,33962.404636001665,32534.079207384773,32057.97073117914,32343.63581690252,30883.569823205253,31383.483723221165,29222.721360657422,6550.282904941022,7.394117528947112
26839,100000,0.36529,69002.48621069099,25205.91818790331,78.09755189158913,105.06820215904185,0.7433033999513268,0.3098381551086256,0.8582516896508929,2.8889999999999993,7.4848,4.8144,24978.900008270135,24978.900008270135,25254.9099531129,24965.099511028,25249.38975421605,25246.629654767617,25205.91818790331,24833.19862202053,4182.87396227697,1.5008922996825549
26845,100000,0.0144,2802007.655328407,40348.91023672906,1031.639537534155,1055.6037173588484,0.9772981286152984,2.556796531756309,7.082326392964975,12.050600000000001,9.3074,18.613999999999997,53238.14545123973,48194.5316716486,43150.91789205747,43431.118657590305,42142.19513613924,40853.27161468817,40348.91023672906,36989.9808781134,8447.63983741447,9.080646377417048
26847,100000,0.04273,418590.81649359514,17886.385588771318,314.7977348040391,267.7154078175713,1.1758670797855275,1.7599851755497335,4.875158936272762,5.7708,13.1578,15.8784,17162.223476237403,16241.323679951493,17664.532456029716,17831.96878262715,18535.201354336394,17773.36606831805,17886.385588771318,17363.66689913911,4545.109575601535,3.010416478665146
26859,100000,0.10768,353282.7000382068,38041.48114011411,320.5952640548879,346.29817907835405,0.9257780820798062,0.84275179211365,2.334422464154811,6.389200000000001,11.3516,14.804799999999998,38861.09700420275,36034.835403897094,34974.98730378248,36529.43118395059,37108.81481201324,37476.22882005298,38041.48114011411,36738.45845302542,6232.167141359522,3.5467538431280765
26861,100000,0.07627,263950.8759073318,20131.533305452198,253.47989304701693,221.55038289525027,1.1441185058428134,1.259118663248404,3.4877586971980787,7.662599999999999,3.1410000000000005,9.0194,22699.775328030533,20377.007620046017,20746.53884631628,20324.21744486455,20398.123690118602,20477.308952890802,20131.533305452198,19003.161592542347,4555.39282101635,5.9378104396726945
26866,100000,0.17142,100253.49260632764,17185.453702576684,83.09960337180847,119.48062339744678,0.6955069450498386,0.4835461711397762,1.3394228940571804,24.6858,8.825199999999999,8.4514,16942.840250469373,16882.688154905572,16962.890948990636,17414.03166571911,17123.29653716076,17093.220489378862,17185.453702576684,17050.71394176431,3393.1287373836435,0.790229437151847
26867,100000,0.31833,62986.02350085009,20050.34086102561,86.20396640999745,92.78335368099714,0.9290887103130525,0.4299376604492696,1.190927319444477,17.399,6.24,4.6654,18958.793073755875,19475.278466462845,19853.194607467947,20023.256870920246,19951.452804129272,19960.270847419393,20050.34086102561,19635.30137805121,3564.8058541705495,2.1137413426123457
26873,100000,0.01944,1106252.3418353507,21505.545525279216,564.8510928348311,482.991424473013,1.1694847241876691,2.626536918911744,7.27550726538553,2.1926,7.6598,10.170199999999998,26550.05620404842,26107.555267314277,24558.801988744788,22456.92253925762,19912.542153036313,20930.294307524837,21505.545525279216,20251.29589279609,5152.846109656173,6.193428998927892
26879,100000,0.07675,390409.107525237,29963.899002561942,338.41711963384006,328.63876557902927,1.0297541102236747,1.1294161671179876,3.128482782916826,18.8508,8.898799999999998,3.9966,28499.864849342302,29983.419457938202,29514.92852890792,29749.17399342306,29686.708536219023,29725.749446971546,29963.899002561942,28140.813747391763,5767.984724748252,6.478438297965539
26883,100000,0.3462,36958.0372712108,12794.87250329318,55.395976200614,55.60257300535395,0.9962844020775791,0.4329544994399595,1.1992839634486878,10.171199999999999,18.2226,5.2426,13157.061268551044,13157.061268551044,12913.138222561052,12824.438933110147,12740.174608131789,12770.48019869418,12794.87250329318,12566.275105183202,2634.7181822785296,1.819134120465725
26887,100000,0.13265,115245.89231279794,15287.367615292645,90.3576466864613,123.61645170983807,0.7309516284980871,0.591060861230762,1.6372385856092104,10.450999999999999,9.651399999999999,7.910200000000001,12100.818692843783,13783.408720610632,15005.015179126292,15558.195462227723,15470.608584069994,15415.290555759851,15287.367615292645,14813.746182306144,3296.252250297124,3.19717529352707
26890,100000,0.22379,121707.88127383907,27237.006750272445,132.2639863731681,160.40897253902367,0.8245423200437958,0.4856039710451851,1.3451229997951626,15.7226,5.3306000000000004,9.219600000000002,26410.61023642308,26824.417032754132,26946.124914027972,26654.025998970756,27058.0961647999,27274.736193467335,27237.006750272445,26523.444576207865,4619.028842834251,2.6903073317432598
26895,100000,0.08088,177165.6780731988,14329.160042560317,188.41856530019433,152.7517766716406,1.233495082058679,1.3149309850720874,3.642358828649682,4.1044,16.961,15.641399999999999,12401.597465123918,13606.324076021667,13641.757211636308,13889.789160938784,14570.105364739868,14435.459449404238,14329.160042560317,13801.56467201571,3211.8675529131524,3.822721431102443
26902,100000,0.24705,87836.66023360325,21700.046910711684,174.75963907725566,119.7984812767819,1.4587800881506314,0.8053422179054828,2.230797943598187,9.7608,3.4013999999999998,19.947400000000002,22047.001718634416,21924.03039430737,21361.87576881231,21915.24672828401,22025.92092017835,21852.004332915818,21700.046910711684,21150.650577827317,4043.0283070187375,2.5975386944376617
26904,100000,0.12459,114869.0939421597,14311.540414253677,107.89884709404924,119.96389003667332,0.8994277116310937,0.7539289550311904,2.0883832054363975,11.139399999999998,4.2522,9.3702,15047.851306422921,14611.348749442715,14772.165480961736,14220.79383003937,14170.25142870482,14383.907943437238,14311.540414253677,13715.71715037271,3391.215732955045,4.344091215564159
26908,100000,0.08271,498211.83398079826,41207.10078855183,319.8271634629839,433.95668103507904,0.7370025107117328,0.7761457548399969,2.1499237409067913,11.5172,8.59,7.8302000000000005,43842.641390310244,41849.79405438706,42447.64825516401,42248.36352157169,42009.221841260915,41152.29748681394,41207.10078855183,38943.451577295986,7251.203184489777,5.812656864178797
26913,100000,0.17167,86461.23438703708,14842.800107222654,72.24731648963196,103.10276931331904,0.7007310954963737,0.486749912198007,1.3482972567884792,10.058,5.6006,8.929,16946.401939859268,15735.944658440749,15234.469498995933,14828.10169737686,14743.369687677563,14727.806665487897,14842.800107222654,14417.563137286425,3292.265162731367,2.9494371960577035
26914,100000,0.1068,114607.85754715954,12240.11918603664,118.15669306122827,111.93718409649044,1.055562492615292,0.9653230598932386,2.673944875904271,7.4124,20.375800000000005,8.197399999999998,13179.903617923348,12927.766331319595,12354.7270435838,12056.746613961184,12418.907443810207,12306.591743413992,12240.11918603664,12000.1288387281,2947.9020215438186,1.999898088877322
26920,100000,0.14181,136891.39852459202,19412.569224772393,136.51747852693052,151.0154265705318,0.9039969069859892,0.7032427132453981,1.9479823156897529,8.137400000000001,7.863799999999999,7.393000000000001,20123.035583115026,19164.795793442885,19438.578590492067,19452.267730344527,19433.102934551083,19594.6347848101,19412.569224772393,19057.97659753305,3885.2461434306942,1.860599552238114
26925,100000,0.13343,185125.5284811199,24701.299265235826,175.23586994307234,199.06498675699706,0.8802947861292482,0.7094196465596295,1.9650924209701737,4.4504,10.1492,7.1899999999999995,21104.310246847668,24214.41912533048,24066.318702545588,24251.444231026708,24140.368913938033,24432.8672489382,24701.299265235826,23979.71978319991,4566.895359386816,3.0091239120377486
26929,100000,0.33262,32785.76162861531,10905.200032910026,45.80577541732189,48.847917154529235,0.937722181120157,0.42003608626240607,1.1634999589468649,15.4594,7.9792000000000005,15.054400000000001,12163.517564216281,11619.273921181268,11186.501867683544,11075.030278146252,10968.80441046954,10915.03576139861,10905.200032910026,10627.474253651992,2359.999327767169,2.6132811299222682
26957,100000,0.24218,33151.109628135804,8028.53572974193,24.910190746316474,44.910742831346845,0.5546599583057805,0.31027065936863174,0.85944972645111,4.702999999999999,16.596,3.8655999999999997,8088.870749265136,7916.484979198831,8062.349861562628,8025.883640971679,8045.111284555997,8032.5138628973045,8028.53572974193,7901.3578183808595,2200.7532982261364,1.609570333154856
26960,100000,0.3231,64498.90707908909,20839.596877253683,98.69714471238743,95.38566058612894,1.0347167918732225,0.47360390555402193,1.3118828183846407,11.5172,8.59,7.8302000000000005,21155.641521941223,21078.242833446315,21207.240647604493,21407.187259549668,21165.961347073877,21007.294035659317,20839.596877253683,20399.144323928118,3732.318239211224,2.159171710006073
26976,100000,0.18927,69016.71383804352,13062.793428126497,75.33086406156842,85.4935379902234,0.8811293324904026,0.5766826557891346,1.5974109565359027,4.8618,4.0694,8.1782,12284.975063171747,12837.108773876094,13044.158915390226,13161.4873289149,13176.67100595927,13034.496575452898,13062.793428126497,12777.041573058801,2954.3513364687806,2.2364477209671274
26979,100000,0.18421,88893.35731412363,16375.045350834715,94.8422647473388,108.97204445016327,0.8703357381783683,0.5791877989669459,1.6043502031384402,11.475,12.0344,9.418200000000002,19289.858537164826,17174.196633088686,17067.524604311737,16809.73386810078,16512.830054671605,16495.05138320878,16375.045350834715,16042.964406262225,3546.9475740314247,2.0699475244292453
26981,100000,0.31547,18918.607321391064,5968.2530516792385,27.874627491707123,27.801257415903848,1.00263909199162,0.4670483515082235,1.2937239336777788,2.9797999999999996,6.021199999999999,5.550999999999999,5618.826374453146,5758.82406863144,5966.928749166742,5917.740370131125,5968.4422377524525,5977.901541413148,5968.2530516792385,5883.9847526001395,1591.8782452129876,1.4321637907348552
26987,100000,0.10702,202814.3251876151,21705.189081578566,191.40152355085067,198.26769892200974,0.9653691680062321,0.8818238018174891,2.442651931034445,12.3182,13.0374,4.505,22512.390095825274,21173.815549587016,21133.252684549494,20950.719791880638,21603.78191898476,21583.500486465997,21705.189081578566,20824.572454690195,4829.2850604095165,4.228738087201572
27000,100000,0.32018,18767.461024067285,6008.965670685863,31.96938427676862,27.688510358644084,1.154608314520181,0.5320280731961585,1.4737177627533589,8.6808,4.637,11.3394,6174.494676918137,6343.401826134743,6253.318013219219,6150.096977586849,6034.864766899076,6002.960083158161,6008.965670685863,5926.423397185313,1605.8914875624737,1.392783943512253
27007,100000,0.05892,338644.02726329694,19952.906086353454,326.06103536593275,252.1668894085471,1.2930366715896089,1.6341531101022835,4.526604114983325,7.0280000000000005,5.0164,11.3358,19979.99760853452,18828.607915839308,18964.06552674463,19031.79433219729,18787.970632567714,19160.47906255734,19952.906086353454,19149.088246637173,5118.180279883735,4.197682048164574
27008,100000,0.05934,249567.32253144332,14809.324919015846,173.35300645409765,186.45662938013186,0.9297229443136631,1.1705665680378485,3.24246939346484,11.341000000000001,6.447,14.282599999999999,13975.770061760826,14674.558564848867,15373.34706793691,14998.996084139744,14924.12588738031,14884.19511577528,14809.324919015846,14144.98676248453,3594.6164692405373,4.696633285605327
27010,100000,0.06651,456587.94609341456,30367.664294673003,346.28850481922575,359.7681813785804,0.9625323270454257,1.1403198529166123,3.1586859925790156,21.1428,6.438799999999999,13.319600000000001,34244.09595700609,29769.534085290627,27030.006408730143,29815.19287989997,29933.905745884254,30207.858513540305,30367.664294673003,29095.87016186376,5554.123690630322,4.371046907118093
27011,100000,0.18659,115134.89563522651,21483.020176576916,129.68742037628607,141.84234664064317,0.9143067881191254,0.6036740612369073,1.6721771496262332,12.4504,13.6666,3.5422,19457.79736235328,19987.417882275324,21346.009650770997,21806.549233311904,21488.776921358676,21523.317390049244,21483.020176576916,20942.333446248365,3941.8497255025436,2.581788374806963
27013,100000,0.23696,45930.577100159506,10883.709549653797,34.20174984445815,61.7608231037193,0.5537774292130263,0.3142471754544946,0.87046467600895,8.9504,6.611400000000001,6.598199999999999,11390.783120839558,10711.010579757196,10756.941156857356,10835.023137927627,10797.360064705497,10822.162576339582,10883.709549653797,10760.53282779963,2533.3372826223294,1.144708387822038
27014,100000,0.21295,87656.81395262445,18666.518531211375,91.97470075744427,113.4816561369085,0.810480776262928,0.49272552138556447,1.3648496942380137,9.624,9.5326,13.9134,18758.55818586163,18513.119106794282,18776.08954865216,18101.132081216947,18513.119106794282,18518.37851563144,18666.518531211375,18393.97673047994,3661.452374345944,1.4816904725111355
27015,100000,0.22897,88135.22026089327,20180.321383136732,95.51416590969053,117.10472658743049,0.8156303224736158,0.473303492527651,1.3110506743015935,6.607199999999999,1.2286000000000001,6.4066,20447.37110052724,20447.37110052724,20288.72770405763,20420.93053444897,20225.270345469788,20292.253112868068,20180.321383136732,19676.75922647656,3896.8205235018336,2.559172223760264
27016,100000,0.20446,67432.07630638947,13787.162321604392,97.79691898960866,86.00064748807053,1.1371649149871161,0.7093331949560174,1.9648529500281684,9.3404,13.6508,7.1331999999999995,12946.958650826778,12569.339023510998,13149.254879745948,13365.037523926392,13605.09571557714,13793.90552923503,13787.162321604392,13449.861366231236,2946.9454083763358,2.507839643760357
27031,100000,0.09387,155448.8941738697,14591.987696101147,109.43057476334786,143.36604361683658,0.7632949337418737,0.7499360405339895,2.077322832279151,11.424199999999999,8.6536,9.6522,18032.071724168884,15544.88941738697,14612.19605234375,14705.465388848073,14282.644396695148,14428.766357218585,14591.987696101147,13932.449509052924,3677.5066560665628,4.7338279361405435
27032,100000,0.22901,115689.44195280499,26494.03910161187,141.34800739973855,153.72529039892993,0.9194844064560145,0.5335087143852637,1.4778191388471804,5.3718,7.4484,3.0358,27302.708300861977,25960.710774209438,26446.606430411222,26400.3306536301,26354.05487684898,26620.140593340428,26494.03910161187,25828.880933531498,4644.618346666542,2.5752496586751157
27038,100000,0.0503,335392.40238427086,16870.237839928825,259.69760001072876,231.8090738765848,1.1203081728758895,1.5393831579307742,4.264091347468244,13.387999999999998,6.286,11.0062,19117.36693590344,19452.75933828771,18312.425170181188,18077.6504885122,17426.989227886712,16984.271256739474,16870.237839928825,15811.35545507815,4011.593456992911,6.696974132667368
27044,100000,0.2776,63194.056794202945,17542.670166070737,140.20918040171355,89.49006750701976,1.5667568961294536,0.7992465176304346,2.213912853836304,8.3818,8.3104,8.446,16872.813164052186,17138.228202587838,18060.8614317832,17650.10006262088,17547.725690614272,17513.600899945402,17542.670166070737,17220.2537832726,3434.5532868987793,1.8723091242204817
27053,100000,0.14844,92126.4925720421,13675.256557393928,114.1129576756532,103.57802758041765,1.1017100860224072,0.8344483863738168,2.3114220302554727,12.757,7.797000000000001,8.4784,13450.467915518146,14003.226870950399,13634.72090066223,13754.485341005884,13785.80834848038,13642.091020067994,13675.256557393928,13348.929119026618,3101.5745163701467,2.444596382658041
27069,100000,0.19591,44812.95621707525,8779.306252487211,48.37332085848717,56.2450396420914,0.860045991011919,0.5509925211320976,1.5262492835359107,4.5478,2.4629999999999996,8.0856,9276.281936934576,9177.69343325701,8837.114966007239,8949.147356549925,8799.472082784896,8828.152374763824,8779.306252487211,8572.801110772154,2202.021039430724,2.4088409266321724
27095,100000,0.20524,66351.7267527899,13618.0283987426,104.85159175773019,84.7424923964443,1.237296529670275,0.7699469312856735,2.1327529996613155,10.6022,11.198799999999999,13.233600000000001,13071.29017029961,13349.967422661326,13628.644675023044,13748.077783178065,13822.39171714119,13783.907715624573,13618.0283987426,13450.536776812869,3064.2304359544905,1.245241172965423
27100,100000,0.07219,199166.43297118664,14377.824796189965,130.7185404669552,162.99871878858124,0.8019605395580115,0.9091677101364791,2.5183945570780475,5.5892,12.772,18.297,16729.98036957968,15216.315478998658,14738.31603986781,14798.06596975917,14332.01651660659,14339.983173925437,14377.824796189965,13779.129937456164,3418.193119209173,4.344939495100873
27117,100000,0.16397,35550.449127990716,5829.207143516638,57.61427746995898,41.62346406656742,1.384177861261567,0.9883724501716968,2.7377916869756005,9.875,15.761199999999999,10.8012,6221.328597398375,6000.915812804833,6015.135992456028,5880.044285769664,5801.833297688086,5801.122288705525,5829.207143516638,5663.275727765537,1652.4135622903236,2.9299547422277725
27127,100000,0.16834,139932.81065045443,23556.289344897497,208.52858203409858,165.571706786707,1.259445747592187,0.8852352719095282,2.4521017031893932,5.443,8.713,17.0874,23368.77937862589,24460.255301699435,23228.846567975437,23088.913757324983,23419.155190460053,23564.685313536524,23556.289344897497,22685.136797442537,4656.018209521364,3.84019084933696
27130,100000,0.21659,67752.45487517936,14674.504201415099,67.98129754134438,88.25489279154199,0.7702836113791013,0.4632612905231154,1.2832337747490297,6.4942,10.217600000000001,8.4684,14837.78761766428,14986.843018389676,14607.429271088671,14702.282707913922,14639.950449428756,14681.956971451367,14674.504201415099,14237.729422117613,3184.977670956175,3.067727769984011
27134,100000,0.15007,74859.03638532221,11234.095590345305,105.54888165403254,84.54399250217789,1.2484492218807097,0.939540533594376,2.6025272780564217,19.8492,7.259800000000001,9.6954,11153.996421413009,11797.78413432678,11513.319796062555,11348.629916014848,11351.624277470259,11293.234229089709,11234.095590345305,10851.50033341062,2664.6087254927234,3.5257360289315414
27138,100000,0.18866,78865.31930046475,14878.731139225678,115.47898495518216,97.57249826500481,1.1835198135600025,0.7761346305313501,2.14989292657184,13.482999999999999,16.8124,14.615999999999998,14353.488112684583,15236.77968884979,15520.694838331463,15512.808306401417,15107.440565197028,14957.596458526144,14878.731139225678,14735.887007724217,3343.0576180977328,0.9693622883141341
27145,100000,0.24263,58737.86683701818,14251.56863066572,80.28487372487412,79.6240875622505,1.0082988224148506,0.5633406104653046,1.5604534909888939,11.510399999999999,5.444599999999999,9.6588,13862.136573536289,14402.524948436858,14414.272521804261,14202.816201190994,14233.359891946246,14169.922995762265,14251.56863066572,13901.817312740872,3101.111278797983,2.5158676024630644
27157,100000,0.10532,99126.27154704045,10439.9789193343,89.38236664321487,96.222815665889,0.9289103215766832,0.8561546659608991,2.3715484247116905,16.2002,11.5394,7.057599999999999,9416.995796968842,9714.374611609965,10348.782749511023,10279.394359428095,10130.704952107533,10382.485681837017,10439.9789193343,10222.62828663349,2700.519236737183,2.126171730072645
27158,100000,0.06983,207846.40133557018,14513.914205262867,144.53422153409045,167.51152591088672,0.8628315021796183,0.995832133840788,2.7584550107389827,14.284,8.621400000000001,5.8751999999999995,15380.633698832193,14466.109532955683,15172.787297496621,14819.448415226154,14225.007707406423,14449.481820848838,14513.914205262867,13543.91075869579,3391.098886156329,7.161915519446928
27159,100000,0.1679,74108.66061225641,12442.84411679785,70.96224050979662,87.59555593681979,0.8101123367603225,0.570305629835847,1.5797465946452962,4.4804,6.1888,9.754199999999999,12005.603019185539,11501.664127022195,12153.820340410051,12353.913724063143,12429.504557887645,12528.810163108068,12442.84411679785,12142.18215579715,2876.587128642044,2.4761773225181964
27162,100000,0.29049,24119.111441056655,7006.360682512548,38.72175427014569,34.6263056193265,1.118275645569689,0.5526657279690559,1.5308840664742849,3.2432,1.7772,4.5098,7308.090766640166,7206.7904985877285,7269.500188334476,7110.314052823502,7068.829181144884,7053.87533205143,7006.360682512548,6928.582678013042,1836.3012679706046,1.1225673144714647
27168,100000,0.02354,437839.12027050625,10306.732891167716,192.98062416162873,209.9157478380811,0.9193241867231642,1.87237436149143,5.1864769813312614,11.1272,10.7734,6.7208,12259.495367574174,9457.324997842936,9807.59629405934,10858.410182708554,10157.867590275744,10368.030368005588,10306.732891167716,9730.382270163189,3107.3389941271125,5.923206355127721
27169,100000,0.1405,62049.00441344589,8717.885120089148,70.08455725365798,68.18611085296286,1.0278421276260932,0.8039169625229163,2.226849986188478,4.7724,2.413,11.162600000000001,8748.909622295869,8438.664600228642,8773.729224061248,8817.16352715066,8590.06417099745,8674.450816999735,8717.885120089148,8568.870064642028,2286.5245655812505,1.7390280669793938
27177,100000,0.1631,91721.39341142608,14959.759265403593,59.44225671961081,107.16042028862525,0.554703467563018,0.3973476823058165,1.1006530799871115,3.542,7.1504,6.7922,15500.915486531008,15189.062748932158,14858.865732651026,14822.177175286453,15056.983942419705,14928.573991643707,14959.759265403593,14576.041390616621,3468.187502337646,2.6325245963831505
27178,100000,0.16095,85439.63011023776,13751.508466242769,96.53165878167754,99.28845913380057,0.9722344331237129,0.7019714165805421,1.9444608239281014,9.988,22.5514,6.0756,14866.49563918137,13977.923486034897,13858.308003880566,13593.445150538828,13762.615618157099,13572.939639312372,13751.508466242769,13362.72506557891,3150.749668656944,2.909461945492893
27187,100000,0.15761,53579.352940013494,8444.641816875526,47.38366044087458,61.7370609069664,0.7675075512953001,0.5611091798610623,1.5542724282151426,3.946599999999999,8.1274,12.691599999999998,8197.640999822064,8186.925129234061,8615.559952754169,8395.884605700116,8414.10158569972,8486.969505698138,8444.641816875526,8285.021335963453,2336.4945556958382,1.9266152063990019
27203,100000,0.21097,40702.07515410531,8586.916795261597,59.182459517497655,52.513826055053435,1.1269881469968135,0.6892166411831953,1.909130096077451,14.6256,13.8668,13.486799999999999,8506.73370720801,8466.031632053904,8759.086573163462,8543.365574846704,8518.130288251159,8640.236513713475,8586.916795261597,8410.565584763603,2184.4072528220286,2.096781824250542
27211,100000,0.13496,52404.95152765205,7072.57225817192,46.08591007395522,56.62301016532529,0.8139078077868993,0.6516145525513125,1.8049723105671358,5.8822,21.470799999999997,9.195599999999999,6969.858553177723,7148.035388371739,6959.377562872192,7195.199844746627,7137.554398066208,7052.658376591413,7072.57225817192,6940.584030348863,2018.3073510245745,1.901687628100409
27214,100000,0.12073,68181.30679612672,8231.52916949638,71.74748571131391,70.24801372554451,1.0213454004781939,0.8716179489126873,2.414381718488144,13.898399999999999,9.411999999999999,8.6898,8795.388576700347,8672.66222446732,8727.20726990422,8270.392514370173,8252.665374603179,8213.120216661426,8231.52916949638,7932.587525734799,2348.8812731410308,3.7685262569339235
27219,100000,0.16473,40392.51103925065,6653.858343495758,55.56658371397964,47.3806095083162,1.1727705550986347,0.8351031964528786,2.313235854174474,6.6735999999999995,7.65,16.3418,6705.156832515608,6705.156832515608,6535.508286150754,6721.313836931307,6583.979299397855,6598.520603371986,6653.858343495758,6521.526218383141,1965.3228173293278,2.0291588300234698
27225,100000,0.0391,318321.91196998575,12446.386758026443,193.9762247967633,195.1165058779629,0.9941558963652577,1.5584942728191507,4.317029135709047,13.5886,2.465,2.8494,8913.013535159602,9676.986123887567,11013.938154161508,11618.74978690448,12223.561419647453,12261.76004908385,12446.386758026443,11823.297377301702,3338.874351072469,5.270013608225271
27226,100000,0.12711,43935.823598055365,5584.682537548818,57.466422525817485,46.279471450707206,1.241725990475618,1.0290007021785015,2.8503319450344486,1.7031999999999998,10.670600000000002,15.7638,6414.630245316083,5904.974691578641,5834.677373821753,5847.858120901169,5528.884041579287,5517.460727443793,5584.682537548818,5417.564261310814,1734.2047814938637,3.0847493112627826
27228,100000,0.18333,48456.72849077417,8883.572034213628,59.56236730088574,59.29173517473255,1.0045644156872056,0.6704776757760392,1.8572231618996287,2.3826,10.4568,7.997799999999999,8479.927485885479,8760.97651113197,8906.346696604292,8998.414480736763,8935.420733698758,8793.927086505697,8883.572034213628,8559.237965475148,2355.5607750604095,3.789286733780815
27238,100000,0.11966,57602.58103549928,6892.724846707843,34.90334062449187,59.12098491445015,0.590371433679565,0.5063794275954984,1.4026710144395305,10.553400000000002,3.3946000000000005,6.871599999999999,6681.899400117917,7142.72004840191,6820.145594603115,6848.946885120865,6815.537388120274,6836.274317293054,6892.724846707843,6604.603539816104,2022.6737208270529,4.362431524538745
27245,100000,0.0335,516582.9792230319,17305.52980397157,339.1834870130556,293.9432050817378,1.1539082419637414,1.9599717018499712,5.429121614124421,4.0706,9.730599999999999,10.512400000000001,19113.57023125218,16324.02214344781,17047.238314360053,16633.97193098163,17088.564952697896,17646.47457025877,17305.52980397157,16506.048118115927,4573.705325257732,4.843568128086256
27252,100000,0.07296,129107.35192606898,9419.672396525992,111.81355943043005,106.17997603449933,1.0530569284937519,1.187021742620978,3.288050227060108,13.507,4.7749999999999995,4.569400000000001,9166.621986750897,9347.372279447394,9063.336105210043,9192.44345713611,9016.857458516657,9342.20798537035,9419.672396525992,8911.97598540731,2717.199644081573,5.696788366014399
27253,100000,0.11393,61501.142097711614,7006.825119192285,67.98001663044708,61.79256824718615,1.1001325654326188,0.9701971359930774,2.687446066700825,6.809399999999999,5.9266,9.876599999999998,6888.1279149437005,6863.527458104616,6961.929285460955,6900.428143363243,7023.430427558666,6895.508051995426,7006.825119192285,6739.9542470594415,2096.659716302232,3.9595353670134408
27263,100000,0.13934,43423.61169216262,6050.646053185939,55.73053986288331,47.55318990765268,1.1719621748006996,0.9210675913448724,2.5513572280252963,2.7658,10.6694,7.3486,5992.458413518442,6391.955641086338,6504.857031485961,6383.270918747905,6138.361748804109,6111.439109554968,6050.646053185939,5864.426718727639,1933.4263760725207,3.1754056004079936
27269,100000,0.11018,61399.03890128235,6764.946106143289,85.83088849093743,60.79446465897592,1.4118207796121294,1.2687593832121422,3.514463491497634,4.3574,9.1684,11.328600000000002,7122.288512548753,7122.288512548753,6987.210626965932,7042.469761977085,6837.396972046803,6718.282836578315,6764.946106143289,6517.566615952625,2238.6874956175066,3.7955805405221215
