instance_id,mesh_volume,mesh_area,mesh_watertight,mesh_sphericity,mesh_elongation,occ_scale,occ_n_points,occ_fraction_inside,occ_volume_est,occ_volume_known_box,mesh_sha256,occ_extent_x,occ_extent_y,occ_extent_z
24553,15311.210692549745,4742.960530840173,True,0.6286963934476918,3.2795339464682867,81.24737310587508,100000,0.02278,16244.15055949471,16261.468415776837,984cd9f69a795650836aecd9826ac599adae9ea7867d70bdbb6f44b7bef465c4,81.48540251927119,48.41914984166041,24.239328597504723
24554,33197.089859632324,5282.480276796306,True,0.9456118725154703,1.1915725382125544,45.40895313939521,100000,0.27243,33915.22490003594,33951.38185317691,c33c6da1c0fe7aa9ed58649154d03a424c7b623aedd7c2b54877be115016674f,41.6618276117791,45.25374675659454,38.169683998764086
24555,26164.836776665546,5852.127335511321,True,0.7283090564754594,1.389270623190329,60.27734650710963,100000,0.09568,27861.137635706273,27890.84033857549,bab548956eb6c82e1c7ad2091f3bac83afc6a0d7957a749ab4af26491e54e0c7,60.26263035806005,53.08114962186144,43.221329758637935
24556,27398.38480291825,5290.857400862153,True,0.8306945768110429,1.8890623720900541,51.70269591419046,100000,0.15299,28113.693972259854,28143.665924932186,e7a0ff26cd302c334d28c0c8500d47e9b6a3cb5974579c987c52ab95fa35e2dd,27.29033900548822,49.97338211041992,51.513354986770324
24557,10117.774412053921,2311.394692529263,True,0.9787385043750544,1.2693904136062124,29.355542396909783,100000,0.30544,10273.33713029359,10284.28951437232,5873235ecce423126fd5259174590334af0f7a105389209048ff4188212807eb,23.11318950928566,28.108505195478557,29.39137679924976
24558,63453.880490225136,11629.045502260236,True,0.6615746344796617,1.166708571810594,78.8182627196361,100000,0.10135,65981.11175078344,66051.45408148582,385b792667284d0c21898dd6bfc5dbe5020436e161fe257ab127217c964d9874,67.27261876656442,78.58734984057466,72.71831416442988
24559,68488.25312404822,13414.222081785047,True,0.6034797361720139,1.8213237834697302,95.13287046252486,100000,0.06476,74133.40443013703,74212.43790368942,13b527ab7d31d814bb2364049dabbfeb2fbc4f5488579917fcdcad2d11060764,73.46320050609523,94.52899970275297,52.23482072026816
24560,11763.157081256499,2650.2332417292446,True,0.9438057635656857,1.5763253569998539,37.447334552908075,100000,0.16938,11826.062290788059,11838.67003204146,3e6212f6bb5686a389a07dd6330d923ebec9434cec55f62189bc78ce04afdb62,23.505150667853187,37.12735000472649,26.970126203876667
24561,112372.34232684945,22769.310435624815,True,0.4945845381881851,2.1332502938429156,171.40965849071972,100000,0.01823,122069.68931224545,122199.82756282188,1eaaeab4279043361b4d719b15a27d057155229500aaab91e9910cfe20192453,122.53112306172542,79.8879487448203,170.9911778791701
24562,11255.240870873677,2595.5378228371264,True,0.9357502641011589,1.4700088906413369,34.060228778299916,100000,0.22101,11611.007575606423,11623.386047459946,da32cd0ba2b3f8340644e1d8fdc2a86454bb124378008566755fb9021777dc66,23.18357368991703,33.95212746625942,32.1393516181956
24563,34882.94401876415,6086.513380379687,True,0.8482508380556929,1.65676101368535,53.720281491222295,100000,0.17331,35723.48032002639,35761.56505063841,ace39ac55d77a3600304d5ae418e5008ccaa3f3f077989ac1a56040df7e513b8,32.48660577484317,53.26124588277679,51.09722087153371
24564,132219.2977505801,26341.12669104919,True,0.4764818271780417,2.690414908121889,186.37963382503602,100000,0.01703,146597.07735564528,146753.364205347,9237ab8220874de8605181ded13b9322c0f7eb96cc85ac856b0c5921dd2bdc43,70.48389960814961,68.34526611455178,184.83253725519933
24565,34873.453783964105,5215.46596471184,True,0.9897396818409933,1.2157769301778576,44.116579507755986,100000,0.30921,35299.96957795578,35337.602804616385,417e06cb4cdaf4cec0f418b4ba65bea992daadee3a493b6a78d4d4656e56b71a,36.39402396403992,43.96579041764159,42.12400938838712
24566,58344.47470796668,8943.721785728263,True,0.8133903197375468,1.2703471187547943,66.18533868476369,100000,0.15452,59564.21023716398,59627.71152205216,82a02edc422047f5fdadd145f0b9e0e89b69c4f3a01ec05b7720973f21316eec,55.89235510512636,65.862168085717,52.09510056632767
24567,69343.68923274019,13538.02054607148,True,0.6029300336441326,1.4929240079087662,111.24252768064335,100000,0.04147,75903.51400982453,75984.43459364427,3d7dd0c998fb3d15ade9c8f9210eda831f148ab6354b15f8034e8d40d556b92a,74.8497085663704,111.2153688604088,87.20697177308247
24568,108368.26214386795,20082.470165186976,True,0.5473541307258377,1.856284219669546,110.26920529050099,100000,0.0642,114449.27965869798,114571.29380584972,bf20cfa9904c12b1502b6ccd16233cf29f1189e41f22bb18c94193fc133a7ab2,98.31619573264395,110.53841721747975,59.33430870611919
24569,17179.813445493342,3257.904518612582,True,0.9883059306331894,1.1008552573563495,33.13981165735382,100000,0.36025,17432.890358543067,17451.475527937157,ed6acdae038fcc5e95cd9ba8b49b9ab852c793479227b977d3df2273ac231679,30.121952832111393,33.28544559530117,33.0265408167281
24570,48374.954077475784,7475.78602408854,True,0.8588308560735234,1.6861192254775212,69.85870847938652,100000,0.10931,49549.22349229514,49602.04781993157,c4d28ab22e3e1629d6eb2db8f74e07ac5d370572c8ecddca44abdcb19d474d9f,50.995492762052166,41.222777928388,69.53465685313938
24571,41802.88709969481,7826.36717047681,True,0.7442658470634358,1.6012409215628192,64.2828144153168,100000,0.12255,43282.59244411329,43328.735928976916,aa69be7b51fc33d271fa1171ce0609866578a834a56bb7be9895f8b31928cf71,40.20814710254923,64.03170967150697,54.442647267269045
24572,20899.879596209386,3819.3911486412408,True,0.9606956921695674,1.3268354951637737,40.35761231850144,100000,0.2444,21359.589185891247,21382.360601017677,0ad459b148670d13d4f85289f8ea0bfeb85a06a7e955b11f76344b0e6526da19,30.484973758164905,34.140411787990104,40.33790645311155
24573,7837.40234927399,2337.7505148519,True,0.8162077704160496,2.6269078664397005,42.23665181171981,100000,0.08165,8179.748317083284,8188.468730333606,0551495b10d0e3fa2c70e914f93f51deca3a12eec10001578f1b6da1443d350b,16.23058836710131,42.23665181171981,35.14221420272
24574,29831.895911410957,4721.62247252948,True,0.9851751196861273,1.1764598331916534,41.411761672664,100000,0.322,30404.80981361318,30437.22432028184,75eafe1306931606a49273cd80e50b9c83dc58a5141a03ff5c732e2b535bdee8,35.35569593977198,40.04687206675345,41.43198225941823
24575,6351.776750877992,1682.0193928139984,True,0.9860901242789664,1.2162124024808847,25.27888387548795,100000,0.30044,6452.778231156408,6459.6575250670585,6a0d4a21cc582d704c617de255b03655fb2315b0e5f9e7627b5a2a3152631981,20.736584429111208,22.976876139756257,25.241854260435968
24576,14074.219187242657,2942.5498327747487,True,0.9580242557283659,1.2562155435260962,33.292053191560285,100000,0.2909,14271.866098318844,14287.081306098598,12fee4055f9faa7d2f2856ff2722b496a31d91cb2065468cb2b8ced46a608ced,26.58650048574065,33.32456496225517,32.49551480953565
24577,14096.900491717914,3028.471706684226,True,0.9318435995906417,1.1658643870896186,35.31604007547901,100000,0.24548,14376.309673833477,14391.636228699299,cc0e2d122c4f459681fac9dc2952013b100563438cec9afd0e8135fe637efcbe,32.910479728540864,35.16084263374106,30.203146578223382
24578,29703.1025135196,5426.192485988264,True,0.854784827731059,1.9202845990269823,58.330757778558564,100000,0.1175,31006.020045868987,31039.075501558626,81ee0cd6ba1c7e80ef3a6ee66a79eccaf2ecf2067846998a8b0d4163aeb44ac5,58.58709411645262,30.148001517873166,47.151645264845556
24579,6249.464976383737,1667.2698389800103,True,0.9841020194138717,1.1757930712247544,24.349794983757775,100000,0.3299,6332.621689541304,6339.372884804293,d82849875c17a375debecfebed36923e95eb2a725a4fcad4c10def51ffc8fa61,20.729427516690276,24.361684532089686,23.11328195723883
24580,14850.527119075989,2973.5319893651267,True,0.9825909404683448,1.0979413957902846,32.18609600148373,100000,0.33941,15046.824041243148,15062.865430129217,aa4ce7b823a7aac0b875d5cb3a41c520185b29c4e6729f3e6ccdf661517852bc,29.451535110732674,31.94250006006625,32.107516665542605
24581,18754.81422681741,3552.742334713298,True,0.9608647423741822,1.295467732633651,38.227878039005276,100000,0.25832,19187.301900873594,19207.757444888903,1bc61087a11035081c72ed815128f61beffef20dbb1650e04135fb0495185d1b,29.557541442756275,31.414804072092714,38.283875907226474
24582,56931.31447467371,9859.409627340727,True,0.7258842189901722,1.3046849577815305,68.28232113654576,100000,0.14014,59320.1502106819,59383.3913036661,2d74b8418b30626639a29ca9458f0cd77ff67ed2a44ef965a606fc8115936846,58.09665262716358,68.39901455645685,51.978583326110765
24583,75248.05258896259,13347.741304400713,True,0.645763043193927,2.198528497404045,101.45246296796248,100000,0.05789,80372.3442739743,80458.02906876219,f0554e14ec157d18a18fa954aa01fde5111fcb92eccb739ce2b600618f747311,45.88395694534924,100.88278361047637,87.63154638199492
24584,13020.96940947493,2939.716800237461,True,0.9104878943234048,1.1716182528273054,35.565277454912774,100000,0.22084,13209.051803383689,13223.133946978473,5c5fe1ad8bd28dbe24e43a960830aef5af909f22661323845fa63937e4e4a838,30.19922729203775,31.953178963398194,35.582643313045054
24585,8805.028438170864,2080.1055998416573,True,0.9913322844743708,1.0844013769964522,26.358032390799817,100000,0.36714,8938.938868477091,8948.468653249278,a9b738cbf9779c51e625e71bf4722bbb5d883308f3b904f101f3beff9c01d408,24.369596841786844,26.390207723308116,25.59225947710226
24586,32277.32025096292,6056.57571558328,True,0.8094473789422892,2.0740267487433486,71.02176098570385,100000,0.07018,33427.42898334674,33463.06589824079,70a06f7601937108d631bebc8588b5d08946aad992719e59ddd12bda48017927,70.53626066646564,39.4642402352202,33.91566515821209
24587,58079.493635618164,12813.09265251179,True,0.5660377189162942,2.276637102898952,121.44398463313513,100000,0.02594,61775.07736026437,61840.93564615159,5d14cfa352ac55a65741a1841138781f47fa6b2feb41fc7e5f1baaae17f0e65d,121.71082932593255,89.98596029335086,53.84332912445639
24588,17678.948853930397,3385.375429878033,True,0.9694265570022196,1.322399742419065,38.02802023798017,100000,0.24618,18000.27823122924,18019.468291694702,e14af07f4af1e19d9f5c44e2fa6a257f9d7060559b1019d5b95372e610698346,28.697414686424978,37.87018909929715,29.60726478000947
24589,25082.0423859147,4474.470438934048,True,0.9260854897200189,1.23939525614676,43.23428995128606,100000,0.23981,25767.22105184181,25794.691434446984,81780483dc8d74929eb2d0570dbaf59b53013d232aa3c33b7037740c1cb14360,36.42615591354692,34.9273109005873,43.002074526743016
24590,25581.215618298495,5312.1672227177105,True,0.7903628262197254,1.0982285818085133,47.49751822502199,100000,0.18691,26629.351685431364,26657.74118377328,b53a3b0e868c32301d5a624c16aea0d4d81318f6ce247e8d6365e245e88bf780,47.659863258017666,42.97504944871374,46.9061184619663
24591,24672.978339381178,4209.608372185543,True,0.9736214835991492,1.3246845831296825,42.872226730469166,100000,0.23855,24993.256424645748,25019.901685116518,4b8fe6ec221cdf6bb42fac6d64f5bf92a40f39312335c2aa2a0ec71ac2f44c9d,34.17427252807174,42.673356538115925,32.35304024020512
24592,11259.546778445401,2778.9171777938623,True,0.8742234683057707,1.8505673450040603,43.44885008927878,100000,0.10483,11432.356224497398,11444.54423650436,37aae1cbf884ce939585617e718e9abc5490ef7b7017cef56d8306e0761b921d,27.601051741285005,23.60197545132941,43.33216616569918
24593,62606.11940436475,8292.593234367761,True,0.9194715265739872,1.681842069368857,69.05942031126465,100000,0.14854,65047.03524715928,65116.38176077739,e0a9ad7a90a2d9adf03a3a3dc8e4ad4959b55dcac62df7c587279d873f6882e2,41.29065438044119,69.07628052130158,46.63534096214795
24594,28306.398026048755,5935.651004410298,True,0.7567263193522482,1.2612118086330344,52.45312611288716,100000,0.15248,29257.84362219345,29289.035350509334,47dbb7a01ffac18c7714e82d3bfafb11c25879d88bd5c3ceeeb11d4e5628ca9a,41.708943298260124,42.72061247866006,52.17139545505427
24595,15815.475989640137,3077.459159582283,True,0.9901021518782079,1.1499285561613721,33.29516265160892,100000,0.32876,16133.838148595667,16151.038401038119,c99f3f277fe75f4be2ebed8719c7ce4abbbbf6f87cf7596238b603f85fde7807,29.0519803019654,31.67755098958007,33.20574693159727
24596,28606.664551593258,6276.240384924868,True,0.7207135784120459,1.630054877427808,67.24511582589773,100000,0.07548,30516.128221466264,30548.66140446595,6b0084dd8c709413280f6b33dd74298ce094794418d19a093f84d5b805efd866,67.11377770905027,52.8964265603131,41.22375142549541
24597,31396.059550280454,6019.115292488504,True,0.799591603975075,2.054350821932174,70.0549062539335,100000,0.07101,32460.1470563524,32494.752753927016,d5cf3211cad78ba3d96c04eb29070e993cf1f6fd45f4b4c6daf797e8e1b122de,42.94625722744801,69.69573803339333,33.753261106478945
24598,26739.411083590356,4568.689765671346,True,0.9465139402336545,1.536954864585416,49.32191813717694,100000,0.17311,27615.781134520537,27645.222263316697,52bd25ec65846107787198da1e04aa47e7aa433a715cbdc66ecc7b54897b7297,32.11463761519798,37.55738834713253,49.273752201496094
24599,23060.63212578102,4940.2658353649485,True,0.7930756407397416,1.7929931520554985,55.51603454171439,100000,0.10555,24012.028557555557,24037.627732968205,025a04736df1ac589b4487a586b8b697d0712bddb4bfc119da4a14405e46496d,55.24496015430367,31.02446363915631,55.177191557450996
24600,76810.29727082288,13152.426391508168,True,0.664392225519448,2.4564346490185764,89.32799319983803,100000,0.08461,80186.2177498656,80271.70411554001,6be2dad1499dc780f6f03af7029351ccb49bc82f6e55e6f64b733fd321cfc27e,89.19714164729922,76.11198639341669,36.507583158332245
24601,8435.09882938012,2021.6349598419702,True,0.9912309080996023,1.1304506172364865,27.189377567927185,100000,0.32099,8578.36658472296,8587.51196410771,59d66f92ba1e84975dbe0aa2f0e9bb95e8e8c2b26f6604f9f566099466019b54,24.076140732146456,27.116359219966444,26.352985582195046
24602,35404.40778586638,9231.316887118672,True,0.5648398832472926,1.2666988331938451,83.50799251817331,100000,0.04964,38435.38231643459,38476.35820031761,6881961b2f49b445e6cd6111b7ed412dee65e53f36054c2333a69a93b3fe2dd5,83.22256480937097,64.8940283655629,71.07149949178519
24603,12400.866063685637,3077.7798189814985,True,0.8418109839072792,2.2737270617870227,48.117874610301214,100000,0.08686,12866.322557944202,12880.039318578867,80effea6fdd160fd3108f8f0aca2e248417e045f099504d05e41443fc23bc7ad,29.87396365576074,47.75370124288927,21.315889521579965
24604,105403.66852167629,18842.90250151777,True,0.5726731320038818,1.2671317261289816,122.91197262407167,100000,0.04504,111197.81401385787,111316.36178001683,b8f6dc49dfed38cf1f25e251ffcac099d928d75ed9e7eef72b57d38e7a524eef,115.95016167466136,122.37183211937605,96.98522839868156
24605,29985.098455425952,5024.46965545736,True,0.9289611452385185,1.2510573043876596,47.181077972508746,100000,0.21828,30481.25361445541,30513.74961770659,b8d5cb317a205aae3de98de1b7b3124caef23d2e640b9745bca1de9c11a5e78d,37.48223333069909,46.96222043308549,41.30648086167392
24606,23374.4622132809,3985.12675999302,True,0.9920564904996171,1.1168318548829816,37.43486641316581,100000,0.34074,23766.612412833914,23791.949950587645,646eadfdb25edacd49c1956b7cfb36c2a525b3038cc9315c01e52d1051722d1b,33.53235470456673,36.356420554583394,37.26121835119068
24607,25586.555185710924,4403.951517961032,True,0.9534899970735711,1.2976366180856167,46.093780645310815,100000,0.20163,26254.1186701656,26282.10813334364,655331444675d3c7c2f068ff5b7ec39da5417361eadb9a538f6e5b44f9981a1e,35.481858001627195,46.03751382323402,36.32586033277913
24608,8859.825185726077,2203.2878498376595,True,0.9397874768776349,1.1065285277864174,28.283848991946442,100000,0.30088,9051.574945565451,9061.224811433174,173599adf5e5508cfd56bf872f78bd6e99f1a1a04108d8449da8fcb2f7ad9e7f,25.494133417545477,27.061622119003445,28.207891389673147
24609,12589.541614839814,2640.576545139507,True,0.9911178738573654,1.1051754056161294,30.112093789908982,100000,0.35264,12801.761673037114,12815.409605442048,3e1addc0d576404c7075fafdac35b593a0db50984ee41122628329c5c06a9e0e,27.311139753298797,29.457802689493477,30.163554887694467
24610,8718.653211570008,2672.532035527329,True,0.7665270298348129,1.7975455738819253,47.07864728579858,100000,0.06611,9171.795988392354,9181.574021672348,273297f356e09405c24cf986aa9c833090123208e7235b6caa00d6241da24383,33.1826305454347,46.71084535387827,26.148418597458928
24611,59782.476603022915,10514.771472555301,True,0.7031806121180737,1.9512239811543945,93.45398217806675,100000,0.05815,63104.22774804877,63171.50303849457,ba03cf7e3b2cbc0f602cb842609f2bf77c17939f5a0784e1f997fc36d11e36b0,92.56416154697678,47.70807537459413,90.23693835797218
24612,23480.013413612574,4336.302311847894,True,0.9144573737191769,1.3623407929490243,42.984649686876296,100000,0.23033,24322.375237667908,24348.30527305282,71e354a191715771fca42bb140486f3484e23ed34407a3204a2fe99abdabb6b5,31.54586351531986,42.522900520318046,43.037121183076096
24613,52120.078533578344,9938.359586488736,True,0.6789526054501667,1.2598857996409982,67.24738862206283,100000,0.13467,54451.82431830786,54509.87529883714,ac0471960562f7981abab65ff2c6dda5ba2882763a34805ce50ae8ff145b8437,52.78328965330371,65.29366810301363,67.03395696872131
24614,8128.859848402814,1969.5600243444405,True,0.9926618410493419,1.0734615002622603,26.10720441285653,100000,0.34505,8163.538441748898,8172.241573683679,9b383f307b770858059f0226c257b3ba96f5c5a966d7609d5ad149da64320743,24.34802755300585,25.62279339347736,25.96698017040466
24615,20345.940898719124,4410.659185871666,True,0.8171450282395288,1.8174363782735508,59.2846660259536,100000,0.07624,21121.527462746813,21144.045080748387,8459157aa2a857856332a2a0bf6b9ccb14d1f74eb38f0cb01de580ceca480545,59.197823253454644,34.766056590415175,32.63840866419076
24616,58962.316541732325,11208.895715350161,True,0.6535883782100893,1.4622039680654517,98.45615730820768,100000,0.04965,63003.285680342364,63070.45335665253,658301cba244f3e8ffe65be197e5c1279914d62ba5fed6df790972e6593ecfa3,67.40016237602889,75.16416110907359,98.14367438706347
24617,24631.904118246235,4439.994743256271,True,0.9220765814930946,1.1041530895774025,41.43503316503792,100000,0.26768,25318.285778431433,25345.2775520434,f5b83c2373f4115b89a528b638a107170bed2f5aed5905966d891150e5c50296,39.16905478882491,41.47549706461316,37.51003490624039
24618,6801.585870420287,2071.180995857462,True,0.8381843135956609,2.276516506358291,33.13399093586641,100000,0.14429,6978.671928268859,6986.111876393646,09a16269d9db9c6146e1395b20dcaa292729581b972219f52b8fd3e4025d0aed,33.12590158261058,14.572969890371908,29.90633898679153
24619,34928.90798499755,6823.658465045117,True,0.7572806298024743,1.099070918878559,49.577478947205705,100000,0.22259,36064.030981957854,36102.47877294651,3513cda48f63684e947d49110e15e340f7728afbf98df1aceed183c627d7e065,45.01431743277783,49.698517714166655,45.51057637731774
24620,10925.376765341096,2455.531239327978,True,0.9696826148458987,1.1844116925027464,31.024778169341403,100000,0.2796,11101.419740699312,11113.254941985631,f962adf2def2a4654ae4b5e172ff3c515a4ceb76057e736d835dbec9bacc5e46,26.63162110434677,26.048391631925064,31.130819891599895
24621,121052.25129459992,22390.90899320924,True,0.5285194570817083,1.5153266650883077,162.2192164578963,100000,0.02361,134004.13101751026,134146.99255241622,7cf2d259906960dd3d49f99ed8b77bfa77abde6715b972d6fa184e879a1c8e34,119.9218231041284,162.85288527218495,105.38704467638233
24622,32379.769090034315,5487.708009598042,True,0.8952458037632333,1.2291866777804443,49.460547859807235,100000,0.20629,33187.17193363906,33222.55271097498,4658ed186d7c65f3dc031033ab28167006c71774728c9e9e495a4ea9a0839c99,42.5896856204932,49.37602055633589,40.01764052915068
24623,17569.038330459724,4215.583920648633,True,0.7752796396783219,1.4685920431016495,56.34767824923212,100000,0.07489,17814.236367282683,17833.228088890683,8cb8cdb2b7c742273bbd4b1b0c8d677ac99bd11ca950b96ce61b568d627751e4,56.56778636739319,37.44589360215083,38.42262337649055
24624,7339.345540051366,1956.786468376603,True,0.9333522484219771,1.165106977684135,27.432889440562658,100000,0.27373,7513.674181939641,7521.684494892419,a56fcbebdd6a9106e30430a06e5b28a55be7455cd0a152f26c157d58b69857c1,23.54165194911566,26.019720575338358,27.258754888449715
24625,31495.85856329129,6127.527486276036,True,0.7871082977660706,1.593899217930318,56.22746175028901,100000,0.13578,32091.982179520615,32126.195377259577,f9562902ec8f47861333c051d6cc6ea490b915150acb9c60bdec21beed925ac5,45.68481267210983,56.145097304365734,35.430439154662096
24626,47527.584658650594,10205.789812583067,True,0.621729299114489,2.368085506624089,111.36242877727295,100000,0.02773,50919.162716176004,50973.44753326725,f8fd0a7ef01bf059a7f83959fb120329983336142c50aea081f427b8f686647d,45.97506520077357,109.70395510651767,52.622553930276325
24627,9873.210410116493,2250.1374695808895,True,0.9891162445685142,1.125866604961499,29.1710846172096,100000,0.30294,9998.380350029181,10009.03960323677,f7eb2d3aad60f9314885bd27c01af35220201251d52472bf3a414c3f45e1b72f,25.89503507523782,27.2410641261784,29.057135067923625
24628,10311.22072559583,2683.440235258597,True,0.8537530200768257,1.840189291800927,36.11532302075028,100000,0.16892,10579.639884518856,10590.918817348605,2ce05a4994803483f58dad463e2de96840bcfe339b1c317aaf18e531f428c850,34.05209411770937,36.15940910842209,19.68002953669791
24629,43475.80693996206,8587.944906180388,True,0.6962416117105232,1.7244174040914535,69.37806319799802,100000,0.10052,44630.761450623504,44678.34221575696,391507c863750c17c07a31c7d856a4245ba3c9bcc5c9207da02a385cb7a7aca3,40.024502767790366,68.59891502731737,65.26212829635897
24630,24176.63192948053,4799.466841798532,True,0.8424710668091921,1.6888583613463128,57.99013962528795,100000,0.09741,25256.973480034925,25283.89988872873,4aa66675f00af0ff9f0f393eb3272483f75dca5f5249733fc34714dd24bd68e6,34.445803151446675,41.963567834314816,57.70698464664885
24631,12890.614467963787,2685.5995718149243,True,0.9899773962589448,1.1128405656208689,30.39162760050434,100000,0.35095,13098.52596761074,13112.490279834024,43560a2543f9fa881cb834e67b4ae759a67ef1bba59d839b25063c9b073f0c9a,27.401435724771126,30.235811150404096,29.99837655977516
24632,57720.495046234784,8209.992585215736,True,0.8797542855077746,1.1577025415167017,57.16483021066071,100000,0.23492,58347.47243422147,58409.676557382016,7fde98b0a70097d4163a99edbd65911dd3368f64f7740e49f40183d4c037027f,57.24856775491462,49.29350105079435,55.21095417806977
24633,35411.27221981608,7512.609590642491,True,0.6941515920877377,3.1822018819334543,114.79160445975756,100000,0.01884,37890.17215120555,37930.566787626594,9e2856742d89e976e59872c90beae88665c448374d6573927654e80708e31a10,47.306696369157905,113.8947950499157,36.306768451566384
24634,25999.54033264292,5480.8862541050985,True,0.7743615524666302,1.9320327359598397,56.328323947588586,100000,0.11351,26973.04098048323,27001.796885292228,e73b037999553e548329cc19a9b57054f4061b05d03609627c885aed8db37b84,55.902010948961816,54.265519115523574,28.81050748784133
24635,127289.07816302769,19070.001543370723,True,0.6416932788771337,1.1540042899468248,119.4496539343919,100000,0.0583,132110.86738811948,132251.71051847306,6880236590c1acb59a6d143b5479d96351e31146617ad4cfee39249feee3605f,119.85792911873799,103.43943420539259,116.27093999912609
24636,39801.754157573305,5808.573489710909,True,0.9705459716469765,1.230582589150516,46.88776238576355,100000,0.2964,40623.0028630467,40666.31096480024,80a606ee0e8a2cab1354b3d92543722453e3418f63d6f8cdd56a2874ad7f5e35,38.11920135366031,44.91884267620512,46.750395894399006
24637,51049.099224561614,7590.883609179253,True,0.8766990060952684,1.945545642419846,73.58654136163997,100000,0.09921,52561.27901373731,52617.314487714895,8692209538a48122d3cc41138be74d143c67e57b85e5463ddf93c4e35a4bb7ad,72.93978465045367,37.94306038959561,48.20134044757814
24638,26991.508981302515,5425.9793796892845,True,0.8019687187491998,1.4258329095707232,50.15878742239448,100000,0.16447,27595.805860585435,27625.225693782177,dafc301a28327bd92b8af3ff2a960b68f6e7904a40e26f338a7536c5a10100f9,35.07196464300239,44.782882227464995,50.08531263613121
24639,28655.425171056737,6002.699580091895,True,0.7544122880458356,1.7551570791627376,58.076741629132016,100000,0.11537,30047.955102241,30079.98916681867,46573b5ca41f56d5fddf0df0400eab28c5d915b220c79e3b4119f8045e36dec6,42.87696940588262,58.090920521131316,33.15024949436295
24640,7619.042930242988,2128.2551714076353,True,0.8798204270628499,1.2095409301548818,29.08789566667501,100000,0.23709,7758.2800046105585,7766.551091339547,6a1a86b7753403451dd290e44e7ef6344a3daf48e1283cf6fea51f27e6496c99,29.102098740731,23.98899208057329,28.257015834399382
24641,8345.220069890793,2135.203140116268,True,0.9318302129674451,1.3598073431507638,31.58877221240661,100000,0.20215,8472.026113186417,8481.058123208075,e192ee23b214b0d89d65d964c16dabf811b2b6302700609506b63c3d05c89ebe,23.313686132349893,23.205716696077026,31.68131744349764
24642,17292.343729826403,3422.5607887618407,True,0.9448630385856134,1.5990042507409796,39.12808857881268,100000,0.22228,17704.41530827057,17723.289949868158,7592d8ec7713ba11013cffdfbb66a4bfab324c8958cb31623e5fbea2e71f47d1,32.35518457432582,38.8988224347962,24.464608117758615
24643,102584.86076406331,23253.906595325832,True,0.4557329010225617,1.1432196603251614,119.1312669685056,100000,0.04978,111904.48053769134,112023.78167961192,8beab3b00ea5ab7030c97be6dee0fcabae5315e8ae9831980ced4a38d6e04567,119.21852131442981,103.83267164979614,109.96956064646477
24644,102756.05165226012,21314.26488795508,True,0.49775852248494645,1.5745557433528707,139.1085594153847,100000,0.03206,114746.74613338086,114869.07740894378,b782ba2e8f32df32a5d724e67d3a7df8b0dabf0559d302cfcf44222bbeb14be4,111.46345019562806,87.79190090057847,138.08969789622904
24645,14231.561522031598,2908.825234018729,True,0.9763410102375989,1.1127873459891027,32.4665562222698,100000,0.32026,14572.252078452808,14587.78752712261,f0cac5adf1713867172fa430a4114960b0a6e6ebb65a46f76965b4f1adeb1844,29.53378625101984,29.121613173979313,32.42692419563129
24646,15041.356758840395,3409.564481335834,True,0.8642576341449205,1.5175540777133447,45.47479220999233,100000,0.1238,15479.185907069515,15495.688236072261,a4538b80060805772638be6b1407ee7a6686ecf66af89f8f4075bded26748258,45.408178744840974,29.95385482972639,31.952258784267073
24647,5657.52430423388,1574.714633085226,True,0.9750642047640473,1.236330280154891,24.15212333696732,100000,0.30875,5783.466460385256,5789.632202361522,c62c6baca54732ba08c0fcc6125feeaecbaee5434f8a33df8cc117fe859a9536,19.546945522960613,23.42095554063335,24.211088481832967
24648,18746.356103058784,3453.6403791426833,True,0.9881394833270005,1.1613493344568262,36.265021034345494,100000,0.29849,18928.181369593985,18948.36066573139,c587facb6eb56192098e72ba4688068b89c1c5d1d82c2b34154b9d308ec1449b,31.395450338815703,36.10565326612816,32.874029077276575
24649,5395.32552098249,1496.7837145079163,True,0.9938866189004609,1.104320345486818,22.476274965597387,100000,0.36378,5491.957017004019,5497.811981348241,b78e8ba9c0cd12b2c4c6490719c8cccf060c2d3574d23334c452c5c81990eba8,20.41851053393259,22.542123427410658,22.020823104722243
24650,12275.989714555179,3220.216070886389,True,0.7991656132648854,1.1237658657244616,37.29295471942254,100000,0.18298,12618.255195533678,12631.70749205156,5f9dc733978824ed971121f411f3c03cf03c2ff3ac2c2e7a11c6416900831e73,33.18672362116581,33.223142522258996,37.34758307106232
24651,41088.66307441124,8615.57370812105,True,0.6683663799309133,2.2606311490497606,94.8516110130115,100000,0.03781,42899.883593802566,42945.61907352964,2de89e68830908343e65a405fa39e6144236b0989acb59b36ac7289fe4a9fd69,49.27837603410363,41.08075144948302,94.6895110918467
24652,30362.009309390374,4932.212781679644,True,0.9542510787106485,1.4707291004110457,46.289575479001485,100000,0.23692,31243.99929069667,31277.30845558118,022d74d1335166f06fb48a96d16acf4094952c65f289c9f6267835ed8c15df93,46.37998480610891,31.518951662825963,40.23215056280402
24653,27722.286317946233,6155.06206259126,True,0.7196771565990109,1.3130748618290864,47.147940598570756,100000,0.20477,28534.47030457616,28564.890846051145,8be8e3a77bd63121d298332d3277efa41bc21f8c0c0a3696d456aa66c968f1d1,35.86742746707678,47.078876232459564,45.386799262735465
24654,33203.269116397445,6062.480963886854,True,0.824051397386147,1.1691809042332735,49.45444393107353,100000,0.21153,34017.56630785616,34053.83236696645,1290537e07c76f76238cf833d19602beff9d201dd50d32d8d02b01a6db8c826d,48.05387862443179,42.294657492810195,49.333705542569916
24655,24457.977909822624,4111.336000065114,True,0.9910940123197083,1.124794564568184,38.057278230047345,100000,0.34074,24971.900545598863,24998.52303860989,096550de0a9de9bda6c138b7ac2105781b7c5d85a86211f9352af228f096ec6f,33.82043280209285,37.99223893619717,36.487043849950176
24656,35608.724809281586,6213.64534218534,True,0.8423810931790303,1.2006716820967143,54.41292861012083,100000,0.17105,36639.09041060303,36678.151271293435,d9e2f46153e4f41231d5e84b387ffde5449a9ee93dfaeb2954e05659799f7975,45.6319359804114,54.31993776532814,45.22011938204377
24657,46898.1225032172,9444.131401006658,True,0.6659256469456677,1.4338868889998813,79.09595578330462,100000,0.07476,49186.67092476887,49239.10873584131,ba0e4b871a4399594d38132db230ebd923b7a4638e28d85e1455cca7b9e26bdd,54.89985407517945,78.70974506170646,58.2405768170036
24658,71211.91895579566,13771.73031716732,True,0.6032964097559497,2.1956922869342015,119.57164995673946,100000,0.03421,77759.42527338487,77842.3244404748,2113e012650d881a308fee82460b49bc7c690c90867e1c5f85bc1769ad13e4af,118.84184252292148,101.64757938216964,54.18090388664757
24659,21213.078082525306,5016.055262812031,True,0.7387955524108474,2.096550948110806,67.52564702174716,100000,0.05394,22081.700057918606,22105.241313995208,e462dc1675611a900dcba665234f42bd4b8da43ef81ab897debd777f6eb98e03,67.4761897607449,31.735075809781076,42.84647378162131
24660,78514.37439801489,15502.853636032181,True,0.5719682574149019,2.506210851432907,118.09717121648458,100000,0.03832,83918.80429716768,84008.2699658626,6788ea21aedabeaa8053508e6b2e0ae8cd50b3e7edec51e892ed2334a54efb4a,118.09717121648458,46.23262061660964,92.58057050198536
24661,22225.632431136662,4878.02868433858,True,0.7836867904293123,1.4698983340533593,50.19148424856199,100000,0.13744,23105.669886618914,23130.302794873067,9746c7630ba448ee8cba206d638c7b04fb75008b512e1c1aead6f7bd4d73b508,40.16789193525054,34.20030091253333,50.044438884552534
24662,16962.05536418809,3684.2793023402073,True,0.8665305843033396,1.8856457975843801,42.34621082390508,100000,0.17264,17430.120720353665,17448.702937042042,903ee3065ba0619e0c0d0e707707267cc3819c39f17ff937f320d40f181c67ae,42.20147279862806,22.486086069822647,41.146952900181205
24663,45246.24555770885,6181.848825061199,True,0.9933160272666672,1.1115871915937363,46.040596633865434,100000,0.35662,46274.72283162045,46324.05622067997,6e78583c53c0591c9436155fc30a4395d6796dc34f5b254c56df7f9e99b1435b,41.319637018088216,46.06307739394056,45.52353915213746
24664,67724.48332506936,9901.57995540258,True,0.811478017216448,1.4830892924466181,71.3739518609714,100000,0.14612,70638.94363560533,70714.25167152399,e24da86bf618c7b4c50b45fb532f7c2407e22e1bc96460d41ad37db221111d99,48.12862671875074,70.99059567421814,54.22747514437086
24665,71119.58153511811,12272.836593838094,True,0.6763922678858192,1.2679324070242748,99.044996150506,100000,0.05749,74268.598511279,74347.7761149698,d99ba45a60df85c10c6b56fea296502ec68d6845973fb4fb7230b321a66f2c2d,77.45144596437274,99.23844340861245,94.18463379058127
24666,38029.08103162132,7126.831852821567,True,0.7673582488829618,1.5407168832681664,74.18812079039887,100000,0.07394,40141.89393226711,40184.68912475595,eee07a7015a006b5f4f0f14120c63e2d772150bd9431016968f97f9b5fa079f8,74.00699744862544,50.22550267377346,47.9071238990735
24667,14537.720207092956,3228.223877191582,True,0.8923146361426777,1.5799249772566042,43.47663167261345,100000,0.13706,14975.926471341869,14991.892276471077,6dc27630b46cabb42a7a21aee2274304e825a0d0a26a1c605db38a289bf5dd44,43.487246084642905,27.491327156266806,29.13656102083103
24668,15670.683598411686,3391.186839060485,True,0.8930128352923536,1.4930046403077195,39.15681668051451,100000,0.20085,16032.796170123413,16049.888701915577,0a5cbbb2edbfc23317d479e82c61b40856945950a9444e735818c524ee8cfeca,26.212888510246778,39.02297990475104,35.03655594093888
24669,8307.066662811,2404.006059843734,True,0.8251135075943843,2.366454752853312,46.04927922865825,100000,0.06621,8596.217597097168,8605.382007410353,dd5248a475ea89c91d834acf6fa7be0fdc9d0d05866eec0ea0f1986a8734435e,45.82442923242458,22.16458837873529,19.539464672707037
24670,44655.71852252905,9312.567280545576,True,0.6536311716664781,1.963913675992785,93.16510827906723,100000,0.04411,47425.53497386388,47476.095241436626,c62786af0293ab64ed468d06fe424dba9d1fce9b5c5b2ba171ada1c92484a55c,47.51511503783482,61.68549161446052,92.46000125840047
24671,40723.219985718366,6503.139865848798,True,0.8802156853786123,1.5910704933511501,56.47487738832487,100000,0.17278,41378.49221344504,41422.60574087753,19732e552be4dfb60253cc461ef8222634c8c0ae82fc3348a422bb4ce7e4b824,48.050524340408245,56.22669677480195,35.310586179565426
24672,54197.034228805365,10257.803736476842,True,0.6751704404139466,3.158310079263049,86.55184532739605,100000,0.06671,57508.923384816204,57570.23353251953,ee4c69de5cea9dca5b3243c76ba1e1e52e636e98fdd8a890355be09b09887165,56.12346220448338,86.40392957610412,27.52289515110678
24673,5993.000844991876,1771.301702271333,True,0.9007849961426906,1.4477243559612383,29.14920985418721,100000,0.18526,6100.667026703154,6107.17093556601,48e68e1817bd2da147fc0fd1c51fd3de3b38154efd56b8eebb7b1a27ad26a7dc,25.3561119898606,29.163442866811323,20.132596356810453
24674,19368.03761303575,3553.185605401317,True,0.981574596902017,1.1676107387983716,35.52164609532454,100000,0.32829,19563.754516957724,19584.611396350865,08b6f5581aaf4c92482525deca29dcf92750a670a18fd6d6abb80b8893d10501,30.413675013745888,34.715124345601595,35.59102431035447
24675,24625.46826421223,5276.631925553578,True,0.7757414341586687,1.6420809130069982,62.29553762469199,100000,0.07855,25248.309527798843,25275.226699870567,928faba6adf7286bbca38ac78078165b1e0ee2fff8f09557a83d61411ccdfe28,37.90050775408506,49.459250086791585,62.006569066374325
24676,17939.05821242567,3732.021453537905,True,0.8879866138688244,1.6264418346448897,45.00096787934078,100000,0.15317,18559.000265820643,18578.785978724878,233376756f4804d0e856a198515d4a6f6be66e8742c78a56b2d90e04ffee8d9a,45.09984695915377,27.631209525522962,38.00252634146479
24677,33284.719326385006,7315.693986095686,True,0.6840038189443342,1.676908964089245,74.18382763867376,100000,0.06442,34967.43170028264,35004.71040897982,1b0edbb74e0a7783bb0ba257d21b97852140f0d604b5e3476b9598eb69ff14e2,73.8759357759156,58.825457072854576,43.97420251628415
24678,14199.032739575514,2952.58102963732,True,0.9604058714408763,1.12274901601005,33.14121112231399,100000,0.2997,14504.647227891048,14520.11060316546,bc968c8445abee31ac0d4f7b55cb98a4b114c4e66ea1f43c707c1d573c2fd9c0,33.28685121025384,31.304527791072466,29.45166222783763
24679,30874.702134058967,5816.012997741434,True,0.8183277406635743,1.7410635374414762,61.4606282448582,100000,0.10464,32300.111267324257,32334.546351065655,c401ce58edd66fe49d96d692a383322a26316e82e6fdf1df558bd479595feac8,35.171804835436426,61.13051744862116,44.74501792631034
24680,59464.86869971679,12198.345485171278,True,0.6039813167665098,2.0847248919198704,114.9153814064372,100000,0.03301,66603.23355124703,66674.23912475121,291c51f5e88958cd55d93a18450608e01058bfe6ecdfc12fc3fb53d00f1dc8b6,114.27010460654755,71.62572478775249,54.69422266890852
24681,14085.202861869155,3715.039980106406,True,0.759211369980239,2.115495011907122,47.25870113060978,100000,0.10426,14631.146734676317,14646.74497082082,17750218e0bd3c8a0dee3f609ef91e489dd18749228ec6f7a9946ca0fe7ed823,22.239049421203696,47.16639897996406,43.71660609958018
24682,6703.511250156592,2126.2237307268224,True,0.8086179763329365,1.2513222045095678,36.026128353187886,100000,0.11251,6994.540710553548,7001.997576355255,17060bb8a0d01dd17db07aeebe9e903a8b70f560177e398b515648bdd6520c04,28.76109368040146,31.76913467082877,35.797446874383475
24683,71983.18127098729,12333.458779051107,True,0.6785053274647938,1.5641014500481543,92.05998048983497,100000,0.07285,75571.40443054234,75651.97095300675,a5cb7096be57ebca72fff7953e7402723d38f6f34a5261a8f7c152cece08af36,58.25670640372368,83.96877126709556,91.61046886634946
24684,12996.408410763412,2927.859398897618,True,0.9130252906156587,1.55696087165187,34.4141502175635,100000,0.24432,13239.923371094737,13254.038426805855,b17118282ea14ffe21e44bcbd753ad81ab0bf019faf8d0d8afca1ca7627d025c,31.53230121252828,22.22300471812877,34.46456157042126
24685,36951.18462767841,6864.9487863525865,True,0.7815061503703439,1.2884726298418927,53.16489039414937,100000,0.19078,38117.36884713838,38158.0056975006,87a0169d2df1b280a9d34168c1c3b8d992266401e45e71e47d4fe5883419dbcb,50.38723254640816,53.1389309750116,40.9509836898294
24686,7603.270173655966,2242.580436862647,True,0.8338150131684338,1.635785808075588,36.14017872104944,100000,0.12621,7920.998956856092,7929.443517933216,18bf60de4d8d5d8de8b440ac61300515eb22d4fe9f9cdb457d5d5ff51c31d631,22.13762412380689,36.06959243448489,29.796236216060535
24687,53405.12766039395,9364.671194104129,True,0.7323413610782157,1.1668005930727903,61.038061804121725,100000,0.18427,55715.000833281745,55774.39848375633,2f553d45a09a584fdc9636c4e67bb1ecbf3abda6345c1d71f747a8f9bcfa5333,61.33609921527466,52.24595817511006,56.120444520098246
24688,52064.53059786314,8082.458071717547,True,0.834261052404394,1.514142340864568,64.25432896634662,100000,0.15241,53757.113609562904,53814.423960401065,a01e83b67846b60eb11ea9e74a93393b5ebbed127af8ef4cf4dc122b5ae5be35,42.433583948722564,58.9677789512932,64.27001605837943
24689,14240.04562241493,2886.7501860668403,True,0.984198070201622,1.1215547010330649,31.498135839941913,100000,0.34679,14409.085627188466,14424.447124432327,1e0545ac3f7bd25e7c1a85a474d8035e8dace36405cb3d21567cffef820a3a15,28.16837685100274,31.45968596709042,31.390476195957735
24690,22064.986519402362,3937.5447117538283,True,0.9661867345170188,1.3251039043857828,41.30158938624852,100000,0.2369,22191.19329981425,22214.851286416113,0784e6d9d590da309aebc8fcb41e9791c9f2773598fb5a0413bbfe81d87bce4a,36.07839033788994,31.107276185687667,41.07975467763097
24691,235577.00514712624,41512.30829147398,True,0.4443540802561595,1.5878381435565443,167.19902715073792,100000,0.04147,257721.45555404382,257996.21188012924,a93dacad7b1591c320fed1abcd8d58366364989db196dc08ef248f0b74d9c1d1,117.52099589037462,104.86677264410295,168.01542865049737
24692,47644.77458987164,10045.268171026964,True,0.6327023394526377,1.813525668875848,116.23898744315187,100000,0.02507,52351.01304066708,52406.82435051312,fe9b416532b9cb606ccd7d51505456e5891218a22559f30a363d82acfecd580d,63.00062307709892,116.09709414793318,92.82659373206782
24693,22811.266535096274,4065.181962726462,True,0.9568350313935277,1.4337597027055993,44.32702214753121,100000,0.1998,23137.50127689358,23162.16812052897,772688bdfe088c8d5fab245ea906d5a7f484c9a48668d39d2fbf4129af575500,34.96596888639486,30.961818936544628,44.121403636592945
24694,18347.767120377932,4424.779073132652,True,0.7602936194421802,1.4544223287950093,48.445181903189194,100000,0.12629,19091.32354153518,19111.676763214386,d73c29a5a0d5e0d8e2222fa7594083764b1a9cbbc1d5da0039bc4730479be22a,33.341544869406825,33.932916718810986,48.36238984427261
24695,24740.66403569344,5501.580540971637,True,0.7463414302735529,3.0725477705331685,74.7531617080626,100000,0.04613,25620.491341479337,25647.80529583503,77cb678fcdf32b85a614890b356d6a071bf9ebb446ba937217b8e46aee482114,33.033013352439774,23.561116153591026,74.24215376669889
24696,14984.28896755191,4444.246809929695,True,0.6613683101347573,2.124111790346655,77.27805364779525,100000,0.02625,16106.94349474343,16124.115074849422,1eb72403e6081828c572595e166d15226e42cea22f2f3df518ffea923993e7e9,35.65808627791334,76.90071940146811,52.015525856194216
24697,14414.434790307661,2891.801077783476,True,0.9904839771058713,1.177479241293885,32.25712945192859,100000,0.32723,14603.117015841655,14618.685369559205,311989897952861c3c69e8ba6cdca54de181c5fbe4c136df4f4e41a660614464,27.41383486869224,32.19412724596779,31.74523652849711
24698,7761.3947232188175,2627.373722139373,True,0.7215317613368274,2.169833874747046,55.0880270410255,100000,0.03686,8192.987422241153,8201.721949674886,b4b653549c8a8d09fded98c2d5e594d8a8b3bacd5151c9491d67f695bc885a7d,32.049504013370054,54.75179640723018,25.311442112111813
24699,73181.58585467083,9092.578813671986,True,0.9305326041914902,1.162494159029927,57.4135230109777,100000,0.29264,73636.23590844525,73714.73935163535,e9b5c7c7ff7db4fe628688a08b6d36ecd8b9a6e47c17b7e69a3c5b8fae660442,49.535983965037886,53.39065164765968,57.53967577149987
24700,34646.06357319968,6618.203274742121,True,0.7765688290857732,1.8088799819217358,62.33132185278296,100000,0.11166,35952.735209687096,35991.064348476495,d53764543905fafb36cec070fd76353c23d249a72faec1becd6cd07b543df242,62.453062715776674,55.30078701489582,34.51353465871869
24701,6066.080193698265,1619.4808900608828,True,0.9932236719252929,1.1017361014573515,23.556196626649154,100000,0.35253,6126.703946529848,6133.235613300638,671eef393d326fe722536c2f0a6928b5ee332e9998799583c76b14edd5914ec1,21.393811389437218,23.481433307277463,23.49293535641157
24702,31886.330678424827,6007.637044423388,True,0.8094377751286167,1.7314105005500158,54.456269141334815,100000,0.15176,32584.89092739675,32619.62961416172,4751bbc98bff559dc522e09926c9e3a5ef390a916a21d58ce307782f979e0249,49.08509415766801,54.363204228251476,31.49582558491752
24703,35635.17841854237,7154.640180005535,True,0.7319514672341491,1.133921920654216,59.55030437400012,100000,0.13308,37366.296071287565,37406.132204472095,de2abdee561ce3fcf6aed297408cc3f62047b43248bbaaee760d5cac9014480a,59.66661356223059,53.036989833093855,52.615369025758405
24704,41001.25371597802,8071.191082973141,True,0.7124339161354206,1.8855914422386455,73.52121790583743,100000,0.08158,43105.93608756166,43151.89123943843,a000f1f38f28df849d27eb8004e6debdfbe1c3ea186723b3e8be95c89538fbce,52.2869403710216,73.41352080929568,39.00429846420526
24705,34116.321480218,5755.156604175669,True,0.8838972393624801,1.2651474306219532,49.890663881809616,100000,0.21148,34917.444571765496,34954.66998928537,a96a37df017c5d5158c9aa377f09cce984ec51cf1bcae65a72d4dd8fdf047b3a,46.16348049610802,39.257228928484466,49.39127002947704
24706,15547.374771388948,3043.8695502785604,True,0.9896830522571011,1.1168468982187159,32.626719496591946,100000,0.34576,15966.520344608514,15983.542219876219,84c26fda17b763daf503f002ba0ea3dcaf133785220a2e9c0961a4fbc8e8883b,29.129861620858584,32.499271373558386,32.68247805041913
24707,135334.49338177868,25439.84581615823,True,0.5010818251713247,1.1185403548049526,125.4446871590309,100000,0.05499,144329.74344254658,144483.6130921179,afe88f1e822db4ba5dfab086f4227235c31e686858eae97e20fd1cc9aa119283,116.86936674776904,111.69354835668597,124.64840740655657
24708,27878.220179776745,4491.398349461077,True,0.9899484468839449,1.1117622885805447,39.38866153620614,100000,0.34521,28048.67429654174,28078.576931868392,d246bc321fcd0099197d008e94127bf3ec4f1bc70222e7308cc81c474127f163,35.46518157849812,39.369428791315414,38.330860567216234
24709,24205.19969375724,4657.177350311216,True,0.8688946592534365,1.6690668386124925,49.15818983751129,100000,0.15792,24942.505928949795,24969.09708441905,2b870c13aae5f1da4c21ab4e4bf3821fa54af6bafe3c96ea86c2c7f07e677858,46.98591631197672,29.535719040555488,48.918159613695316
24710,36443.594808417976,6193.7867981146865,True,0.8582398554589187,1.784747752115303,56.37852109911847,100000,0.15711,37433.47701769735,37473.384772353915,79c3cfcfb1cdbcafd37ed6fb7aa0b06c1cf158ce4713546e284b3f72e95ad7fa,31.589039531854713,55.71783530498818,56.28217108747447
24711,29707.12724890205,4679.997663282986,True,0.9911641664192171,1.1093730319748718,40.196240079871615,100000,0.34932,30164.424749491707,30196.58298212638,18fe5435472cc1a98763bfff8522e8fe1f63bec96077ee59fad782466c95b6a5,36.094182376408156,40.127545333641365,40.166799474344366
24712,23599.12540508842,4894.500020059311,True,0.8129048760695509,2.2932401554480513,53.02173779262411,100000,0.12314,24404.860183340796,24430.87815576062,c9fd7178eaab70b38526e9be1b800af2bd7000d4c0a117c8ec82c0d6737ba7f0,41.43617741069087,23.19701028427305,52.775787348761845
24713,5071.068065946994,1480.1415123267761,True,0.9643777428838286,1.1334203006362107,24.114847811046413,100000,0.27418,5112.162497076378,5117.612563245795,9ca3a616b24cde7894c5626ffa725aa2ac10e96073886b8eeb7c7eab00461b8a,21.330100981303993,24.002986944735405,22.307411708021206
24714,22813.618512356785,4717.961567119422,True,0.824503510477314,1.7864570117321321,50.664102345535284,100000,0.13658,23615.84376507588,23641.020568677082,807fc8fed84094608ace04ca42358fc8218de1060816fbde6da4702ddcfee6ff,28.362496747634864,50.68884067675869,50.16933572106717
24715,69300.72326293275,12828.521756624228,True,0.6360130413390375,1.433905668997516,116.22776214927995,100000,0.03517,73420.49325488014,73498.76669526067,40ad93172353bd1cb76fb9dcd0a43961a77f395036a411187dd8a7cf766d08f7,115.97237888283865,80.58760852147341,99.88323309703745
24716,81135.09363823023,13013.726039041345,True,0.6964473535534624,1.7543028139896655,88.10144961389565,100000,0.09456,85974.94924533926,86066.60696603326,af05d8a1e8b7d9173be965bee2708b9c3a056c69a1c3be04344d374f7cc77d80,50.30988541184129,66.24816035419889,87.99390389903493
24717,21264.443613186595,3948.1138448364654,True,0.9401499772519396,1.219428796206414,39.536798399034936,100000,0.26542,21809.88828828152,21833.1397663765,d4c95701543c3b82102f4a7b76da06db912a446be99c59b1cad6ef7c8ccbedf9,32.567665478111294,37.123663731125085,39.59471363106477
24718,42710.671603832736,7809.156266805712,True,0.7566661014385767,2.050906079030494,80.10277058159006,100000,0.06424,43899.891497894394,43946.693084039325,aa19bc72149f2d8407bb6da69b6ebc9cf4508de49643dff02502d42212036e3c,38.81933584093171,44.62756896171595,80.2201086244342
24719,10547.84680880863,2485.3354646243633,True,0.9358544646668521,1.2304447973704966,32.352644552633365,100000,0.23922,10770.655784313152,10782.138358809976,75330a8635bb64b0f1fb9dc041c1411eea7293fc1945a130a92534a886671c53,32.368441742356325,26.365509647629437,27.076383185162882
24720,9917.150133358891,3311.9022416672115,True,0.674007207489653,2.402406311837808,70.3065481124736,100000,0.0233,10766.10347268959,10777.581193976133,b83d6519ec2f0d6917df5222e9815b330592931484865e44f73de7de24f77e14,70.15206595109368,28.35605895551914,29.27436958149994
24721,18436.043619043852,4446.566901816573,True,0.758993013349379,2.85016579040673,70.02050550605625,100000,0.04254,19417.285334029802,19437.986062921238,b536114fb5835c95eb1844b1c8bfd294b0469ddb524764d7512b794a2928b494,24.454182892190786,69.52475485672139,28.650968561560127
24722,9417.958238404377,3804.828658627482,True,0.5668309131386815,1.860271559329855,60.121006519077994,100000,0.03469,10023.013831869717,10033.699346782805,30b3f19950af1dbca666bf3329d7b9312cd3b5f4c57422f2c2da5154c891663a,32.43833603690487,60.25310834004277,34.874880734699545
24723,92922.30557957554,16216.292842921266,True,0.6118043078478591,1.5151142545162142,113.93901299245249,100000,0.0501,98530.43191472997,98635.4750102778,9755809e819ff35a5013c6724b7a20bb2d423e841db3fe6b924175aa40b6a78c,97.44344787904322,113.13231587898053,74.46648871601448
24724,24589.985109582496,4868.148721640506,True,0.8400254892148509,1.8057538853224562,56.78541655720234,100000,0.10393,25302.688956693946,25329.664102565584,f0156a51a5ada770895203cb4c9ede0b6db350dfe0984856391d1457d5abd7d2,31.220888204789958,39.747018864623804,56.74382567593486
24725,7907.075981781029,1942.9019715962095,True,0.9878943696313749,1.1017043176970238,26.450855519133356,100000,0.3261,8023.895617440567,8032.449876440853,467e2343dcb0bbfc5d0a2e46d2c2c553c171f1d2f6e3ee115ee11a1fa9fdc9cd,24.003376456205736,25.114105740700587,26.450855519133356
24726,17116.634647920084,3499.750441907868,True,0.9177533278863996,1.1105780551626787,36.46402947059444,100000,0.27165,17511.324159367105,17529.992946878705,04c46533d87e2ba2e50bc28b1f66eb15898c746625b01084858208af74ee87dd,32.70723737181737,36.5352482781542,35.146481530738974
24727,34841.843711851296,7588.0051909640915,True,0.6798669413722713,1.3498962156655843,66.30394031234619,100000,0.09396,36414.66550830917,36453.48711006208,d680e3dd68ae10f516f16da6111258536f811d586732c25f5d72dfc5105008be,66.07731551635672,49.20995570056944,65.64025340980561
24728,16023.934260631397,3859.916010154245,True,0.7963164844933295,1.378157202771919,41.31736015129027,100000,0.17654,16556.026819482344,16573.67716641878,e8126dbe29682d5b85497362e3f7555887ca986129de3485c171e9c2a88100d6,40.994568275108314,41.35770913581302,29.838074054569496
24729,10103.286185561468,2277.546157944004,True,0.9923359088557387,1.1280201559846228,27.705346944855208,100000,0.3618,10229.976670822654,10240.882828402639,2e12bfd25693680f822d837a91a576a34c9acacfce9726e92abb433493a8babb,24.58037861269625,27.556538929038112,27.73916694845
24730,104301.89087080506,17164.674645977855,True,0.6242760442738554,1.2112146815604403,72.02805708106482,100000,0.21891,108764.20826592519,108880.16156988463,f7be33b483b06f0046f7fbe122167bc1a95ce5f0d2a1d6a72709e65f508374b2,67.1570190411588,71.60601768410547,59.20861039842412
24731,34209.31477563425,5727.885180210139,True,0.889718739028889,1.4406879360957416,49.269408285430345,100000,0.22053,35068.324668735426,35105.7109392236,2cc6d16d4979aed31b9732aa276807c4098cbe88f5b676faeb3b4422a6da6270,47.89814057436124,49.10100698757976,33.96894750929084
24732,13079.15233702994,2702.0205885976293,True,0.9935320224330313,1.1243384241583871,30.434280608164897,100000,0.35379,13260.19701023948,13274.333679636571,02a838dc19089a1249c4293f679065ba8432b8318fef04f3b5eee826f489e076,27.164973120959687,30.18908254662451,30.36740840956297
24733,58266.56446480929,12656.43349597266,True,0.5742738721923426,2.4905895642498597,128.1939089613291,100000,0.02294,64255.585709199106,64324.088460054554,e02f4c5c9e39e5909d11199df6903766dbaa9c90ebee22eb03b50f539adb6417,50.9207738965045,127.34888075284378,64.7229013017648
24734,38713.30467049726,8521.611473395087,True,0.6494353014694151,1.883410106247853,93.22999015289008,100000,0.03784,40769.3084141436,40812.772491951284,f8e1e5903047be147b4f5580b311258e47a237758f28f8cb81249595e6fd9137,72.10757050887591,93.54864734579546,48.68626683033004
24735,28490.294851812854,5062.284976741029,True,0.8911185768195534,1.5587003274971478,51.87834976618289,100000,0.15939,29589.309521592502,29620.85462503793,69ba8c4139b62e26d1ad898f7973ed25f5f58c6da8770b78174acc97a5f59408,51.92901221712644,33.15857414254561,41.42921925907819
24736,78587.13112360926,14515.370843968096,True,0.6112566710435489,1.6356022517629856,102.03341454896727,100000,0.05958,84147.85737878636,84237.5672405115,f4d46fe58fbaf022f6c493927f5a1567fd3db5141de4917476afc0e81d7fb0e4,102.53162458094465,61.92750697478823,82.00537126347663
24737,30725.295705605025,5296.397795278061,True,0.8957103156947588,1.4815535590542301,48.21943930945423,100000,0.21274,31712.532474036376,31746.341141206518,1c4479221b0154efa19b636de82af32c3140aa8831adcd4d14a389a57ef0c51d,48.290073253755196,32.46806973034052,40.01412944649291
24738,81162.5980635752,15537.285217256638,True,0.5834624976238943,1.9830984390991284,153.53894252998967,100000,0.01862,89608.79015085184,89704.32190203598,bdfd8be382efd640a9f4adf10f5f1b10ca2c55f7c01aec89a89c5e6685b2b193,77.55665822620816,124.86284608578995,153.35151706303412
24739,35560.631957950514,6193.625523756976,True,0.844342845356769,2.452582115450655,67.48842355391466,100000,0.09122,37281.48651737229,37321.23223526177,ed8aa12e443bc0722e90425a128ce18756bf8f1e4a20208ac1f8a13348bc8147,27.639607058518514,67.58728354935496,45.24492457984611
24740,69634.96059675218,11381.533589428942,True,0.7191755202403047,2.194207983092948,97.38597833685435,100000,0.05912,72600.40135276799,72677.80049481898,1a05ac387786c07de72c0c7b559bfbbb4912191140617ae64cc90346ab45d5af,97.14821960068039,44.2944525492089,65.33610070060442
24741,47651.45315921257,7517.681254678544,True,0.8455078602841867,1.5675072222549755,66.27477965263486,100000,0.12695,49135.21766613556,49187.60062299235,57cdd0d3d9e9687a9834224ef1b1f045147c25b5832104a95d28fc8432e7665b,57.4241193816409,42.26311632145563,65.99971342849062
24742,40120.63647691775,6270.957091298045,True,0.9037788448585085,1.8460725534344795,63.22354299360991,100000,0.12377,41587.918250369,41632.255046478764,dbc6251dbf130c45cac94dff01662bcda4b6fb6a63341798e1deba8d941e8acc,37.616155828961766,34.23579549800458,63.115494946501684
24743,20693.049558540213,3963.603346774272,True,0.9196239431404922,1.2145034025251429,41.42612802520418,100000,0.22207,20990.762904684816,21013.141114853708,daa1d67477e0972057af0b6bba4e4a5cd325452e8c23210c13a136205d4f6ec0,35.35784755276216,34.13407765748635,41.42612802520418
24744,52366.589262582675,11173.045304879686,True,0.6058271845134587,1.551713391564301,107.39734419244539,100000,0.03375,55586.54799197344,55645.80869913191,56b63e80ee16045c219defc503867f6bc2596d0e6e5229e9dd9100632ed0c8fc,73.57347358496136,107.34490408297643,68.59166318540946
24745,43355.19804257343,6760.664232479462,True,0.8827862093613361,1.602276685391346,56.09488311490776,100000,0.19175,45000.81885898445,45048.79414157761,92b9614cbc40fb53e4bd118b9c33efb2e7d2511061a9d704f463a9f1d517c05e,56.17705335384561,50.53469694677969,35.0319118671714
24746,13360.952744432956,2922.6596873255803,True,0.9316743959481376,1.1525308997431924,34.08812899885763,100000,0.25894,13637.160106556734,13651.6986555536,ec9f13aa17e71364f54b5eb480d3497073d3df8178749900ef9702d63607851e,29.594088554672293,34.15470737580852,31.29183716692009
24747,28858.04586842275,5758.794943283061,True,0.7900667582907959,1.6357731547630237,52.163600378767754,100000,0.15788,29795.117113659824,29826.881628165745,ec22ff7b38f38697336674814f820aa7f99231e62672aa4d8f63538be9461909,48.90337535509477,51.921630552792024,31.863605504803935
24748,13438.263693902305,4274.748532925574,True,0.6394437179447765,2.8352279494001587,74.07175822942622,100000,0.02659,14367.843856180318,14383.161385654945,42e5102d1a5fc224395d638973ee3fbb454371160fa072c2c1a89e7d56c49e5e,74.03559037872827,25.9956426891602,45.842750759666856
24749,16619.931385181484,3322.984491726502,True,0.9477823737293437,1.3621224580027644,37.113687201776685,100000,0.2496,16965.325326326692,16983.412025579135,cf667694c554ee05410f982e457d69912115d899d9b0ff196dbe8a21141b79b7,34.359155729769824,37.00495569630273,27.219120203646767
24750,41236.09998002856,9253.761165078053,True,0.6237600567472247,1.2566388455828335,67.29371983990887,100000,0.10626,43053.525537861045,43099.424814956066,f9801e94e464ea36bb6e63c290bd88d8dbf0e870d65df1cbc0115d0d4859183b,53.14823820363897,65.10864544081028,67.39229462483061
24751,38884.15685207202,7298.636470940983,True,0.7604853445582528,2.331216615565153,67.01536847591477,100000,0.10009,40052.462310739196,40095.162160355976,b187a68499c2e42e7b717830c572dc2484c7c3a7a10c84d2a221be896bef92b3,53.87734579862971,66.86811791041592,28.566609706774216
24752,18517.52669554157,3703.4777210797647,True,0.9139653005120685,1.7015632214164713,44.311203328967935,100000,0.16353,18917.048202101818,18937.215629191724,906e5f17f3461c937ad4905226427f96873117f47418950130482a8968934b91,35.191490339143726,44.25711250459176,25.877050381565255
24753,23140.569504257346,3975.9806628293604,True,0.9876943200894653,1.1008644053716627,37.32708353456695,100000,0.3419,23642.128766988193,23667.333592977135,de37a6e7f11fa81f32d34d16ca7f52e7191450c66e2897a734485f7c05e57c3d,33.827669453201295,37.2541790745385,35.98746408154416
24754,15779.291499904713,3074.489052474433,True,0.989546422416801,1.0857591125857926,32.0785458656666,100000,0.36879,16185.959816557584,16203.21563580555,60e3116b03c9f6dfd180681854e3556e4d7d8701e05ed185b3540f9520199ec8,29.588072822384866,31.639971996409436,32.172525980507416
24755,20563.471781844026,4353.384333026033,True,0.833786272973651,1.7515131197747926,46.44545927992519,100000,0.15703,20918.364087749076,20940.66511368467,2ee0453b23cf0d1b531e98d318bcff7bc80cbdcc264f9bcb7dc95269edcfa2cf,45.00537790088454,46.4567985033822,26.59047900669545
24756,9038.249823167009,2116.8297325118756,True,0.9912604037937292,1.16790096629099,27.501954934584713,100000,0.33294,9208.141302551163,9217.958083497571,90e90d8e082b350a8a88cf7436b112113827cc9aec475f14e4ed23295291c505,23.63449252190874,26.22622948595896,27.542241001383424
24757,10152.649520456924,2372.4448412097904,True,0.9557425688715949,1.3698568717746118,34.29856333710086,100000,0.19484,10452.524879727885,10463.668295506352,a9e5d1a4afa06f17c4268a684bcee68acfceaa1e880b7fdc4f3076782c755c5e,25.02890766957873,34.34880537323919,25.330359886408715
24758,4932.322098159188,1416.1248048018128,True,0.9895024664973937,1.1722206198838194,22.99424516844852,100000,0.31062,5021.138371063285,5026.491396594802,a7c19ac858504e5065098c03ad5441000302b795b9c461cd8559ab53d63658c5,19.603492218804252,22.932493045193404,22.03428034330089
24759,5583.782685380135,1599.8402623135967,True,0.9513927567999784,1.337315761378116,25.56743209195974,100000,0.25737,5719.190432432998,5725.287649864971,47c3f8c1a24b92fd36bcf84bce2c34d82e5aa59b2f49a7fb6cc273e3b381bdb2,19.206784313222684,25.473801359201097,24.331506419545676
24760,44709.25407503271,10116.079793738698,True,0.6021945595756842,1.2388937827562758,68.0528303775816,100000,0.11084,46446.222311002544,46495.73853531257,21bb8e36cdb2fd90ea8cd7edd739b96c8313bb0439bc204cfecca21a6639937d,68.1192882197472,54.11329798334552,64.23150445305919
24761,39389.9563281939,8369.540721820567,True,0.6689179199155559,1.4062161674536313,65.0545225435626,100000,0.11223,41082.48883608508,41126.286794911524,b9b8d3e97de9cbe852b92b86e0dc5fc1fd3ce6fdb1500116a3485a3c00b582bb,55.38210940170967,46.13852245826399,64.9274629292197
24762,14612.895778411194,3857.573490051697,True,0.7493086979263786,1.391270035520397,40.83098770730983,100000,0.16769,15177.216295185628,15193.3966949917,8968b82e045d66f9dbfa6c57669dd7315ee5e4f2bf97638511be96371c5ed41a,39.604861855747544,40.46215310155533,29.317366906054254
24763,17169.687459035253,3249.6303214244226,True,0.9904329784398985,1.12849428276733,33.39488952355089,100000,0.35253,17456.268602004482,17474.878694896976,08dd30f59c715e11dc3ea8ed915bcffd26fa3d4c9a6f53f736c3c476b7941e27,29.70155823591208,33.354124277550454,33.460113917151574
24764,15123.386489484823,4845.461778266474,True,0.610353800334664,1.6222467244121022,83.31332927051534,100000,0.02168,16669.326312517307,16687.09744781569,0064639fe26a772f350d4b5d32955bb4195163958c1cc33b43258bb1e497fb42,83.2319685973996,59.59669305727782,51.31824456775152
24765,12593.43380152814,2739.208719833063,True,0.9556270653658473,1.1809935405792573,31.347233637597284,100000,0.31217,12785.099975129726,12798.730144531997,22032898a14fdacd75ec5beafc061987ab52d25d579e14708953b092152612de,30.620185982428403,31.255396039049636,26.533412847058052
24766,37785.19205352178,7342.642577915333,True,0.7416166851527084,1.222849453787322,67.24018219373812,100000,0.09685,39147.27811935154,39189.01295392009,1608c4d8cef994f3cce57edcf23b2c81c7f25ea541bafc2a3faaf6e5a689e827,54.97738529463598,67.0267734123615,65.95972950547846
24767,29360.287839625915,4682.645900669933,True,0.9828781470549777,1.206137509055361,41.611126013966555,100000,0.3114,29830.622365015402,29862.424731598476,96139572bccde8a4eac1c8a64005860eba73e77266a41fa6e2ac66dbb239c7b5,34.51000856187608,41.753351542334606,40.168552797662045
24768,39627.84049664434,5930.503575102159,True,0.9478206287379668,1.028892264979223,45.375548211083725,100000,0.32401,40247.54280776811,40290.45063231093,c52a5eb11e0a8cfd5a4e97d51eec1157b7b8508f7327f244a3c08fc86f0d382c,45.07644181418449,45.19829997588417,44.024030417687186
24769,132533.20671725846,18539.408865587517,True,0.6780650807047952,2.2722400479322116,119.19311852202168,100000,0.06233,140334.99271144997,140484.60356529115,7c0a0885303f0521110dc68fefed83d4f46f45889249a821a943fbb7ed0a80ff,52.69988711996612,60.61505514681914,118.78572016769834
24770,14701.96313313579,2927.68464184168,True,0.9913112836371473,1.1979138092502084,33.675634449356096,100000,0.29281,14867.863525296321,14883.714124735805,568717696c0c3295bfca2d163df7e762b4eb8c7d848757a0ee3c36e1ce398db9,28.15894726295035,33.692077630239574,29.992361931457772
24771,18478.199267376036,3549.210883615135,True,0.9523401274980828,1.2663683078108723,38.30859480233343,100000,0.25272,18890.50553083201,18910.64466083338,ea4bf68510c37de66833707d48ebe3d1957572802c26069cf2c7b200e6687cba,30.22787558621622,38.20571527527639,36.19488815552499
24772,16535.096904082577,5650.201399562882,True,0.5555093320266234,2.371318291466763,90.32644864026764,100000,0.0189,18519.186789136507,18538.930056973226,eac633c77cbb7bba4a5986a861045fce978d6bf507bc774302737bb8e249ec15,89.28998792588958,45.53811436575994,37.665423407611605
24773,14892.226106106013,3055.986519400859,True,0.9578682348701918,1.3517361477161218,35.09869129583207,100000,0.26175,15047.860706744816,15063.903200817887,cfc7b01884c13b90d7bbbd268f442bb413ad2492949b1b99a813df89181672cd,25.98982683111784,34.97015604938737,34.584550310053274
24774,39124.13933952933,8373.215132002246,True,0.66561291415602,1.7562061148278652,63.36303845535289,100000,0.12136,41048.647663046184,41092.40954386604,7091ef023a9ab4e11b15343038b0b98021297840fd46e8c7bfb8c31ca5a6f05c,36.18314134449962,62.96083166828278,63.37850794716328
24775,130941.68632296128,25504.953827262485,True,0.4889279550360511,1.9268906776769592,163.70385811678378,100000,0.02563,149499.81399586154,149659.19544726482,af072232b310251313c5ef6c7b63b109d0d289114522930edc7a920b1b696018,84.72953593935098,161.62558648053556,125.93526780419572
24776,6196.840959552809,1745.4218967815546,True,0.9347538687882393,1.700967985064963,27.338479390140147,100000,0.23028,6255.968980578741,6262.638456542675,b98b4992dd501f7b986ac4dcb42e4817d5fc91819522181fb8665cbe38e29070,26.04363930183761,27.33847939014015,16.145454503112553
24777,11365.97781732551,2901.3459145636143,True,0.8426019948998298,1.891970269475733,38.37775759464846,100000,0.15426,11593.309091614636,11605.668695149916,645a1ffc62ec572638fbd784c7d7b6656efe3bad76435b02ccb18754eef16eac,34.11460336965699,38.3683880249232,20.219531467102385
24778,27750.02343621202,5498.804638378851,True,0.806104607804474,1.7347659306937453,57.52789829117842,100000,0.11295,28591.507914890622,28621.989264047406,e5bca92c27bd89c4931dc17176b3a7bb08c9e124cbb61310d0451463bf652c6f,43.14592371838381,57.41553911482845,33.061687640975094
24779,12966.767747870168,3346.4875507066718,True,0.7975955682106054,1.4710752168292445,41.29877612738963,100000,0.14117,13221.15088063144,13235.245923028175,282976635324239fab42ed9bca5444cce1a55b0a33c6bf3ed042165337c62c9c,41.278610709358674,29.45159303420535,28.080344608100614
24780,34349.119129984836,6887.484452957155,True,0.7419373407333603,2.50397262690944,62.82563068534182,100000,0.10942,36076.349293057894,36114.810216573256,4bc48c9137de9731e1fcbabf51545e0641a0da75e5bb7982c60ba1ecef55fc3e,25.085771236786265,62.28879057938798,54.266865567563315
24781,51133.02979520327,9914.611589731845,True,0.6719589929400805,1.2366828872431452,78.20199470552367,100000,0.08467,53839.16971616087,53896.5675468494,c16723007e825c38660dcaf018522ab035a123801a745a289fa78a32c4217bde,78.04925643461445,63.06181360164666,63.978243227102
24782,7191.837568977952,1865.8571355711802,True,0.9656779540793725,1.2793095902004172,28.119557808891088,100000,0.2485,7346.274558160598,7354.106406710716,07f43927a12ec607674a4bc97470c1b998ca232f0ba5ca58dde5f18f0f13e74d,21.954674285359786,22.47642389314195,28.10582755605472
24783,11916.903369666377,2577.0220995220525,True,0.9790576385826069,1.1470289803759746,30.836832964632976,100000,0.31171,12152.771765544867,12165.72781111304,7fe2cf992d777e05cf7868ab7996be1d3829e258e3a853764be24089d06216d0,26.869300988958763,30.618505778115797,29.240785945955686
24784,48964.60382105861,9775.946254453556,True,0.6620845941047112,1.483939983981948,91.12925311370884,100000,0.05241,52735.47885417482,52791.70004225238,32954698520acbae63069810c048841883fd9527d1bb69ea04e0318cfbf7fca5,61.33870869982795,65.27666714736858,90.7955278215444
24785,157745.89610180186,24515.656493482726,True,0.5758985388452864,1.7262673166511653,159.37638878883743,100000,0.03127,168312.01892416162,168491.45602945113,deaba7ea2c25c957884e384cd0c5a33eb2ed170e8cfec18a1e5265cb300c8d4e,91.98383376387005,111.94479261364387,158.7927350213002
24786,33845.69394820887,7105.897013991311,True,0.7120888149494035,1.2438839085736992,76.09799039060424,100000,0.06174,36174.412848448395,36212.97831732319,e3665d56c068f467141e7c668b9b197f97a795e5026b70c6148b5fce26f2d4a5,60.62200748157754,75.55921067348325,60.97500108934646
24787,14701.68940874225,3061.8246389084993,True,0.9478696984413871,1.3370496297646035,35.200542070113414,100000,0.25679,14891.603463892021,14907.479372432357,660b5f6e59176732c2ad902c1702f88b9f1571aca3ad0b7fe4e020ef6028afd7,35.02866442328669,35.0544460703107,26.245716670441006
24788,76066.04559028748,11928.893531422496,True,0.727798553907559,1.6434518334154269,87.42986550798452,100000,0.08997,79945.21099560517,80030.44042446298,900f09d22b65e24c04989d489ba03babd57ae21aea2ea293a1a1ce89a006fbe0,87.10968777785273,52.786635107726006,71.25021754532526
24789,73985.94965401223,12980.504788504928,True,0.656586644374133,1.9237492816743305,117.28177874431876,100000,0.03679,78910.85001756981,78994.97671626661,19b780f846635a8db20efc64465fc842622e964c9b5aa5ab18e6555aee87e8d5,75.9926369109917,117.33904523784625,60.27298443769311
24790,26205.77141875685,4311.640211914286,True,0.9895541774279173,1.081096000099353,38.16847237907598,100000,0.36108,26695.19335690194,26723.65304891755,5879d3fa27537e61b997345863b4b5847b52fadfe57ab2ce15068b9814142ef5,35.37292996849912,38.35484187311444,37.54413457404715
24791,18919.217643226646,3828.2876290403337,True,0.896908927177566,1.84053118687705,44.24123538336576,100000,0.16892,19448.141749154085,19468.875374007705,2514f3d8d5c380c85141d67183a2fc780784be65b4c9ca8b90fbe1a8926e31d6,38.5274625518715,44.30604188050937,23.989205025990078
24792,45242.308855062,8563.463433315559,True,0.7170198579980595,1.8243988810069711,93.47577556288144,100000,0.04375,47510.60824844607,47561.25921246598,3226786ad0d543a1c1800d42c10ac9195c1db97e57c2f503e94a345b52006d7e,51.3477771036336,93.38449062580833,64.72102038484664
24793,16955.3966414306,5826.679748767281,True,0.5477742484601533,1.6163814157346506,76.14353849745794,100000,0.03204,18806.456540159856,18826.5060657011,942cc4dd0d854a2437e363a89f897dbcfafcf2c95294bf8264485654e5a3a62d,47.273686132577026,76.14353849745794,46.0467638813973
24794,11468.914428773394,3693.805581232302,True,0.6658222432146256,1.4664282506167443,48.92910234379926,100000,0.077,11992.445998214169,12005.231120803839,662911433324e5357e5f8b1a23b42934cd6e71a53b0267a505bf9110262179c4,48.72602745614189,41.67813429626845,33.23260808604725
24795,73695.8993812786,12674.597330083267,True,0.6706750792979818,2.550027317105526,107.51443529323481,100000,0.04607,76126.14685496746,76207.30478721623,eb675ddcc0c1c36ef9a4a86edf45ebfad6e30426c05a4de5a7529805a40a5298,41.6828425892717,107.35694344466074,56.51332499666371
24796,20621.167559244434,3660.422554717721,True,0.9934859642662038,1.074528169900704,35.448363783209786,100000,0.35518,21035.478055127,21057.903936027957,c11c4e99695be7996629afa4cad93c701e936749024d06c205b677cef6c6aa2d,32.973209476081365,35.42240062614201,35.35316554062793
24797,55327.36038833585,10547.628970087871,True,0.6657163868775096,1.2703968102090502,82.07295264861801,100000,0.07871,57855.59809297565,57917.27782988901,ecadfb1407b389e13b3dff122a036c0428a928e7b3079324d15050be0e100955,81.69224315146866,73.43685826591431,64.54027843779264
24798,19799.443766358556,4157.733643386859,True,0.8512610985593971,1.9069878197170524,51.07268731206288,100000,0.11511,20388.9323670012,20410.66896684274,a0a1ee3aaf6525925aa8f87797b34461eb4af4232dea205cac2dea5ae489ec7d,26.820642189513492,51.022811640859686,37.768352018612916
24799,10674.674987879664,2819.2449979595367,True,0.8316126364712502,1.5237202878294225,38.71798370911452,100000,0.14293,11030.035078374956,11041.794176616164,71a426718774bb38e260d757a5b653f0af6e62b1276e3d55a4af632dfdd37cf1,29.93648789227678,25.21962415427674,38.67072054540711
24800,9884.378847416541,2269.5828471911022,True,0.9813810605577599,1.1323899480291355,28.28448915023594,100000,0.33345,10032.081259692244,10042.776441371927,0d711308bd29c96861f8ca7da3a063f235645f9b047fdeff61626b6c305718bf,24.949184399365834,28.180908257351778,27.904692542994006
24801,6117.604920442795,1634.4829575572326,True,0.9896721417870913,1.145215987598181,24.3735542422378,100000,0.32433,6243.944245159271,6250.600901576924,e566f0138bd07c6335ca67ff95223381bce168063b3e3e4336e3a3797da12528,21.213799041400822,22.356309396505722,24.444961139431854
24802,55341.61444924774,10745.366741826601,True,0.6535780096360573,1.5675807215685063,78.57353990946166,100000,0.08949,57718.9960143983,57780.53012011,e5a0ea0700c139c2acaeb891c2a891341e8c9eb79683e0cb76b6274ce969b04a,49.77986720338208,70.15220592014191,78.09396508091268
24803,35719.366011480306,6968.755567921431,True,0.7526586445965163,2.3997776359181153,61.199071451007526,100000,0.12249,37329.35059473067,37369.147340416865,599d646dce486662e1c7e3dce778901b0e1cb174bbd59489c1d8d67a07bd561f,25.698828831966047,58.07636492433258,61.3484832465422
24804,17347.329777789677,3283.898583045629,True,0.9868462109170102,1.1504890561137748,33.941689474366214,100000,0.34013,17683.189796861083,17702.04180998359,9a81f36512fac2f8fbafcbf1eb32ec0ecbf86914ee27cdd13170e3eb734faa46,29.491814658024744,32.93901749526507,34.007981836620836
24805,18825.922452888557,3457.931998758625,True,0.9897036826829587,1.2012966568794627,35.39722950096066,100000,0.32385,19097.08222209808,19117.441583095075,176397c860a5150576c382c7a56bee3f4c4d0d76bbe04ccd5bd0e1d698059b63,29.538020125557505,35.23303336802164,35.3799456974934
24806,20926.319744290748,6415.997881023866,True,0.5723765297020877,2.461962808533691,103.39004589042136,100000,0.01507,22144.44184158652,22168.049986552665,9f242c0b3f0e03d452532a21a17f95f3096e321b5d5218264ee9f3902b4c0e55,102.9861785236619,52.957108466333985,41.81289331481518
24807,15852.937070376176,3086.3966689477975,True,0.9887933569406739,1.192923543976049,33.80535559470157,100000,0.31209,16030.670243049382,16047.760508394957,ab28406480f09db3b403ece3f40a48235c1233a02661440a40058d114d372544,28.366456830807934,33.698063206339484,31.494442614595016
24808,27873.871998722996,4490.38648960114,True,0.9900685599544763,1.162790368509717,39.945110249554816,100000,0.33335,28249.231234741943,28279.347683417545,90b57eeddd871d34dbbdde662e854b8a11df1aee417d27e4eb2b67e1da56a898,34.37659024162127,39.750065765914414,39.291711229359464
24809,8967.69799159652,2824.238760864131,True,0.7391002763084031,1.1457514969779667,42.271695507871044,100000,0.09302,9342.016708215751,9351.976213463226,2ea0e3650834adf9b885f27ab663ed5475af5bb3527b5a84ad1671ce07f71025,41.39447526417743,42.261375269709944,36.801969282487335
24810,38094.93602110667,5561.731146828135,True,0.984431795393518,1.1479159505919398,45.14735905870663,100000,0.31771,38872.56861903717,38914.01058635924,1921b531f8f1926d5f018dd8900e0496ed5fac0cc1cdee1655f8533ed36110c7,39.272470782756756,45.081225231960474,41.961913070433624
24811,56247.28472169734,9757.05021435539,True,0.7276121779732675,1.5088784562300888,77.06935811273381,100000,0.09544,58088.6064670551,58150.534613728014,6012a3f1c6f3be2a17c1241fcd6940665d422762b0793cb3eb3a8b3a01bb2d3d,77.2951472478297,50.915449964125415,54.00123481043605
24812,21317.83109787099,4810.836268802757,True,0.7728446875996348,1.8130550324234835,61.20965152835885,100000,0.07373,22481.18795776779,22505.15510709198,342ef0225d0c083e8d61ae817ca133b16f3134d0928ae26b25923b08ba4e2d95,60.83605746385471,35.56615494079445,33.68324085569357
24813,19879.295588189172,3581.060909411174,True,0.9909986834026145,1.153655825208133,35.75889746499149,100000,0.33233,20203.99298569706,20225.53242203569,92fc99aca51238012d88bcb8b4492684fae70ec1fb11932b0c24be348f5aadae,30.861255502623273,35.27873648828873,35.76762766456791
24814,17956.175072952497,3748.6329329889027,True,0.884613906311937,1.8532670227435417,42.774778102016555,100000,0.1763,18345.557321125605,18365.115482935245,fb9e133bc1db4e52bfb5b721bb99f13ecc41b535d19dd76b555ada3b2f36a914,34.848494757429016,42.764335040956496,23.173152492278987
24815,31492.321569728523,5327.710738584774,True,0.9052042939680985,1.5210692351954676,53.20903908212075,100000,0.16104,32255.613854114185,32290.00149925276,fb4a601e023d26eabbfcc1dbf5fb66af51468b1d65e909d07ee60d0f0cdff146,34.944412873756065,53.1960485940636,44.544383547996105
24816,14437.52712188283,2935.892927551202,True,0.9766503734425824,1.2473735569945978,34.13533281686662,100000,0.27984,14799.175431481528,14814.952802682175,b258e05a24a137a8e13296d3be165ff0d11cf012b35c4ed8c869b64e537e40f5,27.459941804583867,29.251713424609825,34.143666638355114
24817,5759.048820597255,1807.9493680837154,True,0.8594059723253534,1.7095003621095564,33.2062287296616,100000,0.12308,5991.857197776062,5998.245104698867,88c680ac4aa5cbd31c5e09e39d84684758fd30857a1006b23c149e6a45a20d59,19.52973755120967,33.230549697969465,20.2755805793173
24818,34334.70171773306,7921.371239550468,True,0.6449201452768072,1.3622663884352155,58.40072012141708,100000,0.1365,36149.52207013801,36188.06100300403,9eb3f8f9064ba5585e3909247bcd38ede145e7cfcb422fbc8a377b137decf054,56.41885974620298,58.48626805128244,42.95931878072014
24819,20451.97855066763,4596.468072401261,True,0.7868345635560607,1.5512828983308504,54.937838635192165,100000,0.09706,21397.857787230554,21420.670000435992,e442690b0405846db8fd6a7d258b6fbacb85d2f14b5b28753c0c712c1e608e7e,35.556691948704696,51.38351069614774,54.99148886823435
24820,72955.34864437516,11626.617093512647,True,0.7262210718890542,1.4865245029155805,83.55924669702091,100000,0.09937,77082.20680367484,77164.3839895145,30ce200c96f40716b4a5481e9c6c37f1b4d885493ba83a5614b261ffbbf77a38,55.97816722085581,83.43684545674208,60.058208563483774
24821,37939.2122376974,7047.019681867261,True,0.7748259892063042,2.3264377916911823,73.35012582637074,100000,0.07676,40276.605129608,40319.54393743372,ca64148d60ce51ff545671f35b0e42938df57df23e8a33be9ff10f2e0fb5cc01,73.18895611630303,44.28585477749385,31.589263173270993
24822,40939.02394015245,6812.798738116965,True,0.843173381964321,1.3471608112418836,57.250815899027515,100000,0.16974,42349.13464216823,42394.28296954427,6b7f4720fc3e64fd61a9d5400df257e8ec75853efa2412276df638c34d9c9e3d,50.20628191145186,42.518794425010185,57.20888414910148
24823,53566.51088171345,8992.387337732182,True,0.7641958796403434,2.70287630856079,92.71016605345625,100000,0.05202,55114.73534457699,55173.49305321978,c1eb3eddd8234fc07a9d6e70b50f665f6e0628eb2ffc2741a1b13c0867487319,92.50645719249894,33.906208190448595,64.89258937384255
24824,24157.284028505528,4897.249576095041,True,0.8252090031272642,1.642244715274714,53.25691294535659,100000,0.12631,25367.694750901108,25394.739199319392,008a805378fb3092a21d6b8e1fe13e20855af01774450394643b016d4c640a24,53.13989336124814,37.316245154583356,32.310407389944125
24825,10630.176819115202,2360.6477044590342,True,0.9904060188700429,1.1145747630659961,28.54960389072326,100000,0.3477,10757.720422849185,10769.189206983136,79e951537c2e4d77a997010f49fc9e086769da7be359611d5d6d74ba5a670c52,25.622154273022147,28.26382904709054,28.549603890723265
24826,29393.37142380542,5395.626231735485,True,0.8536408746841587,1.4522828549912863,58.33854014999184,100000,0.11544,30474.619473026545,30507.108403632876,14074069420defe4da86ed9e0de4720100928878b2fe969e5fd40137e239c57f,43.1414643833802,39.83713300769707,57.953984343339066
24827,74358.66659119324,11376.897296010633,True,0.7516483051021098,1.9831891424059336,103.90495425195238,100000,0.05254,78363.55622074072,78447.09945062005,4a7826ce0cd64fdb8b179b879061bf060255770cee87c9a3b20b4d7f809396cd,66.716315840487,51.78758889291034,102.76342033072731
24828,151889.74579048218,28740.850170636346,True,0.4790014381332807,1.641213577005231,182.9165418855527,100000,0.02007,163313.32497564133,163487.43298335318,1deec8d3550c54988ba488c0ef0fe51c2d2e9afb8003c5a9fb5c7791ae34a32b,111.55408242922624,137.4553505673172,180.46038714831994
24829,94197.78709517162,16689.997111449662,True,0.5998670351967531,2.128806573895595,164.26846001672976,100000,0.01719,101310.33129125019,101418.33803193939,a02c82badcfa3a299794f14ec02e537bd7f55e18da2a147c977b3ea85bd40d8e,111.77153273110982,163.78720476277448,76.9005791216014
24830,15516.619676507777,3329.534131706095,True,0.9035774766666554,1.3675231144789461,41.0315024751779,100000,0.17241,15835.435574734562,15852.317700792419,2f91e86407517c1a8db0c4504c0f697c7a9afb24ec55b516e14ef11a5b1c691d,31.955686742142944,40.86120571197526,29.95219541034715
24831,10974.049304251917,2741.9255674797355,True,0.8709764276669155,1.5746761798308468,35.3108083471662,100000,0.19437,11378.041549986845,11390.171657228408,be35148176ea2130c25d3aefb5deca774b0c155a21a20d8aa6f31869ffff4911,22.45719134383983,34.888389009028714,35.3108083471662
24832,15806.389632597538,3728.6904351133717,True,0.8168636763584508,1.6368059390890388,43.190983686556024,100000,0.15189,16271.356848936079,16288.70370978874,5023cf73c3128e6fe7532d63a675948f979b637f7f47e24825c15428b68facc2,38.21389767580054,26.435497095262683,42.9484561902692
24833,190178.56960068297,31209.550972425932,True,0.5124336670056361,1.7141176138335157,164.00578217723356,100000,0.03521,206518.42583509345,206738.59471404614,937ad7b4c49fb05e9e9104601a3354cf30d02267a55a6f46b6806f18bfcef73f,111.35255865109535,160.96270614074194,93.49450717378915
24834,118325.79718720226,17305.538415339328,True,0.6735222822491302,1.4146684667251344,84.24147692347037,100000,0.15345,121971.99051207872,122102.02460616057,1c89fd814265b98ce8c12fc798fb118e8240b0de5256c3e2d547eff5d66c7f6f,77.28990973593791,83.78900805327595,59.78759116614463
24835,13865.43574886791,3527.2846930182395,True,0.791284440292079,1.2938020183681973,39.22709723515953,100000,0.17805,14289.45929209587,14304.693255944181,16f8073705156e15a99e29176c6dc92e69015c2adbfd88848ee6a07e9e09664a,39.25582801926731,33.883171391111915,30.425900370142045
24836,43127.662506971836,7884.359623580582,True,0.7543188827159928,1.4170511084074309,64.40025302494172,100000,0.12614,44795.13495437631,44842.890957771924,fd0248536d8c8ed820bd96949a84348cb9986d4a9a3ba33bdaed400235a3c373,45.34431878025682,46.53924535005553,64.49458933308372
24837,25062.648583450442,5643.012521698601,True,0.7339352615270865,2.335206615354239,78.98452350015944,100000,0.0395,25878.45858787165,25906.04756059054,6ec627769b186d77a6cbba199c03ccda2018486ea360467a0bc7713bd26e64e8,45.50866100106843,33.514429160956325,78.77240685990023
24838,20295.904869555055,4723.10824448263,True,0.761836608592213,1.1260590925471416,47.165885816180705,100000,0.15188,21188.48356759071,21211.072567361163,93424ef3171417e9954501dd5c05306b3ee5b8088da6d57faa945775ac041473,44.25256327919493,47.07376494544598,41.93802640198489
24839,36889.178165027886,5537.540079474238,True,0.9677575359378003,1.2068894891570896,46.212919881470896,100000,0.28674,37626.49902511568,37666.61256014663,24ed0b027fc92d47cadeb003db00dbc13022aca08a22bde4babe5a13b358b5e2,41.361465890007885,46.111377821184455,38.22494447227133
24840,73601.74144021924,12183.20534460994,True,0.6971313610783473,1.0280860038976105,71.36282940641178,100000,0.15529,75036.91553947817,75116.91224440938,8b5ae0dbc4a3b7fa78bd107e6b4b5ae6db9084aa766d672106fca82bdafa63af,71.29313914331956,69.32438921096497,68.74944454045432
24841,67126.30150513428,13873.714526872674,True,0.5757313122480402,1.0745959453901444,103.55795432326329,100000,0.04878,72029.01670094972,72105.80669097109,4d9accfde7e129880331e08ebad1fe13eb2188c899575e8cea0879f6cc74f826,103.91191217495413,95.94786051191019,101.56062073157926
24842,94244.61716826656,17032.54666788137,True,0.5879976269626551,1.615958796502161,111.58300533660386,100000,0.05442,100523.59277758848,100630.76077792858,9521d041bac32b3a46531e1881ded84bfcda6dc1593c36c318d6107f9ecb4a20,112.18232811917352,68.56797471490037,95.8644032664817
24843,10045.511235840735,2280.8307418208155,True,0.9871256319985975,1.1670754826420457,29.31336356430924,100000,0.30566,10236.485456926493,10247.398553510277,8f3c6058205e845c0ad65a3c0df3667759a7707eeabd1a4eba4654e1d239f985,25.17685864727537,27.116292613566333,29.33483331301357
24844,15738.129862328957,3289.7233214372623,True,0.9231951208867027,1.4936479181478828,38.0951322673524,100000,0.21672,15930.255854853465,15947.23906862148,d1ba7d519c85e7c5ee3fbcbfe7ce62cf07add8112c8eaf413507ac5444a0385c,25.52076243691772,37.28598272944721,38.030028281543935
24845,11887.699041243677,3360.267879765126,True,0.7496215992087236,2.415847625009916,63.01946653310661,100000,0.03634,12092.730997322169,12105.623033547947,d4bef32485119a16d714f7dce58060cb27fc786b6c1e351880fde40dfe93e62a,26.132461891230854,62.92715286142725,26.940206518425214
24846,23145.26965058911,4780.176563984336,True,0.8216402058585895,1.319709773738307,49.30190636914776,100000,0.1514,24123.055416498886,24148.772957422843,587a193ece98e84f1425ce096bfa4ccfe60a9cb457d8f8ee28010ca1a5612e70,37.530113295654964,49.16950378856656,45.317792353476875
24847,29713.99886251208,6136.8056654618285,True,0.7559896018023448,1.9705987950716475,69.45981830900479,100000,0.06877,30641.86923305521,30674.536468294755,6845c318a6cfdf0d3788190c7fe99927821aedfa169c652478bdb8be70247ee5,38.08758591846308,69.47677627245913,35.44214361958496
24848,13252.817810840648,3269.4286905823933,True,0.8283573692673316,2.3597268008288723,48.13093186990915,100000,0.092,13638.793048571213,13653.33333844428,54538cf67aa93374be07cc1ad9a4840a44435f191e1e53076d1d858437ff246f,37.285021197075615,48.21318688042901,20.369865819454958
24849,7041.981985429523,1788.6410428266931,True,0.9933238709547557,1.0490877834391101,24.239076920713458,100000,0.38112,7216.477669440064,7224.171141787836,8e4d1e42bacf6eff15da500a86b8ecc691a43722d3d32ab35626f76262ba7b26,23.11470567683271,24.19173497360269,24.120722052936536
24850,5809.142508490029,1684.8218374827577,True,0.927551777469469,1.331940629844843,27.967568591430677,100000,0.20451,5948.315369006208,5954.656856072825,e306d4e92c89d2d7f201722be16ddc45aea47c1e7a7c4a11140d94d12ebfe673,22.307140280323246,27.660307706026774,21.091752778058925
24851,24740.91222536334,4201.685349641139,True,0.9772471302192427,1.030993766244182,37.300236933229115,100000,0.36467,25162.286914558288,25189.11237809483,c8a59d30fef9488ba1f48b57d9f5759108e2f75056122a078f4cf8b1e721e410,36.22566956064098,37.39130196480438,37.063467851133424
24852,6569.909238897007,1760.6646819711982,True,0.9634896458549563,1.1611740598535325,25.964750606761132,100000,0.28643,6666.321752073875,6673.428704303236,83946bfa1e3c24bb7aa312574618d52aaf68dada2a63464d8557fdfc36406ba0,23.448147581642928,25.971089657202242,22.35149185533197
24853,35533.34971880557,5303.348556700886,True,0.9855788754349829,1.1333648347451777,42.38271716935684,100000,0.35642,36078.1081052649,36116.570903846434,e1effe9ece3fe95542b8655efd96d49b740a8ae9a8723a6617fb40aff0ca9553,37.51946593166208,42.29993842488544,42.39306451241576
24854,104357.46706351223,18642.629535843305,True,0.5749886977303211,1.367428449285719,123.70135542915276,100000,0.04491,113026.87797578897,113147.37570336374,65784ce846b4d6270a63198e8a197896ffe35c62856d76ab1e07dc030bdfd0fb,110.20172020531699,89.54456026548777,123.36914964064673
24855,20466.776088297356,3938.6683645741177,True,0.9186872066107129,1.5756952718366704,46.3447730616338,100000,0.15815,20930.84576543058,20953.16009805767,6fbcb26bbc6c5f9e80daeb488d3f9c4f03877428ba8e65a9fc09410823288a56,29.50858597283715,34.92829942413661,45.93744595464679
24856,38428.745524396196,5960.204294618084,True,0.9239754880945179,1.3421874725393226,51.349052584251936,100000,0.21716,39092.40953103734,39134.08587031411,ea1467f66f6248a600cb4e16c5b69e0a6b7479d6c57e7c2ffded590ed95f696a,51.12339756801254,51.198615906759,38.11062496487449
24857,59991.09073637618,12256.69170248041,True,0.6046471836882407,2.0164545431961645,103.44146624142559,100000,0.04401,64766.536611231146,64835.58408581694,3ee8bb2ffef88a2f0dda66ec1cd1e17d301727fa715614ecd053846dc29d1d19,102.78485537172904,53.58954867292604,51.16513930789263
24858,31290.09805410814,6313.991020119833,True,0.7605330891144928,1.66777406365977,72.57476933152341,100000,0.06437,32715.668824359233,32750.54693317746,ca88eaa8def621b8951b251de6f858195b290ba4adbff6f3bea2c21290057b67,72.61020623061108,46.191997960762095,43.427919831924775
24859,34073.411801597744,6114.349669952882,True,0.8312741345841523,2.0082588577620277,62.3403273164933,100000,0.10959,35301.52468807927,35339.15957263967,0ea77bf4e3f1343de5870a44e6208b2319f29d3b63fe1e135297f9d26b074f2e,62.21856886470327,49.9361850403844,30.903817044955964
24860,83687.2751826005,14526.472252983507,True,0.6369376443769932,1.4316280385268332,110.39574504047008,100000,0.05005,89531.60867623714,89627.05814440623,a587f3969e7c0e7911791d01f83ac81b3b69a712801e56e1d14ae973d558aa9c,109.82975123044812,75.95097888770621,85.08773610663184
24861,9478.560756837258,2594.751745483387,True,0.8347374735014772,2.0564715566947207,41.44893214023642,100000,0.10357,9805.941915868721,9816.3960108482,d7984b00e928528cec98558175e054d0b107b8f6d9e2107f5e28ded9d3e87b51,28.010411172894145,20.15272176691427,41.25666414446873
24862,14298.489054602023,3010.8044907747626,True,0.946226269340998,1.2817941511825595,34.89926510766276,100000,0.25822,14593.31725667229,14608.875162886276,8fcd9d28ac22900ead6316f518e95e12f4a60e2068d1617702f16a03dccd9a17,27.256530536966103,34.89926510766276,32.30908527545341
24863,155100.22513581178,26884.34811143433,True,0.5192696019632647,1.9926094845296125,138.19813856657507,100000,0.04645,163007.50504083355,163181.28701452722,f6700f0591a6e79bf34621d57b8e0c559af6fa25ba060d5aeefeeb9cdc98038e,68.66045214428229,82.93237905191444,138.29935790634553
24864,15838.173392311632,3071.373510840928,True,0.993012889117766,1.1382078720938626,33.24627540234306,100000,0.33163,16203.099798325216,16220.373890473322,52b725f56874e96ede3e93a6812407d21df91a9b283148b4c486ffee2bcbaefe,29.179775408062326,33.21380833652046,31.858308338426887
24865,23385.445388259835,5043.890339356175,True,0.7840593154584449,1.410576524091368,50.03485729540854,100000,0.14465,24090.82850453268,24116.51168841052,29f357fe4cbde1606e68172d924c103c7e7c87a7f1c1978c2484216e305f792c,49.65617551412005,35.42506986247187,48.202526095625515
24866,25278.84721036926,4314.022535666738,True,0.965546569130653,1.3356172103279562,40.57653957047846,100000,0.29092,25841.272837636217,25868.822166701484,e035305ff5ea0ba0c49aa082712f30a11a6828c01c0f87d7e181841dc4c8f4d7,30.481936586514212,38.37732282618007,40.6359778608649
24867,57379.21997141287,11305.857364222753,True,0.6363319298248432,3.197272325945917,114.28102161611673,100000,0.03079,61100.86138330022,61166.00088888867,fa3d416ced9586d936d4f86a84bebf3348f0c3e2e95b6880b197055002ecfb2f,35.25245869432703,81.88837852619693,113.80671073538579
24868,9738.24997169688,2430.2059423550536,True,0.9074617427366781,1.0395462187256495,30.35506508466345,100000,0.26648,9909.994796957024,9920.55982250402,073f1d3a1d5f55dc996ede7d9df4b74259c667259d22bd5fd37dbbbfc72e99bc,29.154498545670418,30.16979247062131,30.30318875273165
24869,34732.853169049864,6204.831885472166,True,0.8296872423756708,1.7034994374424466,56.18820222937708,100000,0.15048,35491.92006183122,35529.75792651711,b8dfc489ec0d3e4f5f67e46b7e85d8f73ea8206457e78f74772e34fc325a9a0e,54.638088251857646,32.758160870056756,55.8178210135096
24870,53188.346145393094,10212.223471171103,True,0.6697429319117505,1.2125027233243055,83.21194401988964,100000,0.07249,55532.906725109315,55592.11024542095,b41ee92c4c9eb7a0e17e6f5ff2405bccada65b898ca4ed3b9e77782be7679cef,68.46295198902052,71.75404938433843,82.9478436116234
24871,9197.871837256977,2142.015231856823,True,0.9911053160815408,1.1944901680610995,27.57837714952305,100000,0.33731,9406.989034899345,9417.017807013788,c5661b3115f31aad84734b2c3409b11efbf1c7c4daa3d061504fe4d0da682d0c,23.121129670767132,27.632241167393214,27.403319091445027
24872,14119.636842826854,4317.518069351327,True,0.6543332333738939,4.822242229679253,63.87420128806444,100000,0.04373,15152.044134281174,15168.197698097072,e89794dab4cfefc86b56c4a6af70d44542eaa41d814f134bfbace9e983019358,43.35211903828593,63.88979557548829,13.348710034810342
24873,19131.66143963501,4251.018363404224,True,0.8137536221495931,1.5702146542830855,54.14212296860819,100000,0.09306,19637.409316923015,19658.344719550456,fd32a9026d17940b2ed8486c68a1830be1f099ce850fd2ac179cee706857da3c,53.86453884206015,34.36755852499544,38.91465088368713
24874,50182.89167145275,11275.810182814383,True,0.5834990546274293,1.1990823290201755,81.9872977650246,100000,0.07414,54325.98398667327,54383.900809077764,1c5e57c4bf1c08ca2df5166476327b6538a68bc7c3a5bf6790ce996f371d359b,68.03584597248991,76.1825330306845,81.32675557111693
24875,48005.98931381828,8781.685979600486,True,0.7273942057799647,1.5312505337419156,77.31403633326917,100000,0.08191,50330.03921397471,50383.695967683605,5fa2d6347bad5024aa1db1ddefd35874619426c8128d39658f61d58cd8eb8fb3,50.35982640067435,77.1252813617524,60.080707433788035
24876,24930.975788911037,6725.2441566175,True,0.6136709804476485,2.1894596546898444,110.14061827459915,100000,0.01517,26949.04704863752,26977.777373563982,288558c3b80e0cbe447924dae0ff7b22eacf9ef0c5389f83c5dc07fe82739082,110.51707546596742,50.942724931940454,49.96124725444463
24877,35071.633755586845,7600.925768296442,True,0.6816921582095996,1.5706358255413067,71.12843339342174,100000,0.07635,36530.37019828979,36569.31515258024,bde1f18780d704474c19922cae3d25a551c544297e1c25e29d76b611e9f026f4,44.8025776745674,52.443327355501374,70.50328114679988
24878,32963.6767460685,5471.372413469468,True,0.9086813456901652,1.4748222296434033,53.16485614506344,100000,0.16877,33719.76049741071,33755.70906634468,5aef707fd5fab30125b7c9fbc35be8f26675d7453fd63b56228372ad319f05da,42.40468384421929,36.05760995385407,53.16485614506344
24879,17450.24610593823,3624.5151850587445,True,0.8976393965638398,1.5001211532627061,45.43344492583793,100000,0.14443,18009.419581263373,18028.619387303745,f0408b5ed1189b6a5db749d5654aa3be29a0feed09f54033988dc74d745bdffc,34.98463996486642,30.215015619624644,45.38907632727755
24880,92228.9075129914,16683.780268278828,True,0.5916992779213744,1.8242334321255607,137.65160867977352,100000,0.02889,100185.9260893702,100292.73410393228,3e4532bfdedf95b40fa9c3b7ed8317b41691a650af2d190e7cdb76b0b768f4df,83.37735379260697,74.40445840259244,137.9204594779762
24881,81195.07126027076,14626.108168269571,True,0.6199763482701007,1.2955322798811089,123.5734734304202,100000,0.03494,87662.52273734318,87755.9795767472,bccc60364d912541792ad246f6ed902ff798fb088a46fd4f93804c7d7a58fea8,98.50278094490281,122.33653192391452,94.79195642538579
24882,36666.05014620325,5791.6909013520735,True,0.921555511288981,1.2371173388449956,47.51694623182718,100000,0.26191,37360.52311264253,37400.35309128746,92525ce1e39b6048379a3412160cf7e9fb690a686d894449913b12f8ea7ae0b6,47.528547048778314,38.259494304825694,46.85569966561278
24883,33130.651738230365,6254.762907428851,True,0.7975536838406445,1.1384111536501977,52.08122956159201,100000,0.17926,33669.94290374263,33705.838362240065,dbb892106f38761a02d2c5dbf70c9f6f098e91d8fb2dc93d0baf51c41e880993,51.94136297829672,45.7490878814961,47.2113294341287
24884,21526.001909379964,3900.6139930612953,True,0.9593860509258969,1.3443542206634838,42.44974997252146,100000,0.21383,21747.500395191688,21770.685361679163,fed28aa48612bc6da8b28cb57b275d93f4dda25b7f80343fe10a9c94141eb0eb,31.619674601114006,31.84767618788048,42.59484189137285
24885,31684.690342038764,5033.086788209412,True,0.9620907001170765,1.2406726202673328,44.790169154543136,100000,0.2704,32305.026133893847,32339.466457364604,f8b0af7db285dadbd84428e98ce29c5434ed7295b740207b894155e5fbadda64,44.54959695693572,36.08582964111142,40.72231199499967
24886,17589.39651562557,3304.0779836422917,True,0.9899223467581119,1.1776151717747951,34.38018371139272,100000,0.32876,17763.103751901413,17782.04096113086,8e60261499427f0a796cd9001106afce41ee8fec5747efbf07bff21ba063ddad,29.3020559903496,34.237492519231175,34.36339651231489
24887,43499.627807932644,9986.631658412576,True,0.598947541544654,2.198477549335384,91.4247558913147,100000,0.0453,46026.18003503498,46075.24845311831,f620ce8dd52c7c092b6d2c631ea2dc9fc11ae94409d843a5566d54a7987e9c18,41.78397046595242,91.24619191496447,51.180899721382964
24888,59305.47192126507,10472.666016316838,True,0.7022472517135881,3.3160806672952092,117.25817208532894,100000,0.02933,62871.92010999914,62938.947737738636,170eed94196dc9f00dfd6383ef2d783d1bee5cbaea26aef96309d13f854b0dd4,34.46749003680079,49.81182114952939,117.54444691952165
24889,51062.67852213224,12330.258317843185,True,0.5398183924001815,1.2839261570049179,87.37653982152511,100000,0.06114,54228.20922213965,54286.02180706409,97f897956256b68b7c8b7719d6100b2abddc99adf4ad202f41604ae7c71e275d,69.47885502898126,67.45229953995666,87.18455035414384
24890,48521.884442059374,7734.343441105462,True,0.8318003735696494,1.0992157718028426,54.47763566779882,100000,0.2311,49678.67451481837,49731.636849929884,ca67e6fe0f2c2ec71d18f5891cf227ae4dd8c42c2f53608bafabd46a01c00455,49.76936344455645,54.2914328115124,54.198331383369194
24891,54005.92833091814,9038.653092915496,True,0.7644364083700731,1.629477758672807,76.88764480478031,100000,0.09332,56397.48087035234,56457.60611142357,85d8e590e19ee13c2400f82a671ebbdd67ee03d5b5c978067d27e2a0d1aa1858,46.94726554120008,76.45590265865971,49.3875472366643
24892,75435.34103769179,10692.477023979882,True,0.8074625163113863,1.8443039281045102,94.23046110023432,100000,0.07045,78373.68153931497,78457.23556377612,77bbdaa8a75b333d7e581e4ac14f0a9490279ac5a4fad3704b37e80d69ccc43c,50.289987296169976,94.25346658390137,60.113328822000064
24893,9966.697171453789,2359.1911941417766,True,0.9493401045204157,1.1039773982208596,29.996201313247226,100000,0.28105,10085.505489380099,10096.257626523746,54bdb9bdecf9e5b56c164cbb513e2c62cddf9448a8b44053e760141050b449d1,28.128762022505512,27.066884778750428,29.76917928182372
24894,11398.118685832853,3046.5425606731174,True,0.8039560814403331,1.799610267651415,45.992077536519304,100000,0.09109,11782.435936896003,11794.997168181144,af564190028f2d7ead627cf3ae0b6ea1ffbe6dc53cfe65517551f423c709d86f,35.07794194923983,25.61228731953138,45.980849001964486
24895,13546.981021191017,2935.227979377547,True,0.9362761647879069,1.4131715939612084,36.80534151928596,100000,0.20801,13788.977769559446,13803.678171061882,a0c35cf12747eab275023f3fe18effc6d9e01002170328dbb88b42f33ce58f36,26.130354770039933,36.56272818407582,31.072478265061243
24896,100568.23794062798,20326.69686688744,True,0.5145069052705024,1.5498123326363238,124.0224438428238,100000,0.0432,109572.0792251553,109688.89379872155,0af15e842dc93e2e9c5037b1f47eb3d7e537c1ba79ff6d22322781b43d732e36,78.05904790693353,124.6885800158077,93.68296905510176
24897,17392.867982664844,4270.319163741362,True,0.760217605098666,1.4752776483977526,50.5572611191773,100000,0.10672,18336.3011782069,18355.849472061167,801b1243f2a09551785af6e6ceb36a8acc439b60083f84022505eb42b7b2faf3,50.656005769800686,34.20267835967781,44.89178678966012
24898,21605.27049194157,4438.671785495215,True,0.8451573327242895,2.298982358028353,62.37919375204885,100000,0.06864,22151.944167888447,22175.560311069607,89f620bc79b4f443698a197b2063114b8d856064a38c2783f185f556c3b248bb,28.638689904962856,26.88732093975641,62.135525026454914
24899,10013.444444630566,2277.2559172922834,True,0.9865700951737846,1.1416775820475444,29.02573561556639,100000,0.31254,10161.799338606668,10172.632812469723,e7b34a33c8d1c6b447b05cc12643972f4942315e26cd5c9bd26b41ee24670fae,25.447123192260477,28.990303809395048,26.52425009986938
24900,21190.462188306803,3844.6295993634662,True,0.9632150036208333,1.1907416180026513,39.61172169943136,100000,0.26587,21971.302054759075,21994.725615746265,fdd350b4e017f9cde958943ec9a207502c8609e880d5cb15bcbe323ac5234bb9,39.76645498731976,33.238644404527726,35.1437980116537
24901,32170.72479592632,7613.684351881998,True,0.6424852380587582,1.1711546355073867,60.265168156697484,100000,0.11337,32992.29800171895,33027.471024347484,bdb1dfc20eb4d18161e4515864d54e9b26a9d9deaaf0272ceaab8f11b5879ac8,51.70209982974487,53.923789378490305,60.147462750141436
24902,58933.14810920685,8898.49181551458,True,0.8230144868672662,1.1688341505772246,66.03268288670735,100000,0.15927,60971.39201054785,61036.39348909807,6415ef7bd801fed249f20d018339283523af2fd92f74fef9afc34651965583df,56.505017948708314,61.21242600606148,65.98431910529618
24903,38240.45482279357,6244.12508979541,True,0.8790789802582945,1.6563604917832162,60.23755847362273,100000,0.13485,39189.37479760052,39231.15451135318,4687842760a8ff065dcfc5fce186b6bcad4f91655e5a6c75408898938aca561d,42.16334964450107,36.54549140794738,59.97284264048669
24904,47497.70223747289,9041.11977702258,True,0.7015257801005448,1.5258876100936836,70.39208430612983,100000,0.10834,50243.00511673442,50296.56908356709,b8bd0e154c92f63347ce8ff5216cc14ed4e16178d068e0cc62c14f78a6096418,48.01647547639813,46.04013521877974,70.0483729569788
24905,11857.86127907027,2540.035948999697,True,0.9900303420042148,1.080779042420929,29.593688423546553,100000,0.34804,11993.384378958604,12006.170501954104,c09ecc7583343c6e27b6e82af376e504282ed79d9a778203a6d0cad51fbc93a0,27.43340696880036,29.58646340195877,28.083658911700553
24906,22734.361686712957,4755.479131107113,True,0.8161030877065896,1.7433090522082035,48.83395208547155,100000,0.15098,23377.622473249263,23402.545309609755,31fa15b69c97232ab19f06aa5ceef3f4dda449f38e36aaf103250830051c41fa,44.11270085845819,48.59550505380421,27.96983681457916
24907,58491.12211209315,9452.883802186492,True,0.7708675669062705,1.5282387818270176,82.6852926628217,100000,0.08027,60332.78434129409,60397.10500149088,59c3b3e22718a13d333056c03415fc10e3a2c8e3c4a8702eadd329f5ad4f7f20,82.12006117000945,53.7171786561935,57.04800709598001
24908,9274.761642079784,2149.8371923374175,True,0.9929949900602656,1.1138376492706914,27.250295684195525,100000,0.35108,9445.71958194977,9455.789644622631,d0529874dc8803c35228b2fc2d04a8600fd67e43bd60d72948f9629ae87a6d13,24.495993337208965,27.230336971536204,26.56504654955877
24909,44352.02058175288,7286.273496052023,True,0.831612347774771,1.7833415964094792,59.42198435932694,100000,0.1618,45137.268184453955,45185.3889353989,3f98aabbf92e169f7b33457bb3dc9a838280f23fbf3db592403ca5ff78fd6bb2,55.3744419676638,33.07669051251597,59.27691115532468
24910,111862.99929853967,14719.160872745182,True,0.7627672633223027,1.9655464884871023,118.21601741005571,100000,0.05338,117252.69779055969,117377.70065615066,df022d3e6f8bc18ebe59948907d2c23a3986f9faa343ab5da68c72774943abf7,60.14701667054592,117.9851267510517,67.07373644066638
24911,30259.144802249724,5055.332388841351,True,0.928906870589973,1.2327762827577147,46.177618787174,100000,0.23762,31109.49030018147,31142.656065301384,1151961a4db729ac4abbb4858add4dbbd32881ec74b2baa66b57d86d7ae04d0b,46.07615429276859,39.40204532743485,37.620779758984284
24912,26700.371750274866,6224.859326944339,True,0.6940106288736498,1.5881878052517353,65.22227835580182,100000,0.07795,28755.393690340738,28786.04975779351,b3c1db9288f23a7ce2d0e6ba3316e84cbd8e97607b0cdb9f1b664882201926aa,52.45170529883086,64.31464411110439,41.09831553621204
24913,31932.966800475708,6603.5976200162495,True,0.7371055849412123,1.342024986972755,68.29257472686328,100000,0.07884,33387.38282637292,33422.977048139444,447ea973734d06d59bde673f9a2406a689a3074031cd060fd36ed84a657bacbd,63.924250855174265,50.735914280723875,67.97578788120644
24914,35569.881207211605,5880.592727295303,True,0.8894426798295952,1.4300861724305658,52.750957592858185,100000,0.18768,36628.93907438369,36667.98911275496,1a261ee1b8647ff8e1d0679d86f52690d1d1097eec0b6b3f4688e835ebc89916,52.6221710752975,36.601128290747795,47.81843397028379
24915,31278.773550102498,6072.173494014358,True,0.7906296492535198,1.2012949010913667,51.079197977530754,100000,0.1814,32142.880449252305,32177.14790953438,47599872768b16c3f655346a02da87a8a77171a508d36e6f10cae3dc1f2f70e6,42.57431198615479,48.073805713716084,50.46814311891283
24916,8204.511199623666,2322.561889753154,True,0.8470036926840522,1.3922917336288674,36.18634870699913,100000,0.13427,8459.186155886326,8468.204477255287,ce766760c8f0d7147fd48eba79ad4b6926fc6e772f01129f02b05021aed00c48,25.991269017576034,26.035441806525004,35.92131197330529
24917,8927.531599129368,2101.713534281565,True,0.990219636310407,1.1303790896456354,27.257179300710103,100000,0.33541,9030.96254957488,9040.590440608637,c0eb2e15c7bd36094c61b535fe87a2067720d654ae59e4c07fae07dc2027a34e,24.116215279729836,25.74658855333188,27.14405135927649
24918,32198.727997508937,7069.784513919083,True,0.6923150265044813,2.2838324525014824,86.47385127024484,100000,0.03933,33813.774536236204,33849.823333348126,5f827629f318b6aeb49a5e94729c39f72f965bde8a733fdffd1127e224d038a1,37.293959538302616,63.16644604506165,86.41051592995902
24919,16887.42543204197,3640.321828355059,True,0.8744197822771248,1.785806175458152,44.494714225055674,100000,0.14702,17219.359191246953,17237.71671549251,b806460d059ece5b251fe6ef7eeacb02523bd62fc8c509a01d83fcb6162cd001,40.931660937502386,44.29918081293384,24.919647078192803
24920,29569.870166833483,5990.290183495215,True,0.7719737657398216,1.1880676162358528,51.28149468819541,100000,0.17087,30638.192882932388,30670.85619882246,e533c69d95407dd298f91cf03ea3eba557b7579cc047bc99fdcadb7a599e38e2,50.46770143752825,51.31905437668774,42.955763739062114
24921,105134.50718891578,19058.49650144489,True,0.5652306147158104,1.9558446228238153,125.1106373133984,100000,0.04232,110190.37722608027,110307.8509659034,e9655a50b1f2a917ff4f5d490154eadc358d4c39426df89258bc9dca0d8759bc,63.56329009989797,124.71355765395646,116.92468741105691
24922,86986.66373120113,15856.913955906573,True,0.5987339773035598,1.1742006515934786,108.26912598643159,100000,0.05492,92674.38718481381,92773.187162838,086bea607879b1ce66da45b4de2cb1d2f94005d36865aaf694b8fdd39438d240,108.4541562310373,102.29529237487556,91.0348803460133
24923,33937.21794394364,6036.22488303185,True,0.8397877555884226,2.1858101344871925,66.25717803028135,100000,0.09029,34918.35365007966,34955.58003676609,75581304205cbccfea09caadce4fd145f7bddb17bd797d56b8bb08560f7290a3,36.44468313042576,30.257336793369454,66.07924127287582
24924,32762.796639591998,6886.189844196626,True,0.7190500327393395,1.4732000299452195,78.1246200504759,100000,0.05334,33816.765633279,33852.81761919344,49ce41ba1853e78185a53b28439dfd22f470da458c2786d9885aa6e661296306,57.62072196593938,52.089437831506274,77.70500539200165
24925,21353.90240264522,4418.039475899619,True,0.8425054160523789,1.1396478789354252,44.34577090590426,100000,0.18888,21900.695295818357,21924.04358308167,2d3c976fe447428a543c46a8739a9da7fe0c559b2f9550976a6385fca2a8ab7b,44.410730531254714,38.52105783281429,41.39010795245898
24926,42650.63981718138,8907.639765608186,True,0.6627328725750669,1.5085213915827922,101.27162565246422,100000,0.03129,43209.99432596618,43256.0604141219,f5cdb33377570b39d46f19bdf1ce376d57cc7e23fa53ce4536334fca532e33aa,67.30013794580263,66.60785144231899,100.70296173888838
24927,12279.667398066587,2686.524370755905,True,0.9581152272617222,1.2346341328388122,32.45788101871976,100000,0.27435,12473.282482467188,12486.580223866868,3694fb419662324a9981048bf269fbacb676f7d8e0da804312b8d97da1415c0a,32.426183869287414,31.110752167845163,26.36410404035172
24928,32923.579984461794,7453.260525172314,True,0.666513869147624,1.5989488817978013,79.21302038291343,100000,0.05308,35078.08978969106,35115.48647075507,5161ce18215fe1712df05631b8dd4836162a2c4bc04cbb19ef33c5e7a757c7ab,49.604833320843,79.03896833617364,55.58062025890948
24929,53787.87657192918,8609.1239720495,True,0.800414158950777,1.3454036548818802,64.36106372380561,100000,0.15506,54964.808733523896,55023.4066057078,38ff48552677a56ce0fa24e0b87549e4f6c34af0ad98d47d7ff9adec69f0ab33,64.54962152768394,61.17129420819708,47.626558629603224
24930,40952.96285639653,7966.079908151173,True,0.7212674791372308,1.7647885849355045,76.44868545540976,100000,0.07479,44429.24171033755,44476.607635680666,db690a7c9e325bd30c2f17f585523c19f0d76506024cd5f04de46ddd3da4c571,57.448499470642396,76.11272931815454,43.26368478653316
24931,148216.55464394143,24241.312507947332,True,0.5587177515429576,2.2488433229101084,126.28463716188332,100000,0.05873,157263.11175986423,157430.76964741971,1ac48e56741054d3f16ddbe7a4ffacf935fce9ab88642e2ed7ba7237e9383725,106.73764986680665,54.01628034853993,126.96292378726451
24932,17768.42381364938,3592.3236615497426,True,0.9166592711437656,1.277079786868261,38.38720984732839,100000,0.2392,17990.205215018137,18009.38453666125,070a5450d4ceb17cdd927822964b1c1cedda5206305d0432b458912ca9ff394d,38.31223482809533,29.89628891918398,38.31223482809533
24933,17403.908267226987,5356.874410102907,True,0.6062761958152798,2.3866984796318795,77.35184022521763,100000,0.03016,18559.171685524347,18578.957581178787,781ed2d435baada8ea7917265b1acd1f4295e7aa43524088f9ac900f7d575bd1,31.962399800092975,68.04167000279763,77.35184022521763
24934,11670.601458642637,2527.1546789052654,True,0.9845727062549745,1.1467768111643273,30.345442831392475,100000,0.31784,11808.759895245796,11821.349190450057,fd374de2e3c5a8ad3035dc9ff40fe1fb9f9396d886a67aeffc9650c0e58467d8,26.463359812923322,30.367668497528754,27.293118015344213
24935,16918.704603835748,3209.6729027315223,True,0.9929668591935936,1.1218748958287508,33.48068350857032,100000,0.34364,17147.545290741597,17165.82625433206,67e1fe38506bb7f0158a7da82e10bd83af3e156c3b3032f0d46411eb4ae82971,29.8677777198037,33.554249463545204,32.26275825398609
24936,28168.232911659816,4789.193953795761,True,0.9348202274386993,1.1448023013225526,45.151810406602635,100000,0.23814,29145.610472801935,29176.682549582696,540925d498f471361203e102fb8c909058ee681cf24e2ebc52cabd5e0b235b01,39.51885749698985,39.375553411226704,45.019529712052034
24937,31757.816200985442,6776.770956828414,True,0.7156407644127323,1.3950040082055268,57.95236624727923,100000,0.12662,32766.58122853888,32801.513614968935,b1ebd7037c85f2a6b5a6db912ac2edc1087b3340b513ef241d3533a9b77382ab,41.41273828266267,51.13277627384451,57.90992066653171
24938,82717.74912929435,16599.305094750434,True,0.5530868792291205,3.3669013259717504,174.94021229189502,100000,0.01322,94105.6512209004,94205.97706663852,ef941aebd937b273444acc61d4683fd6e3fc784714a4d756234b15cddef58d0f,50.50459009647605,97.25069906949341,172.54845157696678
24939,73312.25193775825,12834.892205552867,True,0.6599984853752643,2.597737410839801,92.15861184589107,100000,0.07399,77000.95339019876,77083.04395193752,f91faac975c2d6658a5b6ec1038402897f71c68fbfc24fa78bd934daf0432920,91.30362472427393,80.97628028158252,35.09947130849367
24940,18647.205454493924,3744.7150815401183,True,0.9081156956164463,1.370531685172488,40.24547243441316,100000,0.2203,19093.295251112533,19113.650574827367,a56d3892b81a6397359afb082be1f56e0ec8b9c34e2ea7b11b52b7d4c3744247,40.17669355085825,29.289978839596095,37.887339283959264
24941,5754.196310620817,1564.6904624598608,True,0.9924580041032826,1.120975265263614,23.442058986138505,100000,0.34384,5889.23606493042,5895.514567669635,5653abfc6efb3716b396b3839c175ff816d731666ec9d7a47b4a610ed4aa391d,20.895253261326097,23.236025264580647,23.464951621867158
24942,29088.768555584116,5148.331281781982,True,0.8884531478513299,1.3112624305687834,50.56453610730185,100000,0.17381,29876.39158120345,29908.242742255952,7ca4461434d101b0ac4315147473f36c319c46099cbc5a16374035ad4f93a68a,38.51595523798383,40.92320244035782,50.49046696261342
24943,18678.0493591251,3538.7328208665385,True,0.9620346096446033,1.0465989458008043,34.49630842938703,100000,0.34835,19012.927102040023,19033.196745432568,dfca3c6b3bf301db33fd07bf14ac32560749ed7cca8c23e566e9dd0dc5e28980,33.67095729997298,34.3531352742846,32.87929397175951
24944,27806.18512715498,5701.203785263388,True,0.7785356417666457,1.8039661545883334,60.412683981093835,100000,0.09818,28782.11616326147,28812.800719488972,c7598cf2487b80881518f619ce63d4e4c06c1f262b82bc99765e862f0532222d,45.530750842196454,59.98495745876676,33.40691631278749
24945,12210.539449540642,3169.195468801016,True,0.8091424737416953,1.5898489584921196,43.16046337969442,100000,0.12056,12887.742110417723,12901.481706394246,70e7a8914ed03afd22d664174a463c65bc9a75c0f0059b3a510d25f712861651,42.94971892959825,27.14388517238595,30.14699358625628
24946,59153.97059868402,10589.57050746877,True,0.6933114600908147,2.1934473165361483,107.6308759778367,100000,0.03708,61470.3451679659,61535.878579475015,8e46d37cbb29359f4c0c921f7ab3f7b0a98e888a92f8ac450b1e5a023a73713c,107.946200809803,61.04163205481315,48.79651774678778
24947,16391.9665411945,4749.821988063656,True,0.6569931328331663,1.7073063626637146,75.32385209773122,100000,0.03077,17483.982522834223,17502.62216148203,b29cd25ce93cb0ab325608f99da1c505cf0cc9b37d53d884303b824e8b2a74ef,56.69517480891244,74.88250140184607,44.098290363857295
24948,7550.18186593461,1884.585631275803,True,0.9875820570413565,1.144111743217036,26.411185472120025,100000,0.31342,7677.250176188589,7685.434877180259,0591539f41e4da91ca72cfeb7020ec97c474ae89dda95dae034fa3ecf5547a0b,23.058202941479784,26.44342568876079,24.1285781339534
24949,37212.19113417749,7062.739145695412,True,0.7631931319078672,2.5619220624679717,69.48824407983196,100000,0.08702,38821.149705733485,38862.53685545537,b06a07f1a2668eafeb395af0760e9742b8207c7d0e90405d715be6f3895337c4,69.82754214662802,26.889371793587316,49.707166785621986
24950,22914.856162103806,4264.347473969421,True,0.9149056217723806,1.392920685097068,46.71458804376731,100000,0.17443,23642.535642905706,23667.74090266424,2aa5ac84bdff91c5a127efa9a85b5a3edc6049160c3b2e8789fe6611ae8764d8,34.56833895523894,46.71458804376731,33.38222636819016
24951,79320.75079778157,15283.501072773795,True,0.584142964340167,2.3789190817984576,126.21405606914868,100000,0.03123,83485.38547454597,83574.38907630472,acd2c331b1b468e50579da287b553865ab2dad5834939d74c63ba7e45bc4bf87,96.60182269940947,125.69021843409607,52.72271726911948
24952,22198.83290781888,4825.119548719482,True,0.7916431798902759,1.2139369293313267,50.43616185072747,100000,0.13511,23047.768588611627,23072.339768408277,42b1d0b2f9bf55c4c4930f4abaddc29ad0938ffb60531a414017ae8e9750eeb4,41.496549178943255,42.518571013320795,50.534669979342176
24953,32649.67476418143,6380.901895329074,True,0.774202607977795,1.4246820971922722,59.61333257633771,100000,0.11932,33609.244430268074,33645.07517824487,70f1814208e386f3ae050d1f01309fa897bc03397849e285afb5e4131256f0ca,59.36591395968787,48.756021516291824,41.85740832264337
24954,61425.514983836445,12419.031237459854,True,0.606218160661578,1.8209752788751314,107.55977850132226,100000,0.04013,66394.81405828267,66465.59743618405,9bf71ba1c0ef5292b1630e4a5212a7ec96158b6151d8aaaeeb8b5e66502b0ad6,107.66481734751494,74.84017791229698,58.16526107920626
24955,54616.57857529069,11458.00256254241,True,0.607563305784816,2.5989754103559903,107.6275191679585,100000,0.03486,57784.6748523625,57846.2789781515,efdfd7e05cbff7dedb97ed42e7f66b79a3c26fe2ac3f8bf0bd2e9ff4e0aa09d7,107.73262416714596,40.63622031085151,99.87602547788336
24956,6731.719030429206,1739.1230404704838,True,0.9913746351073853,1.1126342365775554,24.334322124524377,100000,0.35832,6865.056394440533,6872.3752172729255,6b3aed6cbba539aee6f08b45d1d28df28a9e909e87618bcad9ea058f0cd2019c,21.892572516814532,24.23926617872545,24.429378070323303
24957,33520.732695416715,5824.415339403905,True,0.8631920981908191,1.6080425803903582,61.03512129828394,100000,0.1149,34735.59690783383,34772.628457924446,8dda7df5c08dafac44c692adea00241407ec73a4ce608a25d03322dfb3210d7d,37.80422430023104,60.96061553498038,50.08277409265925
24958,11002.123245425139,4157.568484123116,True,0.5753900972113911,3.017812830057798,106.46368998999714,100000,0.00714,11455.605706569993,11467.818504803083,814431f8a6056f66bce6a2c3e6e2d42b8ec34b4776a83a13285e367e63a1a428,105.37202129381065,36.14203147731715,34.60849688029326
24959,21550.758067672716,5179.386269745528,True,0.7230708566139901,2.7305738999084244,74.41589110402944,100000,0.04204,23034.302657642675,23058.85948143737,d33a86c41c0f2cbda3ab17bfc69e9a05a5917e11e040fd7414fdafeba398000f,73.85268489694329,27.015729997971622,52.34184137468476
24960,31171.95603905297,5342.766728477932,True,0.8965213059702513,2.0369343627263974,57.244859587290534,100000,0.1288,32124.81593698409,32159.06413872594,4a9db9accae855a46afdcbfd2b43c59b347f3dd2a0cfcb2db646e97b58bd592d,27.888700514267153,43.911950396305386,57.0771500377184
24961,70791.7061665955,13998.47279336083,True,0.5911872419499795,1.6755135640067924,142.85986697077325,100000,0.01965,76174.31902909448,76255.52831760133,397b57d6ebbcac88d8e5a1e191c3e733172a5019f2a8c093f52a1635c9d6de8c,84.40451124738067,143.34815753170852,91.31033489489364
24962,19361.479475682132,3576.598432661086,True,0.9749289558907875,1.3422378718046677,37.349487566989,100000,0.28463,19717.41228543916,19738.43297907063,0e11f4f7c0f65bee8c347a06dca92d63effe82584ca68041ff801c91938dcdee,27.793271021528923,36.5014645338518,37.258302294608654
24963,83073.91162305976,18154.812354346213,True,0.5071488754248216,3.103451411362665,226.65332486695382,100000,0.00625,96756.82342216803,96859.97567726459,72b729708dcf3bbbf32698c938636afa9e00871a59f543c37cc5265d59a62027,71.27184629605384,224.32924292251727,100.82088816103268
24964,56941.80974884581,9351.969056629106,True,0.7653649573700847,1.6081754286632493,83.33453316531649,100000,0.07642,58802.71189932553,58865.40135236538,2aa4ad5fda2e8e366460558eea03310ccf0cbe6409584b45ce246a6bc8823d56,56.27522430060191,51.473722877990895,82.6021007449182
24965,49072.899497589475,7124.43219278934,True,0.9098329897556139,1.4809739700493794,58.08408369426712,100000,0.19437,50642.596449546465,50696.586419896375,1dd3b7d62ff00428bd9f4f8197ae4335d0e0e683bd0df4452c5fd1dc08bf2b9d,39.19541194603377,54.893429682741214,58.11244506325846
24966,9301.142074721254,2164.3806976274027,True,0.9881919790937558,1.07639546354826,27.20031067888911,100000,0.35128,9399.187631437484,9409.208086491371,7981c93144289130e75204ab695133fe74ac96b2509d60b21c253f675357bc5e,25.281148133430378,27.14054437124507,25.586620372499933
24967,26265.376124016115,5087.099317064788,True,0.8399813768504851,1.1820319606241028,47.42680886626097,100000,0.18906,26815.547407948416,26844.135409176084,48dfc73bf06a6764d20a6c8b8aba3c3394bcf060d98fcd0be9825ec6347d4e14,40.05110641318279,47.47312410929443,40.72267743716793
24968,28211.789420409317,6980.230307507777,True,0.6420489322672731,1.5112482615596041,66.5422639730401,100000,0.0753,29498.70809218806,29530.156605631586,c7c63e731db0439e5f227b440a2b2ec99139e37403fbe773fbabe1139bea5250,66.68847500227773,43.32720166408642,61.05122754167106
24969,15374.422518600672,3009.17644636371,True,0.9936551293656196,1.1336436101126948,32.200035224268206,100000,0.35349,15691.392084798483,15708.120646381047,6932ce192b76524e1ef7ef8e2ebc67f7f8eef04790b30a850ca161a286a7d626,28.497345626946355,31.869859081831862,32.207896560992886
24970,35019.86654389677,5559.846973574992,True,0.9310312905033977,1.5424811024577838,48.36461128107712,100000,0.23712,35667.0008960242,35705.025414035736,d49d0f95fe170a3ebaf97787cf26c5fb106222200fb078787fe95552a703f056,46.05028906157246,48.48268894533756,31.444081992555752
24971,48478.236143027294,7663.949989497874,True,0.838936974697214,1.171969251141431,56.1608486507443,100000,0.20822,49038.67522545814,49090.955258612834,00afb2fa5e5250cb5ca1b5bc17ad8f5101f78434c02e0edf6f223f7259c3befc,56.40764925516652,49.593210344175326,47.440560627826
24972,33723.85660194975,5791.198610488307,True,0.871646694827436,1.1457197012097644,47.13961819460934,100000,0.24717,34424.62683376338,34461.32685928271,1baa21c0660e26212c17c86eec3fac62dd1ee7a3ea409b6daeec907fc00d2674,47.16263558630593,40.936431132379255,46.1728877433527
24973,21838.37076719121,4373.790068360757,True,0.8638526710798122,1.3929379304933391,50.444422206746665,100000,0.13098,22354.23147176277,22378.063273032243,5cf8cc9b1f2a8388cf0ccba415e7d36d7bd82ef614e47f3fe757b5cff9a42bc4,41.19545709999209,36.12145760068066,50.23505814973625
24974,25481.51855319597,4528.592792563819,True,0.924707522718013,1.4358409598669113,47.721593378394644,100000,0.1799,25995.086848175713,26022.800158048667,8ad836240a5ec7aefc4993da6da0ecba9713390791d1d3b6a3868ddb42184889,32.97170636251388,47.5002285653601,36.36208323583244
24975,13519.328426844762,2788.1296397243113,True,0.9843311755655682,1.1656293486098466,32.1357793772648,100000,0.31198,13766.025409333806,13780.701341371114,204053fff1d6a3c915024bf36f0ead28174ff0c7fbed634cde7b6e703d3db2b5,27.663759297909102,32.182853272836965,29.60948031489193
24976,22822.896139845874,4444.76696642248,True,0.8754183195981577,1.4744193596136332,51.80122652967225,100000,0.12689,23451.07889706223,23476.080045168597,1a012144939ebe3f39dca8354e240168b41a8abf5513c784c753961c2875a6bf,37.54830116371995,51.68740547528576,35.145412237783006
24977,14414.800966509874,2888.2816168050376,True,0.9917077074717022,1.193748513995492,32.92528109182064,100000,0.31135,14775.855854136866,14791.608364382948,a5c6fb7ef5c2bbffb455b40762a3becdebd3a26ed8a6e105280975d6d2820bed,27.61189954843845,30.497684683195192,32.7805899151476
24978,8317.336454921237,2002.2299987163174,True,0.9915006590116575,1.1278848095344425,26.39387678762097,100000,0.34758,8497.274252009853,8506.333179021585,287302d767b770e7ca2106ed56d4b976122a85862c7e8c26e4a00c4b165a97f7,23.526377966700238,26.471202598522208,25.69150067193477
24979,63139.66101604126,13208.219767810828,True,0.5805522804691371,2.2670979002057154,95.4343389354697,100000,0.05763,66600.56750389641,66671.57023513287,45f84cbb2549a77167372e9d4bcab0e7a2def159cb3fbfaac3c7358357c8cdab,86.53396845857775,94.781955759153,41.88066997961592
24980,22887.809951651026,4472.863783979662,True,0.8715680025667512,1.2554367098675014,45.25174084918922,100000,0.19138,23578.584304292945,23603.721385657846,843e61a3ab8f7bd3dad51d5deb40a54fb32ebcdfe2c5a65d5e114203bb5cc55c,44.1248664432768,45.0418328716173,35.81692964674596
24981,21018.295031853417,4372.179311825769,True,0.8423989473480374,1.6491389438833746,56.17635472206152,100000,0.0931,21944.497775299118,21967.892760297822,8fb93366a9ca49c16f39fe1d764f1faa0b03c6219cb2adf34225b23c40bfbcc6,33.615294292913276,55.77862174185161,38.00407200557433
24982,54972.24778590982,7979.287439340753,True,0.8762250766198828,1.775276219111861,75.1680558724567,100000,0.10134,57226.3643104706,57287.37322251235,c942dc02d27163ed7c0cefff4ecfbf6d4c78604ef3ba18a631ca7862b70394e1,74.32388336998282,42.337086156679106,44.20894692303423
24983,47604.83441543727,6397.0356550036395,True,0.9929774646222662,1.1538676225622353,47.48189188238996,100000,0.34089,48519.197308346455,48570.9235271372,01249b5fda3033c31dd350b72b0b7f1df6d6f039b45e74c841420bd41a616adc,41.245256669322146,47.59781446999345,46.624064734124126
24984,17631.09496277479,4731.170941686285,True,0.6924179870399326,1.2943197994019173,48.297512824152975,100000,0.12206,18283.652845156055,18303.1450107282,1810fea0f5d4cdb41e8d7b6257ec0b2821fabd11dc3578a79bc0a980af21da31,40.361910741473544,48.238555899318804,36.895243561224284
24985,33919.49539561097,5946.426160033893,True,0.8521728285773233,1.9897161162145287,62.54078113354103,100000,0.1088,35386.21409837813,35423.93927014874,ae4346b217f59224ecdbb131c26125b185bc26a3a42e262ebaa34f1879091441,36.0037016388891,31.331465548346237,62.724006078268204
24986,12828.003500985506,2693.3721062650848,True,0.9839215657487933,1.0590204891598711,30.14834484870461,100000,0.35816,13049.167499559893,13063.079190819528,49c655cce306637e42f4a273f0cd90606be8a93b7e775d8979fbbb0520ca74af,28.53640941856147,29.964333954852655,28.646815954872643
24987,10157.490009612666,2366.688261175147,True,0.958371750463271,1.3258679456596065,31.126228018832283,100000,0.2579,10340.609255132069,10351.633357887953,b9399a774181a29387a8901bdc4b7874bb852e4ed8a4cf02389405fa6266ccfe,23.59544384728375,30.951446953296852,28.3145326167405
24988,48004.365093381646,10128.310898547676,True,0.6306681815890537,1.8670380279355838,105.39702017617401,100000,0.03322,51713.023133371775,51768.154283459175,93acb2749de8a15fb3a37481af15586554e0dc54197b04ddc35ae5d055bc9114,105.80872728623719,55.60619155290821,66.18191794265614
24989,26409.10669924991,6115.779632569465,True,0.701242297092757,1.585371624828066,53.266435584672735,100000,0.13588,27304.344096944704,27333.453203340672,fedad597737e4647d2b2ffa1cbc2fa8972f13fbb76c074b446ac44008e647f71,33.59062576054923,53.2014130802969,53.14939507679625
24990,17292.196703938564,3532.953219800764,True,0.9153341850662131,1.419257939293206,38.21960458443543,100000,0.23675,17573.726291935014,17592.461606234803,86fe706bda3661e95d74801b460f4df44a51eb98eba947006b5185ae84bb1963,38.46220949634835,37.90235200731853,27.02245480383911
24991,13012.83644084414,2699.0551178509313,True,0.991258714716876,1.131085014125794,31.183101127854385,100000,0.32804,13225.131965654145,13239.231252277621,9e69ccc11b6366f6ea6080473866955a7b35d5aa0e5c67fbbb6f2fbf78ec582f,27.574509835226706,30.505538627761844,30.931870088494236
24992,33618.24746507352,7119.835276956248,True,0.7075072452547408,1.515874328432157,58.00432330271313,100000,0.13397,34761.93575623867,34798.99538612269,8fc545b546f23d9ab7f1fb3f6cb5828de72a23d95ff512d6e15b0b44d38be1e5,57.84854997353104,54.26576340234295,37.92372504996723
24993,15331.913641053965,3555.4155309934104,True,0.839443238900432,1.9771555135791363,50.205949792091545,100000,0.09549,16067.146636549965,16084.275789305386,4ecafe4c5425db84b171ddd09a209a3cf6c204737d1572451768155e700757bb,35.509432750900686,49.593084194043556,25.121360863987213
24994,28262.557236334807,6302.060997905622,True,0.7119931663297557,1.381475301141923,54.066028156662625,100000,0.13864,29132.46612097017,29163.524184583843,878b2461e23b594f67e5cf64f653dbd05305ac45d37eab94e49df679ca36812a,44.958225561912336,53.617237883877834,39.11075230180453
24995,15575.601177618715,3036.838258087413,True,0.9931747612730731,1.1068015661229789,32.40475237954064,100000,0.35093,15876.76144807821,15893.687631566614,63394254bebff686e7442162803ad813f6c5f966d538d8dff868dc1dbc81f9cd,29.184846564483742,32.12785630207875,32.40475237954064
24996,9021.399033895847,2138.0249073534396,True,0.9802133794591082,1.2344248203868577,29.02215246003844,100000,0.28258,9184.28982437744,9194.081177310884,06fe8efe5b62b50b1f672ad8ca453e33192fab4bb852d66804a4f47122c4ff1a,23.58049887378123,28.837929812587028,27.151584039762525
24997,25651.65784030089,4706.303724579703,True,0.8937467292846397,1.7630654034958457,55.49856126143602,100000,0.11588,26337.1612151242,26365.239209792624,ad71d810fd3b9780c0192115f3d339412bb1b50392f09561eff2a069f02c9e12,34.144622651078805,55.33596782024041,31.597325405680863
24998,8619.939015784068,2263.6118110534117,True,0.8981557102114689,1.1582004742961245,30.44828307725936,100000,0.23563,8843.70628879354,8853.134546303814,b55fe295967fcee2d2715eeac730171ef1260dc9ce406eef70faf8bbfee8cd11,29.199427716668644,30.359079122931455,26.144192280937787
24999,37341.57466755801,5483.429987576215,True,0.9852813001550473,1.1225568415062188,43.87443728768916,100000,0.33847,38007.5750212407,38048.094820625665,122f86be473400e492a7b990a7e224321782103d9604b668be9ee4af3aeee5dd,38.98997844902064,43.83159115752541,42.1605920811388
25000,69068.20701669267,10454.620937245016,True,0.7786840667460125,1.1054848745376105,64.15237141598523,100000,0.20276,71176.35255945176,71252.23352594461,58548558995df62cb9db254a43d60233a49f769cd62ca09a3bec25adbafaac68,57.934477995051125,64.24634461630161,62.63313801087034
25001,130598.51424039893,23529.21782593616,True,0.5290565858471346,2.503720531453239,186.41534779401618,100000,0.01692,145733.92330940298,145889.28995230983,c213fb70fc2f0dc625493dd1b412390179fe0bd7fb301582b9136354bbc8f3eb,74.34313247595836,89.95359739132641,184.3218160560951
25002,327304.5866048132,56872.20048115034,True,0.403848821444674,1.4551866462785787,151.87127368341194,100000,0.07725,359783.0468844647,360166.61086805805,89dcabf6a03b48e7ab6d67cfb83767f0037c164e8ca1fbc0983a431e22020525,104.30026681431588,151.01848088684983,142.67594265961162
25003,19353.18352295025,3534.0479671710145,True,0.9863853830837426,1.1562735867714766,36.197201187718804,100000,0.30914,19493.753907435846,19514.536159319778,9765bbebed3b51e80c07a580d0ff4495941646ab14033001d037953bef186c65,31.301388331762695,33.41348088153438,36.161852358433926
25004,27335.558027158535,4971.355111775245,True,0.8827301639890296,1.2436301281188082,46.13762022762019,100000,0.21436,27991.399956475838,28021.24153174358,2b201c6c3e85a9ccca664225e5edf710dd17c9b84d9d92225bd5accc36e7d8ea,45.934867013729274,37.16015847922827,46.07003582298988
25005,165124.3474580246,31947.727208869834,True,0.455601242627307,3.0389219345282883,255.2822691126355,100000,0.00852,188458.98634284036,188659.902089626,6304e263a1ad3780514192721402bd11f45e3c0e5b3c561040404520d18e8fce,83.8579817116824,251.91673138507633,120.56727285117026
25006,11158.567503466504,2661.064247636921,True,0.9074744251499024,1.6394607527215561,36.45740233936125,100000,0.17552,11308.345663463331,11320.401468060269,ad6cda47db4828be5361dd4593d9af0bc80b0553856b57456864af3c0a37630d,22.234031016534274,29.488128405835898,36.403997941403205
25007,85715.42223337713,15418.296602500111,True,0.6097526658528098,1.4171470068513523,123.8130887822297,100000,0.03663,92438.28824581736,92536.83651923694,0217c8ffc380c40abfcb1cff4681612f32fdcf11c4b3f5ef63b376b9dc727609,95.36872439158563,86.02833268413713,122.81557122124005
25008,11339.539493618657,2592.804194965789,True,0.9414082843388737,1.4337236576888572,36.2709901690767,100000,0.18385,11664.259438526877,11676.69468208449,370e814aa99797726c54c22241db1a690c74ca28a6fbf121db8388bc71cd2f2c,25.883814517629684,35.9344917251253,25.228528074145387
25009,37263.65449796873,8669.654492169939,True,0.6223088311539547,1.5635775610827711,91.51364280107146,100000,0.03783,38548.6499419562,38589.74658022731,fa1b35313df3170d77df47ccc146d504f404cb90e9e43a06ae5e4cdc413fa3aa,58.24611005429524,91.60301159286936,67.67451758897593
25010,66961.15977417324,10309.436764963368,True,0.7735074425012232,2.100554986924874,97.30347024718893,100000,0.05583,68386.11265414087,68459.01895147542,114d62beaf70f0a55d1c9ac3bdbb3b2ebcf85a926448f465a4c2885388f96be5,46.34742930963515,97.73107338792366,47.90342962730871
25011,38281.68305170535,5885.745502493405,True,0.9332757768873161,1.2326099385031082,52.01734170357145,100000,0.20739,38810.351481748046,38851.72711950502,aa1f1af4a350a8b759113b45facfdfc1416b9784e08e3037fb2c973aff060be6,43.826134330816664,41.972000568921786,51.966543518314054
25012,35951.246368620195,6573.57108435617,True,0.8013558192839244,1.384027194993539,57.30983939419846,100000,0.14891,37267.197882606524,37306.928367411165,387399afbf0fc69c61bace9a588b0cd673fa6cb802bf3fb2ae150870a5aa176a,57.085972834064876,46.22844466758586,41.597205204822274
25013,33682.95843509248,5559.43409850006,True,0.9072500989976718,1.479306427445547,56.94439144000067,100000,0.13968,34292.75653134304,34329.315970197815,73f20011d1e800bfc9884d128af5322e0e3d4b35c511d8b08e4b2604f3778450,38.620976420977016,41.10951305861377,56.72195241093817
25014,11353.719584429162,2521.8613586930696,True,0.9686979034205713,1.0698134202340652,30.23153930246322,100000,0.31338,11512.439479054725,11524.712867658489,fd82f71e255ee3abfc0599b37c18f6b5bf199e490bb111e58415c7d50e7ce8b2,30.290585277663347,29.55989133456181,28.297783614659174
25015,36010.10488656292,7425.472666552866,True,0.7101928215941681,1.369588974874658,75.5815955677856,100000,0.06509,37366.09733538685,37405.933256699434,e115224fb504ae678d84dd8ae15220c95ca2d2cff2e47c94646db4434c170a14,62.16660045602288,75.50778541586394,54.63796496001299
25016,16313.313102911983,3168.123904524501,True,0.9818460875806179,1.143173530490581,35.33488190662223,100000,0.28165,16520.987011475012,16538.60000254252,e41dd9aead8b69d2b541bd1aded55d3178730d1b03571a38d3c1d1f5ad6d4bcf,31.03016851028324,30.8921416278355,35.32625522646924
25017,17999.768448247076,3375.026949937878,True,0.9841277808236398,1.1441770342171556,34.164472239470655,100000,0.344,18238.868538478106,18258.31295959087,9d82dd989cdde9597e23ba73ab9d08735021c42013e2d826ae44193dfc156a89,29.652026076981976,34.156131303865315,33.755766394809015
25018,8859.99124264503,2216.0130459308625,True,0.9344025323487352,1.1379078296460219,28.42844914694837,100000,0.29312,8954.06532765684,8963.611238716776,b3a53e21c4952e21600c0ca9dbf9c9a016bf4e5bcf24af587ff6c172e02a7d0d,24.95817947569002,28.34516267483817,26.60308729986648
25019,14423.215590626567,3350.3309059440853,True,0.8552724530336842,1.435940943317913,40.5028898622286,100000,0.16715,14766.572963438675,14782.315577213636,730c0eae4bfeac7c0503ccb4f0ba136b8652f358e261f138474af8e009de133b,40.572108668145496,28.14238880564028,34.90605498380541
25020,100903.36329819274,18058.752975075444,True,0.5804080964431522,1.1491438850581268,119.03261381710763,100000,0.04776,107097.05551061992,107211.2314663757,7913cae88db5027ab8483fdc74f097a404b1e452f875ebfe2bf64f62b890f8ba,103.95011221284034,115.19660184839225,105.31596495927685
25021,56465.70971183273,10435.256232674114,True,0.6820834853206633,1.4314801356055193,88.08142465400371,100000,0.06592,59894.299726294936,59958.15291892445,47863a10ea5ecb5db549b6b700e73882e28307a4c3766dae5635b12982ccb794,61.11509005534144,78.51203159466982,87.65133957268532
25022,27038.653650170727,4420.108462880334,True,0.9856163666839697,1.1342479200784779,40.26826299587451,100000,0.31834,27637.27390148555,27666.7379436774,e38d074ca66dfeeab0506c2825e5f88cce4800d3f03d9596669419f0342ad40d,35.63780599610476,40.20927628250165,37.57453641851376
25023,15320.923454084694,3183.978729912316,True,0.9369230607612153,1.6440723840189677,39.56544655214228,100000,0.19025,15667.084371617371,15683.787018795743,40000e60b5cdea2e590cc89c65d93a39666e50adeb66622e448311ab71d7a6af,39.5268084207437,23.945981934267753,32.25318018496168
25024,134977.90933879625,23519.85513277731,True,0.5410340688707331,1.3304745615627136,114.4755011233201,100000,0.07289,145385.43891447215,145540.43403886558,55c997e26ad3e748ea2177d4265c2ccaa6b486bc4bbf8b79192f238d90189329,103.5477860502688,85.52124839779285,114.30781240097149
25025,19498.951363394503,4241.183563329667,True,0.8260466206799022,1.4908712517212488,50.11396583987582,100000,0.12177,20376.609633547676,20398.333096147853,96a29d9bc3cb5798b8b2f2f3955906777e1a426b9d22e8d6f57990e52989bcda,33.68255565360794,49.95491272563794,43.286916782588044
25026,7280.641916255748,1905.589597174473,True,0.9533108420905958,1.2006482850638884,27.997654925743234,100000,0.25528,7448.9843583030815,7456.92570556482,8ebb38c118e4a9b6688d09592fc0d12fc81c87bb972d9a202fd244a4c068ab85,24.928576053267964,23.274417730018484,27.9498073709385
25027,9736.12687771068,2963.666390876511,True,0.7440103194387251,1.34104872365526,34.20608494987171,100000,0.18852,10031.891873284294,10042.58685305951,987882407e123a7eb7bd91657ac0f7bcda24158e25b17ef9af03463b8d9de059,33.22065574477287,34.03071195574395,25.604457142652993
25028,35374.64050945739,6221.049370949966,True,0.8376871109757245,2.142992399657942,60.83038303146259,100000,0.12282,36757.506945849134,36796.694050169914,0d956c4b6a3c16d9d90b9cc332a7b80b5650c077cdf40b10cd61e86f81a6b5cc,28.566221133061106,60.35514566402928,47.03364820816455
25029,97662.18014259265,18627.255861746013,True,0.5505788458852723,1.473417947895677,134.2559910997996,100000,0.03292,105919.55635091075,106032.47697717765,e74d232c50ddab302fc75a008451a0313edea0844f0d544025fc5b2acd32bb5e,90.59657211910303,133.3382255356408,98.43035675602982
25030,10768.276260616016,2375.931498729772,True,0.9925392010132958,1.119661608063836,28.697529973248677,100000,0.34886,10962.258339437825,10973.945181033798,ae6c6462b94a321e46d30e9835168faeceee198d16ffab4b3cb593775fd55b5c,25.635806194364477,28.662498808730547,28.501355451947177
25031,7718.297471693208,1957.5749996043041,True,0.964820945361037,1.1062903719747867,26.09937480732124,100000,0.33354,7884.125680926213,7892.530931477941,17c9ba6ae35460b7bc0d816acf49bd935e7b229cd76e32f1059523eadd53e260,23.68441800752272,26.131234395709086,25.443067286531665
25032,15298.795182590487,3014.9519217163484,True,0.9884966923176813,1.1645355739469117,34.1176419986478,100000,0.29598,15628.406210183271,15645.06762265143,817412ea5df711a9b6e7d85ad4be341376b170ff92daadf34cb2759a683757f7,29.269871577941494,34.16761901329426,29.98620878787404
25033,12363.010686571768,2612.88314478359,True,0.9895710168213296,1.069248709650133,30.127977846617696,100000,0.34498,12543.512573238166,12556.885186796559,6412e48cb8101cf2e7a3195b27d162d2d4ed1ab87d7a61b5f5b949c80c2a4ec6,28.84812722520376,30.172110626666452,28.164069134448035
25034,29539.81772521629,5135.802263514537,True,0.8998035541216187,1.379129121938008,50.28367110505272,100000,0.17886,30234.964243511946,30267.19767815947,66b97157388fe6fa06491683e2694e641733a0e96a34e09173400da94a6ee1c7,37.13576784491809,36.42374320524692,50.38188140017978
25035,27418.654495635375,6995.898874684173,True,0.6285473899998328,1.7948854353398893,62.52535185969349,100000,0.08654,28125.524208879884,28155.50877374369,9e172b978d36998714fecd61efa0bfd3b9446bc80d20b41788777b95a7e0f83a,60.678289463447655,34.346201583083584,62.40323203184252
25036,18199.00822265468,4338.429580609389,True,0.771229061040624,2.637585541357862,71.09188551414677,100000,0.04018,19194.87695640068,19215.34057616748,f4e13b975f9be5ad367695343e65f803913abb4fef48c261c438d26bb6936797,70.84889567108083,26.47721468550559,26.798308406699853
25037,31116.540941266605,5995.798250344387,True,0.7979297457732467,1.2160349788573415,56.31405072135945,100000,0.13563,32204.85635400156,32239.189886671196,c0a8b5a609414f5815efaf14e5c762dfdf9666a5e029acbb359c4afddcca8400,47.37749482075309,46.25011392252275,56.1903137935049
25038,5297.641144558415,1574.7468149220595,True,0.9332437214119456,1.5535373039760623,25.497248592972895,100000,0.24729,5450.066619783724,5455.876924859618,6ef02220ea9ce9550948abc4332053db048ae5b2036b93ed117c1697541d8aea,23.374552848294243,25.540822992423777,16.520922306091325
25039,11736.294981662437,4566.206296857737,True,0.5469520741533491,3.4616920145735426,76.10677712845127,100000,0.02157,12642.572153050036,12656.050373827482,b5f6edcf1755aaaecfb71f548fa87a5a0d047009e18f530f114baafbcb2eb0dc,49.38764980649988,21.423611823511795,75.7909042741584
25040,46190.7909312775,7739.873538225216,True,0.8043662850354729,1.1231679411449458,57.354252677605416,100000,0.1925,48288.41064854964,48339.89082614593,f68fdd907dbf3066001e3408393ddab4dfb245d2a2c2a5dd48c3f60f0db7abe4,57.3402501745103,54.13367696572815,50.801081229089945
25041,45251.10183414004,7382.07548625846,True,0.8318756553924803,1.3636950409274626,56.151893001002165,100000,0.19875,46785.970698185156,46835.84912756829,4eced007ba155bdcb64827c6003ea8939459b77dedd6c5d033249c89a4b68963,56.508325915559304,40.838986633297225,56.17931091750656
25042,56997.33236177978,10475.98773812674,True,0.6836893733636418,1.8990122955614719,103.49873621291198,100000,0.0411,60584.60265687083,60649.19178006804,2a067f8f1fd3d10921f69465d725bc67a3183ea70aead1e360c3836e19948652,104.10517412040952,59.53198791934096,54.02351025957174
25043,16452.504360161747,4373.3937138154815,True,0.7152978030446969,1.3331227412334439,58.06841648345525,100000,0.0664,17286.351120763946,17304.780064970997,6cbe4e54c38327c3e4cf2571ada28ad36577a0cf3febaab2c3d600442f3e847b,52.029074339424014,43.46625120563325,57.91247102903192
25044,60901.29403756004,12254.710490219153,True,0.6108464896898012,2.660592179788864,117.4813004662405,100000,0.03105,66939.60450532396,67010.96868322659,cd7ae1201a0de5cf8db2ac64057816de6a8a07ad31c880ff48d0f5d65e78d98f,42.965573266217845,117.33789067563228,91.89699382173694
25045,29655.468035686383,5603.703499546231,True,0.8268222686387882,2.391063890176895,62.44011597410636,100000,0.09658,31260.33341566094,31293.659994323272,a69fc82e3d23442c59a3133b5f6fe29207ad862a1a45fbbe7c1d2868c5330494,43.567834827635735,25.93033136522337,62.10474425744856
25046,48363.17979249852,6959.029089480787,True,0.9224553855437291,1.7745086411500315,66.42803156805059,100000,0.12625,49204.0485734524,49256.50491080121,5051fecaae2cb5fbd87910438070ed6774718d13ec838dfdbaedfc3251e43c4a,37.398203319317545,66.33072488118333,40.966115171117124
25047,28759.716263513543,4707.8197672158385,True,0.9642449235614156,1.330427958395478,46.91973171140705,100000,0.21203,29119.182304610295,29150.226206374027,717682efdcd2f6e33b46b5f7d7065f00d6feffe36b78aa5a30646720aaece52a,37.400616220152344,35.05233863205702,46.96555176190647
25048,4826.042337794942,1420.130662908342,True,0.972485732003359,1.217285782081491,22.417687030837115,100000,0.32627,4887.253315094556,4892.463606036835,2e05acd5360e4ca37f942a168876a92d28d5f169be46537e865403c1367003b0,20.212040577363638,18.334778211255944,22.36295634960949
25049,20999.95591133613,4128.614469602089,True,0.8915767119323981,1.3783087935396514,43.1694133693789,100000,0.20166,21570.66358489364,21593.660026012858,d708c621d89587ddbf724178114d5d4a396be3b1028bfe8e9b498924d0719989,31.396895123872007,37.11979342943176,43.09563751645272
25050,71666.33405694464,12877.922431843814,True,0.6479106410452221,2.592480849796299,129.77698343926443,100000,0.02616,76023.18607914596,76104.23424511844,c419969905dae752191ba8c48b07891923cbcc5c048fcda309a714864a68ba15,49.078258629741356,74.77384788004493,129.016571426925
25051,11040.601525892309,2497.9686488191783,True,0.9598992041270374,1.1333716298367864,30.388204962896893,100000,0.29929,11166.643435831307,11178.548171967997,83c134cae7f66186f8c099183cf928d4eb17f089406bab405ec096fddabdeb2b,30.328853000078738,26.671288291409745,29.82436131612439
25052,9240.177877832248,2277.0807253154635,True,0.9351743470689853,1.4888530685429102,30.525761310412477,100000,0.24962,9440.482522720018,9450.547002174551,bee52a9d07c335f56dc3660ca683661b8c86f3ac618d6bde5f70422210d9bf30,27.991884639138,30.45123552596323,20.598926821772487
25053,19389.130969640162,4336.369253341719,True,0.8048780754297093,1.330207596701621,44.138970510394174,100000,0.17436,19935.574728376665,19956.828004550327,559c69107125ed143c6c594f49229aef127ab9ada458da6ecc7d888487184618,37.61942042279934,43.96655265683795,33.19043680957374
25054,17438.115216845566,3614.8226203098066,True,0.8996291002157181,1.548886320319335,42.10649044622497,100000,0.17886,17753.15979641742,17772.08640441591,0ef7071c71f0f94987905391b753c4f5825532c2d61b562e9f71733ce7b1228f,37.17213609705799,27.08754939594795,42.07565073154268
25055,37236.87483239269,6203.318853020359,True,0.8693116566337576,1.6246541861583224,65.004118256883,100000,0.10524,38434.28057147558,38475.255280790516,c050eb84cf92aae5de33fb3d8ce48726516154565536d2037a2f0024dccf9942,43.0398361114909,64.90889738053014,39.961027776081885
25056,13134.702784511857,2711.942842557921,True,0.9926978754382256,1.1521008626729745,31.25841779902727,100000,0.32991,13397.129529062786,13411.412181943128,b565bdd6b4acf20b1256c6abd3b1452842999bd489ad178df73f0df0f27b572b,27.175592232015656,30.357906739387325,31.24315489971134
25057,15052.006645821877,3468.311584703683,True,0.8500196241026015,1.4739967117512989,44.364808237752015,100000,0.1333,15476.091082502751,15492.59011211925,86ab08a66e6c45e28a30e2d9b5dcca1cb1739d27625549a7d2cf49b1a57d7f65,32.168818473174674,44.234833213617975,30.154205599097075
25058,24037.867777565367,4067.3714942156566,True,0.9903018230423819,1.118205387693544,37.195070108031786,100000,0.35363,24194.717051841577,24220.51099109101,572cf9c0dfb5ab48712caf9610cc494d35420aaafca087f045e1c02d066765a5,33.37204166186934,36.99529189944373,37.06793852074848
25059,10640.796147602605,2452.8304780886483,True,0.953819080651598,1.1288818082982202,29.669055028717835,100000,0.3101,10767.830488990136,10779.310051445289,7cd7242ac8c1341c2d3e1ec790e48dafa8364b4d95bfe38a383a86a8b3a05ba0,26.21394290745358,28.3000483391603,29.603864233977
25060,28510.859356107354,6614.403196457325,True,0.6823392149543237,2.637485652194451,62.091622196512816,100000,0.09147,29113.40484521742,29144.4425876433,1d700a2ab55a5220fa9e4119849cc4d2fab28cb794da1b2749111523be9d1be9,52.20789717890385,23.655755966225158,61.7884404475064
25061,37443.30798664983,6689.878454452612,True,0.8090624350964739,1.2963026039126209,60.16024817847611,100000,0.13452,38943.14465209306,38984.66186038221,b4f95ea3a9da84838e152333ac4217962da9f02536ff59bf04a6f4f759523dc9,46.412691465816536,46.53019195054012,60.10149793611431
25062,44461.411228874524,8279.509823235272,True,0.7330523566629196,1.347617985709682,58.35022672019916,100000,0.17298,45691.86004943348,45740.57204965171,2ef820ca2687d1f8b6e3edca753ceab3fda6543a50c690df8df9d745d0345bf0,58.378718041839875,57.16783687210918,43.26407191143673
25063,16918.88728718321,3813.403226674957,True,0.8357683607085797,2.271205854273434,48.11711289198584,100000,0.11881,17598.14860231792,17616.909953193735,c55fa887baa86f7a01b08c15b56d87661622d6514aeafbb24392db71f8988178,48.175849602059074,34.72514299529057,21.33317309859529
25064,10115.549613592559,2301.90298928827,True,0.9826301767227981,1.1546096674282014,28.519665061908896,100000,0.3346,10319.87651523045,10330.878514853966,7a51bb19b9c91c6efc899fd72105e041938232f256585fe3caad1939669fcc3e,24.585678059961012,28.512702253055892,28.540553488467907
25065,29335.820023891913,5066.264102334091,True,0.9079496952761275,1.5977684051118652,52.48332654248448,100000,0.15994,30742.30701888324,30775.081330644512,e3a6da70566f9af410e1198c11763f45e677485a46c6504689b1e6cd79c10346,32.94302552263857,37.44049808523917,52.39363335747535
25066,16336.487431137628,3145.490324247785,True,0.989847353325958,1.1669554335132972,33.96013459901613,100000,0.31939,16632.01333963197,16649.744695644902,50671cc9f25844ff5ddbef9de94955733050f82e7f3ce7b767cabad02a44a9a3,29.167908574057307,33.926970405071785,32.98179087765776
25067,78187.63978639735,14969.456758250588,True,0.5907043287078532,1.7808355561997196,151.27037412812174,100000,0.01855,85373.06209093065,85464.07814093838,b84cd286c759bad1ea370d78fe25e6f399abb6302218b55aec8ded7dfe45533c,102.00409505416803,83.02143580078555,150.49481801076567
25068,73578.16586034761,12977.563796834052,True,0.6543200932252845,1.9679942125226342,100.44028571118207,100000,0.05858,78920.25635027509,79004.39307704433,1c81e3eb090c057222998056778a10044978f725b60712cd0c764190b9268e92,100.07246239925148,50.833181708808695,95.65858265608429
25069,34758.648250087,6295.330655782003,True,0.8181648755215007,2.0684101768630136,69.16067372355975,100000,0.08402,36955.20575511732,36994.60362574156,c64b1e02087fd32dcd5b30974fab6bd584af057937672442523c908bbe9ad90a,69.26198330420951,50.891179346388945,33.61789584560729
25070,88853.2617614203,16911.303305249305,True,0.5694067736945705,2.71395974925882,145.37296394517188,100000,0.02373,96931.28616233307,97034.62441180646,5fce06d2e686bacb04d0c9b61526a92365094846fe0289def8d6237c4b7efb90,53.698558215098885,76.09366081505091,143.88232320159347
25071,11660.253305862061,2560.346038346397,True,0.9712345331383874,1.1465395125606408,30.211866060571424,100000,0.32108,11772.29693591756,11784.847358034121,6d11bdf3a1719ee7536969a843e05641c9e8be52459bc9b52610cd06103c5222,29.32675279707812,30.219242004433866,26.258360150301336
25072,45693.40796284828,7576.783157708229,True,0.8157710702543741,1.2703817783317548,65.10111901906393,100000,0.12798,46948.613225113375,46998.66504736779,638121177de05a362ae0e539875bdac43f89f371350ae067db5e565bb020754d,51.28938258655256,51.416533209636675,64.94218074020878
25073,79738.47510576692,15655.227383634705,True,0.5722731393279996,2.171012823999296,155.39847292230823,100000,0.01694,84521.84096739427,84611.94953227196,52834e0df6927af7babc0219b127d4378de8a6c53ad78ea793df9b5bec6b3fee,70.92711062701544,93.14044214459636,154.90526487836536
25074,82507.66410863414,11280.504010039982,True,0.8124908550509431,2.2460654707267227,100.01850882268022,100000,0.06564,87322.26660696615,87415.36069999305,33db93532a0ee5e5e618df2df6de5bd8fe82b8f57de011e85cff97cc5c7d59d9,99.38362571003626,49.89937079569019,44.8813523476773
25075,12881.462849034675,2676.804560662793,True,0.992759956039019,1.0340121871834504,30.03366629677706,100000,0.36457,13131.70999147873,13145.709681123206,214a51df045638170d8d5677b15b6b81102e8a5a893dcc56c8f6c975e315cb14,29.073116910820566,30.136320429627375,29.828358031076434
25076,18725.840984342565,3432.977590708803,True,0.9933616208234477,1.090343849448701,34.053397071616914,100000,0.36271,19043.911659458976,19064.214335425935,b5c6bca84831584e081a6d2ca937c459bb35fd2d94428daf68642d08107dda32,31.326464884241343,33.330094936550836,33.87880690108372
25077,61221.32077015393,8977.100312405382,True,0.836790053841595,1.5082319406907292,71.9218729886704,100000,0.12897,63795.0478855109,63863.05965791758,f9e23c2dd5f26a86af39fcba9a1c12d0a744cc2bfbbadf660df913c21448c664,47.47967396517694,71.86919583560253,57.523451150118234
25078,42040.827244943124,6409.132844624558,True,0.9122888209227957,1.564225003050508,55.51410278225522,100000,0.18771,42698.50671123248,42744.027503469544,97b558a459fda86fdb2aec5a5583b680e93a2f9986bc9b71d0b49e473cc3be1e,35.21133765339333,47.422813875759516,55.40567680025863
25079,10499.481117672796,2869.0956221359693,True,0.8081977919655048,1.2909151440125168,36.29998540976979,100000,0.16916,10758.019559111051,10769.488662153568,d4cbd1937b8471c0c85a254729fb940b0fc6e41f91187c6d1ba6a0a9ba86a61c,28.120081470995984,30.805358712001897,36.26453620526806
25080,132762.41929883225,19612.64370135662,True,0.641699091436653,1.49957279731092,101.1973671106237,100000,0.09922,136716.88813321432,136862.6417330322,0e4d5d175476dab24df1ef8b00907724e0c0dbebb184322543017dfe347c4649,67.39902770453648,90.72185840581304,100.30793712625298
25081,33731.834882455536,6798.402097128597,True,0.7426267474287767,1.2858169293334527,54.192538244266345,100000,0.16418,34741.937227204005,34778.97553669637,5711b69d6c5ecd794ae8f08c86a776fc439b12b897801e56e9a6c0ab73d251d6,46.637865554452844,53.954387441435095,42.13946150097371
25082,25695.712853573812,4838.830929927659,True,0.8702635422537311,1.4516510839811239,49.17521110899459,100000,0.16745,26475.194087100113,26503.419238336097,a4a833a829532f647ca37ece0586c737bc978a92ef329447327ea18f1858a644,33.67589530291255,49.09117144157199,42.15189604582032
25083,28584.981317494105,5487.6630782046495,True,0.8238635587013993,1.998205630317567,64.30447921527042,100000,0.0814,28778.183836198834,28808.864200180346,f369765b227eacd01d19386cacddef8231ab5b9a35dfffe0eeb79704cca07b44,41.289253011758106,63.56661043521238,32.128690604016334
25084,8819.183506750154,2081.1888841049363,True,0.9918778982863753,1.1486971578501888,27.05824511761676,100000,0.33925,8935.812306791147,8945.338758342199,611b2c42c1091dd9651c5f20f38535593240989daae375e549d0b13e248202bc,23.55045015730072,27.005396982621416,26.463703598919125
25085,10866.250576525932,2387.1480132718625,True,0.9938585700623233,1.0933395351116535,28.55107131550199,100000,0.35554,11001.98367445993,11013.712867155771,e6158137e91f15918ef879867692800aa9eaf36f22362f18f429eb2c582c239e,26.13231600630297,28.592894173874306,28.16072463736036
25086,20749.238681828803,3762.486855287708,True,0.970533604795226,1.2137050289602562,38.26109622774142,100000,0.28054,20892.110833040562,20914.38387043404,e7678b1694b914dbe732f92ccf1eced5ed9004fe00c58043418a464973635874,31.638264873867236,38.186367524171615,36.2714444951953
25087,66713.48785991344,12134.652469287748,True,0.6555400240880848,2.468190838406777,123.3483105887671,100000,0.02753,68694.36763282727,68767.6025601754,c04d8c6a77c9f6d2e7dc738e038901ca49e4e53749156b1ba9c37b4e1687717e,49.643479005269185,122.02327990861431,56.11806073783386
25088,34671.995215079,7347.0285104181075,True,0.6998822113837592,2.1942103250450327,75.43266659467659,100000,0.06329,36118.42292798678,36156.92870611984,5be0cd336884b3d262c2d9af661f4f6c935f0cf1df5a20dca5c97b4db9edb380,63.14907562332667,34.585582974805334,75.41425041630873
25089,66356.97581617952,12161.77442655747,True,0.6517457941033733,1.5607868602541313,85.06736665634571,100000,0.08494,69521.08241582406,69595.19870214172,48b0a59cc32105e0aa395a15aa4f050d9ef991b592bcbc8ca0b7cc4fbd0f66f7,59.543002979429474,84.27816745396751,54.496281764221465
25090,46831.03810791324,8471.278150109225,True,0.7416933286037294,1.0777962199514353,57.11549726102504,100000,0.19599,48552.444578343406,48604.20624198191,b9dc2838edd8cbb32725e25460e5c7150c79279c03f6323839b1bca16601c360,56.85055721025368,52.737014316698406,53.40633655022606
25091,23941.664490229105,5107.24188662323,True,0.7865637443455398,1.741330312420537,58.01817701585742,100000,0.09585,24888.553417006395,24915.087053811043,f740feb9c127a90ee11147de44e76803d79f6f13aed4330f4648b32f14f12fc1,52.01238916070031,57.86236648187929,33.400112647312454
25092,71628.87517767197,12773.50787059954,True,0.6529792269618817,1.3473991789511401,78.53308558978941,100000,0.11549,74373.40534443215,74452.69468247722,05fbe109e4cbbf5e1c89eaa7473db2529e3ab9f9d2f0f808e22f03097d7ded2b,72.43603451128527,78.37970065699685,58.05619706198299
25093,62461.32518197226,11617.871263707984,True,0.6552872139400402,1.444696544895624,94.29951795773746,100000,0.05878,65534.99965592587,65604.86638742001,b97677b6d020e1a088b0f975fb8d52323f51da17556ace656e39251886e52e37,64.04815892539689,94.64485310650848,87.30072560931164
25094,4799.448934727836,1395.6308303496767,True,0.9859188118288241,1.2235039449651708,22.50576670959491,100000,0.32389,4909.014098481883,4914.247588551617,1ce9452f4cc8c571b595418f8e8347e9569f82b1027d196f2c238e2a178ea287,18.500223757618663,21.939825798684687,22.51126128154549
25095,10819.396389665295,2410.0911558505322,True,0.981565631629642,1.1963580580988857,30.217946070523737,100000,0.29948,10986.970322907087,10998.683509898994,d57b537712ca17bd2ce07f0011afffc24b95d5f43fb0845c4adc81e48c16c2d3,25.341466003967053,30.070397505726262,27.48829762177037
25096,7642.529317637246,2152.3891066796596,True,0.87174222245249,1.5949975978056075,32.39299731271856,100000,0.17575,7942.624668126258,7951.092284330734,7104dd5606a5fdd35659e502c1d86637758541b2f4578bf70b7a8468599ddb91,20.40379225264011,26.82545089959506,32.226919933918005
25097,33183.53614053377,6749.97381226222,True,0.7398275150356078,3.206869978566661,69.05642904962434,100000,0.07997,35015.049813275014,35052.379287546784,7bf5fc88b615198fc9b574ba072faeb67ab00bb1a44e4a2a5e4d3af5c7a255dc,21.875174973605368,61.99230703502654,68.38204985968662
25098,14690.582703669179,2947.214066294259,True,0.9842342145534355,1.1414879074397963,32.21882938864613,100000,0.33477,14886.448701469657,14902.31911452814,aa6549ddc120c5da882bb090f1a679b8b8a767a5594c74654330a12481fb4d63,28.262269041358778,31.69967832916111,32.28175678979582
25099,214824.20869781487,44675.84077345201,True,0.3882697331383061,2.8827884742286836,292.2537627271465,100000,0.00774,256883.728653292,257157.59188041123,257f34a55973f5d22c9b6f0cb38ba2b5b5f6d2905c8f4f6d3a1d0ce05e63bbac,96.96603113920706,220.04653424084955,284.9759590654842
25100,9985.026890938576,2361.979725743636,True,0.9493815442344918,1.2576436343047863,31.36289934772245,100000,0.24919,10221.026742083817,10231.923358162749,5777040971399b270b444ae98996c82124345fe49269473b7e026c8df863928b,27.840698737382525,31.171475401508324,24.716659935167986
25101,18090.340656157507,3871.4553210976364,True,0.860810791611394,1.1258505232084535,39.52990510330588,100000,0.22748,18682.53637478114,18702.45378928299,eb1236fa52d458a35963545765a3459f3cdca30cefa2ed3fbd21283e8cdf0dc7,34.916796060488444,39.04736231640029,39.510603391829655
25102,30104.559740587632,5421.657912089272,True,0.86319092616068,1.344723947536545,50.0946415124842,100000,0.18698,31252.464910114366,31285.783100178745,aa1da24292285d90303df0a8a909f3fbdf951e8e4c76fdced0560758486c60bd,49.36083328720367,37.314148255514965,49.75219767401995
25103,32696.34402119189,6349.753242547551,True,0.7787416544091446,2.366595959267555,79.45512523000778,100000,0.05169,34473.67501993197,34510.42733562403,90d9dcf8cc1af3b8c3ba6daafec547d22883c82602659b0ff9fe0710e9f474df,79.29993943854294,33.36494516494467,43.45202161016051
25104,10674.28021028279,2471.7285074306847,True,0.9485111143327635,1.344848391772801,33.00595404050492,100000,0.22695,10849.815684338157,10861.382651045391,06f4fba7ae97f9326b50ebac68057274e0f3815edf6bda206bbb615866141485,28.267794622580876,33.00595404050492,24.60136173966346
25105,5804.528384127762,1659.4405767367466,True,0.941240007656328,1.6028798843802454,26.595367643677108,100000,0.2378,5947.646477203388,5953.987251165792,cbac297009ce27ce418cd74c7f824008000cf63f9a581675469c0ae0b85b548c,22.9527892139645,26.48498647914036,16.641583806334086
25106,24759.046059457392,5147.372900519627,True,0.7980947082013916,1.611850310435385,50.13195126777465,100000,0.15438,25861.288830538637,25888.859498613736,992ec80ffadefcfbcb6940173795163c7517e60fe550b8b7f908d2847418a95b,50.11971202185967,48.479653069251796,30.806181968014844
25107,19188.865317862674,4213.303744935096,True,0.822673582498854,2.5712816275843546,64.92869379571226,100000,0.05556,20220.297301672632,20241.85412000977,8e9181cfab53ccda32c71bca68ad26fcd50887793f387e133fc5c06cb454c7a8,26.401059452333687,64.86528686817738,25.34691928206638
25108,11321.563098461906,2572.2031208988938,True,0.9479449658656481,1.421617649799672,33.24193074606157,100000,0.23894,11669.785733621837,11682.226868751546,a98d46c5d17942eae11873df3a8dad7a4c4a3dd5f10b47fe1ac43817db610d2e,30.2553510305951,33.31497209779852,23.405695378818745
25109,38854.090546285704,7602.783796577205,True,0.729685947642253,1.7752656868390775,76.54615678171673,100000,0.06843,40806.75056833249,40850.25456314555,d6eccfb63f83d61baf576920cd46f57993724c68fdf8285b2d71978afd811cd0,43.09458924283173,76.24714835678813,62.305880544493064
25110,18100.842825782685,3884.761647403363,True,0.8581942727185022,1.6710026556745399,47.45598936998644,100000,0.13256,18836.52963711481,18856.611223524313,51574dfd820c7254a86fc502720f14b194aae6157111b570544bf745a29472ae,42.0569437043581,28.061134339381628,47.40964563036731
25111,16066.725457400811,4170.521401256173,True,0.738321222587462,1.9521870301377888,55.00685089797443,100000,0.07547,16700.904763378847,16718.70956440026,5b4da6d9d98e0a85156cc3a54d422f48f3dc243af7f7c71ead3ab16579065b3f,33.22435281288788,54.72483335186665,27.83916062292505
25112,42222.92095392911,7382.349034204637,True,0.7943070173569722,1.6584026686483095,70.23117714441103,100000,0.09542,43948.55060618146,43995.404067704,fcf9c3b958bec46b8737144350615f9384a112d460a9ddc897acd3fcead6f5a0,42.128418516557105,69.5110332381451,45.14616440948101
25113,28411.404000242124,6191.36989877409,True,0.727264692092022,2.0827448460379863,82.31930476933391,100000,0.04103,30431.39774156227,30463.840593567504,25bac06118bbd576689a269fe04fed8832b080c001438a665e4c0db2d1752733,63.54825236343599,81.69628268733945,38.96902635442834
25114,5637.6504173185485,1559.1589165805508,True,0.9824847922079635,1.1772428432387558,23.467424332516515,100000,0.3325,5713.513132166952,5719.60429704052,73bbaeefe5a2715ab28ebba2c544bcbb09fac373b666cb822e05eaa4b9af49ea,19.95533177494019,23.238250266769285,23.318461189780813
25115,52627.39533052992,10021.426957171596,True,0.6776869820679172,1.2196329564527326,68.33984689452484,100000,0.12986,55107.75318505185,55166.503450028424,3e068242c9bca406b054e0ab176db4c8deb309711ade49f73b842f06d5afafeb,55.89318532633256,68.10626343345956,59.1800383141796
25116,28511.62704497659,4555.32597380978,True,0.9907847927394171,1.1727099706107371,40.35656503231132,100000,0.33316,29114.593908269788,29145.632918353396,fef685900fe01d227d616a4e63e945027789176750ecdcaca58073e989877bc7,34.523780242485074,40.3270070012818,39.203801822159846
25117,8087.991980736891,1963.7474377859228,True,0.992260342679019,1.0840888056331326,25.591745666629905,100000,0.36849,8211.844960410606,8220.599591827906,3e0cc26f98d665df6888d03db0d73a7ebd34e7b7ae4f132f70b451c352aff8ed,23.604886505988226,25.148138747115564,25.679217453576392
25118,14102.507623354868,3327.772037171735,True,0.8482583013473995,2.2232262970696333,45.33565257071406,100000,0.11785,14600.391551356242,14615.956999461581,3c3376ec3462dd4ba605f4aac93301e751882c4388073a1056f23908aa2d0e0f,34.94254276507429,20.44863723740093,45.512744963568416
25119,14210.087171426776,3368.543836154054,True,0.8422475361287938,2.013936981903954,44.57997182852894,100000,0.12585,14824.767488217078,14840.572143058005,ec85fbcd83be88bae242175215596927fed7db7b6d26db4ce0776294a73f75f7,22.072310270570476,44.66704208600654,32.12892500923277
25120,42964.32460577245,7002.965911941071,True,0.8471118783709402,2.427373291494447,76.26507851981931,100000,0.07495,44204.257896135714,44251.38396668642,d9b9f2a1fa00b2d51cced43f30ca444617a3fc05c346ee15b2e254bb7684f787,76.1719815001418,31.541270266741677,44.33280077043208
25121,73815.34840617652,12638.30001902907,True,0.6733278525336465,1.5409597012109981,74.27813235360532,100000,0.13944,75977.60539964018,76058.6049721418,8a753849a155c222f26a0bf541e668e20bc635ac6e30e896e5bea85f38b14d3e,74.16932649566546,67.18761727785832,48.273532305980794
25122,20577.0762397315,3688.4503499882803,True,0.9845307697491947,1.1471589277464989,35.600706288272704,100000,0.34925,20952.100023539457,20974.43701528842,429e98f48ba24b8cdccd81697d4942416eca15cbdc502ceebdb82c9b51d260b2,31.107160108820317,35.4703326080178,34.670707369121054
25123,59086.98409402793,13308.782127815834,True,0.5512395352917518,2.10572224130441,134.40083633210267,100000,0.0196,63267.00656150726,63334.455390119096,ceba8a9ba3145c3752b3e268b4dc7b477ba219f633a4a50cb01cddc08be95853,100.0131223486936,133.94145847354565,61.91757279264594
25124,49424.55681340798,8678.228016231998,True,0.7504957838709517,2.5310765510806656,89.39506424796036,100000,0.05454,51804.92600971637,51860.15513727564,0a1f4b1ea17d65c9a32d2c1ede1092800394ed093ade72b44466511d1477e646,89.43871418167518,59.36390985216117,34.79990965414375
25125,38082.92879279438,6203.342733648711,True,0.8824265675473254,1.7548235573355824,65.18315585892363,100000,0.10642,39187.24260214351,39229.0200427669,781a600eab773388a71d73850cab3e574482c565880f48054d9622154352fa75,37.01563001168368,39.036689775864176,64.5625154588997
25126,31057.25127061835,6230.1665631721235,True,0.7669372125387302,1.3840010058128538,51.96501723530126,100000,0.1733,32333.081081212255,32367.55131400603,8844e55ec4e10659bb0d1f08c1a35cae9dfacdd52a84f9e50cb5b30bec459ffe,37.692398976093756,49.99856760847712,51.87620983279953
25127,76728.63113201105,15252.607635599557,True,0.5725037375055602,3.43465222419287,135.2729582569637,100000,0.02529,83233.29619582949,83322.03104571451,cc3c2f744315a77d262dc65c9ec73bd8eb66e36ab81325b8428d7f02c6bca23e,38.39228856780281,135.07480450951698,70.93904158592724
25128,14273.02027113644,2918.3234738545248,True,0.9750523898641207,1.2375195095641451,32.61918105441151,100000,0.31518,14544.309671874944,14559.815331201225,33c211e8aa13d63f9e58388358ef5369160750d8ff89d02c62033cdad4ebb49f,26.46326627046129,32.3484163679247,32.658999390659574
25129,42257.884893292154,6468.804384612666,True,0.9069818786090481,1.6773154746625634,56.534438742130604,100000,0.18027,43308.98596384114,43355.157586783156,47fbc2f830811f422973b1838d824a834cb392ec23fc575f4eb6005f759346de,46.37590678065402,56.27219403116858,33.650137122391214
25130,28827.62206714586,5146.641630769751,True,0.8834176577531206,2.0492785993415192,60.339146744519525,100000,0.10135,29603.056103684907,29634.615862333885,6c4ea351c2199d32be829df51a0efa298e5dd7aa4a08e8aa3317b67412c9394d,29.49930208884286,60.28022179652683,35.413893743609606
25131,28152.457564274297,5796.979350811847,True,0.772016494665292,1.5055419834975408,71.30674213972455,100000,0.06028,29058.977579516457,29089.957297143686,3798db987c26ab203dea153ce6283cdc0b9c3013bbc201c2b8c9aa005bc031e9,70.45370738268194,57.083693231483586,47.230271344011896
25132,21763.0946193312,5428.6968422952195,True,0.6943881511165056,1.2233708569416617,64.16181727408164,100000,0.06576,23094.420783852653,23119.04169946095,4e67ecfe35d776be5bc6ce9b5860c8605cf083ab9fbc839c442eccf7b602db92,59.63477499082734,52.13147653519133,64.20881079259294
25133,20832.55642954923,4127.967029632055,True,0.8869713988258346,1.5741409666963977,49.28754590836445,100000,0.13268,21121.86917119591,21144.387153492175,492c6933e348494f7c6e6aae352e669477f9b9d3e9d5fc9af9ebfc4550ff9c33,49.38381064646671,37.19428818426624,31.213841329662444
25134,23684.808564678387,4512.152188757631,True,0.883921378096081,1.6313026745303039,47.49155951831037,100000,0.16983,24186.832917032905,24212.61845102209,de4e70b5c16955aed7a9f268c571c3b041c0c64afc8922156a5833765c0ff484,41.937737006281395,47.63069494658667,28.98654755756248
25135,45127.97332151126,7823.4604550495915,True,0.7835182549994375,1.6201689380771145,74.88513553075227,100000,0.08189,45722.82263763191,45771.56764700323,c813c4f0b2424cf5cc5c2dea7daf4ea340885fa1a5d1614f79bce32d30d712f2,57.38877940210727,45.59656445646878,74.22696539425152
25136,20932.80256148364,3851.935305997382,True,0.9535791020761358,1.1373115070110582,38.073184595143886,100000,0.2914,21382.696044984943,21405.492094287445,272b9917fea5f4a2d9e55bd151409094ed635a97f195c1e8a621118dd960c7d7,38.12895586164068,34.150605518202795,33.472055109158475
25137,7436.429388895273,2204.5580298162304,True,0.8357420006628501,1.2935938417762503,32.08823701507406,100000,0.1749,7683.209610634873,7691.400664967632,7098eb0958baa0cf6c37696812245606759253c829e7d6a626d41e99c726163b,32.13524126851411,26.510398940188136,24.69290114050621
25138,73512.18686007772,14519.93992646327,True,0.5844654811206421,1.5251113347187093,99.57055252586068,100000,0.05942,77990.31964591322,78073.46496902987,2499ced01a7894ac8ef2596b8fae695d0d8369099e311f06acb73cb4a1cea27c,99.59486174278594,83.6237062228908,64.56528015348778
25139,11859.109843218946,2604.569068279823,True,0.9655682431098606,1.3002806773562918,33.249099981431684,100000,0.24892,12165.074575638115,12178.043737207421,56f4a62b7ce4985e2c18000982d2c582cba7b9b36c772400cb67524735db8dc7,25.561869101935635,33.04616358017783,27.97275354883144
25140,17753.532969117252,4081.665837116171,True,0.8063121523661068,1.4246609000838222,46.194678581971885,100000,0.13985,18329.626747601123,18349.16792585832,2cc5546460877b41c397657ac590bd01744ecbd18eceddd2327881fab9b66fa3,46.37512654518271,32.41296539174492,39.21359800525299
25141,47921.141251872985,10256.5893010065,True,0.6220604550398943,2.511807192201549,110.32072622329585,100000,0.02941,52502.70294461464,52558.67597076259,ddee98806864b0040237636b109a5b16d3e195dabe93ac819229257737c879ec,43.72697730066426,92.51750355884307,109.91671965753672
25142,72444.41424763274,10457.324183029461,True,0.8036497668730346,1.0938925792268432,73.04586842035863,100000,0.14406,74652.72790083851,74732.31502409991,b74828865e1434417d9b400eade9567a1e1fae0cda4b0113b7ad93e0ab077a45,66.28698557579906,72.93886763653975,67.446160733837
25143,29223.17695004283,4986.768358011124,True,0.9200608429568211,1.8090822294855071,56.75889187886662,100000,0.12258,29801.398350605392,29833.169561525407,c0989a363dc3a14f10d5379e7220bff8f131ce258099ef01eccfc20e8a27aedb,31.3587334770203,56.31546303606298,39.0217381667208
25144,21042.11615752255,6922.47152798207,True,0.5324545657617401,1.0322796676519763,99.66850915501456,100000,0.01759,23155.546078297655,23180.232159459574,a2dbb0ea30913a61dc4893a520d0ab527bddbb6b079d9be8f2fd209b54640805,99.66850915501456,96.77286643298167,96.72420016874582
25145,30561.891557315368,7135.116046841478,True,0.6625264741916167,1.8129307349541774,76.7202409863556,100000,0.05324,31965.626702367717,31999.705192786285,0648ee51796a0c5bab655c57f0cf20599f45d5430dcc2af8f127390c1a4bf772,77.09485153804681,42.14368706525881,62.80345899102791
25146,8647.358625467881,2724.7532036150915,True,0.7477319411404462,2.2649262259412404,57.104097487297594,100000,0.03611,8940.145895241176,8949.676966822168,1238129c49fda73bdec26bd0cd29fbc73a87981f140bf18bffdfb9c1334def28,28.593873033800627,56.74162030598174,24.962130505616784
25147,18500.64902907398,5132.005013891685,True,0.6591562313445103,1.4731140188847889,52.29884662134903,100000,0.1008,19171.326667641406,19191.765180492657,87631006ae58ee7a03193fe40985b2e8937b2f2134183f902a2fe6a05e548c79,35.64901849775549,44.12715183676323,52.20946870964263
25148,14747.030136233336,3117.3970490106676,True,0.9328855863840133,1.1712403926295483,34.31794164446015,100000,0.28009,15051.389668504264,15067.435924796384,bcb5aab6fafebcedf9dcb4316d118e557f6cdb47395be43090a10eba4a648fbb,29.316034622550305,34.267671222129394,33.60577732810783
25149,37058.74471860845,7091.130631917067,True,0.7580463742459858,2.2985062035763826,80.5010008306393,100000,0.05522,38301.47889609661,38342.312025812214,ee13e0212cce36d4a0189e81515cc3b8e1e2785417eff36e818992c667da006e,34.66888805303899,58.17455138151667,80.1865437961446
25150,150539.0604412753,24769.24160739661,True,0.5525067003572717,2.471568629541819,189.12381728987287,100000,0.0184,165490.01678375757,165666.44535823367,122c7f2c2801d430f881ea1057e0c0a5234c357d15ef2bb8aa5c221dac001bd1,79.55574638438745,186.26110325862967,77.27019244008844
25151,16564.121714264835,3163.2207611159743,True,0.99342152111305,1.1097344594527052,32.50841279283159,100000,0.36867,16839.934500851028,16857.887521196295,73c504df9c7e2decb497902b35b43c42f4517df590bfb09968f7a8824551df2f,29.35757297868263,32.373490181142586,32.5242860412656
25152,11801.085697318296,3258.7686333620827,True,0.769210563626382,2.426693764521763,56.100513891814046,100000,0.05265,12359.878331137785,12373.055172599528,e7e5c15f330efa2670ae524fee9c7a4cceb0990aba8dd1f8a8279b68c591f165,55.6348357979855,28.89943464641788,23.2085744115427
25153,9147.223201011833,2173.959640613297,True,0.9729536797244743,1.1700342749386037,28.154034329812234,100000,0.31276,9280.009345747243,9289.902745070145,4318d8ba1908d85eed8569e5182a0ad5c714733ce60c5ecb226fb8e0cb7180a3,26.332545292361004,28.26401102641306,24.10551718619422
25154,33308.75458961545,7560.92765785112,True,0.6621371749433403,2.2425067688508085,94.57351999058878,100000,0.03211,36113.058219392646,36151.55827822066,5718ea6628bd9e2686430e861cd1d31d6c7cc1d3e24232e1ca3a82831e1b11a6,94.3195383695203,76.77171727751653,41.74534280834583
25155,25173.19451500198,4986.246241307943,True,0.8330465887161678,1.9154888194321884,63.0763765032534,100000,0.07794,26006.141039200593,26033.86613392438,52f9f65857493466958e5bb3d356af57ca3ecadf06b95b940f50512900f69a7c,32.47755811654331,34.44869488226999,62.84538391351981
25156,21401.602814026035,4936.180201287452,True,0.7551918920785814,1.4957397668606751,49.96229471085026,100000,0.13304,22060.973262092833,22084.492421374045,e3eb7958291535a9cefb6b68a8b8679dd8ccb21f5c591100778087ac0c0e76ac,38.471942753423264,49.35240341799319,33.47083415199539
25157,65159.66091143415,10744.392476184912,True,0.728821995256729,1.5649460878389478,80.10388378962907,100000,0.09902,67670.4310597977,67742.57437042208,2e687b57a52affd9f11f21c641d64ebe9645bf54fd42f64f2808cef706eddd2c,60.35170541376839,80.08432717737574,51.218767491464476
25158,51192.24863624852,9882.826778836043,True,0.6746405045914721,1.655934100427583,88.43938436885671,100000,0.05869,53977.969483403824,54035.515288245435,24f4236aab63455b0842b40abc7b94d789f615df87f597aa9d264a76e75f4120,53.52569185800679,87.81322661819831,58.75087032901834
25159,25832.698197947146,4296.077947379897,True,0.9836905185109288,1.12727193431748,39.56188794326718,100000,0.32129,26451.08771455573,26479.28716603636,166fc64efd619aa7b8f1094b52382dabf4d350f874c8715321a9c0dff4d38037,35.06095049659665,35.47627305068856,39.56188794326718
25160,24809.958198026507,4291.774360034209,True,0.9585128334257936,1.2761286723540146,43.86082340665857,100000,0.22212,24919.154797606727,24945.721058481766,114e8f5c4f325b1f3bc3a2781b4c5f27577826e98a3d6a260f56f24782b43406,34.23414365993346,43.646659229868234,36.03312274497219
25161,70980.07390531123,15390.315513718235,True,0.5386759248680904,1.6466368452923787,110.98995804444513,100000,0.04169,75787.6181745177,75868.41520202025,83404ba3c71192247bd436695aeef27fb0edf7aab47a17d08e92c043254aa7cc,98.01041949383742,66.82159095156291,110.28543194357707
25162,5465.422538005179,1510.0418810335827,True,0.9936748412848811,1.099990714538115,22.650422511719214,100000,0.3588,5543.660921121026,5549.571006893576,e4e1043833d2be293a29826373b44721f53ac10dece0ff8c29fdc50028ed49fe,20.63754316741604,21.599743733099423,22.655952400027736
25163,22937.047938573753,6349.990417881236,True,0.6148031293383986,2.687062067325182,73.41818321976496,100000,0.0459,24151.209619179495,24176.957175242376,59eebe94209d55a694da75e55d75661903d0b2d6856c3a910ac3b6ce34e01691,43.66374373128599,27.460121262861303,73.22101524725093
25164,11958.335722033904,3106.056406886929,True,0.8141828446731161,2.52628417074874,53.951275571777956,100000,0.05957,12437.928423800913,12451.188474309676,eaca25b8ded9c0a3185d89de10afaae2405d2ad05e3b076e481e72db086e32c3,21.37108022832269,54.01713406246616,25.421377405647327
25165,22602.068355021944,5951.464450154359,True,0.6495696674470186,2.2212813685052226,93.72442878208355,100000,0.02093,22910.941512438916,22935.3668211645,4b981acc1122a251c385aa710c18e4ff98c172c8debfa56bbcdd8293039207c2,92.90067891974101,42.148534623192845,64.29825314395868
25166,25847.43319102052,4444.815695289688,True,0.9511346013602423,1.3314743797823407,43.23459704184518,100000,0.24638,26473.721710307163,26501.945291845208,23c731403ad0b0548ee16db3d3b5927fb4259a6db390b82452cf421f99d458ea,40.046889935732565,32.56316696144833,43.224041720301756
25167,14624.682969669755,2946.7002633654383,True,0.9814596951302553,1.2503528165831432,33.56204661353496,100000,0.29732,14944.615108833515,14960.547532982051,885464d6c1954fd4e07e68fab22d50ff1f289d0941f9bc1a2c6d3778a782a6bb,26.892245357817806,33.537465036425445,31.120276620655705
25168,87941.25853790306,16489.779973086195,True,0.5799595640618181,2.1264598457701136,109.23388221978925,100000,0.05315,92106.58433833464,92204.7789828848,e1c95932736deadd05a55ca587adbeb68f1c4507481c83e88d5da05d5156c1a6,76.0850258723288,108.8338557956445,51.0833743632828
25169,16839.047388695344,3420.499022169414,True,0.9288373412278434,1.550235810737806,40.88228307734552,100000,0.18983,17245.888443429365,17264.274250457376,00eeccedd727c8a0bd466417b30ea47d5ee467519817ab1970e04686aa753f00,32.88748113765955,40.67268152836499,26.519586459108165
25170,15443.363307284168,3105.4813634867796,True,0.9657168062434905,1.2555340959049932,35.34739754064792,100000,0.2671,15684.169334297389,15700.890195720158,057148b1a45b77b2df9147722263c4b1bce6b2a3ea009006b45b8a3553c895a1,29.125358080978202,28.098419529382234,35.295619126281736
25171,58982.36955539467,10915.695492595687,True,0.6712962015512064,2.2088059470764128,98.15278721628803,100000,0.04999,62850.154311654645,62917.15873492026,5fb388998591425a96e54347184f0ad39c06e3edc251da2cb8538993c8207515,97.55371014587611,66.40170248445659,44.439537083155805
25172,45276.91891569194,9659.475888977115,True,0.6359873420836957,1.8853633155539806,84.97073515331778,100000,0.05808,47375.08873975091,47425.59522669482,397536b78fba35305f4a11ffe96ac9d8043490aa1a4631552cc925504c3b9f40,84.28615647654544,69.30840482110222,44.70506207407222
25173,123443.32684189737,20816.97610552175,True,0.5759413046518979,1.197854408890509,97.49138189219624,100000,0.10645,131147.38831885517,131287.20428610832,556dc53a4fed3da85e8f1652f3b6b06ad7dadc8eac63deac01f8d295f8105660,98.01501724415627,81.3062891952496,88.06594555691555
25174,14607.677502049446,2924.316427649639,True,0.988205368040936,1.0500175723925456,31.09628355086376,100000,0.37166,14858.897519678601,14874.738560477506,eeb55da5b67ff865ed327640c9e811906fa250f867dd54c66a1b3c92254b062d,29.72974765263244,31.065916086458618,30.663547183090508
25175,48659.25104653948,8276.379599949092,True,0.778790543852464,2.029204360848448,84.16659591811168,100000,0.06453,51155.96184393709,51210.4991121028,9aa4d327698b6dc178b4f52b9f7a5be0dd73a70800e752d490a7dd9abb644907,45.61763743608593,41.03532520714576,84.04330500612227
25176,11543.924642410891,2491.3311164902125,True,0.9914899752773915,1.1962331624356362,30.24300477650206,100000,0.31626,11631.464040872206,11643.864321322255,4d617dfbd81f602c9a3d9bedc1884474ddbca2e67178be067851f4ef9a744c57,25.33294662797328,28.552172722347038,30.228237684326032
25177,15215.51373660561,2989.47533003654,True,0.9932995322024991,1.15185289119439,32.71295793542092,100000,0.33452,15570.294799702884,15586.89425971306,a04764957f97a375ac60800a0d3d42fc7791a455da10b2cb4ae9c5466b2c42c3,28.408201019602586,32.720944497416866,31.331282710121158
25178,15173.512733398204,3114.8316907286376,True,0.9515690224883926,1.4528134030807864,35.87420225103628,100000,0.24939,15308.79803857937,15325.118717417768,7e597704dacd09bef3f79160aab025ba31fb133dd9e5f499fa79bd5be88cc523,24.558413845680107,35.94426905230783,34.814441881804015
25179,15870.049209022009,3082.7967107679424,True,0.9906602859575642,1.1680118747857184,33.141256043395586,100000,0.33527,16226.20237102515,16243.501092779594,a98e691ece6976504bce28eceb64be9f5df0b17fddb8f201ceda854867bcdc57,28.399855642655886,33.173620551250465,32.0732272841846
25180,12836.845874994746,2784.9140421844227,True,0.9520166577101854,1.102031158467287,32.106244231945254,100000,0.29335,12908.325534223908,12922.087074147206,b5362b694169490cb6131830866e195bd7c240f292e08d2c19131e0055ef184e,29.18250665906547,32.12975954754483,31.26753130889395
25181,10525.65216049295,2387.2898391901663,True,0.9729226576529739,1.1540521485426558,30.15619330956403,100000,0.2925,10665.242333171454,10676.612526599758,663b957de156f729fb5a4e72b6f7cf5864645f7ffce703f4aa2fc6970619b727,27.402673705614582,26.136349181873122,30.03103332756633
25182,26447.454918089123,5977.362834187939,True,0.7181752417469761,1.0654702193220131,52.295477254949446,100000,0.14497,27566.766831701785,27596.15570644815,baa62fe019250fa12aef311b896de13b42c1424fbe3e605b6445ecd9c5c30e2a,50.54633653621701,48.937637773003225,52.308244705451145
25183,13961.91678862537,2984.7400545097307,True,0.9394513776451855,1.4529316808173094,38.40504766118133,100000,0.18948,14270.645008555392,14285.85891453381,89479c31dba6c7248a186c96140596c839c7c3031ebb10f07d41078c639f505d,38.47068128755542,26.440975196418783,29.497626938983508
25184,8019.50881051788,2168.2327511849317,True,0.8936005009373967,1.279317574798427,30.51690781437839,100000,0.21629,8172.846074140364,8181.55912892335,29def21157d78c438fe22a5b507ee603ea9635df6cb2ec91720b28bfe89dc1b8,23.699776307992593,30.390250726281604,27.126968103552663
25185,20091.371636293916,3880.8122762410844,True,0.9209468082111644,1.7794811909179669,45.2818896154691,100000,0.16787,20723.448068410555,20745.541294769442,974bf394fef0d727c93b6802cf531462dd687c7871b0d8d4be513b12c2ea457c,34.96743575530488,44.92812485284825,25.404732015709957
25186,32012.241785796392,5398.180914556462,True,0.9031933847571119,1.3838198941720292,51.543442772409676,100000,0.17875,32544.80112036306,32579.497067465272,3f6d7ad5963c05c6f3f13683622933330bd2bbb88a482823ea3b0e05d6cbcf7f,37.18527182433364,43.502363687553775,51.51827507574346
25187,46266.034527274176,9657.808207600141,True,0.6453278374626764,2.209029468439925,97.60248079742195,100000,0.04035,49881.71882196604,49934.89762220556,ea95da4842078563ae2f0c9bcfddd413e3f9a9cdd077536b4ba42ee842be21d0,97.72162445073911,53.06658318746549,44.464411417966154
25188,43966.45754720944,8461.891391763444,True,0.711919673201521,1.6233549733582089,75.17836916593498,100000,0.08074,45612.38147713884,45661.00874541081,0e117c1e2beeca2ca72bf84df38aead06788b1cb0107a1a9e2659725c4af80e3,52.5661253152436,75.32520191821219,46.41750381363516
25189,6324.674330856276,1694.247372217072,True,0.9761863912175719,1.010830008491962,23.48100254008952,100000,0.37446,6445.708203395076,6452.579959963332,220ce63ad31ec497281fffe000e94c8ced8d3b80711f42cb46fc8f9a844c508d,23.595655872804798,23.148507875215202,23.091181208857567
25190,39851.27686826154,6537.189354789671,True,0.8630869572981665,1.7521940597833396,63.31709206049122,100000,0.12116,40891.91498428295,40935.50977270878,e1cc99e9ce0faca2bff6af81a0fb6bdead8cb8c0d4f15b13c306672c28b85452,45.29274407647442,63.100676218487585,35.925029772602926
25191,47606.282912425406,8741.670404088332,True,0.726662159998101,1.7319559256523631,62.35551346478964,100000,0.15595,50271.89543211679,50325.490198856656,19def4b6247bc82be5d0956ba4e8260723a35d03aff3f62734ee82a162d656a4,51.59248904594044,62.06626669822934,35.957940137654575
25192,18670.726020973758,3842.5404035011597,True,0.8857404649162628,1.9075655570552865,46.15086195861369,100000,0.14765,19296.92918813919,19317.501605585247,dd95e2167fd76168cd4b257e5df0187d937ba4b7db7adff9715086cd73e26973,37.080685230907626,45.88044675182495,24.37117051183628
25193,31699.30537580903,6805.339358660234,True,0.7117609678152805,1.1478952965678162,57.50512123756178,100000,0.13151,33250.15312003618,33285.601041488415,1288939b1e30ef71f3f6b585d4e810ab774846b5d7a2f65d83114979584f43b3,53.237163020711485,57.43492455636358,49.9379190043963
25194,61893.31906218522,8886.965200883546,True,0.8514513269140823,1.7390134486264006,71.53618834852506,100000,0.13149,64000.801816109095,64069.03294236791,dfd4e811bac8fe49601f289350e5c10965c5397a28c4af056d56644a6cdd90e2,67.57165837901452,41.09488554298815,71.81562658426148
25195,31216.674238758045,6128.028247068276,True,0.782386090583739,1.2334514105458723,52.13651062149437,100000,0.16837,31725.3117135771,31759.13400466884,13b67014d3804f9499668bc7aa99a3b7b8b219305870d44470cbbe42cbf46682,52.03468149918676,49.2343806357276,42.05542751304135
25196,17829.302064482843,4163.231327173657,True,0.7927625821487053,1.94887365096818,55.237835065948076,100000,0.08199,18373.256366971462,18392.844058678238,6693e0a9ed670270841644e1180f02a65847eb8caac1f13a20928c9ebf9b0491,43.168044444848576,28.21229271434653,54.75234628118878
25197,34891.75466461895,5692.417290577183,True,0.9071294546259666,1.210267762376077,48.52222437871252,100000,0.23225,35277.12058816714,35314.729455565626,0b7d4a14e8c3930ce651a926baeb208f6823227d7152484462d2c435fa58dd8f,46.8045186817122,48.29714570117454,39.88631090896608
25198,19492.179988069704,3926.832097116757,True,0.8919668914498706,1.718861749305103,47.28442560174608,100000,0.14407,20250.8478609979,20272.437249224964,94e23b754ff9a31fb9409c470505734f5ef9ddff19732ad54efcc662e97a4a7b,27.71726217524227,41.7201938781031,47.12280891267761
25199,18600.751142397286,4278.34491036239,True,0.7935275072395478,1.3252556898526606,50.40768076861794,100000,0.11366,19355.888070014495,19376.52334340609,f667a4ed8f6ba57043cc44c7242f605e93d35382bdaff254286db083710ad9e5,50.100016701426675,40.27937967668127,37.96574589140292
25200,43858.97060016226,8038.217585184765,True,0.7482211658833527,2.0549784623514813,72.95010949133035,100000,0.08896,45918.52403819265,45967.477684434016,fd715c4ddf32a839ea5f73788ee42688e5c2347f907ef199873706c131ada7ff,35.655790820713705,44.18682169140395,72.84324897938018
25201,16652.204864689065,4629.209409114698,True,0.6812269082021911,1.4163156154621883,66.99968349727713,100000,0.04412,17642.862878278727,17661.67189895434,36fd51978a442be035b42590be6aa48fdd4ca1669f74e80b4d8d055041b6d157,66.60710722678527,46.96193635758854,56.580054984639055
25202,10739.6229405196,2375.239075401562,True,0.9910665488913842,1.1721166364673274,29.363252524845166,100000,0.32323,10880.264270995523,10891.863698879826,0f75b3d0d6034625acfa47cab9e7ae28c3b9d9757aa14e52fd8072872f770724,25.06199483077605,28.338119441092026,29.34891499919827
25203,28762.51992145849,5507.256398176467,True,0.8243281230958623,2.5762468985546656,73.47230315823202,100000,0.05737,30253.185726867472,30285.438587401815,d133a5477f3b10f7bea72c760a8b82fb75929bbb5cb46ccc0ecb79e271c51d7b,28.269616644866616,30.1799682772767,73.36467771415258
25204,10550.413170863278,2901.6594564846214,True,0.8017100503188891,1.992095868329847,47.09085879932539,100000,0.08006,11115.799885990047,11127.650417920382,fd419fd4f800a29317c37cd28c4211bc82e83e7096afe4f864d6911db4f53463,23.522435816264583,46.79194221514997,37.87043185668404
25205,17386.32803706881,3428.8664346134283,True,0.9465396314130566,1.5457129619659806,39.52721105949817,100000,0.2176,17867.45556629132,17886.50402478048,8ba958ba285c8ca1564b5195eecd6d1d60988ac18a53a6fa01df806056c3ae9c,25.67917691145621,39.353507495271856,33.12912977716241
25206,48407.12604969699,8730.274500198368,True,0.7357480020799259,1.680010973753316,71.09084417676934,100000,0.1046,49967.54361048448,50020.81390835866,40b597f276ad66c8b94ccb1679c6d14bd7149d40ca6663270963ff595abc32e5,42.36639419811865,63.52355705248432,71.12555650302752
25207,48370.714380333586,8850.294349703716,True,0.7254064460228691,1.9519112369840788,97.60599757826091,100000,0.0423,52298.01225606538,52353.76706188144,da7dd32b93034bcc924b12026826e274a5f7e0b293227f07b67bd4382c2d95a4,97.79663429228094,55.999534743386995,49.684693591473135
25208,6840.714049199375,2470.818615424475,True,0.7053059554312672,2.732431238239251,48.91213554649018,100000,0.04698,7309.340418741402,7317.132891879671,45c1008ab5951720c8fc88ab204f9bb29f69af42ac3728c5c18f6f4aaf9bcb04,30.593967595241168,48.709131077669284,17.739008143142375
25209,8043.3097553800335,2082.178997884462,True,0.9323720776695784,1.2783867367984132,29.623420645456974,100000,0.23775,8217.532752315232,8226.29344747606,6ae88023e1830e09994e284e49a8daf509f0b49b3cfaffc3a0600394f08071a0,29.608956084594936,28.12633859623588,23.25178158572855
25210,17360.254285460735,4259.036858882587,True,0.7612782944735368,1.0845651438379984,40.209486366620766,100000,0.20719,17908.931218653393,17928.02389425223,60ebd000ba6a4826a27fe793e383243d15c0a19c9d60a6ee092e50a871be2271,37.25463885774556,40.219303135753236,36.99940286030119
25211,29298.850188117514,5596.828206933099,True,0.8211878832570206,2.3830058030733916,62.249625729633166,100000,0.0938,30083.5008275017,30115.572787305675,be75952189b82ff867dc9220259822b7db7c4656b8f3dbdc88f9d95bf2cab804,26.1399795544358,62.03685845419009,50.30426297975727
25212,45598.11201756288,8497.386458042001,True,0.7263790808076698,2.6378807881998894,96.06815198666217,100000,0.04079,48084.744903663,48136.007953617765,48902be6dbac677f4a270ef5cf40c35b541c4aa49431c557f55e9274b5b2fd68,95.99778957065632,36.11937354967279,63.34962854393909
25213,43607.83964149423,6492.344350859246,True,0.9228383328576101,1.4630612444362572,56.26327535385309,100000,0.19021,45042.62370415982,45090.64355481446,b930f7b2505fcc92849c121b3a37a0fc683ea8ced54bba55dd3be405e948505a,38.48869568884189,56.05723308571153,47.66444469674566
25214,29082.549760515394,5921.360042695094,True,0.772356209171045,2.3989447736373943,82.10725061614326,100000,0.04108,30233.62807841665,30265.86008858127,233de4f38c348264222f731d00fc60c422b8e94751029b2b27a0e73fb0bb0bcb,34.11780775114156,81.82661059938886,33.94741916954068
25215,14841.28248810472,2943.6370560728064,True,0.992157951684417,1.1391423154936802,32.38192219574425,100000,0.33474,15112.307724335888,15128.418925244976,5c1ec459fe5584475ff486802651213fd650c7fb432b5b6be46ad0f1f910846d,28.53182548936548,32.31867625395569,31.844331690541466
25216,38086.02809541585,6878.849276827197,True,0.7958149982357371,1.8777583261635662,58.029627318260225,100000,0.15038,39071.01794650502,39112.67148025651,f3530f852226ad45eba3e5160a1d08bf3f8c577d72cfaef737d6b3066b21a10b,30.96991340764572,57.74627952862028,58.11463165515221
25217,19367.519289224558,3532.750592791128,True,0.9872348504012651,1.0642587737990392,34.438858618157525,100000,0.36171,19643.644495577424,19664.586545516308,63e04aa5ab996f9ee38e6eb16d8b4dd342190041f3e10ec512ca9e72c11df399,32.345285425793946,33.35423636187278,34.48089824049414
25218,16603.901669355993,4272.388423411309,True,0.7366934864994376,1.240417967195001,51.08077394849042,100000,0.09606,17022.77231836787,17040.920261743137,c47e23afae01de421693597b07ed39ead96ae8ee401481e3886504246ee1fb92,50.719118078249636,46.242067822510364,41.129002070830424
25219,6300.04795951118,1860.2613521177188,True,0.8867599387647124,1.7885296498737233,30.324654031440787,100000,0.17429,6462.124722257227,6469.013980443262,c57d0a778396a4e0979ef73259bc126fa6f6cf19bd406dc1472dad5cc5a3172e,16.953969172851416,30.26542619153563,27.126350676562264
25220,10206.675979786392,2297.62589391346,True,0.9903628921025897,1.1259745975096145,28.39539695866773,100000,0.34111,10383.734760905501,10394.804839676472,0d3ed65392f3aa6a88ba16ed920475e97c5c1cfc8d2d076c137e019a0f6f53ce,25.303515356234676,28.388464488707122,27.66055514284283
25221,43596.52360488664,8707.492053827536,True,0.68795327792016,1.3001884044130105,73.05559676377769,100000,0.08644,44811.60900023996,44859.38256658276,6177615a6f7033516411f0e8ff2cf7337109b36240d67266197af4cf016267e3,72.78805917797283,56.432594765769686,55.86184791605266
25222,7390.082001193933,2144.43725136375,True,0.8555990360441711,1.6169541534960117,37.45482038324624,100000,0.11021,7699.445694957477,7707.654058547121,7fc5fc422b94204fac3a25e5af5864b47fb740a84c01c7a1c684a2fb7ac6c25b,27.130969745383695,23.253810604149216,37.31765673438181
25223,23873.142922660063,4434.576338856511,True,0.9041456303834631,1.4777330006419211,44.100968969806445,100000,0.21665,24706.907550941803,24733.247535453505,2169724a4c7f8cf26bb6d739b3840236c8cd9579fb77352e04985c1d66ea064b,43.96100007415032,41.10778797039087,29.781074260372222
25224,15384.038889618818,3789.6512329888965,True,0.7893418468591544,2.6473225586677116,58.568566126567106,100000,0.06112,16326.474807510702,16343.880429508266,f178fe41fbf949fae6017bdab92a4991b41b24144162ffe469fc49d9af04b6b8,24.02941293351953,58.68295785728306,22.056155578669372
25225,20566.440968228893,4587.486366093715,True,0.7913138496076675,1.2052612128714786,47.47682654087066,100000,0.14921,21230.404952785102,21253.038644860102,36970f8a73545c8388155013c13c3ef3d4fed215a55e99d0fabb7a82c3fe1fdb,42.36518579269587,47.41887143034714,39.0501534707503
25226,11573.581944022344,2496.046898438043,True,0.991310966584428,1.1935776039458958,30.133954978015822,100000,0.32429,11798.241010862992,11810.819091905736,855508f1dfb5a6a30d96ee35914be6af625323cf89747570fa4e0c19ceeb727a,25.241601447649483,30.133954978015822,28.949490439085025
25227,20784.449915932943,3928.3937115897734,True,0.9305966266569645,1.712646407273668,46.59216614038158,100000,0.15941,21437.27450716507,21460.128742456458,718ef4c0228c2c418d171b5eac92c45333d6fde14db9c337dd85c3e408505abe,31.702238045225457,46.558041018696734,27.23184710451013
25228,51228.35492373663,6851.663853379589,True,0.9735576706459335,1.3116315769097235,54.409873844219035,100000,0.24389,52232.69714866034,52288.38232217159,6b1bae0dc29cdce2a9debd11a420f91c97dd292c00e87ad58be579f823daf078,41.6575596619802,45.58952320150385,54.516143129071025
25229,29209.05116335684,4801.581090232397,True,0.9552377779882703,1.323534392471973,47.978965904126625,100000,0.20363,29902.652430241706,29934.531587932644,386e74b86f99950bf192cbb65390bbef9b0154612f24fd25a1e4cc1fbbcba625,36.1365014194899,47.533848544664515,36.15992864893528
25230,33403.674645618165,5755.744285200432,True,0.871455998245496,1.5047545538654825,56.244650419002184,100000,0.14467,34224.5265175941,34261.013216568266,da957b6c2ec2eae89df3a2d0b76b5e07a42af9bf7dd7c4aa4f6190623c822c0c,42.07363498140202,55.76404427528512,37.45981600171825
25231,8771.570810047015,2076.034186185964,True,0.9907586501908154,1.1902075152887794,27.599180431211565,100000,0.31822,8894.700519116433,8904.18314147323,d2e8d82e9c993b82131d877e72d67cf967399ded71668eb23ab3512996d005c5,23.165523027955413,27.653085080491277,26.7569202862161
25232,27331.009012499806,4421.160416738373,True,0.992472072839596,1.0888093221048945,38.4584494317388,100000,0.36584,27668.257004517563,27697.7540777333,9c81fec4dc3781e76f12ede77dac2f3aa82c25692b36ac3a3b02ea001198ce6e,35.294265481910685,38.48661724138118,38.430281622096416
25233,34365.74018190803,9016.892353365289,True,0.5669059838208375,4.769857993138537,154.22487204948277,100000,0.00765,37311.266633377745,37351.04409978908,4057aa02d6a4cbe128d6f17c7e4f66c2970bac2f577f4bb0b20bd7a93009a6e4,31.599908170783305,152.90703256663807,44.8253686950462
25234,18141.86832388854,3375.655424745133,True,0.9891162932549707,1.1290121608712647,35.17273014181288,100000,0.31798,18396.42128826049,18416.033676043324,b1457050fa04efa94cc5b07a8331c9a6dd9dc6a7f2b5efcd32687a31a8aa7ce8,31.12820965919719,35.146968864853534,32.62236372283865
25235,64522.860805449105,10683.324506775083,True,0.7282046492669682,1.3290052745588228,65.1604165773266,100000,0.18302,67323.30206478077,67395.07530188085,47ef8097fafb3b557a5fbb7f2022cc2f75746832caed5a8825f4e4aafac8bb50,48.75895429919581,65.12859996766969,55.85405825268401
25236,21806.76865999578,4804.581184889477,True,0.7856385748310057,1.4138696026282203,58.384282458676765,100000,0.08638,22856.84812938381,22881.215769262373,9b945d7b98aa709e66aa62102623b7e8c728adc39d349452933e59de8fd3d475,58.455552334724956,41.293766182320944,42.06348084364139
25237,21022.5724787978,5615.448354768176,True,0.655979487816366,2.4068305666114194,91.65748175526346,100000,0.02232,22851.423287269874,22875.785143735164,ca35564c60eefcc8edfe58afde5afe87f6cc049a30add803d6fd8783674ce399,90.94140767905046,51.02027793017594,37.761718862794694
25238,28211.553342429124,5415.785985651155,True,0.8275113577129812,1.6981350359557537,50.07685477631864,100000,0.17536,29279.049249911568,29310.263585504563,74dde43c846c40209e89740b13e4a8eeca543371676a5a5419e1956cf438fb36,47.36272836998497,29.476390836353573,50.00350000857989
25239,17714.972857716853,4583.621480912227,True,0.7169722924725407,3.8619665332891784,66.82835091253229,100000,0.04749,18845.154591168193,18865.245372623893,773b3a4f81bc4a5fc6d6ed6bbe3804efc5e60cc32365302041dd01f787939dfe,17.070107944882054,43.105591579812085,66.32256993638764
25240,22021.510240046828,5065.154663921154,True,0.7501063003461819,1.3036991225317645,47.527492702316565,100000,0.15976,22804.369274678374,22828.68096695534,0540287b69ecabf38f84a45ec80134adf79921ddd9ffea84fae7f1f485fc9bfe,47.492682526997484,36.51587390971441,47.132977382033665
25241,9108.835177690496,2423.1874219076076,True,0.8704403486763758,1.1347688298781657,32.18633770210373,100000,0.21207,9401.761476386924,9411.78467541174,5694677ee9363d156179c0fc19fa3fdcb201d8a58d3b19b5b385e745f24557fe,28.19447745975297,29.585342150493293,32.23348565772204
25242,100280.23649771155,17533.03460037431,True,0.5953475914397203,1.7653738561251262,112.37499660457675,100000,0.05763,108735.91066965005,108851.83380559896,a0c109d6874a1c1885d1fa6da280637c9ddc665492ffc2a24a754e5470b3d945,63.32067679769608,72.86816186078025,112.2378200950497
25243,5377.900151108978,1536.8074263339254,True,0.965917046135464,1.1308954337589832,24.255486213547325,100000,0.28725,5450.11031788452,5455.920669546867,03f12e4bd8c1060ee9a74647f031771f14ac0982e6ea4da326c1871219bef833,21.40120292376954,24.243642714419614,22.224326113145295
25244,28444.30331773179,6826.507195802608,True,0.6601091806805588,1.64062215217085,67.56050967363726,100000,0.07397,30328.412054162953,30360.74511333375,dba39712cd313b311150617e4aad879e29538e2dcf23c18e4d4a669ee77f3b8d,41.252156907657906,67.09867025204011,49.15290986998023
25245,24644.96392840905,8465.116826644917,True,0.4838045623961248,3.698644133744463,149.21309134754114,100000,0.00647,28578.56160357686,28609.029150697155,13b11d448a39777ee479dee450e85d91269c010cebe8d07209a1799bb26bbafb,49.81662656683655,148.44808282256594,39.88973023084901
25246,7773.354023573521,2481.519841259832,True,0.7647250866687599,2.67221153897215,46.1826735648995,100000,0.06168,8077.870377410191,8086.482178793665,4dd8087a0ff582138d3d5013e534710a8bd1c5fd992a7b48a129ddcd72893b31,46.13757329774628,35.6066609174689,17.23393958592502
25247,43599.5228548705,6263.815202145188,True,0.9563855644228514,1.3092359873445605,54.23732924385209,100000,0.21279,45139.984303695834,45188.107950290076,0d571afbd3bb6f41fe47b865b691233049010721a21b6a8db8f67087db9d1712,54.34326152753148,41.52545520232425,45.37874202116238
25248,8224.09192097025,2028.8694818391018,True,0.9711552273192119,1.156799826908452,27.241734999214728,100000,0.31119,8364.600931906938,8373.518416158608,332249f7b45aae66ad97428eef8f570d892aada4a2a52931d5feee3d6187b00c,23.590437998587554,25.499221676511052,27.215131742379555
25249,44511.65871483084,7171.1028243439305,True,0.8469947017722056,1.271466397642034,60.471496631978056,100000,0.15733,46257.16327093454,46306.47793978171,f2153cbb0d402804c441cc4c543308093598176b07d86d805b3e3a11d7821ecc,47.730553860152604,60.619132121802224,50.29941138309309
25250,39951.32631548952,7888.341568313084,True,0.7164499964120284,2.135587011448602,84.30932405335881,100000,0.05392,42962.743567315505,43008.54606193408,c7eb5ffabf87319db75854db6efc5e11abd0a9619f57d4c25895685bcaccb152,39.54057898107965,52.65216087121382,83.89765743200451
25251,26278.944426993112,6056.7972849056005,True,0.7057426496715489,3.705662744315771,95.37497411596064,100000,0.02372,27361.083131289604,27390.252727056137,84edc058bf278091f5a3492341fcdd17616adefacde00cdc056992dde5880683,95.37497411596064,43.40306439261491,25.415474669817144
25252,59043.71957192916,10702.398586030595,True,0.685149706224389,1.4101070259002704,79.20516900012802,100000,0.09387,62015.849112054064,62081.96408422222,b9fbdd512e382037ad0bca645a33979e923248860917b13b57f615b2312ba9ca,69.24651127672325,78.68306461462913,55.246378865567806
25253,12724.906712420356,2684.046985786317,True,0.982042798265849,1.2679667965940213,32.22066184469061,100000,0.29107,12945.419205905864,12959.220291318028,6b247837a20833ce1ed6f7048ae5cb54cb85e641d0aa451d7f2b718f7b6bf744,25.416249614305507,29.51462969757792,32.228528217211284
25254,22169.587261317454,4019.0480856833447,True,0.9495824089363774,1.2497098938611546,40.189488763003666,100000,0.26237,22644.718280440924,22668.85976911363,3ff84e061a51b6176be97a7cb08b435d5d5b49f18b2a8692e4fe1bcc87ea4ce2,32.01618697111351,37.53046741174049,40.16005310228857
25255,29684.20505250814,5383.422768010038,True,0.8612103744549305,1.6577988496221943,59.06085331213863,100000,0.11003,30138.772945027395,30170.90383032484,3f7efb283cc6d286f6a11afb1ce6e8e6dc3981ce840d0d31d152b805e1574f3f,35.600890338786684,58.974338390294676,40.30153442564147
25256,39674.019139005315,7661.981568578418,True,0.7341990539516425,1.2761416371798147,51.48434920720925,100000,0.22657,41109.612998761484,41153.43987460327,9c1d199a1c38b972a4404b13fe9b7c9f564bfa4bb1bf9fc753951d72b653549b,40.42325855722289,50.07657403357462,51.20782194095959
25257,48244.208124918594,7475.363852168157,True,0.8573310967636699,1.380900689668886,60.1036241616155,100000,0.17113,49401.874986437215,49454.54222612752,e53351e346efb27d4826c8a1524b0f94871c62ebc676e24004b08723ecf830c0,59.8541706433666,43.34621722983695,59.619390861485286
25258,21753.583860691342,5329.664803453254,True,0.7070846990265011,1.8725088234742542,51.45877696229664,100000,0.12628,22878.537281095338,22902.928043734977,613c324ab8a35bc4a4874f929e2c72e098bfc858594ad7fd4e68f6ca290b2818,51.358271538542155,47.91596077495102,27.387727973097334
25259,12835.801898794378,2735.2748487563294,True,0.9692411024736826,1.2071734128057068,31.49810692570517,100000,0.31498,13087.3476515638,13101.300046606793,5a749d3a14ed573ab2549f18522367cc6a5a9905185dad4a9e7dd2bff68a7f36,27.260934827056843,26.184339375494652,31.459657088149378
25260,21819.22887931584,4647.34359131592,True,0.8125291319011881,2.093152433452046,56.39562512112737,100000,0.09378,22364.632954806704,22388.475845076355,45a3fbd5c3cabbba3813c178f1bd92004c4ba1f8c48bf4fceb122413baf4f0b7,56.67099438441412,26.820966244129906,42.98514199906242
25261,108567.34718563767,16188.570482455505,True,0.6798427044982097,1.276379455753886,88.26666859443836,100000,0.12355,112966.13183077029,113086.56479700192,7b2e33757552a15a702ca0450532b16276c4c46d81e6612fc7ddcb28e5086ffa,88.43906443153685,68.80748848194376,87.85722848132939
25262,36785.84309689665,5938.852478420467,True,0.9006762889431355,1.5495418830668317,60.879831659827914,100000,0.12583,37750.24954910142,37790.49501431742,dc9ef925a28bbd781ffa5d5c2420bec1ef3a7b7c586a6c03219af2a842cfc799,39.506492322222314,60.820378699222616,39.06059511768255
25263,15818.253198239458,3148.9337321863195,True,0.9677420639426446,1.1101800773519632,34.32722386534448,100000,0.29991,16129.551640937223,16146.747323542471,3dfd6442ecd65f611d0ac92f50fd6590f5ba98512b6579be8630a818bf43ae7d,30.807342511964425,32.341005101651454,34.36912721478948
25264,25136.729716413993,5614.4982372598515,True,0.7391155821993182,2.5664891940015693,56.088323485694204,100000,0.11151,26160.527333099326,26188.417018740925,81f5eb0a57c838d441fdb9a72038fa69de016cb0e8daeac9d21a599ea937c0a2,21.820494012317802,48.118742365412466,55.95138910218421
25265,33929.8745353058,5895.264755157583,True,0.8597436556465785,1.4075601205357977,53.388420986006295,100000,0.17373,35150.487320977605,35187.96118490432,feffb84bb040c94271cf1ee2e924098131290f1b5cfdf80d9ea2a0d3fba66f6c,52.684569732772815,37.60390491812211,53.284146726268006
25266,122734.18773978516,20906.14615510684,True,0.5712863456791314,1.154717379094261,99.2879323732767,100000,0.0985,128186.09940696947,128322.75835006194,0b86baf7f7bc893319e33b7d425bf896b719248df80f701b40c87a0c15029549,94.07628553239425,99.045530194631,85.01044405104527
25267,56111.77897172483,8577.577759639187,True,0.8263337401925164,1.3292733232476133,67.04564487142252,100000,0.14499,58098.51989339767,58160.458608754554,0bfc700351cc30545acec2d1c7d5151f4ba42d80b50573020e4d410f426f4790,66.94743347756791,49.72770242172403,61.46396398735146
25268,12755.169011352542,3124.5126997904854,True,0.8449402041462137,1.7449055685252262,42.49581968008425,100000,0.12929,13192.249874909166,13206.314106001751,7389f2e5e2b524ee5ca17d7bd24cbc16034bf99140b3e5d7f498e9dfc2a091ba,42.62031915180326,29.17437620615159,24.3292717650873
25269,14387.473055838016,2915.9780516027477,True,0.9810464169402847,1.2616712135334855,33.48681741562034,100000,0.29299,14628.16067488483,14643.755727596983,a28c92145efaf101c7951e410dfdbed56857a44cff47dd9ac72fe4b264960f47,26.60305270274135,33.39688699775612,32.21961607298822
25270,57501.05950789179,11337.427383825638,True,0.635457979311663,1.7762823187159469,81.68129590457426,100000,0.08476,61414.950734373415,61480.42508998815,ce03e55068cf8abc2b188bd3aea2417747b3f16058327f0e65572935c31a6f8f,68.91859341948452,81.06310250295272,45.54689449366396
25271,23996.511781890604,4302.725058442969,True,0.935059555051712,1.2601676992784614,42.05372100113597,100000,0.24878,24600.506702528677,24626.73325330961,3f69813d0de9f210c8557569d02a2e460b8e0dee0b08fab5675ceaede4c2e6f6,42.1563912184239,41.8689146100177,33.38835466203471
25272,61069.16414405355,12257.68895739152,True,0.6118197772569833,1.4083384461849537,87.40012616031754,100000,0.07284,64657.873517929365,64726.805147009654,2cf2da3c819e39197062584ef47e527423414fa372d1c11af2702d8f84067cbc,87.69885706027955,73.4451255478059,61.38919994219569
25273,66566.84869917913,10553.981381186326,True,0.7526154555442112,1.4447355486172215,76.42001281427557,100000,0.11758,69770.21736613136,69844.59925471913,3ecc95706a3c2e4dc6fdc075cb819897a3823f066a4bc497162fecc4c64e93b2,76.10283990952883,52.2215859050677,54.087308874166226
25274,76532.3208070066,17546.85774878753,True,0.49679973791486276,4.120727948807817,214.1405531624551,100000,0.00689,89956.23786107247,90052.14002556256,f772979efd24155b3bc50f5a6dadc637e590678fe2d0e365e253736181f90ad9,50.13691173896349,208.96479272224926,108.95237128675694
25275,12810.845910949001,2924.285611523815,True,0.9054188713570364,1.4094779523617846,37.04680802793402,100000,0.19429,13134.638809138545,13148.641621189643,f2cc2f2e27f8c0e8b9f9debc1f8e08fbacef37617f9e17bcbe3abe6ba35b2eb9,37.019674135335435,26.274652666295978,30.2633348782879
25276,14140.554599208534,4439.640541693769,True,0.6369626169903774,2.1667887403130166,59.002022890346524,100000,0.05464,14921.98838075854,14937.89668259771,ee4c0153ddd5c233bbd1c340860892b722cbb62b7f6a40944891f4159da94d9e,27.26106648437031,46.901998664787186,58.31059293460028
25277,77779.42116437921,14246.658197278832,True,0.618511232068326,1.3196256053827085,91.40322491003496,100000,0.0813,82544.9300565113,82632.93104063792,5a2eb05aaa300838957ea572c8eb2dead3e4812d575822ff7de0a37f3e9868c5,72.0112809532917,68.8871472893745,90.97923534136048
25278,27192.54327854946,6597.492923015048,True,0.6628344573383423,2.1049695343003396,72.26034158633293,100000,0.0574,28795.672439657545,28826.37144820407,5b2a3887477dde27b369d09e35504cf1323443135f0b99c0b768140ed1d5c29d,34.357181454927584,71.78401609247771,68.73200459481276
25279,65493.443656998665,14443.34870977926,True,0.5440198904942285,1.6608368830459272,106.4555239421098,100000,0.04173,66937.31557419302,67008.6773118708,f069436fd36bdd29ce35bd33c0a9f3390ca51fbdb249c0a17589c0e23bdfcff0,64.06564123957536,106.66344488730925,88.44437206420889
25280,28871.715096367847,6984.253557640599,True,0.6516471733962157,2.0741466172592005,68.32048795269816,100000,0.07312,31003.0458641539,31036.098149074383,fb4385389bc76f49abe9c81368334e3fb95ec1955edc1f9c0dc5c678e38f489c,33.192815191862636,58.04572706918692,68.23708891955278
25281,36915.63067057859,7318.594274156347,True,0.7325939275815231,1.4159683123085105,60.09144954758678,100000,0.13455,38818.34761369543,38859.7317761126,83aa6f57fd109715e497bb51a9ad88fcf48a3d725ab2bcdc946936bca0a588fd,42.207788170997844,60.1648033678353,48.85364428551366
25282,43474.35050109096,8582.567527621142,True,0.6966622803114013,1.8935766586233016,94.13636277510093,100000,0.041,45474.86313413986,45523.34379438256,38dcc742a90cefd958365ab9d2a6a590ab43a930b3b3b983744ba34eb810e57d,94.04443273332838,48.67695711857026,65.91383995092517
25283,7437.718329044281,2157.7551364073684,True,0.8539683668416206,2.1360401328455336,36.9649999699364,100000,0.11362,7630.310606501672,7638.445265312385,9bbf097c7edc9cbb0bd0013c098d61e7fb92566f26beb6cb0a414fbe22adb719,36.89280270437011,17.358930039592938,28.12985959626264
25284,8708.473286208635,2361.8774263043624,True,0.8666720383722959,2.0936108334302483,36.94406256629905,100000,0.13517,9062.114988918347,9071.776091505115,68cc96b3e3b89bbac71d9b67b77ccedbf134771f63ccd62c3adcbd1ee346975b,37.05229712459875,27.40138234287513,17.718899148314083
25285,33020.08237253247,6365.558103431253,True,0.7819273537057556,1.2436282142250124,54.005659517826814,100000,0.16468,34488.47427077847,34525.24236392212,cd54b9d8597b74292bfc3b29c7db1e0559cb37c3742ec2c4a6bf9155811fee59,54.045214444231476,44.35425747509019,43.41812421684661
25286,17604.357500204744,3315.337379603933,True,0.9871197635816223,1.1204812426590867,35.03856276324241,100000,0.31225,17858.977892201263,17878.0173126591,c33ca0fe0c9b539a6d145646479be22f6ec7458e5a95d560cf407cfc311321bc,31.231882970849128,34.1232487457456,34.893139040836374
25287,45340.114907070936,8568.238242967785,True,0.7176527197483019,2.792721585880624,93.16319657070662,100000,0.0443,47626.88438275539,47677.65930852849,4f9b001dc7912b4b6af86ccb8ef8f1aaa9cf886f77e45724904ca9afe71f710c,93.34515593900878,32.707196452313504,63.41283985330323
25288,19107.580776528368,3586.4497494574816,True,0.9637325120995378,1.1905453154151717,37.440723270510944,100000,0.27941,19497.9941687049,19518.78094112286,80da4e1385427c91165f37fdc55d731e9d44db2abf8bfd3e435b27c0ffe09ded,31.499202243696466,35.16466367716201,37.55041288946751
25289,80301.47768333193,11607.670285312111,True,0.775451699949991,1.2344807643505717,69.49803029884846,100000,0.18594,82986.14994998417,83074.62131775294,270319e292353efcc1a86cc2464bed2983577b81885458bb1c64e70552446852,69.87131073502391,55.97509813376492,66.47785222433797
25290,16990.130493000364,3241.8051166082423,True,0.9858897788120892,1.047004965542579,32.8518779461825,100000,0.36529,17220.021401496426,17238.379631722994,17da6fc8a9b4b5ce59575c6544f9089de0e2afa52470fb4eab077a961a362082,31.303925689440987,32.619284083770566,32.90000081426773
25291,34517.76657553375,6885.711836600933,True,0.7445554937009785,1.5241061343547195,56.530210361918435,100000,0.14728,35375.36111232864,35413.074713752605,556f3c67f8043fd89d7b84e74811a67ec14af71cb226848db55f0f5c6b72d12d,56.226581302357346,36.47689110999766,56.29558790680305
25292,25140.158461980016,4667.859447691643,True,0.8890885712470881,1.1194546430681547,43.92130458599014,100000,0.23012,25923.60295393894,25951.240054975824,2e85c681ad4d2cee391d046fb2dd2d64e6df598dcb4a5d8fb47ab45c790003c4,39.192472720164545,44.02853433351454,39.83585120531089
25293,20598.42976487199,3924.242788613089,True,0.9260142409173137,1.3228464302826457,41.293519090789204,100000,0.22559,21119.363867471035,21141.879178868043,36eae527a994760960e13f7c7a28d7de3b1e85b7734567367833d0ea7b8a5b1c,41.4144961975005,41.03140202624806,30.949976466973354
25294,66246.98947818205,13554.53532754182,True,0.5841310004882039,3.9723889376663024,129.1048243467819,100000,0.02443,69898.23057629287,69972.74893950688,ffc12f8f21a0f67e2dd8fd754469fee8617deb7cb8d6e45a91270c73e5fbe9c3,64.33177404584518,128.12771263907922,32.71748234178702
25295,17755.56579252235,3320.954335521461,True,0.9910849878828161,1.1630332465890283,34.228281511668555,100000,0.33809,18026.147179312193,18045.36481861124,53a1dc5b3e98ce68ccb6a51c9a1076d7a963d9b455b2a3c6bf5a4dbc6df6f1c7,29.53192062066325,34.169785913382015,33.66839507092593
25296,27015.763955025857,5785.221519967068,True,0.7526197894505359,1.2732103077527048,52.26266762960226,100000,0.14798,28086.20395241044,28116.14659802781,ed55b2f2281db0c1ee0a2489e308a5c73df5baed274329f181e03ffcfb2fb2e8,41.04711957139416,52.04575714383486,43.471413235853255
25297,9261.024258314152,2164.1424367273903,True,0.9854568919213055,1.157039815830185,27.326730906199472,100000,0.34946,9481.47304664948,9491.581226019232,daebbc9bc63559937695635547db8a989920af4808480af826b5dd49040fd517,23.617340675768098,25.672182745863175,27.393446557825932
25298,14537.233926988554,3939.7224406146297,True,0.7311497754252793,1.5728113656645302,46.31820627152726,100000,0.11239,14849.032925814121,14864.86344998932,51bc8b0c320ecae9a39c41f17b1ef3ab99fdb14a3d80ad48e1b46121b8a3647e,36.46880254533091,46.250357336559205,29.29943175037284
25299,28743.46763827714,4891.066182264662,True,0.9277693596929183,1.1050388575456969,44.36037036016056,100000,0.25324,29392.267844088918,29423.602881797753,dcbd43b298b012a36f046ce721dc8f93e4d2b1e332113976ba2a72b9e92e5824,42.183506482623386,39.85502024545676,44.425351371430324
25300,44308.07865019424,7128.262437255027,True,0.8494850156700845,1.368499072868395,57.40566354462132,100000,0.18078,45470.51860278317,45518.994631329726,ad560783dfb5cf1c2e0edc1b65a8c7801fc8541635a6113d62222a9586cb4a07,57.44770870835029,41.7508475828679,50.07579000120409
25301,9559.390501328235,2333.3419731869008,True,0.9335248139047612,1.450715701504048,29.625927761313775,100000,0.28023,9688.260485202862,9698.589120245488,c646b367d7f553ce12b336b43ffa0a7889e28f835055bc2cdc88a7c8b0ea37f0,28.439733388058045,29.56806462115496,20.51971607882011
25302,37213.47543937363,6549.7854763867335,True,0.8229823784840746,1.1897798328582032,52.21077178811592,100000,0.20135,38101.95631697083,38142.57673606559,1eec26b5cbc6916f4cd4769e71d348cf3524badce7507fe1efa887e6b4d3e7ec,52.27450564039634,46.449231541966405,43.72142266436466
25303,95688.50264191061,16948.308570616326,True,0.596940348133525,1.6062919653479049,117.49042134887407,100000,0.047,101349.25098843452,101457.29922133475,e37052550650221f890a2bae7c9bbe3dd9121e485ec2ef5ff85a6fa3835c5d59,93.65386369728364,72.2841459470612,116.40042232268823
25304,18968.39164811534,3605.4054331313755,True,0.9540043486950746,1.262275868058011,38.04764910671393,100000,0.26539,19434.946038587103,19455.665595520182,bea9169c0489269675e33841b7b298efd02b1ab8087091345c57d77862f2ae68,30.226330613585723,36.52425690615215,38.07551603721201
25305,55486.52458310287,10575.348928219593,True,0.6652442067483246,1.547012384397102,77.6432107023796,100000,0.09408,58549.48352822667,58611.90301500874,f3039d5769f4d10ea89ac5598c0682f99076a25ad268da699e59a254c87114dc,77.75694587430692,74.83774312817253,50.25199012988484
25306,22136.876831486534,4198.9546851302985,True,0.908002761118149,1.171131789933563,42.22747488627711,100000,0.22724,22750.210487880362,22774.46444158354,d2ef0dae2279789558cad005d01d0a3d6b7a73dd81f5814fc7ba7097888987bd,42.289331538942555,38.74288345279037,35.949024640734436
25307,24162.880807382506,4715.492549848057,True,0.857148762573836,1.609288432881105,49.53478554849127,100000,0.15219,24594.176197010365,24620.39599885209,f9638a7d15098c6d70b2b3c95af0d75d9cc14173c62146cb2cee4af96536732c,30.62062426972166,42.81082540079568,49.23244921091502
25308,70807.70171259485,12781.935492606903,True,0.6475517805265703,1.4809974896616083,98.04590331604965,100000,0.06114,76617.69676799662,76699.37874062032,90a538870acc657f4ccb9db979520927d963a528cc2697b8475e94b7198a229f,65.92246526669939,76.95741678737784,97.61503752999278
25309,38692.46089900594,8523.829893348146,True,0.6490332086956601,2.3743941644991833,93.48075356091368,100000,0.03857,41892.04432837875,41936.70535268938,2b253af37685ce6f37a018faa5978239af07c3d9f37c4c4411afc2af941ccd4e,93.0699494681167,90.99310655453195,39.060622490113225
25310,33508.56094570383,5645.977999555739,True,0.89025713088832,1.4409449787020756,49.39679468314972,100000,0.21382,34265.725647205465,34302.25626848895,bf006a9f594d72dd79346a92333dde4d54b27857fee750220682d060ff3556ce,49.21589821824561,49.39679468314972,34.34620880312754
25311,19566.515259035164,3639.5180608599103,True,0.9648265286612316,1.1522633602269423,35.75561821453158,100000,0.32778,19921.894078782265,19943.132770042885,71d7e043b1e434585ced9163f1cf635bb0fb6760dc895750cd7214fd99674b98,35.61594783088107,35.61594783088107,31.006825170414103
25312,22774.999284128327,4335.401821875457,True,0.8962455590094133,1.3319098959633333,45.37565284464161,100000,0.18876,23447.35883522319,23472.356017379097,952e43bdd4e8b81cfcd3f565e5f0fdc3eaf783b5370cce636ad8c0cd5e6896db,37.72072703515739,45.46427716660379,33.93203727127374
25313,12577.41354014934,4123.423958213416,True,0.6342887786143548,3.543874400036127,86.04466523678391,100000,0.0159,13467.41594876643,13481.773533857635,d83329f9d702b8bc06253c405a8007315d171f40ca15927e99502e95b17f1e34,23.958481616833996,85.81358825494684,30.628203592585677
25314,74584.86101268193,10961.769104259403,True,0.7816948745401558,1.8969327431011531,81.42028067305014,100000,0.10777,77341.21135862029,77423.66466869574,499ce26c18bef235d1463dc838d301e6486a3d69adcc152abd95229736b19ca8,70.62652764437186,80.80406272850314,43.01598812902356
25315,25311.144475837515,4211.272973364577,True,0.9899469452509774,1.152864614160905,38.0687720095367,100000,0.3518,25805.824568171047,25833.336105907434,02438888a0aa1793ef77cfb5a529a0c022fd43d0da50f02c99c3b5cf6a4137a6,33.03135149460289,38.14312507986783,37.7713597282122
25316,24388.990952341843,6904.257545747278,True,0.5890647426157563,2.534568331552928,92.26728226152164,100000,0.02531,26433.254213428987,26461.434652649892,c8d2e28a6f18ff9f5f81cbdb85fb43474180e8a212558bbabf08b9196e8d6e9c,92.04202034193784,66.92531630834492,36.06443332536527
25317,82776.61721507793,15253.4865711967,True,0.6021713885420523,1.0255257366410426,73.28284001378982,100000,0.16503,86354.52037535422,86446.58275606751,bd55a6e1dc7d7762c825eaa81b72d6862fd3ecb06bce0b77d2f8882eb54fb13e,73.12181814852514,72.94290496489774,71.58316476932936
25318,167519.27361269607,33118.12228485519,True,0.44373968752436266,3.2783058446463667,303.33476135347723,100000,0.0059,218944.4091331684,219177.82532795527,6725feff80a1e37c1ed361bd82b4955cf5055d9a3cb3370b69d911491bad1e56,91.05226784279792,302.74231064770873,171.9588173493101
25319,16713.49171694566,3195.4592572466754,True,0.9893021818446676,1.2275009818086644,34.48609031615854,100000,0.31328,17083.61814594533,17101.830956935144,9852327f27c2e7478b7ae2ed5c54fdd6b42513b4e3f6b35416c7fd7a0e1f4281,28.188337494750684,32.7432629979347,34.56186541695088
25320,40497.65528871409,5771.875921489089,True,0.9880685081598402,1.1578631615170627,44.46748598128141,100000,0.35161,41105.908413228244,41149.73133961884,65df20df390469874a4597b94a52ee7c3d90d38f369c411809e572dfb9290982,38.51822272011388,44.467485981281406,44.554336539838594
25321,85081.25404437992,17317.509991718558,True,0.5402000241581282,1.1547109787456626,92.36262599345935,100000,0.08762,91792.53556764161,91890.39540542818,6d68f6a2428bd26d8722e2f2c565409b62dc52364e7ec028dc401a141e3ec572,91.86653767025228,80.93004509046034,79.73492322091607
25322,14046.403410182776,2842.3326950361675,True,0.9904958003621768,1.1010692834412044,31.11930059176575,100000,0.35653,14285.678224186882,14300.908157046284,90bf2239f80a687413b74777e7c93cdf88f10b21b5fe99474c8b0c610720300d,28.1790737047996,30.50390426658679,31.256055330694405
25323,5251.240832821073,1471.2679518497443,True,0.9930405290800698,1.1521962148337836,22.36362704712606,100000,0.35965,5348.377946010112,5354.079840995157,0036578baaf10b46fe6d9ec05592274ce68daabba8a2c3c3fd3998040ceb0848,19.409837439583285,22.429145485740683,22.238050039781356
25324,44031.00392474981,8000.134557628435,True,0.7537475114447729,1.1679024408566143,51.0545427192115,100000,0.26613,47088.22367113784,47138.42433180832,b3821d21248259460d18527d135314b78ab26bbe3e03f40fdb9ecaeaa3be31f2,43.6631013538569,48.22510395034895,50.917433351557364
25325,29750.798833236724,4940.135083991032,True,0.9398914975269127,1.0914980714291032,42.00007905632796,100000,0.30982,30519.33559670802,30551.872199083995,73b880087753d744c2268d2d565f4605955d862edffb236f01697fbcb3197980,38.40095118797564,39.58015262632469,42.010332981878825
25326,16305.947477217967,3340.152634629772,True,0.9309974769815258,1.298405038040803,35.15951063568261,100000,0.28775,16628.730668225486,16646.45852458902,21f983e78680ac8e2eb4affa62ce3c9d856c110aeed5969a07996f18b5557675,27.04775830396384,35.082255851571006,34.85049149923617
25327,69723.57217128342,8543.772884375005,True,0.9588577487459976,1.129036696523252,56.47263383611397,100000,0.29568,70802.9546081108,70878.43749579779,6eb050ab6c16f164cbe9dc7cc4bfb11ca76faa56952e41e5628f2c56ad6b30aa,56.72080459027658,49.63415083252204,53.287775824360466
25328,13591.922278875354,2779.9450371502917,True,0.9907600886494886,1.1470673002847338,31.349795206446146,100000,0.33656,13787.385698547536,13802.084402746264,26fda8d22e1908f6ebae543be2a627374e1f1f45f9cc547167be0b8872c2dfdb,27.43107080564038,30.002733693669157,31.395717758018087
25329,17482.694065947013,3288.626659339536,True,0.9905470827260745,1.177273150058965,35.2480494503959,100000,0.30499,17758.495470578157,17777.42776692814,074bb8ab62741b16a7c1efd0f3ab5433c71b8ffb0c93bcfd7866c62fc0ae14f6,30.07615547586271,35.20502204628164,32.322185970626705
25330,12771.499695433668,2831.768051824415,True,0.9330846500514395,1.4821589571958977,36.21174832940011,100000,0.20596,13003.09288653588,13016.955457743119,3a7a8d0dc57acd253698398bd8af8f443cf58773f8eee7db398ebf328764c2e8,24.391653720902074,36.017251634271496,29.369000964420692
25331,26384.952742167156,5119.015744630156,True,0.8372758014287737,1.0977170596456054,46.455473642939225,100000,0.20445,27252.923274399447,27281.97756115979,b33ff7c8cbca6d0504002fad78f1ffe0e28c09f43ef800ab34e1b7d7ef9353f6,46.659623673596684,43.291148167748794,42.213689672612254
25332,19818.708206605126,3718.803819895567,True,0.9523525561449341,1.3815439652865684,41.36291975152372,100000,0.2157,20295.465133907495,20317.102088519594,ea9b66c890c1ed5ad12744783a5b09d083f05fbf9c5d88b850d0b032ea007691,35.778521650304825,41.08016541728479,30.032549643806533
25333,40166.59641057278,5737.599511682161,True,0.9885468318801447,1.1448309624106423,45.1736970979935,100000,0.33157,40639.414029166925,40682.73962683171,37b98af0062566b79e0c4f689ab046b93fb039597d29db6713e0fdb7fe6e02e7,39.62624357253189,45.28398444442415,44.478886815480415
25334,27892.794761923276,4532.484747234304,True,0.9813165591630818,1.249086805527061,40.212933955404594,100000,0.32896,28441.708197902506,28472.02984588191,8767ff9ed038cd017d326cc7d3999fa1bf8fc42a9a08cfa32e8dceb462583463,32.27048679477903,40.330745285352066,39.84968235473322
25335,11648.364832069123,2510.328186294264,True,0.9899127813297341,1.1525490956827826,30.22329032786682,100000,0.32407,11895.408476788265,11908.090147871266,06d7349c22775f9b702f995c3073a75a8e49feaef3cb5fae2ab509f066a7514a,26.194502115216604,29.086965447375732,30.215911594876616
25336,57157.57963651971,10835.278020935004,True,0.6622570932389397,2.0745136718936594,92.11096662570549,100000,0.05883,61129.12363243519,61194.29326835066,8d01834f48144aa21a6e93e31bc89e6b624e1c33b3eb9c2269dcc56b263e379b,44.33514909730918,91.68369407543976,64.18083465570396
25337,7151.17098996407,1808.3925669550918,True,0.9926043775798573,1.1640048787414219,25.104068377312146,100000,0.34733,7306.172561569038,7313.961657461139,fab6efb049de8c8bfa88a86077064e334a08a69e33b0199cdefc7cc5076febd6,21.64735583707678,24.527949620606254,25.16535760674894
25338,37581.849587070195,6835.883425420059,True,0.7937338647194908,1.9339989800707913,68.23680796100507,100000,0.09275,39181.88525405596,39223.656983221306,1843a7c2d99c542a0ed978a244910ba91834867a73b294af95de5bcdb4922fdb,67.83698291435854,35.20126348183685,65.18814198032541
25339,19915.818038016954,4151.500412303081,True,0.8558765726361719,1.275802642640403,46.16076755583791,100000,0.158,20662.90854049053,20684.937225780304,b71b7cc524bcab783f16d17cb48d73766af46779678e33ae6f46fd42243d9f64,43.47857451914615,36.220875713980234,45.969182338931354
25340,38010.11587909163,7923.411964109331,True,0.6899824059062757,1.628583228802941,91.218729811949,100000,0.04072,41093.689262881206,41137.49916246016,42749ba82724597f3a6ae8c30ae48f25b8f2d34685ac7dc36d1e2408986566b9,90.46154308987715,74.60516232178446,55.92046644477636
25341,32607.982276325332,7180.83030502486,True,0.6873723814644269,1.684968436753176,91.59237580953629,100000,0.0342,34939.716804964686,34976.96596686764,c9f5dc311d824889d2a25e4af303f149823cd1abfccb67c6c4669e630f714acd,91.68182148903779,53.9133833195293,67.0842596261252
25342,8370.014493428904,2491.057715987731,True,0.8002969121501531,2.2955953762727286,48.1899501854989,100000,0.05839,8688.067951409566,8697.330283200983,12cd91177a6ea024c27ff9acc792598c389f7127da59ffad118f913261297674,48.048768690814825,20.70661922033156,24.365572957560605
25343,10615.088410284348,3450.8459712536014,True,0.6768736793568728,2.3324169241024064,64.20737572319086,100000,0.03206,11283.233590016329,11295.262622682209,bc37cbbacca3c32efcb4b333252ce306e6a3715611d65aa5ba46a094606806ac,44.847974107433856,63.86251188874013,27.424512653252542
25344,6258.936990444029,1663.2557964232378,True,0.9874735352779174,1.2010645970522338,24.73614610760137,100000,0.31546,6348.2747278955385,6355.042610831278,e0539765a5eb489195105d32f952f21274d832dca7f3f1dc05cd7cec10a2f7ed,20.683911234993822,23.184097877705483,24.772380696626175
25345,22019.987212938333,4681.536961584237,True,0.811534603844799,2.505965552257509,55.12418151990914,100000,0.10266,22863.51631987275,22887.891068695815,4854e33944f380bbe4dbe6e81ec12622ccddb19249cb461f54e84288515fdf63,21.983728152532123,54.57240138262489,47.116640503223124
25346,65462.481655472046,11373.892166411111,True,0.6906160409282175,1.7868131100711144,95.78862079110655,100000,0.05904,68992.74283320316,69066.29585775307,3545689334f292e8aba8129481d9d7f59846da36979159cd29ef5d605dcbd99e,53.6004684700235,65.29341534393787,95.60153364112392
25347,21829.62841604326,3891.298508525766,True,0.9707047147926084,1.2330136633223436,37.61254983426868,100000,0.31438,22241.728736501005,22265.440598830406,fc2543efbe7568c8a8f09d1e6388b951056cbbde049d15b9e834b297ddfd58ae,30.569379491767684,37.704377348512494,37.21769152302025
25348,13829.280081344243,3779.2131078496477,True,0.7372517133251415,1.6146658175169106,46.05656671913832,100000,0.11214,14566.343078979684,14581.872228077009,b9c35f25ec50e6bfbdabd1d8424fc05bd7305c7e71e19e8f8008eb57b3d05aed,46.03407816116999,35.81302856456434,28.5154915038415
25349,47360.598404393706,9065.583308848858,True,0.6982857165735735,2.238649651685795,79.5351663015513,100000,0.07412,49582.48540652285,49635.345194619236,15c02c890e976ff8276f39662a75d1e2b040012bca4cf7438113677eeabfcd67,51.86485087681727,79.32157088423756,35.524801452316424
25350,26215.45562432426,4916.908692512315,True,0.8679544239955294,1.5741371373553734,49.16651184427724,100000,0.16912,26725.046263090226,26753.537781229155,d745a807c99e3f991ee7d2f2581de3e37ccf7e45ba244c8dc6032cc75b662aea,43.12872975011916,31.077172647664497,48.98645870031626
25351,7902.521951434178,1935.802820071491,True,0.9911365234393913,1.1398319665639793,26.233098171982935,100000,0.33244,7979.53031139798,7988.037272634617,38eda86fb4a9b86676b4bf6937e1c2414bc2f2058132b0c0e7e421a24469e351,22.960365465468463,26.175457087132386,25.31724537935755
25352,10291.951576393132,2306.119616456718,True,0.992203566806163,1.125714068684935,28.43134269136556,100000,0.34185,10445.831019077115,10456.967298544192,cb673e7da8189752b9c8d50119ee131f66a08c16f759c9cd1655d202492c4549,25.266134618303376,28.417460199817043,28.472990166011115
25353,8716.155904884572,2358.240753841993,True,0.8685189740878514,1.5166259335201462,36.54117806395979,100000,0.13679,8873.956286342851,8883.416793314751,26feb53e85c40b80ded87d48d5aebcd1765ebddc7bf59ff324993921a34a1bcc,23.846330313712045,36.53225687790902,32.46419603875725
25354,50399.611924038174,9543.96389890925,True,0.691364058155781,1.2904830790485349,73.4738977501518,100000,0.10072,53116.59869633493,53173.226195510666,b684324918575565eb0df8d8b1b21ef9419aca5c45de114e1c53e3f9cf90e6c4,69.22260044380758,73.4738977501518,56.93509557104048
25355,29799.67249983332,5212.79485014264,True,0.8917048970435002,1.2245107484347442,45.49753186405428,100000,0.24196,30298.58809162933,30330.889355533534,f3942e9aeed35b12a2f58891c6fbb3dc8cc5ccbf9302b5eadc020cb3779bba48,41.90971379957929,45.29759153847982,37.24443953617529
25356,21980.00215311944,4378.307759140075,True,0.8666884173823667,1.7509292237087917,47.395503228374224,100000,0.15783,22341.703018738244,22365.521463449117,12a751bb90bc84f959dbd00864ebdb5e7da7efa749c5acf2c303ce2a9242f1c1,36.518605514831314,47.03679702718291,27.145959612735822
25357,58374.55751630917,11532.82730299428,True,0.6310020014543521,3.0628475951318372,118.24707084936642,100000,0.02896,63662.697057969635,63730.567731424926,6d35bfe729d83d125346cbc0f184bd5e7631b425157d38422cdb1e3620c89743,91.25463646358575,117.90064388398741,38.366786415724604
25358,20108.62306835134,4323.65083677218,True,0.8270943717885428,1.0906378853862675,46.393339957882105,100000,0.15683,20821.46879692585,20843.66652298651,08033b427e4409f2a082121481c3c472c7b42e119a7a09167b6c3d2f576bb5c8,42.49702429735686,44.18467265031692,46.32538096380318
25359,180980.1573944285,28508.77190162061,True,0.5427413655271395,1.7500573045605665,128.36802481461356,100000,0.06987,196506.3646497235,196715.85969035764,126cfa354a576853e496b1ecf65cdaff1a47b7c697949aa146c68f530bb6db15,73.05318990304302,100.06814043775904,127.36514962074939
25360,19500.600476744265,3561.184520711079,True,0.9838335699802857,1.067056739676824,34.50341515682645,100000,0.3634,19846.61641401788,19867.774851911294,07a73c4f7df22059d6d4cf3f1c19f1ea364728f447af8d9a1e14f19c1e747a32,32.254291170773556,34.4107546180752,33.54311502794992
25361,35619.89339620753,7180.67462064316,True,0.7290891246001653,1.9007433706515378,82.14805402412902,100000,0.04993,36801.77008718333,36841.00438035018,8a5f2e19323f7ad2f10c8a5ea322d71362bc4aebb68f0ad157412ce56634fce9,45.80716684353288,43.11970609176694,81.92744157435719
25362,16107.950071471758,3119.2578687927926,True,0.9888407644575881,1.1746859250619355,33.196038485670755,100000,0.33453,16270.809127173032,16288.155404100606,bdd2e921ff7b4a1d3dde583b34b943c8e432b70bb95e2611a65063440f7189aa,28.381964545121825,32.44231983841309,33.18793398408734
25363,12947.462837682513,2786.437309003316,True,0.9569545171336263,1.3848691746873332,35.25722224586073,100000,0.22841,13309.897015973875,13324.086670447241,2c14ad954057a2b16c7de5461a2f0dd480c4637472c3e4ce12dc45fdb66dcf9c,25.539106055534376,30.1270209620392,35.326084008059674
25364,8747.326190030994,2494.597200249548,True,0.8230014020812334,1.5621899496870622,35.151323719554085,100000,0.15599,9008.181177017337,9017.784780875572,cd9b78269ecfe9879d489927971267ddb1ad4659cd7f6e9ffce298f5f72e6942,30.26824188448908,35.254306113263716,22.53598049012427
25365,17262.621875623907,4629.3517134748345,True,0.6977531175298896,2.657834149900712,64.16806523622486,100000,0.05127,18010.901604576848,18030.1029905993,70292a774495a3c86eebcf975d8f31bd1ca1a682fe42673ebaceb27c7845860d,64.01140492070672,36.11020272692829,24.251016842206077
25366,22691.205620742636,4297.917385032827,True,0.9018433532851715,1.1991878429312413,44.46149115040767,100000,0.19849,23195.621066369895,23220.349871396094,e0b3080ec86dfeb0a1ff2e050a5f1157cc1b85c4d466fb36f054c7056633ac7d,44.526620287835016,39.25116015621927,37.05847919616498
25367,37552.603387676994,5491.253145000588,True,0.9875809252888527,1.1767200062530248,44.90950415619251,100000,0.31544,37988.03643591128,38028.53540524967,735116c20430c9c9ca4dbcd9350f8b1dca25b1dd2ee1bf815a3152de45f9f355,38.034929179158155,44.734076405582385,41.68601923873143
25368,18308.386045721287,3469.336961998839,True,0.9682875524242023,1.2668943484139488,36.32416435001224,100000,0.29151,18576.147680224414,18595.95167395269,e1413f4e6f72084094cb0c5e751120171e9e5a14a6204482f00d9be9b7438fbb,28.69750874917959,36.31529614582523,35.16242960151331
25369,36352.89214475173,5484.536284845531,True,0.9676170725221053,1.2080207103450635,47.45809746996245,100000,0.26277,37344.10492271803,37383.917397963654,2024f5e0c91dae2f49bf3a7b504f26684b9a8835b5891c1bdef6e5e7648a1a34,40.065942639436074,39.18537247153638,47.376992322919065
25370,13616.028367078477,2821.036776340903,True,0.9774825391950721,1.1886282261715932,32.30579990156514,100000,0.30834,13822.502145437367,13837.238287209588,50e25bf8d5cca7c3093f5074b0258cd069707e0e16d1afb3928c90dfe0f08723,27.116049819721912,31.390889552790345,32.14016957980419
25371,57936.99327461849,9591.940830789024,True,0.7548864015933743,1.75854748320839,74.03899830726209,100000,0.11159,60217.42529448056,60281.622970629294,83fe89ced9efddc9e58583c3f01aeeafb27067bde20e52dfa7a02d64874358eb,55.96307098615318,73.87631496137212,42.17113844014709
25372,90129.8732089717,17701.31071253957,True,0.5491924260398813,1.777655093347683,120.3507725583317,100000,0.04129,95698.8748799482,95800.899258229,27bf340f098f496399be3a7317f9e7e6b2e36ec413d3404ea4f5c9e08fd4c19b,89.02901387982057,67.49163197424022,119.91003486585734
25373,16069.162803367703,3628.4328741043364,True,0.8487123697742613,2.2759577054801055,52.93232853779692,100000,0.08532,16823.99561874503,16841.931646680092,3aa5101803c17a88524001ba311cef803b22f6020e6a5a96028e3e54a57a553b,23.22250839414577,31.89379561310615,52.454180062235764
25374,21209.89443360045,3769.1058255568296,True,0.9831160759617873,1.1956219232658083,37.769880333994095,100000,0.30215,21645.854097432737,21668.93069900634,1239044aab6b5adb0351d3d48e3fc994c0f4b5567105064113bb2866cab38d53,31.674692125798273,37.66844754989401,36.80165830394786
25375,7133.233229644199,1838.7109020375456,True,0.974604224250526,1.219438971290981,27.161477133883693,100000,0.27252,7260.622144463528,7268.362679147451,7c598ae23aec2d81b8a133a33c2cfdd8987c5e62d6012e4f16f2a21573edcaad,27.181370793893862,22.21458701135507,23.93870421223636
25376,204004.01472684866,34785.50843903516,True,0.48177572294048915,2.5422158893458593,227.10638960562028,100000,0.01393,216947.4139658223,217178.7011680727,5dce537ff6f6a55e5bbfc7f07dff2f8c66e3a528f6ef03a875d130e6da67fdd5,84.00053228821159,227.43906498101916,107.31553151408156
25377,79144.67139239049,13342.320425286056,True,0.6681395983337352,1.8206072943824214,118.50670611780237,100000,0.03778,83599.95363336492,83689.07937600763,47c86de4fe484bedd41047a4efc28b23d49df2b1201d447363e2f9fb469351c4,74.38494663790769,64.08504737571587,117.6966016814502
25378,39328.17925833905,8729.381399917613,True,0.6406731882213997,3.0328400299590204,97.37447363922121,100000,0.03523,43247.72970852427,43293.83602629554,4ce22be98900817c3fb79c9fa0bed4cd3319a1b5a08ef5b1463e320e516b0777,81.16124340925322,31.939112630442793,97.23183525010126
25379,55916.10810888706,13083.317321641374,True,0.5404939954152724,3.1514947801990707,137.26495482884135,100000,0.0176,60521.12382607898,60585.64527462222,cbebf5327c72dffc6242176b23caa960ef55bb85f464695ff55ae12baff910ef,72.28528016743428,43.64931730091939,136.7287635990412
25380,11367.736591754508,2464.294988562619,True,0.9921426022277392,1.1797738770027082,30.178106251298402,100000,0.31355,11457.716086353723,11469.931134458458,5324e2cf571c1ee99e7d6c30cba697b8888cbd951abce67bec8162f859ca4cee,25.62486658740621,30.156003146133877,28.40985783813639
25381,33352.204499550135,6033.469352918737,True,0.830488029048379,1.041591451756366,51.47404754909638,100000,0.18991,34437.220673543,34473.93412532959,05032dc7e79e3436b13db0ef85162a67befdd5e7d0588d75cb1a66c0a68d0cf0,49.27483897461107,50.16708931054511,51.44891373681655
25382,6097.580760298714,1629.780918938254,True,0.9903604070700943,1.126096447205157,24.213132085905016,100000,0.32934,6216.024196085314,6222.651086994739,5b6fce69389ea6898d568c11b04881832f1ce422d957593ae0ec0366c10f7bfd,21.51161808120321,22.5283804637168,24.195397858303036
25383,18375.37399227863,4073.9555496244066,True,0.8265934565123588,1.9015743562946479,44.393840347375175,100000,0.16234,18884.65220198055,18904.785091759797,983bb0937c63c2ebc1907e4094a326a30094185efd921a2d6ce89c2dcdce595e,23.39997590575757,44.50222374666076,43.808569991233014
25384,17250.15463142947,3253.3794226416157,True,0.9923801543871861,1.1625999896403798,34.35922453747504,100000,0.3231,17425.382514840727,17443.959680137734,ae5819feae63234053eeda35cfbe9fd89c5574b82f9d667a02b8a0039bba226e,29.62812037752975,32.47181596302878,34.39277846768742
25385,58663.27455719031,10438.780835532849,True,0.6994315402459594,1.8246882695674862,89.56369172937099,100000,0.0646,61708.32796869005,61774.11509318497,90c16800d5314071ca54af6fb70c58e7a4a2c26a7d00a319e7b3a9a5e74f46a5,89.65115627207547,77.75597846426837,48.870813236119176
25386,4957.177881643039,1421.3147933896444,True,0.989198654628105,1.1927983059568759,22.095969382952404,100000,0.34927,5009.74665767594,5015.087538524692,6220a6b064a80dd96cc5c4cdc7c8adf89f8235dfb2473c9138454c21b87092d3,18.58413440533961,22.074391287851867,21.6158567669654
25387,34080.840037660375,6096.838665967293,True,0.8337828325543002,1.9876912684330632,62.55291696574692,100000,0.10785,35097.65903478833,35135.07657858524,6ef273e2adcac233e3777c6feea0785e520e5e79a0f26829589e8998a674b737,62.91943796359309,31.421539711187563,43.31056457882282
25388,47348.47994155198,10510.513806563504,True,0.6021863008821446,2.3430499547155534,99.12050384122563,100000,0.03981,51546.35756657407,51601.31103483547,a8d3c9355f651c43888e85fcab99330b66110b1bd14baf3edfb8d3b41d25ccc7,41.731764861863674,98.95110844891883,76.68771403145607
25389,18617.739334364403,4313.086142917526,True,0.7876149589614253,1.985777061862197,59.31611920071741,100000,0.06987,19387.60811458204,19408.277204649432,06e820f57d65b54659495899c8c916037915c7ccc87cb6882a39e7cff41309bf,59.2726747774747,29.947689088643457,38.071796235030774
25390,32674.63600345548,7228.254472860316,True,0.6837928096039342,3.323438656432111,90.3228252371049,100000,0.03515,34437.62334329138,34474.337224363386,6368b7c6fe4b4c8409df71194e31717eb4b590f4a4b9d0663a543cde788a8722,26.4507394706805,44.334482455859224,89.97000170102245
25391,36497.74464230233,7901.1492982103155,True,0.6734487355352589,1.8502425803690283,96.04351354207074,100000,0.03189,37564.1822582279,37604.22935747886,b3592952f0cfc876ffb1207504c22ecbef9d88555ad9107caf605a69ad689f20,58.45617169442929,51.42173466742215,95.5745510736036
25392,141228.30064742474,19556.08667786564,True,0.67063053940888,3.489899103535141,167.1977377725143,100000,0.02374,147532.332033911,147689.61595674668,c7387e8f9f8391124885c3d2c73bbd60e71dfb637917c985de181f0d958983b6,88.90543771204497,167.68757489489474,46.59575626643678
25393,5630.791321167019,1548.299221336076,True,0.9885732413288549,1.180045600651818,23.631467036842523,100000,0.32857,5765.211702938231,5771.357983554247,3d7e09819e0c1205f91bc8b5ceebd2a3f3c6fa3d4858525d880d3bfc6c47b34e,20.01405252705242,22.36219878779336,23.61992823457844
25394,6410.6545115593135,2099.45348556142,True,0.7949005220058308,2.5633640788214658,41.884491732725024,100000,0.06622,6469.403319179354,6476.300337062952,9c7b95b1300d6b98298173312186324ffbaec6f43c8f5f91f39dc1d04da02d39,16.381580995074586,27.9877572930831,41.741331848872946
25395,15902.609669168416,3411.3723621668723,True,0.8964662226616,1.616654275938056,45.514144058030155,100000,0.13113,16438.284862477165,16455.809684949745,4b4fba714bcaf4d760947afa62c65f9cfae35a0453b147d5eb539fe10514b7ac,33.179988807929206,45.50303220645348,28.13520819212215
25396,44629.590622865806,6646.182678292059,True,0.9155044347602443,1.7600217270936915,56.40720713840547,100000,0.1928,46007.23390634099,46056.28212599458,a467b90c232462a4aed57940361e910cdcaeb661de199cbe0a1e237ec81c50ae,47.001415518402794,32.045793703874395,56.3383506843791
25397,18063.151265895664,3801.6878723673167,True,0.8757295671832627,1.7042426947028388,46.38558373750017,100000,0.13845,18372.038239915084,18391.62463297906,96380ec61308e9b7df067d1d820c079f687381424ac13cbb9fa4f7d452b4e590,35.593234786856215,27.201702182000837,46.3176361050722
25398,38946.47222441165,5679.475703125878,True,0.9783358365844137,1.1327190040091064,44.41726985002374,100000,0.34001,39615.26578021175,39657.4995354855,ba7da48698a3d3315ac7217f3604e22323c61aa09dd668c6330d90ec77d83fa8,39.24465321954003,43.87506684892482,44.43895797006769
25399,56274.64762762907,10861.64642547048,True,0.6538282070671839,1.38768410906198,75.35906932221475,100000,0.1025,58323.79112821118,58385.97000477894,90f8d97cbf01d26c5379516b680015e469edfe5ddd0c87c786e2fda6a9029535,75.35906932221474,54.16433107534185,70.06038476049653
25400,60555.07608546084,10116.7453277034,True,0.7371293037403986,1.2533794112137984,73.26368431546278,100000,0.11985,62664.21514337491,62731.02133726671,781b03362ca788bf8a8afbc2c0d3f4e9f9c0b207426f982b6934ce7dc5f63824,64.26670355113716,72.95961140692694,58.48931828895588
25401,116262.64086118912,19637.837448905342,True,0.5866115179885006,1.3720887750261375,109.13759024873309,100000,0.07132,123267.82047724517,123399.23605304996,03bd2c33163930c95fe85130e44ea1b70210515147a731eef1c527850a271ab0,79.29528041509514,84.83742366991362,108.84449613429557
25402,36955.04655340703,6884.623821580375,True,0.7793270400385061,1.6605634605691908,65.22490462747975,100000,0.10621,39185.10985945136,39226.885026362055,9ee8b1c4d03eabe0ae08ab94a4ae5eb7633455ccbf8ef5f581c3c2fa5b1bd105,47.42181786636589,65.28860082340502,38.727287122566096
25403,20136.849267127378,3999.3633911481347,True,0.8949956758840006,1.520278637506387,44.18404464965849,100000,0.18229,20906.173670687916,20928.461700444357,f8fb06648ebc7949e09d72fbae6e7c855078c0f66a5e04dc3789cceb99cb01e1,37.67941112335379,28.90948233913202,44.09774768745212
25404,8892.55157637207,2089.426998660476,True,0.993438951536677,1.1285976386817953,26.674771722174913,100000,0.35626,8990.513545387166,9000.098313818808,2fc2cf5b871759b824a6172bfc670dc55c217ef08ba7eac28d76480820c69b26,23.763730960502016,26.76594525833469,26.23192883225599
25405,10284.422410199588,2333.298359311462,True,0.9801678489043327,1.2814504716008892,30.174319924041043,100000,0.28711,10487.599465346897,10498.780274070637,4b5beb64977ca09facbcd281b219910258584c65e74a1da822573b1cfe9ee304,23.49265289007981,28.4652275845934,30.247987697293098
25406,22612.36371910579,4432.83786297527,True,0.8723677179750458,1.4098575345900213,48.27032956106822,100000,0.15325,22916.93730435464,22941.369005181936,9d5a1c9a295d5ad7602cc73e9daae540990a4f8e0982d09e03eca0f848121034,48.52959402648412,43.367874215022226,34.30540267389394
25407,51278.0698527469,9764.249749870172,True,0.683596281467605,2.9205583031671876,114.07836322940355,100000,0.02744,54163.81584582911,54221.559781104406,6e70f3c7be7488bdfbed3691345a4ef440fbf68dad27e2bc48a280a822073793,40.88550713397569,113.7441492746299,38.94985131257833
25408,87172.02615918858,15380.2355025363,True,0.6181671170774693,1.7430806876609892,119.14742634963724,100000,0.04182,94048.81490817074,94149.08016083007,7f82c9c9b4b13b504ace59c4438432e70aec0da74151ec7826a331c7e7fed011,68.3875974970696,69.92930003528514,118.12932089987228
25409,58132.56949655592,10591.43797843235,True,0.6851866248113412,2.2281808267190972,93.35733427956404,100000,0.05645,61069.52964139293,61134.63574427425,dd09342ba1f48640f21e1bc580493d4f3af53b718cba509accf3e94853199ec5,89.41426327605707,93.3345419616247,41.52760328548966
25410,56762.936208256404,10869.525190320699,True,0.6571282218754315,1.716178441582509,84.29989145094916,100000,0.07366,58671.617641080025,58734.167334794496,54ce8b05b7a75656429a42459db85cd7e3fec9c26aae30fd31327e2b89d732f8,56.65957059679274,84.27931042276289,49.18865736517786
25411,19647.688652953326,3737.7742135012077,True,0.9420603078809892,1.2559015238355404,38.286045849902905,100000,0.27033,20171.17008182737,20192.674525734114,218a165e230552c1cbdb0c608cd847038849b4b14e579edda544e8da40b2f56e,30.47180406999108,37.986936116700534,38.25800431241518
25412,12510.366648276538,2854.5111200183123,True,0.9129894181907733,1.1290696394535664,32.177130442868986,100000,0.2876,12739.316181032811,12752.897540424161,bf7d9a33aa7842758fbeae416acea32fba780722d40102b78d0f5c05b082a919,30.739529155992756,28.54777637436179,32.129995974446814
25413,14235.320882072765,2862.289482105649,True,0.9923893095560535,1.1135240040243106,30.541171699845506,100000,0.38241,14484.437224621393,14499.879054051911,3c9b295658a6758bf45013d7a226c60b4c6125d34e4214e03364b2f40a1c9a59,27.498984675056207,30.615735107315828,30.451695610881117
25414,37907.60502465949,6062.16516063019,True,0.9002032808350677,1.7529093502167907,65.0707217473339,100000,0.10692,39167.9753881462,39209.73228803145,c52d0200c1a2849f39fd1059c5b4cb21e61d47085c62df10ada1663c1a449e3c,36.99944114979021,41.09813407235176,64.84831205386158
25415,21411.52731381297,3985.8545103299975,True,0.9355373132588692,1.3618794963006522,41.36508412062628,100000,0.22942,21589.784758233644,21612.801584397363,f1206266a92bffad51c7903e0ebcadaf74d4b8191b938f106207e21024dad136,39.81995280459702,41.28429294070318,30.397681446065704
25416,27766.405695199326,4477.499336173245,True,0.99036443862695,1.1670265963637971,40.22781546771711,100000,0.32491,28122.746207612578,28152.727810854834,4712dbb8a397ece4376ed74c6d319794a208be27c569cd0f9f85c5e95b7a190e,34.4529239894413,40.02156934349297,38.302851641625175
25417,24776.769542250822,4909.1256079872655,True,0.8372267597961466,2.0905302000831223,53.27424079606172,100000,0.1267,25470.866792976503,25498.021232901596,33a1567f9beb9ac8433ef82edb44f79751e78a285406ebba3aad6e0022fcaeae,53.261234389617364,46.06869162589126,25.525072647038847
25418,18344.76650846603,3438.705085261429,True,0.9782067438502322,1.0996685564623583,35.275524518106266,100000,0.3188,18606.044468258486,18625.88033489245,cb5b7fed6f6d7c6a01bcb4b783e1e25ee2f795fc7124bf85c71523b049b3a2d0,32.15791224380098,32.149300055197926,35.25830014090016
25419,32242.995292371623,5739.684639575441,True,0.8535317480732113,1.38603897973198,55.5798978261999,100000,0.14737,33641.675496593736,33677.54081926518,289378c03e027b9a8c40bba043d4375c7f3d81a73e1006e934a58edf635111e7,40.43654675831927,55.525620582229,40.26014571541384
25420,5695.499476310496,1734.7606350968429,True,0.8890628089855888,1.0710244108398772,25.019561281997255,100000,0.27983,5827.048653786191,5833.260858651295,158495c3b31b1c82e939b8769e13c8a32136b6b1ba55acdb20e0f0d65a25a439,25.105077360597832,23.95061029949005,23.4436221192152
25421,18920.203680988812,3693.152454547386,True,0.9297597905025453,1.2872168473014958,38.98721013339505,100000,0.2454,19335.541381636016,19356.15496346401,776472e673af293189644fbb6176ba753fc16aef020711aadf6d54ce2e16ab15,37.1787213820901,30.182725423094652,38.568402212040226
25422,29919.544239936386,4775.859579497972,True,0.975893797661843,1.1759946632179281,41.136413851769504,100000,0.32734,30296.58411115084,30328.883238615483,e225229f4a56dd36eb1ed8abe03797798fd61c2ffc6c0a1e4eed0cbe159fe98e,35.140701188315795,38.48504342772968,41.166543061133595
25423,13759.859051973055,2797.747020008018,True,0.9925483525122522,1.1160809543872454,31.22942917151046,100000,0.34429,13942.217336720103,13957.081106617294,ecd0e8c32e8621fc1748ee98bf918a3bc6ec203a44fc5c44829a85e88cc15155,28.057690271278926,30.50511379765951,31.351419129211678
25424,22908.30185843955,5250.203559126848,True,0.7429676663157274,1.5418633648628446,57.142243440993056,100000,0.095,23567.350895634107,23592.4760010846,4498c314a2c6f64e9886492e0ba21fc3356723470a46dace7ea6d0e8276bbfff,56.76557337924823,36.746257134662045,37.680956917510315
25425,12915.097136774995,2682.8879497446997,True,0.992232331565148,1.131246463677964,30.48894199257724,100000,0.34959,13173.505735681225,13187.549983684628,58a02d48b840670d45d49b988331fcd94a1572819c07139620dda6cafd61483b,27.042560121834256,30.637813779650372,29.484057429833605
25426,7766.144170728352,1910.8901930031143,True,0.9924729799541752,1.120900175220111,25.70380865157725,100000,0.35007,7904.285796564736,7912.712539775247,dc7206d4176c6905c69d53dd5d41dde501cfa88afeddcfe2546d2377ffe6aec2,22.91128061203822,25.245708546214672,25.68498261985002
25427,34470.435687665784,7583.786910920612,True,0.6754022730497724,1.4274450951152575,63.146755975746146,100000,0.10673,35731.804133353544,35769.897737966225,8a2b77cebe62f67b204aa8312df36e1cee9e499a6012438e0f3131eda61d4979,57.55049806090341,44.07631233756304,63.10050591033422
25428,87211.4031043185,16686.789060958177,True,0.5699370160312878,2.2646960064084563,162.1488438578295,100000,0.01723,97665.71827680522,97769.83950288061,dcb60e3c5a18d71b06ff8a06532e1e2ada8b0daeb9a08f34514bab1ea8f54fae,87.72505810277104,70.06920254598589,161.83214689716965
25429,11277.609668633775,2628.8110001597593,True,0.9251300767952593,1.4052370717572813,35.920410277777435,100000,0.18512,11407.553353343264,11419.714923059099,861affa97167364e118a052f5d3de171330cdd93ced09a9282d85fccae7d228a,25.598554101765707,35.745017649467975,30.044757229410525
25430,23857.270571920755,4548.640446053215,True,0.8810820490135196,1.6808160017086733,54.152222075228565,100000,0.11667,24633.342530486832,24659.604087478005,1298f1176423a13eb76497b7c2c15bfbe83ca3b03ed0a54e86a49e54b9d286ee,32.27186867325023,54.086118288515635,39.67549278509788
25431,80091.31769166955,14765.991506475533,True,0.6085250622731783,1.4846169650484706,92.20773178221356,100000,0.0813,84743.78628974872,84834.13147008879,fd1a579aa6805e6bbfd05c8e1a6c5b3044b361aa278d741d9532d84607fa5cc6,87.1876331036409,61.38927845949618,91.75749871687071
25432,64637.8533325167,10531.234938802614,True,0.7395986439845196,1.6813326820951249,82.12395282333854,100000,0.09273,68288.11046349774,68360.91228089368,053eebeb89d406e90aa4cd45403522ecd0a748f85bbc4eefae66842d7b47fb3f,81.8432557189619,48.07940402108541,57.76345412207967
25433,34470.6532490944,6243.967307544217,True,0.8203323652886815,1.547068964891801,65.74967199075053,100000,0.09362,35380.5606150952,35418.27975969865,add9537f31a022a029d7516f110be4bc5873b51470587fa9a3a2035729f82590,42.36166610927506,50.01854929765103,65.41257650446983
25434,26031.517299213145,5845.952747475846,True,0.7265995851130526,2.10014802747008,71.59764863517246,100000,0.05627,27459.238925095866,27488.513164556985,afafbc8132dd4e5227eaa957cee98af00f76e7b6781d7853cf8b81fa02acf642,71.789927476722,33.98965521755197,43.140380085841215
25435,37112.41297544189,7239.386164946819,True,0.7432390322306027,2.456628212133404,91.2707056531475,100000,0.0383,38717.588557988216,38758.86530137849,0acacf6d0965f5b44524a758edf4d0c6b70894e55448008269b18a6511f98b0e,36.64420787270534,91.047876781924,39.03961823835802
25436,82620.66184160898,11504.697177654112,True,0.7973849707521924,1.9862895552164144,90.4377252200257,100000,0.08701,85572.33058774512,85663.55907749705,fa2158e3f360c8947dfd6d027c39aba109522fecaa2c48059ff72f4f71547aff,46.96314490795768,45.39549879208322,89.99613476484978
25437,28393.445953783088,5479.4819566555625,True,0.8214037710881827,2.2847278508296727,56.02263187785846,100000,0.12478,29170.96564345385,29202.06475133112,795c2ed4c96ade0c69d385946e36bc442aead23305f96d0ebd372e1ff96f1322,42.181102712723515,55.80379347208557,24.64667545017113
25438,44968.74681635087,9285.477635428382,True,0.6585979876999369,1.1934193015257948,87.48321557088292,100000,0.05404,48106.6212314333,48157.907603697175,a6a8e5b5d0a59ea44f182177e843f9b88a6ef651929b8acd338ae57b8a67710d,74.00618700027083,73.42951541325573,87.16284246698564
25439,27220.80715200794,4764.217883779682,True,0.9185296404501936,1.4861432817814966,49.233726299898976,100000,0.17588,27907.432279943478,27937.18433743992,92a902421af6ac6ed734d0a782678b0ecfa1b8940b30970352dcc19834c0d6ee,39.6658439427897,33.05486995232475,49.101506820089675
25440,37279.6044950088,6797.69392151948,True,0.7939077646685679,2.4373621175358045,73.57290638820913,100000,0.07444,39416.25906561729,39458.280660232354,ad3e4ac8bfb54058a2a4a5407aea1f21500c0817fb7a60ca3bab01b88326a542,30.230273791834954,73.60883065890651,59.65225149297913
25441,50247.88080911862,11241.793035350223,True,0.5857698832144411,1.4180200253345818,88.15292370932087,100000,0.05889,53637.31361854692,53694.496250855285,e17ddc9d119d3077623ab0e57ba7dd4d7de3fd5fbef48bc0e8fed1d23af9a7fa,62.6066540699254,87.07683821482233,62.025567902896185
25442,60313.38706546614,13345.994478017117,True,0.557282829849791,3.6662448126844254,152.19377352038887,100000,0.01451,68010.09312332697,68082.598546995,cca0c81d84df1471e289eeec47ed0364688877b4e3bddc316ea01fff8e5e9c96,40.27784435939979,150.48456610292357,53.43131013728497
25443,41053.33840127064,9439.107261709461,True,0.6097037357137439,1.7081039137247889,84.95644205800673,100000,0.05376,43829.196578290794,43875.922796723935,2061f569e9b0f5465e176f2bd957b0e6e5e680256be1942e232cf47c9aec5c03,83.87789347719217,76.4110186869377,48.76284064413423
25444,88322.77411206032,19489.799993230386,True,0.4921058671712235,1.099445086967105,93.84998124536779,100000,0.08483,93232.50199450545,93331.89697760722,fdf2d9520edb49339e4e5b2c74668fa7b86094b1cefa38fe753a6346a782766c,87.50319296290516,85.32649662054433,93.66668050074793
25445,48677.30065558549,9088.43095516182,True,0.709380974985724,1.618609567169273,68.24377690391962,100000,0.12124,51233.07146445621,51287.69093903347,7aba545bc14e9ddb8bb98f24bf1733b216377c9ff0337982991b79ddb0bc358d,42.385783311418834,68.3770655306851,59.11350597048507
25446,146161.49954984148,33742.614434982315,True,0.3976741746656957,3.4025958927718953,298.2892354605166,100000,0.00536,189144.11546233567,189345.7616238994,799afa33ddfc9a70b11d435b868598ff287744fb95432a54da996ed4ca0b2ef8,84.1851455547747,294.21106231945487,87.89919609395594
25447,9846.370319701542,2234.4486595457956,True,0.9942551618372573,1.1159804959253568,28.2428941481663,100000,0.33607,10066.364282072604,10077.096012813583,9ac61316c6c7adce1e2410d1af5d0448fbfd73f6797fec65287ed99bb872338a,25.319313308610027,28.194627483362304,26.532875166539043
25448,70398.59798449167,11713.332517478597,True,0.7039032855913163,2.902776174381657,114.67439180894834,100000,0.03756,75307.84527253086,75388.1308151063,fa38f1d3306c63e480bc26d58c8a61930284bcf613d51ffcd7cf9f6a6a96214e,39.811275671954235,113.7505014452532,50.01606468913238
25449,10111.99012365612,2516.431986087059,True,0.8986488416537902,1.278592145735677,32.96794258157351,100000,0.2184,10405.033218461678,10416.126003475463,abab63f24194888fbb1c8b04609074634abd638d936037c494bd372f13bb2d4d,29.869149150444166,33.04843072264181,25.71596107132016
25450,73937.34802368228,14844.84312452468,True,0.5738755978449894,2.598194164731668,185.04371649927745,100000,0.00962,81042.60659349618,81129.00595359656,3bb3bdaca3dc64d19111f72cd90d8ab7a548666dbc6ae6440d7ab32ad6b459ad,70.61116427938737,184.27571279310368,69.14292189993753
25451,5040.4026182845055,1461.5999968706246,True,0.9726704977326192,1.2043901379744415,23.199666492707493,100000,0.30907,5131.181525672229,5136.651867989832,c28f4eabff43f2b1424a3a480557d512a4022a161f02b0b6002f37278e3c2bdc,19.302847511510528,23.21099445486213,21.28524088857294
25452,8433.728431639189,2081.6027055205186,True,0.9625708135384261,1.1067834946323085,28.243077605516277,100000,0.28547,8550.900142736247,8560.016240202369,76c74aa3e00c859a86ad7bf240feafc48d2e7479d5cee7ddbaea60dab6547fa8,25.519440971195245,26.891602212283566,28.249972888134813
25453,27410.5264908939,4845.636321108494,True,0.9072874288226088,1.3916273844663662,45.08999838808836,100000,0.23031,28071.702736385414,28101.62992228552,583e81b39efc9643e0ab60e3f3fb4085b64d34c03e536dc94304bb8ba786357f,43.46076993070626,32.48549444415253,44.96890708382348
25454,42019.33272247774,8196.191215722927,True,0.7131345487075245,1.3966978456114885,64.39741982723686,100000,0.1235,43851.82380879385,43898.57415007199,616094d484ab83f585b9088a2559ccfc16644e46d86cf96a4a3c271e9c93e100,46.20703536920144,50.16898600310371,64.09870132706169
25455,27903.9361710903,4775.678808999806,True,0.9315925225265324,1.2063472614239223,42.27700021018143,100000,0.28274,28406.324741547534,28436.60866729518,3ce3e0d9988d2e752c9ade0ba6f628d05719046ba4c7d2b2cd30f04c0fcd81c0,42.16346334438259,35.000319265802055,36.48662005444125
25456,22650.59452106855,4311.806147605364,True,0.8978655341380721,1.639430329609673,47.36376174428693,100000,0.16567,23404.412143199042,23429.363539972856,1222e194ca522da8f792db67f3cab0d1464e2cf55cbcb8f8be41503e19b43461,28.920109404897858,38.89933947943878,47.213437305157115
25457,17246.686669899165,3417.7331769094462,True,0.9445314412424806,1.422941659156708,40.05693891510785,100000,0.20569,17577.688109765397,17596.427647751203,55cdfc5d1d276c4de268135a1bcaa40e1b0dd3cf5bde667dead06e20c3c1865c,30.169838025661065,28.194373752992174,39.91024602357304
25458,32498.12990990057,5745.740268029779,True,0.857124116135963,1.2204797422547555,53.20481087302453,100000,0.16688,33417.37282441945,33452.99901846263,c9b6c49214a0e244e3f2d90ee446e602e3d701eb90820a2de79348d965fdd650,49.95744692813778,43.61859250771883,53.100895226788154
25459,7249.837596797576,1828.9636359907838,True,0.9904469958975932,1.1453648179396205,25.436483598791256,100000,0.3367,7367.661045543194,7375.515694184546,bbd64729ba9e080e55ab1a902b5bf5e8f69f412568187f09c15d05cd1b4044b0,22.25071306993874,25.535844862849032,25.06387885857459
25460,107264.94936081291,19830.87622227209,True,0.5505297280158199,3.3917139614576266,208.0835775743532,100000,0.00972,116438.06637856383,116562.20076724284,d9863e8c68af911fa8ac75d77b4885139dbb475ed409cdd7a021bdf40fc88fb9,84.86416414500903,59.97135335120213,205.39108987624758
25461,30031.479247208645,6606.014011658222,True,0.7072871757347817,1.5819315151160458,56.08131287466402,100000,0.13427,31488.270424749266,31521.84000659912,a2d5e5e1d3449aea32e1fcd9fc9cc18da11b4d66ba2a8deaa2082a3107b4cfae,51.93271966152359,35.00974536633689,55.83486179269528
25462,45557.149353843655,8467.143133104919,True,0.7285369510609694,1.687193297261304,86.25044857645548,100000,0.05625,47986.8139010822,48037.972546991856,40358ced382848bb4d9d176857dbca142164956cdfff47b9be582a1391e0c434,86.27150581487746,50.853230789096685,50.326799828547024
25463,32629.201975555963,6380.470632199627,True,0.7739312419920163,1.6505136794831077,73.03075280095717,100000,0.06554,33942.12830343115,33978.31393823646,00fbb7e70ccd57eb23d77cb1ec5e5fe10e7431f1bd27e9d8d6e4fcc7d2c52225,48.942728622711776,72.62066800739711,44.093030194523216
25464,18436.081175085736,3401.234906312823,True,0.992262483534501,1.0955176728466696,34.03877521118309,100000,0.35759,18750.913975758023,18770.904287482932,dd0c93ef17d0c4cadccd42ed0f10eac41fda5e75b840c02a1a94bc010e47b6bd,30.9307425136776,33.28254265644245,33.980603476203044
25465,76370.29343039978,14580.019740870335,True,0.5970476390525753,3.5189155096137266,179.8125633617545,100000,0.01065,82323.72366736444,82411.48882380396,49d47147ad6194265ffa4af384c2169726db829a32609444927586496a93f1eb,49.716242189254636,178.4516772620928,72.28061171267792
25466,15515.691276578958,3124.047901386526,True,0.9629724444066801,1.1252885893702944,34.996327673569425,100000,0.27754,15816.42434150023,15833.286199720511,9e40985aa15785e53826d93e37323178b680e052cdbc88deaa93f50cec45a821,31.21986848613835,35.16720817978802,31.262588612693
25467,24924.231016162466,4167.737519679125,True,0.9900678165901076,1.1846411525495422,38.41077865830614,100000,0.33726,25412.036529102163,25439.128250201124,d7a9dd7d4e0891c9319268fac8f9bbe2c6f325ad2bc11068d415c0e9f9606fef,32.52162607104631,38.37326813227264,37.44488261294346
25468,14481.791468442758,3254.78430824963,True,0.8827616084424029,1.5303817376033948,40.27508405961338,100000,0.17161,14906.210830423814,14922.102311848272,13ba26fc75c81de0b004c3a36bfcb810883c464774398fc3b88afb6171a0eb9d,39.74411371312433,40.12759229669975,26.302697719596132
25469,65094.95139432186,17230.17520214623,True,0.45417786976610264,1.8715510780931877,161.83968134607738,100000,0.01324,74620.53023610555,74700.08303350127,9e8d8f525d10053023aad50b0f5299961280f86fc12ffdd5852f09a340f7bdd6,86.60951697036172,160.41726227174664,88.82216886376513
25470,80304.83891663526,14052.45604042082,True,0.6405598285995563,1.3416988198153472,86.14826856658993,100000,0.09902,84173.98408642561,84263.7218017813,269a5d9d40d9322c68c3abdef72beaa0517d13f4ee7f84f35c9215463972227b,86.2534300272425,82.25729452244462,63.601651402677724
25471,14629.77253922906,5880.035333190835,True,0.49195937144577584,1.7627054205083885,99.15721384222803,100000,0.01283,16630.867514654397,16648.59764910562,082640bfe98271acb292ad4e0f9251153eb529ed1d780c76e4c07e964fb226ef,55.921182611217475,70.6398315409232,98.52779793404983
25472,20667.656418095186,3719.8003792533764,True,0.9790960809916521,1.2212116034828873,37.3041779108715,100000,0.30414,20992.359940774204,21014.73985354006,cf58119925ef942a75750acba1a31ac9f222d3c5c1447496f8f154995d94b486,30.573761046580962,37.35882270273312,35.100171305785835
25473,20014.35525624562,3670.444312490995,True,0.9712399873001782,1.172505890133436,35.57162257469186,100000,0.33869,20268.831052909565,20290.439612981405,7a4d5055007b5e1cb48304be9085f2e644872a52831f76dda29aa54e78757d74,31.55939366123784,30.49120284661697,35.69320526903895
25474,59984.18630293702,10868.300217295517,True,0.6818366566977311,1.8136343801589498,82.44452777372689,100000,0.08396,62556.61432822763,62623.305809106576,362d4536df42cd5fc3887bf1426504f545acbbbd24138ec0a04de2fe0e034783,72.68241938255073,44.865442482333314,82.30363136395734
25475,19224.228830681008,3800.84413627348,True,0.9130684758697429,1.096864773608566,38.8404792352039,100000,0.25042,19509.13672287478,19529.93537434736,53db1e5ece267dc49705f8b76b8a08a0fdfe778e0011b99d5547ff25a9279291,35.246597001282446,36.54570482726461,38.70772369094294
25476,23374.299638068784,4733.877061593508,True,0.8351405168893541,2.244920809078173,50.54346559134531,100000,0.13863,23799.485849597193,23824.85843365582,3c4ae9174ba8b1accf885357ecbc7955154f109b9238354eb3670dfa5b6c2031,50.4077287452748,22.563165730902075,47.33514013876968
25477,13243.495421024732,2767.5875308997597,True,0.9781028169922305,1.1557673806016886,31.833322325928336,100000,0.3128,13416.151260819215,13430.45419272958,53dd2ac80745aaf74d46187b5f1956609521ba4007e9b6c09826ce72b35deced,30.955108111370258,31.825550518719858,27.582143782890547
25478,15127.697775905688,2983.1329920240096,True,0.9915776644455544,1.121905634000111,32.699826406465064,100000,0.32927,15307.483736022976,15323.803013686065,da3ac3b53226e4ad4a524f3e156c4c9ea1a8305a18e294ad87a663c1c4df6886,29.147232961426745,32.556125997452284,31.59812327070037
25479,23892.66433059431,4252.271435378661,True,0.9434224353162088,1.5778297050377879,47.28232715339581,100000,0.17518,24620.470861806767,24646.718696337808,98c5c7c35c92d8aa91e3e6c56214657f81442815960277a100ff6eb2e4f0c813,29.97856533627171,47.23615300578508,33.418539333271696
25480,36176.054309574996,7823.644027542945,True,0.6761180140190919,1.9455523202921667,85.48560352781266,100000,0.04542,37726.05364682123,37766.27331683442,c59314b23379e993400ad2afbde05e43d9bcb103beef02ae143feed41c93fb1f,84.77600623290405,49.10830690940995,43.368917024119796
25481,23383.544414001255,4001.5824186033465,True,0.9882327725613493,1.1506749782803973,38.10146789120044,100000,0.32115,23618.284551774028,23643.46395749303,b0a8b71eb2de779b80aa8529fe5333b3961f82c813bf78d8720622ff6a217437,33.143439964928504,36.706150463544176,38.03635307790982
25482,103558.37444163859,15429.25072072312,True,0.6911878649108282,2.1581135438894727,117.20518145302995,100000,0.05001,107056.38907153043,107170.5216728772,9fca7f0ddd849b6421012abc9c1ded759880d241305aa006cbb384aae7b7f185,54.53932515856326,108.22021392953107,116.66150507421952
25483,37080.47570936723,5492.991788143929,True,0.9789759874722556,1.2058927885396027,45.226111703907065,100000,0.30622,37663.147143875176,37703.29974939195,426274f86278ad31d21ffa1e1dcb928698826e9efc7bd369c590baba6aa45a77,37.66266284717456,45.170904048018514,41.3836588540634
25484,109649.67005185162,17473.755064331708,True,0.6340197212118761,1.3917797991603804,96.06496370581854,100000,0.0974,114807.25349109474,114929.64927343017,457daf2272c929693558142bbc2de2cc9fb3fc4622233e18e68b5d14696003b6,81.24244000902232,95.38481625770606,69.07014602383683
25485,63277.142722323915,10882.640093333413,True,0.7056365990844574,1.767301935070633,80.46457331635408,100000,0.09558,66205.8652582158,66276.44719818095,560f210b8096e676e36c7637873701df2aefef5d03761b76abb31eb647883670,80.34670528903521,45.4577692026473,71.32980119914103
25486,38787.08914319543,8132.017326084297,True,0.6814133242047423,1.3546616367114135,85.47563807233644,100000,0.05026,41731.58119601643,41776.071150904005,b3234259f6a0cf49b319e89315b5ce19cc9a71cd915006a3311789b3e1d60c79,85.64258267794645,63.042456693488376,63.12592899629339
25487,27818.8779792311,5594.674984845648,True,0.7936012362880899,1.121964330300433,49.88787933127385,100000,0.1751,28905.9053862178,28936.72191388724,837f39dba7096b9fa1f7a995936878569717419edb6d5adf6181a1c3690fbaa8,44.504470477654934,49.656465828516474,44.66280603217315
25488,14522.956274102697,2909.1698950235277,True,0.9895059111706477,1.1730158488055968,32.264219243523456,100000,0.32969,14722.601483343511,14738.297219211858,48bf612a3aa9b50334d13d217888dcc371c65b5d9f096e06316ff8c3ae886b4b,27.616785319285455,31.964892990775922,32.11455611714969
25489,55849.64712892411,13673.84459288566,True,0.5167420142708324,2.267494374851861,143.04325021221345,100000,0.01539,59890.23678242946,59954.08564356271,187c7ad17f3f7cbdc2f9706c30f8f9c47dfa46ee0e89ca759d96927498571843,85.6653058521874,142.3098741735278,62.5115766308257
25490,31361.089157408092,5478.3454574805855,True,0.8778671563672964,1.1731542478720067,42.43018972576087,100000,0.31424,31915.502662278162,31949.527715558277,bc6a77c4b694891ff2b2e5e735e8b9edbeeee86ac2962e965a3b9417b4d971ac,36.163035237458786,42.40947185968383,42.28516466322165
25491,99261.12583892612,19027.642760493625,True,0.5448604272374342,1.7096603819729619,146.37863329797003,100000,0.02539,105879.3012013787,105992.1789117115,77b4fd1c28007bdb99efb2e3b3b32f2d2814da3265dd663ea870bf40ff8e71e0,85.84020439006933,131.76221215078505,145.62815690654975
25492,45603.482226333166,7604.8490738325745,True,0.8116937385188466,2.1781639312248693,74.39732835316038,100000,0.08778,48059.90393660378,48111.14050365348,d7d0e1adb6274c58d8a777f869ac31deaabaed2d849bd35cc86b9a5d0f0a636c,74.65161609655496,34.06547590975398,46.31669611830053
25493,12318.368492459556,2610.8979249046574,True,0.9879380044444335,1.1278128036767436,30.542703664611864,100000,0.32708,12390.582573157246,12403.792148349727,ac802a205ca38dfffe59f837a5c838c416920ca17c2760aef8e5aa8a47bd7680,27.20209545129494,28.954423420333956,30.662011100801756
25494,9998.460150516961,2264.8301743408383,True,0.9909929434224665,1.1333618576507245,27.688571321608688,100000,0.36149,10202.655720940356,10213.532751710545,b1c18dd38fc186e298e8862ee787f51e0dc4609f968157709719e797d6c2be7a,24.511415920935818,27.769690182902462,27.296496825355433
25495,47894.521199974406,10107.737712022144,True,0.6309874450276588,1.3680647576303895,73.1457107370354,100000,0.09676,50347.481834496655,50401.157183748255,704df6cffd10bd1bd1f54eb30ac547b270c62a6e56954b134a7880abfc7780ca,69.69914770670147,72.94927450214591,53.68066564343955
25496,36150.805144762526,6886.486944588682,True,0.7677710143613895,1.4125801485398222,55.2679022944683,100000,0.16787,37679.69125101069,37719.86149416683,1900d07a1115120cdd08f1909331d41c3684f6440bd4a4bd9bfb0bc34f2a896f,51.51680931647461,39.170586025596066,54.84961494800138
25497,25636.540658581158,4398.107406125677,True,0.9560000348419679,1.2971160599017364,44.309632226601764,100000,0.22739,26301.535245033272,26329.575258926558,e8d75ce4b78bb29a3ffa89fa19d2f2078231ca216ebeb8396aa8baecffbe486d,39.29018170093204,44.3745389144337,34.19500670612504
25498,74804.84063171108,14715.745017338475,True,0.5834294379049514,1.3500744340092878,93.35665347486591,100000,0.07246,78387.97712945938,78471.54639442047,13356599d8fc9f8b4d92c1d7f69895970ee737fa98a0b9810e01222d0817d010,85.69849049450582,69.0146354301499,93.76691220595663
25499,11081.519323764582,2425.481899670461,True,0.991027315904841,1.1573298369184373,29.506956327065538,100000,0.33038,11285.018935430062,11297.049871449093,8e4208a55365d759190bbe5368251da5c9b9aa96c8508369e8f38e774dea5b6e,25.501617528762694,27.96533312052452,29.449325552989237
25500,55424.03173250182,11646.571507078013,True,0.603603065524205,2.5530096973214556,123.32276927605011,100000,0.02489,62068.32187578801,62134.49278906418,9adef15b7b23dab958f079bab67b9b897558ecda5dbc909c063726d75a174df3,85.68764681631801,47.16433546653626,123.23244498214675
25501,10931.212200709255,2460.1824730144003,True,0.9681939274176349,1.2563576072727076,29.566667957156838,100000,0.32254,11084.242928146963,11096.059817267927,da2c5b6bb77c0a7d20b4cff8e5d9ba472451714e4fae2e59eba58e2d11f9951c,29.609978505922207,29.55944953236261,23.53928325397667
25502,63587.64450255987,10758.850517008686,True,0.7160885716757395,1.7342908475959886,99.1096736039243,100000,0.05194,67230.35191749297,67302.0260606277,58a03a50ddefa79a5a1837d0031080a8c75a10e98d2dddf31225c17179104677,60.249777166448126,56.281518750665995,98.60154295312294
25503,26631.556349787697,5951.713233827033,True,0.7246136178661907,1.5492108772775661,73.21315330952976,100000,0.05284,27570.551143379605,27599.944052573064,0235d0a9119b66cc0639d943d02bd8ba78cace44909c5359faa2b66ce5b650a3,47.79589158927798,47.17029091402564,72.99866164944325
25504,41922.48743765236,5951.425892519742,True,0.9806057975327226,1.090638226014731,45.18807135447605,100000,0.34488,42311.140219417204,42356.248041015424,8311f7cbc911bb22dc578815daa7bc510c4085096275b4196ecf0c61046d5aca,41.51433410812827,45.132910134560916,44.21723388396974
25505,24021.96233574527,5527.808239589624,True,0.7283444413111793,1.6459083786269495,57.520432900009965,100000,0.10145,25670.468253632112,25697.835488273482,c6a073d7ae3719c7c0ca54e8d309910263308523ebd87687c54352a869914a10,43.36501386602313,34.447661597588976,57.548519048886924
25506,36507.1990373914,7859.082256972504,True,0.6771703994002269,2.4766073924496865,100.09898866747068,100000,0.02872,38299.12096663777,38339.951582569505,cea514c38e6fe44de30a1fdef361637a63db75075124af0abf6db5617769d77e,39.944286371333206,99.58578584471265,57.57646906751977
25507,31417.898153954695,7104.951278599803,True,0.677705648458535,1.7591424097537092,78.10034110705705,100000,0.05196,32911.163500815506,32946.250026115624,3a7520970337c68c394225e0e15d441c4984e081b62f674168f698d98ffb7041,59.18541474519168,44.35092612671258,77.35670992952404
25508,11164.439028897643,4172.0863183279835,True,0.5790136162436735,2.2131790224524863,87.37261846117912,100000,0.01422,12610.75103246246,12624.195328807169,fa7dd23b8061d1204813d5efc6c561565d22df174b8c522c1e19b8130f292e37,39.4307336976293,87.20196881574714,74.46723902538484
25509,22917.336882187443,4538.673872314598,True,0.8596689604733594,2.139201194686027,56.4519793006432,100000,0.09849,23558.3548950136,23583.470409845897,8f076d75540057dddfb5b59527bab7a1ca28e087cca14fe679eea04af515fe6b,38.24566468732541,26.20000308850652,56.4519793006432
25510,18042.40621449948,4020.649577766929,True,0.8274038523186213,2.370894429788251,56.48901300654538,100000,0.07789,18667.620590287857,18687.522103101815,9b41dc89d4ec632daf5e3a98055092cc3e43bfa16d08f74ec969c8fff63ec03e,23.665807206843713,55.99252754066753,41.48411892668176
25511,37880.002852295474,7970.053218303026,True,0.6843783124204862,1.7979507969137831,86.51790779716913,100000,0.04701,40478.422468309174,40521.5764331943,89d23a3ff78f30ac39dca7796baa5588f6ec10c3825cf729d0a45c44088f427e,81.46962167326205,86.81362330233524,47.80029915649261
25512,8232.577787694334,2026.8992414471213,True,0.9727678147096392,1.2691977378308608,28.444434524797785,100000,0.27431,8393.611327813529,8402.55973999,2690a4fa54743c5595f68a8d3fe21ae9a237a3f36f934a6cd5783606db8f8549,28.472212292888404,22.402769965087316,24.11804714468328
25513,30185.164897043007,6500.92750867185,True,0.7211703057828429,1.8779084843306442,66.19954771478035,100000,0.08116,31305.627031230768,31339.001897325667,f88d7647f9008b873f35550a1268b3ddb566cd69f43f1f7fc2c54bc227e2b8f5,66.05408972419613,54.8699864481639,35.15234772452327
25514,79803.4797438374,12527.425216569247,True,0.7155448463309527,2.9752735328320976,108.18042493652598,100000,0.0511,86016.59579568382,86108.2979156815,b1ce2190b7c33922fff5f35885b4c90e8b58876881d9a9ae8da955359fcfc999,36.777646905300884,88.13429638993829,107.54655525916353
25515,20001.810663886365,4040.253859398314,True,0.881972435019939,1.4856963489871156,44.56570893467885,100000,0.17572,20679.44861263396,20701.49493126143,ea181a308a0e8a4741b9c0da062521d8486cd3fc4b4880fb86675c22660cc365,44.57658923471173,29.75762058992838,36.20963850942657
25516,27315.81431516453,6962.911338138656,True,0.6299450880576692,1.5084658382738376,62.491361519707226,100000,0.08867,28770.802167109046,28801.47466150797,b8860c8da8dee24440160be5cc8316e56e6c5a7bc3b0d05f6e38f504fbe3df3d,62.491361519707226,45.95312033626909,41.452399719005015
25517,38341.9302718138,6036.1197500599155,True,0.910980175478113,1.648921757306358,53.38236048103079,100000,0.19304,39044.14631048085,39085.771196435126,b0669da6d32b97c0724bae0d714db71c0b1cbd13187ece967f71cf9923cc23fa,32.36044948105456,53.212934043957205,47.08751670360454
25518,26033.0508233466,4504.87662460554,True,0.9429411755503152,1.1130359012079005,41.10077867531422,100000,0.28905,26683.23155455468,26711.67849411681,151e99027db047f874b41c1b7050f6e3b6ea4e6a1de36acb22d3a773b07a74eb,38.56208311748841,36.956583950483946,41.090744305520445
25519,9897.766669340208,2779.9655846148994,True,0.8019294806124613,1.48755040264588,40.4021730526336,100000,0.11735,10289.933523147354,10300.903600607164,a9e047b5b6b817e3944dfafc5473ce18c0605fd3e6b98395185c39db00c83220,27.06629952549477,37.0682046708489,40.59944928824216
25520,6173.755634231323,1642.9861475404423,True,0.9905654581527923,1.1934824991772581,24.091938309076312,100000,0.33807,6285.461383341496,6292.162301096775,248df9f51a8edb9300c7daeb406eca38a83fe017105ae2b9fb8412c9596785cc,20.256991097768267,23.59786535547221,24.050765562942637
25521,30066.232086149637,5562.783202053746,True,0.8405779503924873,1.2207961959261024,50.566450776802895,100000,0.18059,31045.33962743937,31078.437001655926,3c10fe0b710b1fd02f2dc0450f9b1d2cc951345fcea018224044f5973dc1fd39,47.986277873396695,50.35658025355933,41.591399576916245
25522,48265.85384600606,7559.321579153843,True,0.8480627070821537,1.9064965292232503,69.34804381250918,100000,0.11099,49215.488221223204,49267.956754357525,6031e081f6b33c0be42843c9a26054bfff32ca9c37b7f7f5d217c443d755f2b1,69.07715301636657,36.282436008351354,48.032324291037234
25523,8279.230411073297,1995.9557617540872,True,0.9915771856338075,1.1143985592970398,25.71205776363574,100000,0.37039,8371.148761471943,8380.073226351564,e0086496025e0635c519e3ad8db82b2f5bc88791234e3dada1adbc482ff6b6a8,23.13206368627874,25.69950304793084,25.69950304793084
25524,19894.251907248254,4334.94343008858,True,0.8190663775191198,1.2779635005974093,51.24362588284791,100000,0.11533,20633.70177263482,20655.699320648066,1455fdfc669c487d7ec869f97bb9a0ec06d5bec5c8fd67a07251935a9adc6d66,42.94906436909592,50.91834896073999,39.73382710056761
25525,99184.8510151998,16899.605960903275,True,0.6131561794836631,2.2544873905704574,115.27089489802921,100000,0.05235,106608.2911537717,106721.94603882845,d9ea034f2054609dea9a4801302184730a87ef53d61e589688967e69fbaa3f93,49.896312659718205,114.79247565650905,65.71228993820758
25526,21320.607357676556,5249.190820023178,True,0.7083667135629806,2.1178044543483994,70.96980720662573,100000,0.04782,22727.19036968917,22751.41978169058,b586ae5b5c73bc1bfd726741849bbd0677a9e6ea19b12e8deabc13e3f496ced0,68.19754911261691,33.449026565525145,70.77921446266262
25527,7112.570380754213,1968.145429192279,True,0.9087504867005748,1.6977992626598,34.24701241074763,100000,0.13659,7294.613400318721,7302.390173012234,2fc31918e72536df85935849cbdaedae5d19769e61d1dd06461515f4cf9a80e0,34.213568062690264,26.278896486079052,20.14185861755152
25528,14449.740932871917,3696.244796490015,True,0.7761817709011072,1.815294540879077,54.55894113785418,100000,0.07021,15160.449353602473,15176.611878205798,281b5724453b96a1d124a8f10a1f7e53908e9e7a93537debe1f79f4f752e1652,54.43906065195557,29.916841258696408,31.435327413412075
25529,22303.228354522074,3912.1512937896914,True,0.9794455633498937,1.144233065850355,38.068828049495664,100000,0.3086,22637.045568789516,22661.178877599737,83896c9777b477d9f7dd4449356248a3c2dc15389d1e6fda2f23a420db05cf78,33.11504744637525,37.32529625165395,38.180357819171924
25530,53062.32253729383,7435.800540587728,True,0.9183619811195002,1.1435544993255198,53.5552069590625,100000,0.26618,54362.050313143736,54420.00558578644,1cf0213e328e71701e5644330d5c62b29bcb46516f5027341e84811bfd8d3bf6,53.5552069590625,50.29953153601403,46.599306055199904
25531,65844.56610756555,10631.162505733499,True,0.7417370872800768,1.0012094020141453,64.20980570592528,100000,0.19216,67636.69203125132,67708.79937276513,177040a216cbbeb989e8702651b55357ce3bf903013bd162d10d334f7381aa8b,64.06871970705971,63.92763370819416,64.17845326173293
25532,60422.577161415094,10131.388200730627,True,0.7349898327227268,1.412503287203886,78.25428050950126,100000,0.09923,63224.092061958356,63291.49513950845,616f3b3031a7192ab610691a34357a8bd933ca23dd394c76782c7eb9c3f1dfcf,61.09794655014282,55.23269652172074,78.21607041159623
25533,31900.95163739247,5706.673949697088,True,0.8523870121496232,1.9320813765516451,58.40207307971869,100000,0.12274,32507.697574277096,32542.35396536337,1044f21da39eabcb226c7558ddc991bebb2e5afcb4c84ccbd18b892ebcb90b8f,58.43058971696465,43.4878718000835,30.170602206221865
25534,96978.0113933119,16115.073671008142,True,0.6334329908065388,2.658390278411707,152.20818009086727,100000,0.02326,109053.34513138235,109169.60668357328,9395c3e5531921a1da30fbf2e0fa215213c3e66754c79edb34eea83fa36ff117,78.92826526196339,56.074742128202814,150.57313128129744
25535,8796.095517140324,2175.7898935381495,True,0.9470955451657009,1.2340152690661534,32.21567140583038,100000,0.20225,8990.946068588417,9000.531298132175,ae4873a4af2dbc0ff5e04c5b6594c87b8dd7cc77cebf490311510ccaaa762744,26.222423942148065,26.293210329514388,32.05050316864228
25536,47575.497109065036,8076.508415806731,True,0.7861692104753739,1.0479203818182232,60.294194365794425,100000,0.16839,49074.74915708172,49127.067648582495,61868d32521175123405bf3d5d39ef9a9538e04043c3d00e585b8ae22337a328,57.57094584097216,58.07143475904761,60.23531331660908
25537,34688.21511025786,5308.160727047748,True,0.9690094872919517,1.1467106028797638,43.088937533456345,100000,0.33036,35139.867197082865,35177.32973891681,f7d8cb038322cc378dd90b525ca2217f3e889dfdaea12980063a58fd7b33fbed,37.76593890261432,42.98373993205631,37.85009698373436
25538,37836.180712562695,6788.076244700043,True,0.8029261581135668,2.1899600831954062,77.40620055007308,100000,0.06377,39324.11623082584,39366.03959214982,c5a65df74b334f8ea809aca5d66afe59ccde01e5197c7f3307adce00b4ae136f,35.64162456968697,77.50069054097892,35.53768557969053
25539,18968.672070484205,3982.743336806978,True,0.8636274222859683,1.2774640760791371,41.357285016380146,100000,0.20763,19528.166451366946,19548.985390394853,36d6934ae21e45913e79b1ed0b03a1f4d8b5292ace26e0f904e534648c14a06c,37.247808697613856,32.36086388610799,41.478448937326576
25540,9650.401014481926,2208.730893622694,True,0.9924414450426264,1.1619262101940397,28.052894374293928,100000,0.33409,9806.449758069486,9816.904394458514,9a8c530925dae4cf36c9afee9f3f62fb0286d21569ccc81ae15bbf3f4b587138,24.169595763399236,27.867975392822753,27.5186839833772
25541,6807.6085335250855,1749.4528887220051,True,0.9929138958545047,1.096181694596865,24.26363865098577,100000,0.36606,6952.409842305797,6959.821792473489,12ae4dbe452f97aae92f0b9b2e66602bed3ed79dd56a27ecf0bce4611bca37c7,22.14886350489155,23.540942382572617,24.334723529846077
25542,6443.912948129463,1752.9853823489202,True,0.9552981566423991,1.3483632973752175,27.53658582316979,100000,0.23683,6574.796175568124,6581.805552564213,39cb59060939e027a71aadbe3f6bb3ed114a2163b7edd2d2c0aeae409ea109e4,20.423864192087358,23.95333381053564,27.54330862244303
25543,24431.57340827728,4848.893233315088,True,0.839735397974201,1.6380080466003522,51.58489779234384,100000,0.13824,25229.97091882566,25256.868540143194,54f5fc827a7a714b673bce5c0e2c2244fceba65f9d38dda5dbb968fec1786015,49.645426537455904,31.699020445148786,51.62267969990659
25544,21066.570634490792,4068.8927917033852,True,0.9065750722990823,1.4060283720148263,45.263137723176044,100000,0.17726,21855.463278939067,21878.76334444004,f610d7f4f488b0dbf4246b065b4da955e6523b7100c0a47e07c871bd7e9b4250,32.11295855067128,45.13053087437767,36.77629940008053
25545,30478.127282863512,6021.692172336492,True,0.783593983412282,1.5107152160579485,63.47421961141414,100000,0.09247,31441.862895223447,31475.383002099283,bf6d04cf325723857f7aa0f324111d24f2c9f060936d4b8ceaa7cc8f8fe603f1,42.13535232505738,63.10230035587851,51.526313527332036
25546,10228.032317753294,2331.2907995378678,True,0.9774226583100251,1.2099023859078237,28.54269844813294,100000,0.33599,10387.875624770819,10398.950118108429,dc677c92ffe8210b9fbcf0402f00995fd51cebe1761917cf240d1c54528a38e2,23.762353932649738,28.626319634992704,28.50088785470306
25547,10295.959730885777,2308.5084999461606,True,0.9914341407228299,1.1974440080968103,29.125025570116915,100000,0.32222,10584.412107437323,10595.69612792432,bc2984a7e2d5bff7f2f40097951097c388ccf92960a2d50ae2db011f4177b071,24.360922266411272,29.16057857984606,27.48247652063034
25548,51620.62131028411,9967.069262631929,True,0.6726649515847624,1.0914696490159397,62.154786849406605,100000,0.16974,54190.510688686365,54248.283083279995,26b7f3240cc436d2111e990a122a9308f106846e4548fe346eedc6fcec4744e4,62.06373979835766,61.88164569625981,56.84370887155203
25549,11842.496369526461,2802.0038818713297,True,0.8966939344369258,1.3576267126623163,37.410369183047465,100000,0.17297,12040.986491373169,12053.823362885087,eef6d17f223150fcdb598cda09f9fc580b1d75ab7702bdb3decfdba3697d7981,27.427572914231334,31.857267507438856,37.465169528530446
25550,10193.095046193257,2809.8715392988333,True,0.80909908171924,1.4812363267806183,43.53743073110735,100000,0.09554,10483.08067590498,10494.25666715637,6769a14b4d162c4502ead8c40e7fbbe4e85e48d971230970ded31eeead5408a5,35.24661140242968,43.53743073110735,29.209194250264407
25551,6336.745240640856,1678.2607711484934,True,0.9867387406660088,1.1920250599261375,25.41161208966315,100000,0.29563,6450.011018338235,6456.887362128859,c9703e39ae25954c311c0549161d231420aa1642f807084736481c97649edf04,21.32317157035455,25.42402010337881,22.41507677733227
25552,33063.38477334258,5504.117417794326,True,0.9050959924725972,1.5119424050984198,50.33881697386519,100000,0.19995,33911.40039767896,33947.55327352566,3b021689a373a14fc6e96a116ac094707fd238c1b7e69ec2d300919959489980,33.342092395043025,50.32652722362744,45.16483212376821
25553,24621.03958015598,4451.438516999833,True,0.9194356437983984,1.345992541932279,47.40287295808133,100000,0.179,25350.25452852524,25377.28038395748,76efc11cfbf3a97c1d539530d4a1128130abb185c1333d304744cd2349daf01d,47.321862188865865,41.2692004317671,35.27440350982225
25554,74769.92845666228,17242.36880525035,True,0.4977812160905492,1.9164026043542965,160.08403398140342,100000,0.01512,82472.87829181766,82560.8024617027,73017a81d2b38eaa138a3af1690e3c6b57cb7ff864c751002d731ac3111aa2dd,83.52040542437967,87.03787687416636,158.91154349814119
25555,54341.29665089239,8002.129004458719,True,0.8670255732600475,1.694756931249138,68.04750899417598,100000,0.13248,55501.19270420666,55560.36241426428,82ca420335727b767f2afb1042e5ff492cd211f90695547a3f59753e403e1178,67.93121686454727,52.36468465567448,40.18723736741008
25556,36735.49563678647,6353.052382416759,True,0.8411864933884253,1.3131931553012095,54.29906210968677,100000,0.17656,37582.40829853702,37622.474828532926,79ce5d198d9e940fc5afe5ee8b1666d148a9e9e20287b30b718a7de644593ed3,47.790068092143756,41.307587288521475,54.086956398320815
25557,15703.77851590972,3734.2397167173385,True,0.8121159466921587,1.8645246299771872,50.286199190054234,100000,0.09594,16220.395889029624,16237.688420505287,ff0287f65d9275d0e7a04d2a092710d122c1a18ea3f0e6a72f0441ac024ae9a9,50.21253776545943,42.46581127890566,26.65315879922064
25558,36481.09314817429,6561.233646205187,True,0.8107317540852294,1.4707455039951534,60.47652293878306,100000,0.12735,37451.972175655574,37491.89964796291,a0f2c75220a8e38fba59b3902d456e0c6704adaf1e12828d6192264daf345ae1,41.503785639872845,40.9574889238731,60.520817267107375
25559,90930.43738738123,15329.741245829982,True,0.6379042371347624,1.1413699922741722,82.41778197544667,100000,0.12676,94353.9964925504,94454.5870986838,0701c3e93e3503e01adfac6d681680db55cd3eb08e3008e0982cdb97a97b4d4d,82.51838961945967,71.69300712366126,74.14783363757837
25560,31775.814126555506,6956.755855023259,True,0.6973890968311897,1.7800893459640497,64.35141786778158,100000,0.0937,33199.3249551963,33234.71868884411,9abb41c1d9f551f220f5db51d24af2cd3eafc415e0f0d99b7265766c8d068352,36.071986187604125,62.199038901012514,64.35141786778158
25561,39316.709976420774,5935.554993859803,True,0.9420506146729011,1.2346437630709246,48.15907330636486,100000,0.27043,40161.001491520416,40203.817054539795,cd5bd1f2b300baae3001471d3c06036bfc31e41b8c67dc3e8a0490ad456d3e0d,38.91761050880559,48.01798227128762,47.17143606082418
25562,12724.32959498153,2665.933040242924,True,0.9886854905130253,1.213166351813684,31.73752880941319,100000,0.3052,12972.364863568891,12986.194675692572,59a1ca51d80a7ec54030b37405f316afb1019e2af2201635be4700cf100d9e23,26.073433702069188,31.605805667381937,29.97863744228995
25563,60802.6105271632,12099.813748589793,True,0.6179977915159408,1.5674321398960265,103.19264523325171,100000,0.04608,67324.63504501025,67396.40970319783,2520f4d75d4247e6febcc1e66a6ac816396503569ba86ca20a43381d3c5f0472,65.32678932856973,102.43683972617222,80.34212540254875
25564,17683.16708754987,3647.025229693195,True,0.9000197861934577,1.4194266111752767,42.91524457950487,100000,0.17115,17985.684919797925,18004.859422363377,f3e90608fcd12a4bda7db183dea4a7ae3a79eade787da943f9049f5c4f5e6e0b,42.95715399803955,30.09096250789502,31.012969715657817
25565,16601.42576657489,3352.1505549033573,True,0.9388384487522229,1.3570131281793436,40.13958683985824,100000,0.19732,16967.00165686673,16985.090143251775,977ae6239a695f94a0171ad0e5600d15c8ef4e0d2125532700785a580af31e08,30.467279171171693,40.12978713603991,29.55590671606749
25566,56001.358457276154,9792.870125109901,True,0.7228361060663248,2.1348150003829223,82.13282693296806,100000,0.08025,59116.764383347894,59179.788647110145,5cfbdc3f9c1c3092cbd09cf4569bfc7666e08861e24e15080ea9b75a0e18f250,82.37345044937324,37.86812589426518,78.14248695258215
25567,49227.56045735613,9819.813452535884,True,0.6614846384336143,1.1490341698814996,64.8288521947433,100000,0.14106,51100.38572750501,51154.86374608462,23b2d9c920321133ef55863fce2c1895d6dd3480e40071bed22def786e37afaa,64.93964369019331,56.74107302689325,56.3137344015861
25568,8377.28450298214,2111.5466813246007,True,0.9446819425722681,1.414655487174838,33.11516440601571,100000,0.17868,8627.242228833009,8636.439714443772,206c60d6ae06962d90911b20f8acc88f2dc7be3f7361683225a1be6dc8b0024b,23.712592090538102,23.235591431369418,33.11516440601571
25569,44340.052697999345,7103.422703195969,True,0.8528656087467233,1.0559580940276085,52.10988121458627,100000,0.24235,45595.14227755495,45643.75116715083,86b2cf585fa47e45fef46f42e15415a03168106975a47ecbf78ae556736c9681,50.532335982504065,52.00810410283902,49.489120587094874
25570,57818.656244705904,12248.63021244343,True,0.5903486807991982,1.4764442395293753,93.29741339116981,100000,0.05828,62927.96027223633,62995.04764428021,095b15d12d87255e9cb5ef9b6fdaaf2ccdc299f51424a974db91a9875b09d5d1,62.5247558004788,92.88741499247816,73.48082412107271
25571,52080.308086427045,12080.935067758644,True,0.5582549777147947,1.1895986222371309,86.97814636209151,100000,0.06348,55537.031616128435,55596.239533978114,26e5dd183542b81e65a0f2c656f90a96f8487a41fdff75868b1e94e0274feea9,82.45511287207064,73.21793180090124,86.51097858377949
25572,14382.753601577511,3445.705064376537,True,0.8300432398444842,1.3859221400559953,40.32549072482347,100000,0.16812,14657.964520612159,14673.591347144384,bc744736e95e0f2ce06eee2a3ee9c024f74fa1fd95742ac737e37bcf5bdc1932,40.345180905841445,40.15812418617064,28.659058471670196
25573,81922.95596089383,13300.237278230488,True,0.6858489504628079,1.5844088154503662,81.66808558161426,100000,0.11699,84726.87104400714,84817.19819103769,876a07ceedd0a47c40e0dc5fe6606e1125c3f2e513a5742f21afcf2d74e87eca,81.98710154091745,51.24193846307341,75.12825841589905
25574,5635.666951390517,1545.425259743755,True,0.9909832896328388,1.1446925805343278,23.379697293300808,100000,0.33811,5744.9991525624455,5751.12388461911,d1f6de87eb91957a4654c700ea9a50cc9d8677c161868474a3ebe71b1ec1abd9,20.388739924724234,23.37398935939131,22.403640594776775
25575,6599.262766082019,1731.660450043214,True,0.9825432292069887,1.164371815857067,24.560813058479084,100000,0.34146,6726.410318794342,6733.581331323977,2f29d64a39e5c50904c4b1563b805b37a0f53a247791ee56d2ac8b10a59db0a7,21.160915352385913,23.64338034413648,24.60878339648393
25576,35114.83769484366,5979.373413701496,True,0.8672724658959302,1.2977677619921475,49.620387340187406,100000,0.22263,36164.2479485349,36202.80258063033,b6604960fbc525fafb2381105e5d40c70c4dc6a26ef370377d18493031b586ef,38.245010457268464,48.348380340499986,49.69307345445526
25577,43257.1652656891,8237.786432837525,True,0.7234007696189784,1.507153703405872,77.17075322199413,100000,0.07398,45205.1428697475,45253.33598175813,3b11e8be6cb3b5ef61f4a0088fad11a27b89257c754033d5f37b707a67861a45,69.27657705011535,77.2084342538408,51.00127660447707
25578,39233.78328866189,8961.076609616404,True,0.6231090517996802,2.1567527689151436,117.56349036704333,100000,0.02007,43359.08297234895,43405.3080036111,e360f36eccce40e2515bd381005f9947f4a1c5f31d1d2f18a9aafc81669c176c,54.2898784251129,116.9894498867355,69.0570697810318
25579,10343.755294416073,2317.3623189657533,True,0.9907004084913915,1.1740280344135126,29.821201563633863,100000,0.29965,10565.863559228892,10577.127805145907,aeb28ff8eec522816c7630abe6af76e1cce5688981be2096048ee922b38c05cf,25.423739223683945,29.894007231513832,26.574068776187403
25580,53862.09421178023,8023.927416794143,True,0.8595793158849587,2.0071027815391265,72.37961946674011,100000,0.10985,55381.44070062278,55440.48274330995,d9f1ec9c50b87c5fb11380acfb27d57b276092f2c0b83830f2e6df6d389d5693,36.154468122302305,72.30893624460461,57.28875154081334
25581,28908.06286481346,4599.701929641318,True,0.9903007213850816,1.2153306630712621,41.49858104927472,100000,0.31155,29603.482177174497,29635.042390059563,6da6f20079f3eec615bec5f3406be00a16fb4db320c2ea43af87a4178d3235a2,34.09246221455308,41.42766062267684,39.12781250300267
25582,21370.965174535628,4298.557651515559,True,0.8663847376433893,1.9240528810172104,54.419545632301805,100000,0.10245,21952.905025088923,21976.30897303974,dd7cffbc70b6420126c651caa7515cc25bfc9db472f71d19f3dd4b1296b251bf,28.378942741844888,31.541015949971793,54.27339939159006
25583,26430.81412925027,4323.474029587696,True,0.9924873124666423,1.1734198745698847,39.21721825622623,100000,0.33804,27109.015769457103,27137.91663671549,836a810800c0d5afed51672957b82311547e5de1d7a970543c8397451ab9721f,33.4629340345485,39.25551632092958,37.656572119564885
25584,26499.888339213878,4890.1488061033,True,0.8790051353651935,1.7650796066788514,55.33769157572135,100000,0.1216,27397.56664513429,27426.77513590163,cef9624906f634c5136128cd367a0b48d923d99da508c572a7fbb0de893c8364,31.41116526209769,47.17754369687964,55.39173229015077
25585,37336.97356701625,6659.033509382566,True,0.8112704655402104,1.8506889058505398,61.1517916416462,100000,0.12722,38681.049576553916,38722.287365809505,15c49169aff1624b999bd67d985f197294aa6551cad73d5d88d723ea60445e77,32.81534131551229,60.25601344377051,61.04728418522737
25586,21865.699456030885,4610.155478694671,True,0.8202460262955458,1.3752958292444921,47.3596026743879,100000,0.15976,22563.553863541154,22587.608822992035,5810aeb31ad93ef569c5ae6060854c1176ef986631a4178074dd8ddf6abcda8f,34.47908573609001,39.092484531764036,47.209291435431105
25587,62974.98701622626,11523.896363016367,True,0.6642478718271885,1.1581986000964513,81.5905583254393,100000,0.09199,66431.74119207791,66502.56393792247,af410d7fd8edc200260f9b2308a02d034a70463bf850b6a059442c47d8d10376,81.5905583254393,70.19656434053908,76.35171144077364
25588,12647.347636318182,2643.5015930469376,True,0.9930493971902045,1.1448768739866002,31.171721109245937,100000,0.3182,12814.386621392276,12828.048013229303,b45f60e30bd266de2d0356aa799e2a19b46c0da785351ca7508724a51fb3cbd3,27.221983986272633,31.156500542298062,29.11694457128295
25589,56175.13575308261,11649.748634260923,True,0.6088780576328607,1.2305071017158542,100.40182798051353,100000,0.04402,59236.61039853216,59299.76242989044,f1ef91eac3ffef0d6f13ef723c116c984f8aa5ad597271a239e7c735c024b1b0,81.13526626354977,99.93609684486174,85.7680654550334
25590,6288.977069670065,1815.6204919778793,True,0.9074980967645747,1.3227073500187059,28.395370228954235,100000,0.21269,6474.481279968854,6481.38371145625,a1c53e6a1c1c1eb74d6fa5a15358491689dc13bb620c5b5226f1fc263b083da8,21.379717232933313,28.24978849682337,24.77662431598692
25591,9283.517909110122,2172.0516986448038,True,0.9834577026868362,1.1988402627796746,28.87949899693783,100000,0.29412,9419.087325759328,9429.128995837356,6f985e7d6c38e862dc133f15665461c1fdd3a2b13f8210fff1537382db7e91f4,24.14850685168752,28.837195043329032,27.83600147458754
25592,23004.543205059363,5362.966064196536,True,0.7293816253454602,2.0862118277704464,49.21797231563295,100000,0.14911,23637.047328392568,23662.24673707002,9d628608576ac06832f3eb0275e1f65412591f81b237dfafd64e3a86727ae97d,49.33813338085666,23.371327186012227,49.16990788954346
25593,33612.12556322693,7732.830603522066,True,0.6513427939622234,1.711724672418212,94.41987428695688,100000,0.0314,35142.7063259767,35180.171894600266,f45fc81027fc8ba6bfa1ff4952118093c686ce3c929dacb5fbdc29ed0cff0e43,81.58006228064951,94.39682255983604,54.909214001838706
25594,6018.4350591239445,1685.88886391579,True,0.9490976578830844,1.6039282125296164,29.54137687101831,100000,0.17853,6119.538987775812,6126.063015998463,d9954bb238d9575e4c27cc18732153dbbc4ab35cc43669a2f094ea8485055e83,21.23286462604441,29.555801371443614,18.290266539282822
25595,16652.686748848257,3327.928498160716,True,0.9476173701174487,1.1497490665536971,35.044385121994324,100000,0.29716,17004.387157676236,17022.515500668607,ed3d3529677d5f01948b41382045a36d210eea80f4df6eba4099666c4903e743,34.993050573475784,30.492721820016545,34.223032345697575
25596,41050.390968168875,6931.730678800931,True,0.8302087552903267,1.202007136008845,60.24694367968672,100000,0.14682,42687.9777618506,42733.48732919589,37bc6f2f2625850bb30e94b729fec5df6fa040c6fcd24ef5208d1703bb1ba44c,50.00967004661496,54.70175379510618,60.026312782422245
25597,40244.360460406206,9347.148469480559,True,0.607586809522232,2.1224063353523244,81.58292348528101,100000,0.05793,41823.13869257887,41867.726256729584,d59f7248b90632a49c597b8f79a132ee22f522bf1bd31f7bd124a84583445b9c,81.64267660306808,38.29178964854803,69.51279369229266
25598,9607.934566505244,2320.8697282432104,True,0.9417162220934527,1.2161775040312952,30.891510974656768,100000,0.2491,9763.52140324808,9773.930273804262,5524574f3b9f1fcde0613936bb0969d70fece86b4cecc4ee88202666de645cc9,25.431195069956694,30.816092246691298,28.21414613188256
25599,31078.093460441247,6296.325618915357,True,0.7592180482216917,2.63158988358614,75.11897779832267,100000,0.05893,33212.43758619013,33247.845299187495,8af11ba7d44f1b00e50a039d3ffef1758607a36003c0bb4f87552a48c5311f79,28.618936732002574,39.79691939022466,75.0456194215665
25600,7871.24003635515,2382.0687734698454,True,0.8033262026557203,1.9661611215631265,41.90644185018775,100000,0.08426,8244.780912909133,8253.570657279226,b88079de10c1b62f170e3c34e8cf0bd3aba7eba60a3d88e7993513985a9b72ef,21.4238499107161,41.86551759056842,29.25061456291181
25601,41341.52038228067,7473.192011782734,True,0.7736934967476464,1.3202517677619292,60.051031580404114,100000,0.14953,43053.16184875486,43099.06073812164,04808431c39f975b6a370490f080cf92754411ed2a2067e250e290e3d0570ae3,45.62470954058047,59.831118134675094,55.24225756712957
25602,28233.014077752185,5934.166062518745,True,0.7556069179373421,2.5053386630810914,74.07890076687497,100000,0.05607,30306.0577045291,30338.36693177264,d08e7691856c1b6a0f3544741885c6f3fe7bd6a92e6206b0df4aa012bda9814a,50.983501284624154,29.651454542795776,74.04272942860987
25603,24081.92263617022,5427.069821725758,True,0.7430981043089354,1.513735528794372,57.568485398101544,100000,0.09828,24930.722228959647,24957.300821850014,dc2926c57e99a39db035f689ebbe3b7b05a568fc6dfa24b34ee48f2c7d46361a,57.441992144052975,38.032305050601266,49.90861612516079
25604,9325.138571221292,2168.523306062768,True,0.9879998830461276,1.184221905676184,27.594930605904764,100000,0.3348,9353.812707758885,9363.784788697776,b05521c01889f72c7fa5e87652c2b5019cd49eee3f0b20511b43033fd0c06e23,23.29669678594206,27.36587112333622,27.635352867534507
25605,39013.5644340043,6440.133327027992,True,0.8637731234074415,1.9842558028722046,61.46789558227103,100000,0.13124,40525.32980120517,40568.53377390368,c7b33c01ed17d693ee185b27dc1ef737471f424aceb98fe96f7bedc1cffa3c54,49.68754938303207,30.508845634462155,61.61796368671993
25606,20690.4927310679,4564.570696354948,True,0.7984812861774861,1.8447558327847444,59.47057348258576,100000,0.07628,21332.038824721265,21354.780868463,31f19b3cd2d6ae07dad95cf8097dd1d48aba5ed121ae136bc7ce4915d87eaef1,33.19085229032985,32.29066294562274,59.296343286836
25607,40650.18592911578,10277.384043087433,True,0.5563010716972916,1.1011037659532656,68.37813182860312,100000,0.10192,43323.78682015588,43369.97422226107,5553233a0b0471a5f43dcb19ae62862b812fc30417df05e4be7da98f68c32e2e,68.24458078987539,62.20139628744512,67.15947860021248
25608,22649.145052281485,5683.8783376144975,True,0.6810942699192161,1.514885982015461,73.15654190531986,100000,0.04603,23961.598196204257,23987.143607909966,2db6da507edb7ae0c0c21244b02951ac5382c04dbbcadbf3402acee724a6957d,53.8850798164917,72.74575077645699,48.18758546400218
25609,11690.523444808607,3459.0895274313743,True,0.7201311991315653,3.5497298525664642,71.0519664811647,100000,0.02627,12528.632812096565,12541.989562371484,7382f632dc7e37bb2dfd871d1f18dd8de4a40999a0b4d4a638d12ee3c62b0ddf,29.74954162968688,20.096118937604807,71.15604651018984
25610,28818.232111464942,4962.521413495402,True,0.9159953887423018,1.6976958253392929,55.06116577879631,100000,0.13506,29976.31568203039,30008.273371966076,611dde7a04fa7e02069e6b0aba508ffb2e8fe3a63d61b27dfcec00b5f9e6a0b5,33.606668566159854,54.980509774237525,32.477484502336885
25611,26935.809961798746,4623.744955756562,True,0.9398176859228106,1.2387801930554816,42.750121218472486,100000,0.26523,27551.801347283177,27581.174267356677,52d967b82be16e2a203f61a52df9c3a4d5d182b751b21eed74c601108d4e3ad0,39.42070503959243,42.687498970593865,34.59879195293855
25612,19150.857418434287,3536.1308226985584,True,0.9789216854699071,1.195273004436657,37.43869309416523,100000,0.28168,19653.203620812237,19674.15586171532,6bd35c0824ff6fe31f226d0642d68dd70b8be186d63eaae236c6fb1ab1048ae2,31.305547814334936,37.36557064671569,31.762563110894572
25613,28271.856538646698,4909.970043990573,True,0.9140602736092764,1.2315918696468373,46.66735787493053,100000,0.21661,29270.72264122294,29301.928099835142,7f7f12cff1b8284909ae839680feff76a3ae73cc5dabfc52caf69c5596bb2cd0,46.37112952904474,37.73493390668211,38.99960107565606
25614,19544.490740095043,3539.8316316755795,True,0.9912527942328476,1.1455990541383425,35.64721832286001,100000,0.32941,19839.422152734045,19860.57292083996,8f00e836d289c3070571b8b738523bb4d27f648618272124f88632ba76138baa,31.043366151767987,34.37658993537525,35.62110952037745
25615,23766.50078426283,4767.854547671563,True,0.8384386482543159,1.782674227614827,49.899522117718405,100000,0.1484,24515.364901222303,24541.50068249989,3132b7ef57f5d57b850b6dc4659b6388f76fafe9d0b3584238bb035709bc2464,40.87228923460577,49.69241960892904,28.007568688631498
25616,17202.107506154494,5336.256434851192,True,0.6039048785084247,2.1080803871712437,101.01223188359162,100000,0.01379,18897.374459736355,18917.52091268904,c78cfd618611264611f988f62342e951b35652741cabbe8faae9ff065e3b9adc,47.423467263707686,100.96290950474221,50.16085928984994
25617,78513.5045944024,15669.68080200549,True,0.5658746213585094,1.1475390859872339,92.37147002287344,100000,0.07786,81591.18983793355,81678.1740415289,05aad11c52ca196a7edc71a700896dd246209067bfebaf5c03734e63c4076fcc,80.73482975632007,91.53705977120197,92.32636676602634
25618,30612.31905548545,6960.834615154827,True,0.6798612627136588,1.9716129517057126,67.99512083917787,100000,0.07573,31653.118836479858,31686.864162890335,7446b18c090f5f5542c6a6b2bed52ba124cb027fe08486a8a3f1f3772711aafa,67.74611526969846,65.48846477308513,34.678175642832656
25619,16546.640871941614,4315.158566312894,True,0.7277137699262367,1.8495881299314485,47.23858635560387,100000,0.12192,17087.594659359318,17105.811709702088,a588255f2bbdb5b97ce4c81857d65c844c0a24ddf6ae06c631ea6ea53aa83c69,47.157856349625064,40.91858017326234,25.683674759260207
25620,10924.052345876544,2406.61759015975,True,0.9893111098168325,1.2017955961383735,29.507327323993596,100000,0.32642,11150.17503692931,11162.062216139013,4d4f4ea734e2434b505dc851237084dd1fc7bd03999b8d3366d750513a453c23,24.62305781089114,29.550550948003355,29.103906833235868
25621,9781.973040291747,2306.121448761196,True,0.9591493947791401,1.4578884048900356,31.33324979971148,100000,0.2439,9975.701034488746,9986.336109323593,14d6a27dd2553f57ec50db862b2858c1482b388a110c97af4db9007f90d9d3ff,28.43400622693544,31.279701765385806,21.533959518112262
25622,25211.56994356155,5230.012581986845,True,0.7950259743136713,1.5091871184005838,57.18266853323155,100000,0.10551,26230.234943613636,26258.198944398788,be3a489ac2f9a54b1afcc52858d1da212a28c6707e438640e1db9b56b8f56d69,37.83325969850037,56.666125873141326,41.5188613813063
25623,30849.98038647263,6350.475826999569,True,0.7490562845787192,1.5035852765560769,73.09406264076826,100000,0.06213,32259.89566527416,32294.28787524299,0b9a693ed42081e8504aa0211654ccf53b91e5735300dd94ae9764c6d82b20d5,48.253502290194675,49.84172777237933,72.9691460298099
25624,34888.065716548335,8196.315339871044,True,0.6299654431414421,1.1916151759137208,76.43321966749227,100000,0.06359,37752.92359146086,37793.17190746805,e8cc15fb86d8f02e29d5df090cceaeaea1e5a3f66d30ce0f08dd77fc2f7018ed,63.70679002559047,68.95037760531835,76.39589875945148
25625,16022.841690430721,3154.7124081528546,True,0.9742805778650837,1.17051400273395,35.135606275231225,100000,0.28519,16447.199119300025,16464.733445243895,a9d07596ddaf246296dbd2e2d350273348ab03612bd55f90ce9138fe96ac1eaf,30.048835151888426,31.326961454380964,34.88684343783335
25626,14104.485763195307,2970.139144572902,True,0.9504855092005181,1.2472487893195776,34.11970740393818,100000,0.27046,14283.486869504672,14298.714466165244,823b0c5b8841d78dadf3b94ebcacffa149d6fcb6ca480110a6ff00166e07173d,27.34741196463111,34.15302743069984,30.13796420592
25627,13997.727841997528,2915.1388585059476,True,0.9635255632905061,1.217275939851215,32.27051160532508,100000,0.31819,14217.373738976641,14232.530852561558,02f01aff1eefacecfb12e86cefd41184ee8ccd8bc7b19b5b55e6750b3bbc0a5a,30.119669401161573,26.59008219432914,32.3808112055386
25628,9575.141606037883,2441.441365981134,True,0.8931710323839964,1.8229540155791717,33.14313942886692,100000,0.2028,9816.669818787801,9827.13535076303,02a9f8e55c964d2d684c3d65af59e32a6b7e172e413d9593e54c13a2478bf00d,30.23825977677629,18.1898870693586,33.01367404047291
25629,25515.79922695374,5990.6406954796985,True,0.6996545071981338,3.1145985637884936,79.32940608325754,100000,0.04138,27466.820955162744,27496.103277810893,c107bf8531da50e6407ada021f46079eb29c3791d61562ed3d1ea24a7e9a5974,79.34877361403959,25.313362732133207,42.046909327820345
25630,24787.309536327288,4247.774492440678,True,0.9678519555647617,1.0717437451689367,38.12606204257992,100000,0.34286,25263.75919947221,25290.69284240788,eb303a5b3ef1707e0eb544123818227df5b42de0f2f27212c5d37f5a4f72ffeb,35.71525880307108,38.1819107662751,36.422675969876764
25631,19355.26051476374,3538.6744422401707,True,0.9851662587957397,1.0975345461726254,35.13514810701173,100000,0.34107,19669.08642365837,19690.055597185663,514e1c59b7357cded4b4159fb72bc1e02c7537f1bfb4a808c132ba73f64b6536,31.987052561290707,35.0579468538469,35.27239477930475
25632,16621.337665888757,3180.752734931524,True,0.9902196269000818,1.155457997856378,33.807660565855755,100000,0.32782,16842.094724688362,16860.050048043933,e72a4855502882436b92000430c9f386e5a2f2335e07a9f93d7fd0e8611e8396,29.29281917681203,33.807660565855755,33.17211616556989
25633,13282.740616028132,2861.2578874905407,True,0.9479503316552282,1.3049873463556296,33.98596180390271,100000,0.26284,13718.462962745123,13733.088188553653,c80ed0a73c8a33bf03cef65c0c962c13d0972046cad1ec604e3c72b1dd417087,26.028799360069044,34.0108538657708,33.040063452915184
25634,32502.321875516358,6081.479816566549,True,0.8098746016593733,1.3607807323615317,52.034359916773155,100000,0.17931,33588.488592129084,33624.2972123485,21b91ebc055d5eadf2473030fdbac9d747f25b109ed501b22fe0e7f3456bde7a,49.226841962279295,38.212733063880286,51.678656284529595
25635,43544.03980746449,9251.658607147268,True,0.6469692976487194,1.6552264000849577,86.47936873597044,100000,0.05273,45343.03702472923,45391.37714542148,c6d41da0560be3dfd56c9461d352fd74a163b63e8abec0a742324051c22db5d6,54.51409425690325,86.37380310030642,51.62159583970892
25636,76185.6304026725,11267.71147296222,True,0.771312643525765,1.0905331763382715,67.52880359800486,100000,0.19233,78746.18077962019,78830.13192477317,ab8ce46d44496440aee4c83d8d45fe7f9fb3274e001682c8cec759d7c17894e5,67.61123621958444,63.75338952965936,61.65960094153765
25637,45612.68639234648,8017.78609231815,True,0.7699929693688481,1.9882679509765229,79.96852856613125,100000,0.07173,48772.32369256049,48824.31976888097,433b2a70f332a0045d8e0a68c2a575e735f6f32a3aee4b8fddc1807526e1b034,56.54024871277248,39.74021970125981,79.0313973719969
25638,42397.85127777886,7614.3021825845535,True,0.7722357699238898,1.5873928017768297,68.42080679276884,100000,0.10303,43877.6716849836,43924.449582630616,7286bfb96abdf36b52f1ed7f905a415933f0231f54b870fa7e4b8c6d0c344c7f,42.93004723081443,42.94675152934782,68.18694661330137
25639,21753.768885698624,3963.7777221678707,True,0.9507459969648926,1.454753718703266,44.38256178081896,100000,0.19136,22243.5224618669,22267.236236483295,51ef995a106ca9603d83d9fe2fa769e5e4396c3d99156cd85b6b9be084fe0144,30.621367088035736,44.20919239886264,34.01290562255633
25640,15962.476372406081,3792.4526908816765,True,0.8084083628566648,2.91910892122288,64.84623659465915,100000,0.04502,16322.065706122148,16339.466627585585,0fbaa1f66886b4c3491c98bb2d17927ec556d2d67167fc2291a44a388590d2a2,23.644495691924668,63.99133015517877,22.00592501625396
25641,27293.58879458792,7192.080317030526,True,0.6095416110455542,1.7881550907852206,102.08556616313632,100000,0.0206,29139.06063114851,29170.12572515622,6090272b43f6085b1a61b8e22577b48b5c0edfbce63b5a8532d7c3fc12a492b8,56.3763551418492,102.06064292920978,91.79227055147243
25642,26158.806605907,4902.483222690929,True,0.869253857148534,1.821736153318141,55.121727828491004,100000,0.12224,27220.56341044535,27249.583198419732,500f5b53635168975713a4fcc0c7e509280a922b28af253573b16985fb807d94,44.43651008048762,30.265811983954165,55.17555764082351
25643,45119.973358813,9598.48442696097,True,0.6385486870278775,1.234540478433418,84.35268230386095,100000,0.05927,47298.45124208389,47348.876025945465,13b84eb243bc1d0874e67f7fed9185b5874a81a81e46015412cc242026e1df6b,79.10123357644773,68.43358478899657,84.55862146964185
25644,45756.30886374096,8774.439824990923,True,0.7050696918636274,1.782465815238569,83.87184033511384,100000,0.06233,48894.605457592195,48946.73189825675,3ec884fb025d7c428125ce78ea28d63d4beb7c4336ccb44d4fad8cdeade69ad0,47.239339759059476,49.696522581377266,84.03565252326837
25645,21877.15276985304,4556.717573251706,True,0.8301550467721135,1.4070658899116546,48.25859019643383,100000,0.1513,22608.831706691468,22632.93493675999,8e9dbd0aebf8f6b59680d148d6c18502e68ac086a68048c67087b88822e9e3a3,38.17329888585097,47.9758250195016,34.27349582066064
25646,65135.916252569725,13688.324550632904,True,0.5719361072548786,1.5027303805751246,119.17675207015361,100000,0.03189,71770.24967680043,71846.7637958172,4152c493c89959bf995a63f7030ff477ac44423faba6494587353fa979d4e26a,78.41341475318946,101.10820640717378,119.00217674973834
25647,27699.21569259633,4711.423717829758,True,0.9396734191741989,1.5448378221553618,45.00020422288762,100000,0.23396,28346.560386276462,28376.780597364992,8ac9d62ebd31dce9e8812aed7cd112d719f9117e49d19c935a77d475f71632e9,29.146860791826377,44.9232995769989,43.47309768309724
25648,30343.93197174218,7906.859780454085,True,0.595015105772573,2.944957530116763,79.49172933662399,100000,0.04851,32397.568116025595,32432.107098317654,8818e2e4092a4e4674caa6afcac85577bf8d3f2786d2af371d8c6408bb17da64,79.22002908986795,58.1826671267575,27.111803194156177
25649,12023.902126590716,2632.6981120301834,True,0.9640806157238393,1.2248142582170682,33.23312662663156,100000,0.25207,12301.273373386546,12314.387736220548,54466b95c57177710565904fbac3e23a4a22d5c2107db81fdc896b8184d3c5ac,27.11550517241276,33.23312662663156,27.53741010028992
25650,9883.637391951355,2645.5009513617892,True,0.8418875199018846,1.329687431568061,37.31613793979753,100000,0.14796,10222.325216333318,10233.223216713035,f6fe33fde7df5d1ec7b7f2facc321ad4f8ef8e7f5c70455e106723424142a3e5,27.86866844673844,33.93618501605122,37.197702931687814
25651,36794.06965914616,7839.144880272988,True,0.6824444679798399,1.4275192318275634,67.36640322088117,100000,0.09413,38262.50872192548,38303.300305616656,534449f405db028dd57ea9e32e4d0d64eebe1c95cc23ef17af03593ed33a1c62,67.25127509037674,60.01464974438365,47.12029912788685
25652,27726.74748931332,4861.015666170838,True,0.9113594935333813,1.3479979041181696,46.43647406877366,100000,0.21005,27965.056186913047,27994.86967714097,ffc5bd17394b8ad307d8d5924473f3e01732b1d91c8b8bccba8c9b553bda8f9a,34.58927792573937,40.04238926047573,46.32310377075419
25653,34086.346542991,12191.211694354144,True,0.4170206445283698,1.4861054899897412,116.27198538869709,100000,0.01861,38894.38775706694,38935.85298572825,c7a0f0ae533a4325f1a7acf31d893f2867b6d0db6a5719db83effbdb530102bb,78.97184163851449,76.72929113907429,116.38553224942825
25654,13808.93193118588,3697.671692895319,True,0.7527703446975585,1.3676380278579872,41.33879958000546,100000,0.15153,14232.706983758435,14247.880444084822,81cc84275c0bfc7ef253e1666e5c4ecb7da94207be8fa718607355375881aca1,30.27744109863681,41.39935446220273,39.20928622273467
25655,19461.23703725012,3741.0028766981713,True,0.9352830072620181,1.1218254202447682,36.38558430574824,100000,0.30787,19718.357393281756,19739.3790944908,ec82c2906b6a9207b919e48b2345a91df2494283f9157855bb569a33bcf24a4f,36.38558430574824,32.43256062018722,36.24345311705391
25656,14393.088559876103,2933.513760760393,True,0.975435730241238,1.2904392903059088,34.07274508826292,100000,0.27522,14474.936411686942,14490.368112319886,6b8e15ed57d7fcbdf3f453a51d04b7e0017b1d4c23194fd731ee6c49181f191f,26.477916898423068,32.44231099712535,34.031152381856344
25657,7311.392410268857,1832.810929043842,True,0.9939545382744761,1.0803742286185014,25.286694198445417,100000,0.34707,7461.197686970603,7469.152054837503,e67a20c197fd31b554ed9f44bc62b710381d10a9eff68c25e1eea67649b037b1,23.317344723517657,25.274347179793835,24.484137986092414
25658,9926.876596492686,2909.228744621134,True,0.767799815192495,2.13527570580544,49.19445952423203,100000,0.0666,10542.366530972618,10553.605726755015,8419feebb9a99c1880ac298f7b86b08d7a5f7f2c5d5be990793e26263c277930,23.017866620652022,39.55013555012111,48.714044880440696
25659,15499.84405218096,3192.172326216204,True,0.9417797512573903,1.3653228345424762,33.53512651673981,100000,0.31545,15817.785457525217,15834.648766828552,11b41ee32dc668aa07b1d3414a2ffc4dc0c1738d59364629bef06e73ef8816f2,33.52693922999256,24.6764822562143,32.88833086370698
25660,62523.47216853641,10032.25575246904,True,0.7593597754069376,1.5257765389909175,65.75176914613331,100000,0.17876,67562.85224384413,67634.88086490892,200b5787a028f7b05590f5595b5f8947aa93003d3fa9968d8c62b48b889307c1,42.956966365979675,65.91229592627525,54.91621148655324
25661,18193.859645535413,3398.0338704186556,True,0.9844786776886044,1.1282918673592304,34.13762726363487,100000,0.34807,18411.191337807748,18430.819471910723,9697b12a93f8c82607eebb95be9095f560481be0c4c849fde7f973453bce6819,30.245471030207746,34.10428973701022,33.42087044120504
25662,25699.05381155237,4298.354358455932,True,0.979775700419791,1.0970388846217294,39.2636656176506,100000,0.32449,26114.946860714103,26142.787953105653,b504ba666e5fcc8edc307322ddcc623a3d82a294f58b498307594f16b000a238,35.726484803951124,38.05584777882639,39.11029192383165
25663,52491.39712675321,8407.490477740794,True,0.8063863391709165,1.9631014752657654,83.16192760324468,100000,0.07215,55172.83226833813,55231.65191399465,294a9227094c59dc9fde4213b34978564686abf3c7cf5064c1cd3dfbe854ad97,41.72308623649117,58.1686822713125,82.83707632354451
25664,20049.488160108012,3705.9786024553805,True,0.9630527530161185,1.0652706992010443,35.34272595728903,100000,0.34528,20266.87805710271,20288.484535089654,fc50b150e8fcbd2d9a53bd958ceda3c67140af1f3b829302df25392e10db4052,35.39449752851553,34.88541041145497,33.237348727411465
25665,194314.44818867755,29246.92875369115,True,0.5547201218983309,3.0283029975448224,237.24077288148266,100000,0.01242,220498.11853955023,220733.1911408143,8285565cd9d9627f10b8bb08b495730285b2d1355dffa0e22756e42024f7bccf,76.3966258375673,231.04332105083847,129.68312755899407
25666,36336.923225659346,6954.03056085181,True,0.7629211072476477,1.3226964037526845,73.03458303506768,100000,0.07436,38515.926139381256,38556.98789087215,50c35ed59a2ec30287a09ea9a3e2c6334eb2d5b33eba04caa0b121c42d6842fd,54.31233884883207,61.81906723207511,72.64230744259417
25667,21405.85491324113,5658.343035878413,True,0.6588955430721231,2.2164984972617625,69.22559617161332,100000,0.05076,22389.120244504073,22412.989240624098,69db168e17817e0b8105c4eeca5a8b799eb603f7fc8c6afed24219fc736469a3,68.98898524719863,36.438082359862875,31.401649825892953
25668,10910.302202768615,2476.2521900208476,True,0.9606837367190166,1.177575240640268,30.085758413832792,100000,0.30575,11070.434299599014,11082.236467368817,22ceb895dac015d0b49ed82b8c14d72b8d90b9d027fd79370fa45ee62089e0dc,30.24735184281334,25.61255849341673,29.33655251583207
25669,41550.403425886325,5848.904388961605,True,0.9918814440524113,1.1050783299358102,44.46648569756536,100000,0.36341,42482.551976773684,42527.84254010212,7fd9dc094eb9f5f02a6c023cbe69138819b0bb21e2f5c6bfcc4b5c04b1e128e5,40.26518443658934,44.23850810976046,44.640182907321474
25670,30316.335847426166,6983.3275544363105,True,0.673296232520455,1.1851674802996774,53.45946354462032,100000,0.15566,31620.30952810251,31654.019876575236,396e38afefd1239b7c6c16be71d3e1db0e5dc3bf123e4cf9302a7ff681a94dfe,46.18970739365511,44.949802843670014,53.524721678830055
25671,43956.98497552058,8940.162315042626,True,0.6737373927959949,2.6983029322924907,74.18191682267815,100000,0.08269,44880.991926411225,44928.83946175225,c26a2f0b729a1bf1c0428593fe5555eb5cef99364f54e0910e6c8f86aeebf9b4,74.18191682267815,27.265838812632314,62.898876251260056
25672,23390.64778664924,4820.875811346301,True,0.8204516892035549,1.611841345290483,50.16021138986376,100000,0.14311,24013.9364814288,24039.53769087526,9049d73a18b98dc73cce7da27a64674d72d8d6684b38dd8e4eea99dabddf982b,40.48575655636952,31.227670665076317,50.307165134170006
25673,30915.207949109656,4816.587619300315,True,0.9889919900301144,1.1373119226913153,41.08277778608405,100000,0.34004,31349.073531889757,31382.494716211753,2e26ecca19170fb966a635bf3eebd18154b2f2c62c91e4238ec205cd1076c0da,36.087850213459575,40.942358135448025,40.190110007040715
25674,24477.6620784863,4586.564192540831,True,0.8888802804164466,1.4651537689824765,46.228482074908925,100000,0.19053,25026.929461828116,25053.610621056203,d78c8262c79f6b91081db627f40314a769aa9c8136d34062b4e8ec01a2bcffb3,41.18352809847232,46.363917080987754,31.657932670927618
25675,18814.261278179954,3497.9263130891973,True,0.9779836222679548,1.2624906568560847,35.96008941082694,100000,0.31099,19227.552889154253,19248.051344667307,faf239692544d6961229dcdaa3dc13acb1f83b204f2f050a629dd7b82bfdcde5,28.67325488666035,35.995206685642195,35.45088892600566
25676,45240.19945983265,8831.740822075248,True,0.6952176929290992,1.9956474910268884,78.37106609002767,100000,0.07507,48045.086672585014,48096.30744297928,874f9ceaf8bff8df95f56aa7b38cc9813f9f36e838b2ccb96f46aed8bfabbf29,56.023066775293216,77.60572364774225,38.9272299707425
25677,115775.69114093126,20270.4482256575,True,0.566716286791981,1.2535795144959196,98.40641224814675,100000,0.09721,123167.58889588159,123298.89761499883,170e2499aa9f762ca55ab23c5dc411bbf970ff1cfd6a73f03332e44c1e8fcb81,78.72993479911545,97.99798719731217,83.65506041212086
25678,30678.855619149414,6066.23976985001,True,0.7812511259465074,2.072612879267221,63.00174170317317,100000,0.09659,32114.793600520028,32149.03111746909,dcabc679d6db6e8d2224bddcdc15c5977340ebddc0f79bedf1b54e3a91a881c9,62.109627196634094,30.339583864626242,46.620673608964324
25679,30284.232406275813,5986.753731730812,True,0.784820691421565,2.0144019041668733,64.54363042856242,100000,0.08947,31985.48264477893,32019.582303577816,1b17006ef249d60ad5a5cfe6a25a4c1fc826563abfe9b4923f2cede67d5171e5,59.24903574496941,31.96453962996555,64.22847598311046
25680,21000.190891897393,3744.3384117254827,True,0.9830852791258019,1.1565847451837217,37.4728173274724,100000,0.30628,21428.066130140447,21450.91054839958,d464bf45903a0f61552ecd526069a54fb35c49c90a296c838a1281aa0b0ca4d2,32.386175131653395,37.29899322365844,35.32288762240501
25681,40410.26783572074,7206.148910778771,True,0.7902697860529034,1.6683985531331313,62.12438152407606,100000,0.13056,41620.92017208928,41665.29215148148,aa458276351a91d04977d684147a29716433a446371c7b777f490c1ddc8072de,62.36705488940448,45.031076353755324,37.417199516576076
25682,33475.93563737976,7038.568424421994,True,0.7136549301530185,1.1117878507854142,57.25221613492849,100000,0.13868,34602.385561453186,34639.275095195015,a386471b2eed0580b86ffd83437011e3da1cfe90f120051e6c1894dbc0193bf4,56.2458295231817,51.49344830104408,57.28017131858812
25683,6128.018422426132,1661.2067892852822,True,0.9748559990586433,1.1443461436925975,25.026382120105925,100000,0.30081,6269.050747766264,6275.734170175922,676a754c21c0a369a8ff3df15ab6a2b3ea41b78e1083cd4d54bbe02fa86413db,22.105822878550597,24.971392510955305,21.898084355092685
25684,51514.06870930702,10714.157017795731,True,0.6248992733718249,2.486440418300139,112.22949992840114,100000,0.03001,56403.02289625481,56463.1540456687,88e500799d021d7744d02ea27e6fed39f673c1b53493c3f57b5af2d8631be342,77.92497504794258,112.22949992840114,44.908239839514025
25685,13545.88535810526,3409.730910643308,True,0.8059392032717965,2.4617513705999374,55.14710687559601,100000,0.0641,14293.596941490263,14308.835316478278,517e46b2805c688d795a7361f53a9861875a3909ae90607ee78617cf8d948bf5,32.07041225040764,22.19482560654786,54.87783389280501
25686,40146.39619206352,7808.646254619659,True,0.7261161333413426,1.8158223215343514,83.59110754397138,100000,0.05568,43240.90418452673,43287.00322562058,f8d9b0eb5bc23c1347aecbadf4efc231b42291c12fbdd052055959806f1f352b,45.44858312998639,82.95846000152433,48.0608052407355
25687,13370.278817207896,2748.801601811865,True,0.9910624885964672,1.1994566128287332,31.460562597322863,100000,0.32613,13502.230141312997,13516.624841744948,631d232a190511eec4b872ee21fad580fbb6c494366cb29ea9824e0d3b1aca01,26.29906404619958,31.43752019307678,31.399116185999965
25688,45113.93012744429,7757.161680296909,True,0.7900508708476679,1.4130645424609667,58.521631320271624,100000,0.17225,45901.175069383266,45950.11021992382,23679e0bbf5913016e681a187ea481a72cf1e58b02b135c9897c02768e4b328b,55.149779515685665,40.83369685384187,58.16444362910785
25689,51567.52992708993,8937.954662279442,True,0.7496010680016467,1.718218862956053,85.60411371287799,100000,0.06354,52996.40591546025,53052.90527735373,fec59817e7dd8456ccbb8ad64c06eb0b4fef920fcda13d349bd595c22e404534,49.677973216677486,85.29062208551149,67.73509095298768
25690,35931.93936646054,6204.548426792188,True,0.8487133847379935,1.5956585996877648,56.114411740630246,100000,0.15984,37551.21693842134,37591.25021537089,dffed1ac1c1fa93c18414e6001e50da2171e517708c035ddea6ed9fc45dec5eb,34.96190887746298,46.414947992493964,56.018513087753185
25691,102873.53234897317,15940.377469694886,True,0.6660721748926552,1.4621479637861379,88.32013583292661,100000,0.11522,105541.28011677325,105653.79746350674,bdfbf669cf4a9f0169f0c7ac6f035673ad4fd26216e64f19ee9b67656e484247,60.33196778821501,87.5870097054072,79.93231043277807
25692,38196.908873270644,8032.755548109193,True,0.6828181440077679,1.5544329742337415,69.17564183168561,100000,0.09003,39624.349334239734,39666.592773472206,61f9c25af05071ad94b323aa250ebae3b0001d0b0d139490c0593385a7826ed5,44.23120262626577,69.51341352031689,66.22013955616193
25693,28804.190505166614,6950.94400676658,True,0.653748618531028,1.5787679077616916,74.23023942677598,100000,0.0567,30834.786419486834,30867.659323351323,cb848deb2f412798602fc1ca5db6116866721efbab367b7f2876fda672c86eb9,67.21678662937308,46.91945553611402,73.6503156812543
25694,12547.503956165354,2638.5180820640976,True,0.989681861025095,1.1106179363414557,30.469420764256327,100000,0.33853,12732.247066630043,12745.820889652732,a5f3d894596007894dd4bd522887c7d8a628647c28c362985d0cfe609b43873b,27.434380805316728,30.484298411113876,29.28664783908134
25695,15352.104646709495,3030.457307132062,True,0.9857222714387601,1.1434538412221924,33.37477153783,100000,0.31741,15688.839176543304,15705.565016475506,f488a871d29eefc51c91702a557af81c0e9705df97965d3a4b75098cdc1a950b,29.211073233183733,33.31773457475266,31.182922528143408
25696,19975.662177582028,3668.3548811152805,True,0.9705402948350406,1.2954320586297992,38.1661167924933,100000,0.27452,20291.923515308834,20313.556694208462,cab0c8c74ecc5243385a44ab8286dbb33c2f87b84fe3824b89c9d49a52323406,29.537741755909117,38.19407049131593,33.62829968362019
25697,39626.425442101965,8848.848953909335,True,0.6352147994025955,2.8305384730827035,120.17815148136452,100000,0.01874,43247.543788970535,43293.64990853332,02174c4c27767d086fdb4746fbbe35f3534328d0443e503283ba3f419e8284af,78.07472194626733,119.20991930390235,40.70976200693195
25698,53198.984851741756,7791.071547093476,True,0.8779891762016192,1.664973931678162,63.24774361692883,100000,0.16291,54802.220390408685,54860.64492748662,0ad5580c42023df8223c1bd98952fe80f36368af71b9044c31bd51783165bb75,38.0165880822458,63.263184960585306,57.549887807688904
25699,20395.403539824376,4811.503090760796,True,0.7502826271643191,1.8469084399484872,65.16691531741421,100000,0.05891,21676.333124824345,21699.442220027824,e8de41c6c7db65acb7727a81a90fc9d287a5dd9816545d10256c0991e7d904bb,35.41541833412207,64.86462738015082,41.19070892499643
25700,8141.0747341567285,1990.0296885295386,True,0.9834351571549211,1.133573513872767,26.19881030287199,100000,0.34357,8214.388659696275,8223.14600294627,09849096e833377eb5b11622e7cb4ed9d28e677f5715645a36af3fb4f00dc3f4,23.14142960834738,26.192414108950388,25.38649367482884
25701,15348.823105699717,3014.3488263883546,True,0.9908486837310391,1.1695401504579381,33.07127245863202,100000,0.32019,15398.406543884947,15414.822754170858,8dde498a111099171376f1fe94c283272bce12f8fc337151dce223f47067145b,28.25914394658498,33.030902252994046,32.005499029789384
25702,38085.19683668896,10048.779679546886,True,0.5447638365510249,1.7412014915751164,96.42891327343895,100000,0.03536,42155.027330677534,42199.968720638666,331a4b60f7fef40f309971e33de1f7613b81009be0e752f13e5b6a9a50f2ac6f,54.82981909517561,96.14640669158317,83.36298386260921
25703,7152.138647969994,1819.6380320766532,True,0.986559014046748,1.175989947916352,25.429808958149593,100000,0.33234,7266.532324105659,7274.279159620226,0dd4f0b29689743da6865bd06f5c928f96cd5d5e81f6813b085ec7f612073bb8,21.6923223876403,25.436017407602264,25.318056868001477
25704,28684.3670114311,6236.847931518498,True,0.7265784004487883,2.209293105346198,77.57566545981118,100000,0.04938,30650.877785475037,30683.554624714216,c1baa433d171d38208941e46e93f08464267273ea342aa322bd3c9360e160dd1,77.84081666011326,47.48100422552408,35.07571592567634
25705,5508.962600253872,1625.827635321039,True,0.9278038547247981,1.457844945469307,26.212709686965383,100000,0.23481,5622.994296073254,5628.988958997482,bd389f68c927be83b51571663aa6d240bb39f1e26ab8ea421f6761e875355c71,17.976440798507266,21.093039826229955,26.231908448943145
25706,7659.726284713958,2074.765491412528,True,0.9057130158767409,1.3767813061445295,33.39308558707472,100000,0.15879,7861.548572798174,7869.929753940268,35a6205bf8f049d4823af0693463affb9e4e333c6a479852d586e5e326403e44,33.1322021059257,24.148027223856282,24.539352445579816
25707,17507.152018637415,3463.4007366987025,True,0.9414379796882859,1.3799090838951427,36.55294787099966,100000,0.27159,17635.846005633826,17654.647545635602,e24f4cf64326ba88ddd6f8ccd03639d9c89fdd6b19a4d30039a6fc671ba3b77b,31.9838293871247,26.629393663833735,36.588644109154934
25708,16652.54635641869,3229.401251578706,True,0.9765231636215881,1.0371793582290458,33.29394808635843,100000,0.3442,16889.70490486113,16907.71098533414,c5da2b4f3ff1a4303e5a21daffb4d944530fd8a17e345ebf5cff1afacb360c80,32.11532931865287,33.310204896947475,32.359181477488505
25709,38524.28610320949,7265.413606983628,True,0.7592419242865575,2.936877147414085,80.38215840069546,100000,0.05924,40908.10313542583,40951.715182007094,2b2c8955460b67049036143d7f8432dd9afb3e26c1acc92a89fd92698baa41f0,39.07247982807243,80.06816559444273,26.767886733044097
25710,87400.2584795601,13221.462535121693,True,0.7203547713818579,1.2076303048852648,76.44692756378875,100000,0.15031,89285.98276884702,89381.17037572965,7c876aee810fc830f5db5bd1e0a446ec673aa49c6407b821f8eac1c196184391,76.74554837458479,63.680887902257616,63.13963768268978
25711,27517.50549710539,4558.492723658659,True,0.9669460267229807,1.3047975378006005,43.73265914136495,100000,0.25053,27860.743093567107,27890.44537581575,205ce187298e96ce8ee41625e01b28129dfb642037910a2840d2ba1911bb3df2,33.42943256142912,39.568660834447876,43.572505360329686
25712,50319.461839784875,10423.536463477993,True,0.6323531597651909,3.6476556964828224,103.66341699071043,100000,0.03675,54431.3624837145,54489.39164992305,bf99e53590a7bb17a22ad46c2c55c0c7d2f2bfd13c8430a4e45d266aaa2afb8b,52.135409912320185,103.18255641384923,28.256886003449267
25713,38570.759934880356,9129.411996890993,True,0.6047094863254135,1.3143481213639372,78.92753562103746,100000,0.06166,40309.225223307876,40352.19880734998,26cf7370fd8edc068ef17aca88cb8b9fb9d79109352b66e465b20437a26c9e39,76.78863023677594,78.33018366687435,59.67738716268386
25714,71814.94709774619,13632.375716046005,True,0.6128993217567982,1.5221975903228901,94.89199051145206,100000,0.06745,76627.72392576252,76709.416588319,6c122c6da47f5fb07406ab9ed32b12b7748441683fe22f6043b3f06f8a82f756,62.15703382378562,67.16110363591298,94.61398663300055
25715,33399.87005718198,6216.036828725198,True,0.8068641080102026,1.279340624869908,55.41646723309216,100000,0.15491,35051.875826443356,35089.24456085381,097c4951160be1bd938dba31e843c4840081f564cbe33309c5bcd2052a9b425e,55.47058487687448,45.12058550350643,43.4564679572002
25716,52274.991579293106,10961.871251045306,True,0.6167778119216405,2.67547977958411,100.08565501469417,100000,0.04229,56372.655610584065,56432.75438549567,4fccbbf39d4242d86fff61f15ad5f3693eb90a9b744d4aee2af8583cf6f8b5f3,76.43259982567466,99.010516142466,36.8357238609989
25717,11187.921587028812,2490.580690678868,True,0.971291937321908,1.201759322578061,31.57444908276295,100000,0.26906,11260.865840075265,11272.87102652786,3eaf4fcef7264c110ba0697e4b75b8b272324b42da7f4ff93131b753bfb139d1,26.278636944125708,31.520488842631273,26.432809058787633
25718,16134.642982194731,3406.8201679530357,True,0.9063747985865209,1.3603811446906084,39.5367048507359,100000,0.20127,16538.486385819044,16556.11803293438,ce45decb04f008985c8cfe078e9381389bf43284b0b0c36706df3183d02b121c,39.20851931242413,39.44017969240891,29.11198775142077
25719,52725.66430376266,10869.245450581368,True,0.6256038822981642,1.2837263924652855,76.20614838157974,100000,0.09329,54893.43788630047,54951.959670167504,112bdc94d94ac5de37cf745d12f118d81468438949ebc110c3d1106b4bcb04c7,76.41080356522168,59.033717972351695,75.22008249675949
25720,23245.947558231233,4690.223540751353,True,0.8398249089142945,1.077825545719546,42.30794640966488,100000,0.23531,23693.080073482088,23718.339218556535,e45cb55318178d9079655a14d75fc4171e117c8938c2418b4f09a2ee50337511,41.75017563180309,39.198890777509334,42.24597187879135
25721,28616.27090571488,7969.518563302674,True,0.567711114695369,1.3596937998518408,76.55394685721379,100000,0.0519,30958.89266506411,30991.89787834771,7617df29cb1540578677990e6a2bb6e41083da2923e57d912a16c5ccbd472606,76.62870657094155,64.7232221597977,56.21930472326637
25722,103377.47728506681,19941.16532102522,True,0.5341758016225607,1.3266250254120142,101.41253731436356,100000,0.07833,108622.14495240191,108737.94680294818,f3e612eab66630bc0e80809cfc24fa49ca89fd749e5a3c7858f86fb28ab99d0e,75.93560838455885,93.4896828366789,101.3135016333925
25723,45139.310490804055,6979.410337679319,True,0.8784195767237915,1.641112681320721,59.159071509501075,100000,0.16928,46599.90159657186,46649.581658059535,bee365af3e69b97b9f1a35e79ace8a6c9949f3efe235003da02e0b9a9671cffc,35.97784353763847,59.00019704988084,57.714758240226146
25724,8213.141735403073,2006.483682632681,True,0.981118287075818,1.2921503879930663,29.228492670585528,100000,0.2513,8343.092288084874,8351.986842014578,c5305f4bf65f406977817da18a0003b9ea8174c1da9662115bd84d3a0c2de032,22.70631437446366,29.17140577083829,24.16916618048662
25725,11626.945342404922,2507.7031622506365,True,0.9897338354038177,1.1683932475677854,29.588889235488043,100000,0.3424,11793.291787059532,11805.864591744728,36cc76aec2266aeff82e7ef71217d5ed4fe68b152bd60417dc358fa71ed1dabd,25.26902698870537,29.60333693531006,29.58166538557704
25726,20437.254070487947,3931.615566098518,True,0.9194499805668098,1.9813584356909815,54.09616042019891,100000,0.10048,21149.21498715709,21171.76212277283,d0d872f1cdd763277f06f77bd3bce0e4abbf408aaefb4c60e1d6c0e3949d1fa0,27.31222161840121,28.434822603683656,53.91126143438768
25727,6953.203224900225,1776.8172144033126,True,0.9915120271587473,1.1500270075046923,24.61950167986322,100000,0.35642,7071.558558455665,7079.097532830311,b4752c3578aa518e0c04e6776f9e6a77596b3ea4ce2a4aaaa2dad9f0bb085de3,21.40983031827949,24.21077948400611,24.625512300390525
25728,12435.230684268457,2645.3662976388423,True,0.9812225920870294,1.088810742000976,30.420211030063726,100000,0.33691,12610.02277108789,12623.466291034603,f457aec00afc8b5bda9d3288e88021fae162b24cf4e4f2a984c98c3bccd91bb3,27.932229903337323,30.494479123398847,30.30880889006105
25729,72243.61556138343,10699.254591564932,True,0.7840256140709249,1.3161681949289108,72.1807451418495,100000,0.15161,75806.6373702043,75887.45467403319,3c60e97e6469dc32e421b249cd57407d130d13609de0c2ff3470ba558defc663,69.02636199233996,72.23361189854519,54.94618245905437
25730,25750.893252253853,4715.028691782216,True,0.8943921600392962,1.480554907613961,47.96212071348498,100000,0.17939,26315.320569319985,26343.375279719803,b83ca06281e2a5f268069d713a3fe40ca4c4041932e7ef0473e612e2bd45d1ef,32.247968858627345,47.973830215612296,44.20337053061665
25731,156165.90473810723,22042.488822697665,True,0.6362302434897321,1.7507926887901288,126.04406327478472,100000,0.06193,164885.91810237584,165061.70264846119,addaab6b9ef8420e4d21f7a1f3aadf74ff9ccb66d9550c5d465d50ad00a78e25,71.69986997808797,124.78239174298145,87.91696503321776
25732,19554.15970475339,3548.019876563859,True,0.9892912903278416,1.1785817361757294,35.38909047637236,100000,0.33822,19930.71092497249,19951.959015855115,a0f23795129bafd4570f4c329e0ab01ae6b9890a54a52f507ae72f5ae4cc4d5c,30.17922193212125,35.54460894037985,34.91389516968279
25733,41806.46499116877,7536.807479028352,True,0.7729041998302909,1.6917819287375,69.8687621835802,100000,0.09592,43498.43373260098,43544.807325428716,f4cac495c35ab419242cc7acf8a2c5a1219f2728192d8894baaad407967989d2,41.092248071348806,57.8941842898123,69.27173906921857
25734,35325.513586748675,5386.063735377679,True,0.9666552766764849,1.1008928625341001,44.12635250155549,100000,0.31388,35856.92440355058,35895.151398632006,d830e55a694b7b6d68e523624710b3416e0d648b91259deec88f2c4d98b3acf6,40.151102483715164,44.00784911348978,43.96475697237499
25735,28950.856584668378,4611.06718249991,True,0.98883452180276,1.1936553779836816,41.01984988243558,100000,0.32101,29458.86860013479,29490.27464077586,44155d9901e4534394d858cb9585868c7bc6e7d15c8aa4f46ba5cf1ed2a1a216,34.330089208249305,39.90822797400044,40.97979143528476
25736,106225.52205644052,17158.59270469889,True,0.6321522797030241,2.1546795715883453,108.16610329746885,100000,0.06666,112164.17448056467,112283.7524816761,ccb59e0b0bef46d8e10fb0c4682c6af8e9e4f79c14ff4ffb3fc07e9070232af8,75.13002047883273,49.34286230745131,107.66435623627453
25737,43150.34446993494,9235.441448009293,True,0.6441929632986363,2.7261201920572664,91.49515509131004,100000,0.04554,46376.99668233186,46426.4391053382,61c44ec2e042a3f9d34042b66472fda81c2223af29a8eb765af24680c73a4802,33.51769536487078,90.98138835129535,50.81823189275643
25738,45261.06422968377,7751.655087167039,True,0.7923301673968289,2.3574003733746327,75.34349368866489,100000,0.08301,47204.45408055723,47254.77865423374,6bed7ea5f5262104c453ab45f528a2bc65dd27c798ea5b1580a43c0166dda6b0,75.6745930261639,59.34035904287913,31.785536399905503
25739,73774.51178132318,14608.015849451662,True,0.5823227927363256,1.3221799780070114,99.98644971324359,100000,0.05959,79197.62000387354,79282.05242747674,f2a072d0e60d105877c54c61570d1556ee5570e8221034c4d282d0d3526896ba,75.74657066899289,99.20530557485887,82.04454528471966
25740,154590.51115116695,26189.723679325863,True,0.531873595097408,2.436192188181045,173.3024511335653,100000,0.02392,165535.2895355288,165711.76637519462,40eedf4794e8301d9ef04014536b75dd5d2d4e3684dbbcfae7682f1baeb39d30,75.26979017739569,171.3984935405452,70.74260212288115
25741,61975.04693297305,10377.038483257475,True,0.729830384466259,1.7322511286867177,89.20116383986289,100000,0.06796,64132.804856021925,64201.176710456435,8a52cd9064e2d7c0779667df6050bf7e37398089e91cff35125de45d5cee43e5,51.678310984373695,77.65902105784937,88.00339430588035
25742,81042.12493598247,12856.610907070231,True,0.7044197172963707,1.732687838105853,111.54325093459258,100000,0.04645,85709.88523607832,85801.26037256447,a0982388efcc632909a4f0dfbb074bbc9e60c47edfe349d7efd68f11d14e93d5,64.56763866355445,111.02583839363622,78.4560805523831
25743,48203.984515823286,7989.6656922531,True,0.801698016224954,1.5331578677392554,77.07916244032518,100000,0.08169,49738.78339683443,49791.80981390431,9e13caacad09d693823968609377a48c6bfd09aa7c9f3e811bf60f17202a4bb5,53.42474174025469,50.50792773189278,76.47698148376013
25744,69104.26716278023,11094.397523137606,True,0.7340353554972269,2.1029041160756288,99.77541876816395,100000,0.05563,73467.46238596732,73545.78590004411,2515d4b3ddf6286e30ce2a440a047ea4b553a1b8a6644a41becfe188c5aa0bf7,47.92679111971742,99.11771947452615,47.634480322545066
25745,11552.973596362717,2546.96739705876,True,0.9703384913143777,1.174867561188389,31.15293905444551,100000,0.29043,11674.918374897037,11687.364981925299,af175730c4a50c027634e83c0e4cabb047d524dc77b0df6b7c92f24f67d128ab,26.551491757585275,28.2247453200799,31.122516262400154
25746,7916.07306978148,2051.5541556492776,True,0.9362841433450576,1.6985399133855446,34.44147720249936,100000,0.14824,8052.412575972909,8060.997236845407,ed98dcfaf4f3aa1518b80959d5ff4b5e64b739bfaaefbe4027eca9a6428b109f,22.20701691694356,20.247821558500597,34.38261725610836
25747,30299.876685623185,5561.855939284234,True,0.845067946892272,2.0064769999521164,58.952049058211074,100000,0.11498,31320.90632992074,31354.297485245304,ab912abdf0f71f6fe6658ce77c01bca8bcf82df4aae52e6d9fd1d7ededb4e6a1,41.76729647630091,58.50587876504591,29.274528267676104
25748,11428.968752021116,2864.229375889193,True,0.8566715812414781,1.9251959205586695,45.342898043010024,100000,0.09618,11921.417476187462,11934.126875412467,a9fa91a346cec3d95e972da97dde0de61f9939b89efc863725a05365d2e13caa,31.538553838997935,45.28754782567238,23.512772325037425
25749,9860.079260426159,2787.378480014806,True,0.7977652577681266,3.25025648776789,50.868231027914206,100000,0.05901,10327.157997110962,10338.167759507694,22ada6c291e97dbeea71e6fc95568868acfe389d1d033f23017f390801876781,32.76132652627872,50.39630896271383,15.759713177349397
25750,41509.13911676763,10343.383802857774,True,0.5605107789785941,1.731543781179729,71.9372621116097,100000,0.08674,42933.51380583972,42979.2851386683,416b510f2aff89d20c46c7990568de9cdd713dae6c91691eac2d34252a2a41cb,63.75299352176347,71.07668451310656,41.43066438507991
25751,24506.246387693147,4429.798484139267,True,0.9210531341667901,1.3433275624823917,47.70775802169848,100000,0.17576,25374.784870450003,25401.83687763048,4f09fbfdc651a72db03ef601481939c86ef632163131a1477e708f649e973e68,37.99382486981945,47.684463217976955,35.54787047905854
25752,25178.702657401107,4250.684610605982,True,0.9773440527566519,1.189123933091033,38.23970335311401,100000,0.34206,25430.865248253365,25457.97704261196,7bc681cf9cf225fbc2efdd4861123fbaa942b6587a425f08de3c98338dbe2346,32.2554138391135,36.93268224241187,38.18368816265534
25753,29298.94624176649,6153.650332544459,True,0.7468831189586504,2.693825726990523,75.17019665336741,100000,0.05388,30428.458238369974,30460.897956576762,48a14166fb164d9b4869f4b4dd7e8592e867552052e737ec1370e0a8c7d8c8b2,75.37206974008299,49.42220204773399,27.757549423393115
25754,14980.251404490473,2962.056318694792,True,0.9921337284479989,1.1725293504586287,33.06879133717919,100000,0.31607,15196.84882933247,15213.05015934377,7c96ca4ac79cc9784ffabe402a0f1d0c2b39e817039a6192c959a3db8edaf197,28.361978507692992,32.97191011255855,31.31685585862258
25755,64670.89711987353,10845.234608631245,True,0.7184299521064059,1.4582110650258548,72.15440588106456,100000,0.13278,66318.7804251757,66389.48274377355,5e29e979732c1f89aa9f9f9f67df6885feb50dbab23c26baabfe3f823ba00e82,71.99586348532979,49.32430089525897,62.99417857194504
25756,38835.42996979216,8216.575607168548,True,0.674961001491309,1.383043253259403,65.33915885986835,100000,0.10966,40670.93541353722,40714.29461608657,c82dc1214f63cf44486484d4dbbae10c5701b811a68827f6409234158267987c,57.26747566087093,65.38701468911142,47.217751519826734
25757,7808.971826193611,1924.6691382408285,True,0.9889870675368938,1.1022862565814215,25.4183955018774,100000,0.36273,7920.328165034604,7928.772010981921,8b7961bbe180cab90af11506fa45cff42af725af1a990778f38101b8b1ee619d,23.047832249505042,25.29428224259089,25.33151622037684
25758,24111.536194368673,4924.283914956781,True,0.8196421687978104,1.8569469647533083,58.297934156457984,100000,0.09337,24597.000875861035,24623.223689087215,399a8ec09399e0c9ebe65587e0a5904d5366481c42150cda2223ca2814355acd,31.3977643430533,57.856714439941825,33.874287913176275
25759,41003.890688266176,7667.441017127832,True,0.7499812261275316,2.562221761522779,65.39618170091907,100000,0.11284,41960.00725422364,42004.74073367299,80df4f2f4beac7f354989a62d30a5dceea38f8bb2cafa54582a9b4b1f647aba7,25.760922650008034,65.28442064820754,59.9997194414194
25760,67231.97985342123,11529.125326925485,True,0.6935402936817848,1.425195275132834,105.4936579032942,100000,0.04601,71820.19650345498,71896.7638706833,c7e664ceed743118714751dc88beab2cb9a15a667de1deafcdafab67fc81cfb5,73.32530372331021,78.42485066297141,105.64818962873849
25761,5976.214449865302,2000.9533440492933,True,0.7959111905759023,2.069312849420753,43.97333731460344,100000,0.05384,6086.79443041902,6093.283549734847,d40055ecbfbc76120c64c8343e1c0be3f99da5a2214731ed8b63ff1b23163ae4,21.278113905650397,43.85524485599489,21.369367169120643
25762,15782.615241192858,3080.2174354841545,True,0.9878448250081683,1.1514151056218862,32.48325688208416,100000,0.35489,16172.894870855338,16190.136761590937,3cc4843b335903823655fc65310a19999fdedf3f9028b5c92dfb1f9cf6377db0,28.129421914246223,32.54670074318199,32.21362047241843
25763,7815.249140168416,2543.452522369387,True,0.7487825373012719,1.5918473477644006,46.492375241029066,100000,0.06065,8103.8484346635605,8112.487931201693,270d85aa1846ef96c0dc98e1f6182b9a490c6f0fafea1a1d4d4c7cbbde1b1c33,33.33693996164609,46.45832320838183,28.85342232975974
25764,35893.120501245336,6500.818988739063,True,0.8094503134702391,2.2504388591270947,70.35600906644889,100000,0.08059,37316.426318337166,37356.209285478275,c2d05b2c28dc48817cdc0b8d8c14f36710211014397ad46a7d0f604ebd5a6e36,70.69954426696866,31.270291627312062,42.58118810442549
25765,42320.17034059952,9181.615926832648,True,0.6396316431823141,1.5053811575925058,82.89172460057785,100000,0.05783,43792.73006479192,43839.4174063483,b0482e386b5102377fe80d512b78e88b109429e11b2ebf3667385330d7f8c0c0,54.98457415521729,82.64887775116209,68.8875562842693
25766,21260.558890511205,6057.79852192939,True,0.6126593759305009,2.965961612637757,87.06132608855214,100000,0.02578,22619.033736333906,22643.147842765742,792449d963007da18221353c7d81fdb094368ade9abb20d52c3cfe4ccf16629c,46.82522006178719,86.65747716382495,29.43846109195427
25767,79252.40349234604,17147.32076089041,True,0.5203507048861205,1.3449326910491324,94.44518604555739,100000,0.07554,84611.96117908049,84702.16582093491,1c129ac81d410ccd0af78d00d01cc8d03ce856141e4c1123919072a7d15941c5,75.5838183245452,94.67576511305143,68.68950420647352
25768,24816.40238280057,4213.548937505493,True,0.9764768772015756,1.1046424378777786,38.892799239455,100000,0.3218,25171.49133242668,25198.326608774627,da0936ef4fdfdcbbc9145ab6a5aea18923ea63790feb14d3ea245571eadf02bd,37.27859614602059,35.27508524769905,38.7978461163118
25769,39281.19110219836,6291.85619157359,True,0.8881679599378053,1.6333809657493632,57.80675549639142,100000,0.15489,39780.887235840986,39823.29755981591,37b2db41a11f204f56a0501bc9593e847d1368bbbfbb8ba4fcc81fb0fb7b9956,35.14131376611685,54.39141496169252,57.5244959480692
25770,27322.883838757305,4422.715060648445,True,0.9919265650886465,1.108331589767795,39.036634502966464,100000,0.35256,27884.665838714332,27914.393624953515,1745735be9357ce6a6e3424823e046d3d42279fbaa351cf1e971156e0d1367c9,35.2721153065134,39.06522578800282,37.31162697243987
25771,10833.527289569827,2443.7067432496674,True,0.9689059547317558,1.2432307967694582,31.834554519847373,100000,0.256,10981.245418084965,10992.952501767342,b0bf5ed419718dc8a2ea5a47fa027a1eb0c2060f1247c2c0ebd6f3b99e13b2fd,25.578007550004322,27.451085586938703,31.702428683217143
25772,16947.324572333295,4858.041120332451,True,0.6567857215217993,1.9768363909142832,75.24390554460778,100000,0.03111,17620.949293626647,17639.734952273666,46afcc610f8b7fd23c80b92b2f8163c16ea74c30b28851fb141bd4b8b7cd0ccc,74.80302328555734,61.09893306673962,37.309661172143166
25773,37594.8201196361,5903.151392969094,True,0.9193598722134046,1.2932474677653911,48.30744159735198,100000,0.25727,38560.84663490334,38601.95627604431,70c3a69bf52af8a2fac05c3f87115d397321d5ae28279d129ae110d2700e323d,48.33102921531943,46.090205508411024,37.36278686045192
25774,37452.47686653777,7457.662302649634,True,0.7258860334104404,1.4051088787928308,62.27315263718384,100000,0.12321,39560.68635416118,39602.861922418466,bad458a0e130717fb63e8518aaa6785fd3799030e3b844966e6fc717299f7bd8,50.27766498319505,62.36437307561721,44.40915011064796
25775,14123.132864381585,2861.9346333395406,True,0.9872908470192852,1.1145283318320123,31.606984121685528,100000,0.34317,14407.007794285411,14422.367076355784,790ee035b49321258645916dd39dc31c66ded64291d2a08d824e8805f811611b,28.29658466167501,30.333753560143023,31.715015805695195
25776,44610.913464957965,9571.961231909401,True,0.6354927557580746,1.3926863456604825,75.94229487540395,100000,0.0805,46877.27223965292,46927.248005426016,dc0bef78dedcfd86f6286a8c87756a5a528cc1eef905b4cda9fd90bcab732d72,54.47228084568769,75.68272648471653,68.87832652883927
25777,23141.893493527652,4157.591472840637,True,0.944586146276973,1.1828649299276077,40.330030413665924,100000,0.27241,23758.77235675375,23784.101536239436,ce589dd7e4b4abdbebb585e33950e20197d3d527f6f8d09b664f410ad9dc56d5,36.53924386355328,34.19584854166547,40.330030413665924
25778,36781.45493963811,5381.92489859048,True,0.9938002329738702,1.1439321827801212,43.90876465125339,100000,0.33299,37480.04891282597,37520.00631768638,9bb84ab89beefd749629852567d578c53e02ad060b85c6093eea7d8fe9c625d2,38.3236898506423,43.83372525853885,42.21501835855368
25779,41105.23364133884,9415.85666545314,True,0.6117242536794059,1.278636315779508,74.10667695914984,100000,0.07857,42515.184968154135,42560.51032144914,0b9747b81e007bfb28d55eff2af4629a4eee7149cdc3c4caaba3ade1fe7be0fb,73.16586953681687,57.08168110500921,59.542254363418486
25780,79803.97742415068,15049.78989053778,True,0.595621060803422,1.8686382923087128,111.14422505806363,100000,0.04732,86381.50053875941,86473.5916829707,294a440c70aecac81155d80c81ef8dd941a18d554a464a6707ffc9d805433ef9,72.1786227183714,110.71006792893056,59.75087489693752
25781,5966.452339788234,1959.3533030626104,True,0.8119242042303204,2.4188176054557236,43.9260242031302,100000,0.05434,6123.512733990419,6130.040998615929,e62de9bb1a5552cbd1f41d792f3f4846a085c4af37c9acbb92c8f72cb0775482,18.070153999578707,43.6793692820677,23.571631151972696
25782,53014.01543701995,14003.45271523736,True,0.4873520479050843,1.3566548887160068,101.0606342434067,100000,0.04281,58749.826436855605,58812.45950881013,c60f1ec09caee08f83814f5b96b4c0e3f0247ba70dee59dc714726e42416e0ce,74.14238425328054,97.92716242970731,100.61652012807923
25783,15028.907243054797,3505.2888191163674,True,0.840192085587268,1.1145021276383427,37.98244515545163,100000,0.21012,15308.458175834156,15324.778492345567,1d1c7d7ecbb01ed1f10a3700791f0d58f53adbaf5fb0f3e424852c431acd6195,38.028810444948036,33.957938027164026,36.12783357559559
25784,58520.7752148796,11515.81353552561,True,0.6329890743976956,2.9877127205915333,88.02046318375002,100000,0.06742,61130.0848470358,61195.25550770025,4797df8a2ca1c2ec0d48306f5777c22a5ef9bb26751dd92f9d17f6ce9efcf231,74.22428706950015,29.161076303796094,86.92450526813204
25785,16739.929360188038,3283.6085657621425,True,0.9637591003115167,1.263222214754903,38.02390342976797,100000,0.23292,17025.198257985507,17043.34878765011,a3230de9f6e1deccad0f55fc7a1466eb18c4cc8e00da06cecb8435decf343845,30.11463445463069,32.11051805751157,37.921788454736856
25786,47303.846955697714,10402.682697702037,True,0.6080459683556398,1.6420915511206151,74.55123412197604,100000,0.09089,50072.11275836091,50125.49453719357,7953bfc1884149da06538960ff312969840a4dbe5b84f18ffce6aca2655cf24c,74.62403806154828,44.66521692757061,73.14975828521037
25787,37702.9921312929,7822.314867458463,True,0.6951300172646301,2.091154584437393,74.21146931301836,100000,0.07244,39364.68985441487,39406.65647119747,1bb60de795e1286ff78940271cca033f58252c3a9560f0a21edd3d688859e317,73.81287255401288,35.66535091373942,66.62001285741417
25788,17564.136172565126,3482.9244318332494,True,0.9381910155933814,1.0312476854192316,35.41843501767629,100000,0.30373,17942.83630449288,17961.96512623562,cb8aebe9880e3fbc79d3aa9ab710c2b786b2022f9628e339ff7e2b00a6619bc9,35.366552544505865,34.3807855542678,35.57408243718756
25789,21929.445515456784,3865.3346792978355,True,0.9802017083793898,1.185357174776774,38.39766028806004,100000,0.29641,22311.174812016252,22334.960710667252,ad173e64353e06112a0731f2d77bc3c7b6e7d4a21b706ee8f798f33efa64a2f4,32.510519013425835,38.34141371537245,33.11985688420803
25790,33049.04622821274,5708.819134876592,True,0.8723895623233504,2.033324542605774,64.0990218019317,100000,0.09687,33920.23146342611,33956.393754054254,3db249e7e0e23b6b9015550ba3a69c9c3201f03c89f90f9a8e5c3c0c4f3326e4,31.728702808451303,37.83970574147237,64.00512675046402
25791,16009.650016458962,3169.437864897581,True,0.9692216524694872,1.194098623284029,35.38801119164815,100000,0.27873,16423.56691420191,16441.076045899394,bfa778d185a993f4227e80eb90a33092512c2aced0dc42150851abb75ea49d97,29.616724210197717,33.694639562360294,35.068344098364214
25792,29571.30396786341,6517.202673502934,True,0.7095830199917816,1.6454959964862226,63.08889744175738,100000,0.09318,31109.771455235266,31142.937520094012,1b5dbb632dff57617f7082d894451455ecac3e1c4eb6f676f19f618cacbce9f8,62.6730282447536,47.96358072110168,37.705473861675316
25793,13871.743983502993,2884.8077658064067,True,0.9678052104416469,1.2869336344456634,35.050191719871265,100000,0.24687,14133.665613863854,14148.733486384732,9b4e7c53087d9e7e8b27baa7e7418d207af67e7fb756e059a483b3ee398c53e6,27.31450487544655,33.40721398300229,34.91327690846552
25794,66222.209383226,11883.510143519656,True,0.6661036713220675,1.7036606848622655,99.25899291957995,100000,0.05302,68938.94272914792,69012.43839751497,096a95e0ce7b9d5d017321d6a7c89b1fd0c1e1ee291497792edb6a5330ebff4c,58.18379931638464,99.25899291957995,63.00619667746775
25795,59662.816209557255,9513.805068977314,True,0.7761262549889214,1.9285314792663486,83.96932219143523,100000,0.07688,60518.843320706845,60583.362338007886,1aa9de13c06f707f2bb496bba904001db2e7cd830d2ba3b68cad9238d7b118a7,57.52390577860528,43.399183368962,83.9078212230333
25796,52430.570932446775,11184.027432214129,True,0.6057251769108336,2.026734255031075,96.0706480936255,100000,0.04689,55279.95690062379,55338.890751635576,04ab78da2aebf8a6ab489f7a06d2652b1c92f3003745870eab9fa583afa8bbe0,73.53063519861229,46.97986038367477,95.92991960520709
25797,23236.06957926379,4149.413070259774,True,0.9490138837970178,1.6162430007216309,45.98163336452693,100000,0.18517,23935.312994348224,23960.83038345305,ff0e55010fc7b947248e15e174a5f016a677b414e612157558df05a3d4855945,28.659938959872374,45.47646405266079,33.734084047950056
25798,16373.446500554948,3171.497006543066,True,0.9832106076304038,1.1497915401160101,32.46424815903214,100000,0.36507,16607.623698902975,16625.32905316893,8b247982a4ae9c7065407e4374d92cdd64f72b685d43af6c074d07a38a2e4c95,28.366587929974614,32.495951526374945,32.044178541739974
25799,68683.33263134505,13360.496982653594,True,0.6070564590343908,1.5632489984996432,103.4954099181721,100000,0.04916,72458.68412987595,72535.93218748028,94b1c1c925c5a499becdffdeed80547e394211c8efb89ae4045c26d0f7392cc9,73.85670976338307,102.6868520281864,66.0743400722705
25800,33884.32128395125,5892.035517810778,True,0.8594447486562584,1.894200538188143,62.52100598472944,100000,0.10799,35089.46242803094,35126.87123344184,07814e458b5034ac5de5b82b8f39973413c1db6ed6d3e8d8c71f4e38ca610f21,62.734700829403806,38.69403080353739,32.7563669050853
25801,50014.131964741806,10637.472835358487,True,0.6171264361386698,1.4535214251040047,106.61829169895796,100000,0.03371,54321.18224064864,54379.09394392133,b6ab3709539ba7b6e8d50646d95a75d88b4868077d6f1afa487b9099f559cb61,73.03977697931543,106.5141722734707,79.46915150315397
25802,14081.414322183968,3261.265833591693,True,0.8646933292118196,1.6197361668582584,43.954583514819916,100000,0.12855,14514.426836576458,14529.900637872051,1c21beb68aa6b84cf7c753bf5ca9f39b665e102694a51508c445b035ea9ea7ef,27.04237071712553,34.86534224600828,43.51460843569208
25803,23356.356856518407,4175.302774997323,True,0.9463814485369683,1.1013551583848957,39.90909228317993,100000,0.28163,23801.798097970655,23827.17314711262,d1b461f2887c70b842053d7f2281d3d245bb3385074911cd2aa5900545d296df,39.90909228317993,36.16761488163181,36.274792619696996
25804,36363.17736093079,9670.387164112592,True,0.548885146959768,2.103254297156183,129.59565718518235,100000,0.01455,42106.548162836574,42151.437869254245,0e8c0c9a1c52e409df5d140e78a02fd443e49ad9a81cd23ebdd3c66d2a8febfb,61.6496919007148,75.42872234606317,129.97533196209207
25805,44284.04690350065,8667.847120424358,True,0.6983466964560363,1.5943849304917967,77.12973097180172,100000,0.07633,46566.75912113199,46616.40384949315,76ceaf3ee5b775f20d3571d8043bc08c558b79873030c509f3b178e609e740e8,73.6084273361262,47.697658337786564,77.0167479674485
25806,20300.67411392969,4115.226515647388,True,0.874508467597228,1.1008207232225962,41.172311848645194,100000,0.22578,20951.568010659365,20973.904435230455,93d4cfb6c075218e83d3b9d9c7c1027502250edb3f6ca7654527930f060b1c6e,39.12173772337087,41.1321045128555,37.392822284414095
25807,37063.36499423382,7632.042862416667,True,0.7043792515338727,1.8317084771423502,73.61049194960333,100000,0.07255,38474.40205143076,38515.41953417491,c64917190e97c753d406fa56d72f35996dbd0e272af6d4447ff7c7e83582391f,73.5386067035588,52.70985666215492,40.36356565400612
25808,22579.513367966207,4529.187944009738,True,0.8529825901617774,1.3067535398979857,47.15122161190172,100000,0.16525,23032.210286621998,23056.764879744147,38472818a413c22088d69a7c77354c69aff3d69b99311f6c20c9e02071c779c0,38.41397131809473,35.89294652976307,47.036106324763296
25809,20240.78782744578,4659.582107348397,True,0.7708243591523781,1.6817302032071924,51.040759065199865,100000,0.11778,20822.75671603047,20844.9558151391,56c3341582bc0e282c02f598967ece9d00ae63d5c15ad38f835a1fd15b578abd,40.21204333579101,29.96900037885881,50.50493078399782
25810,8433.980834519092,2278.796300674537,True,0.8792931541405906,1.7066485642176847,36.28965250110008,100000,0.13598,8640.497862591132,8649.709480006417,c4f5152731ad1e15e738dc514b4ba08160c04b61a9ae30dd2bed540f50fe1e23,21.201449813264766,36.28965250110008,24.134036477782374
25811,48813.02784584897,8494.234066422468,True,0.760414515776242,2.5990531346002137,80.951284764803,100000,0.07312,51573.03878395768,51628.02069701136,374ed11fb0971e0fc2779d7684ce62a6d889b636d51f50ff0f7dfd8639a4f880,31.236207414739056,80.69435930046158,57.94657395761777
25812,25334.314517371193,6200.286612933496,True,0.6727883524307928,1.263419778106461,47.3410936727462,100000,0.18512,26114.60754347561,26142.448274121747,a3dcd320f4f48c199e422ce664e93609d7de9daeb2952af0f53ea7e2e3697afa,37.42442903133598,47.029030799415104,43.72347591894504
25813,23674.84358889821,4997.544784907093,True,0.7978455775751339,2.4323426213742834,52.2569624686065,100000,0.12952,24574.496206311964,24600.695027355134,bad31e886f2d70dbbdf58e8ec502d98e857b306a3a5ef853e4caa795495cc996,47.383388332130025,52.21868832617345,21.408003667559015
25814,14303.768461289694,2970.940921192331,True,0.9591585955479782,1.0666818725991318,33.419985222695615,100000,0.29229,14506.011568443733,14521.476398238858,ca426164bb4f2cad0b819e7103869c2768b821d0521cee9af23a5b9ad25bfa35,31.486260491792574,31.306758618037858,33.477099455253935
25815,18447.153351276833,6919.802589095685,True,0.4879140507881962,1.9718289778183247,107.227591137687,100000,0.01296,21244.17900923929,21266.827385808207,e4bcf8a76dc71839a625cf75a911f0ef5b421757b42aefcc94d2db17e25783c0,55.786620291604244,107.227591137687,54.03265334672509
25816,27800.155631771107,5016.2672457337085,True,0.884711372890029,1.6461064537592602,56.39183655235384,100000,0.11925,28432.981712422465,28463.29405711322,5c65afc75a0cd10c0a9bb29730542474924492223e7871c4600a0e041186ef9f,36.15355536779326,34.35000786086983,56.309231323029096
25817,30439.20225952785,5681.004172412491,True,0.8298785265382527,1.3185351173032909,55.3951136331812,100000,0.13846,31293.490087033715,31326.852013956803,cb906126771d7b182fc76f983e03921d3a4bc4386a2a1ed9d5cf3002eeb91f77,41.5733836202146,43.71020685118203,55.20577486588029
25818,54007.1060170515,10803.622813506274,True,0.6395610133666974,1.0680541192384205,78.24163422438093,100000,0.09035,57538.32266176391,57599.66415197734,8cdfba2ff97492904617e9cd2b4578c48717bbbc0637d688fe211143cb4bacde,73.3706340468377,77.68767734144464,77.19102634295004
25819,47563.5455455299,8784.174641608555,True,0.7227131831842785,1.9913257133783249,80.38588218938595,100000,0.07226,49905.98200223401,49959.186669401286,48fb154642cbae8f0765c1a596dc713d54ac5cd77dac6996bb52d2a9df3093f5,73.71322595296232,80.07187483708367,40.05556287806073
25820,35277.67518763899,7384.543530997858,True,0.7044125870148348,2.5233568231268855,95.74041799659344,100000,0.03182,37127.98967984579,37167.571755065095,8515d6131d716a963c9ae9b6fbc1e98eec2201650783fee8587dcfc4cb12940f,37.36353959168814,95.2963096123319,54.48508651124495
25821,25540.048643330814,4306.084016588505,True,0.973978653702993,1.1033869151514337,38.909102825774795,100000,0.33147,25960.50763857496,25988.184083622004,d8ab2fed027627dd1f04db0f713a4c98247521782e83d15cc1e0313cb5a63751,35.23287655781218,38.966098581867236,38.39614102094281
25822,61270.69419506873,12444.640531526253,True,0.6039536849437933,1.3616960803939926,100.16484275185968,100000,0.04886,65285.19489754483,65354.795312687806,b8c7f578e9d961788e94b1844507d6229f2d2e0364cb75cb26fc35a43f7924f8,73.36292193739723,99.77357383486023,93.19536516780695
25823,28101.977939302746,4567.571904175929,True,0.9786408139798342,1.1263871386577438,40.99138235511822,100000,0.31163,28538.573046601814,28568.99796200183,2c3e429aeac6891558d38d39a55eb2443544793156923beb9b4c5cde19977b83,36.287781352455724,41.011397678533804,37.29855518494277
25824,68618.00270760684,10940.019126678006,True,0.7408974357336258,1.939487223207056,97.20423664274614,100000,0.05836,71266.62085619367,71342.59805753636,81b7752d8ab281493696539d07dea913df09917cf9a9be90bba3870f344a5566,72.00138036476851,96.20751351310861,49.48018393557757
25825,23879.08188254431,4964.095921206574,True,0.8078344621878749,1.5462002188942279,47.91422861906905,100000,0.16934,24766.712303239397,24793.116045477404,693fa2d983e84be8a1d5b86638459ec80ac5a06ba055d849edbc2b1fa570c4a9,44.17092950820428,30.96410233268452,47.83234395101887
25826,37111.06147496981,9346.200584182348,True,0.5756845993198968,1.296736759489768,65.3618299284547,100000,0.10544,39146.533153897806,39188.267194260196,f77c3b12bdd3536e0d1614b7e0296b59fa3b5dd939c5afa3700b6f8c8c563b03,50.122438429022516,50.96818476354598,65.47353227452382
25827,8299.55556559944,2082.332216797872,True,0.9520008380968964,1.2791486576125317,30.60390308521039,100000,0.22389,8532.581632819925,8541.678200959424,3368f41a6539817cadab685718fe0d2f5c4fa420ffcd14b20e5c41fc66241445,23.767337820814028,30.424583340570486,24.335183678840394
25828,52429.17409230861,7460.23469971333,True,0.9080581168273218,1.6161766328361091,58.109102354454976,100000,0.20691,53979.552815821284,54037.10030865039,72440463cfd004d32a6c0b21b85bec5454e540d69329355183442c7592c7b023,35.83583802425617,57.81117971054786,57.07346649706356
25829,12730.496703932082,2692.7559432383423,True,0.9791533119588236,1.1986658862051016,31.4000487542896,100000,0.31283,12876.999045008926,12890.727187824998,7a3cef6abec9b19a1bbdba0d1a9404b84b3299e927e4f7c00f0f511c00e1ad6a,26.286808393178475,31.522705194736048,31.093407653173493
25830,46972.24384363679,10719.67023248383,True,0.5873048269113605,1.711426336987969,98.27456635544434,100000,0.03956,49922.34680621313,49975.56891986505,625aecbe486c9eb3198a79c101ae7c69e93000f72880efb21dc1b7ad994b90f0,57.31883276932532,81.19168275068935,98.05863102897973
25831,9065.76033211448,2334.017447101842,True,0.9008438446719779,1.2520389970994843,30.449459790329485,100000,0.24908,9349.597934408826,9359.565521986322,5e6a0a79bba70b2c76c8ac714a45ee6ee36af396a09de3a29ca3b9ee32d8e0f0,24.316450921427666,30.427157939897114,30.122365983988054
25832,8850.302406457165,2193.60528599127,True,0.9432591949657906,1.6162717725440363,32.05628658750821,100000,0.20577,9012.32812811732,9021.936153031791,5b07ba7433dab42ed17521306c1f6ce09688decc43ade5729e328526a4337cee,32.212811424361284,28.550130241999504,19.831696829283644
25833,37884.07259576827,6737.240036147959,True,0.8096671956213943,1.273355523367613,55.13123498062086,100000,0.17537,39071.83128259892,39113.485683446364,12f9fd97b2305e919d81758e4c9d43963031667775149ebaccd3402ff540ebc8,55.144694754786045,45.803611484143744,43.39431190857462
25834,6802.7198445315125,1779.4490906683402,True,0.9757089323478244,1.2710613585729058,25.965684615569923,100000,0.29673,6906.787454719665,6914.150766951592,d988f8a21269e48e02b508bd3351def67a341d5fc146e5179479c8e028d1f21f,20.526583687796734,25.864256160040355,25.902291830863945
25835,42981.906614292566,9185.16602377178,True,0.6460322987127451,1.8554345754437376,72.55588194533176,100000,0.08768,44528.054368063626,44575.52563738267,5e51ebdeba2f6629c414f9a10f96e66a55e1556e3f877eabbe5f5ea86a03eb28,72.66216497552512,71.79418689561271,38.828733697306454
25836,36928.682140051445,8459.227011570545,True,0.6339611593396053,1.9985890398878636,98.33606203118984,100000,0.03102,39218.91121244631,39260.722414911535,db346dbd202cf4748333f069924a85ea9c322dc72e532fb734f0e8c16537aa9f,55.48208968605462,48.615850979775246,97.90392113359184
25837,56202.73502781187,10737.192958032698,True,0.6608430600577809,1.7753467865744268,106.47464562932959,100000,0.03695,59301.86534178071,59365.08694130292,68b914a2df4cefa3b536556811a4d35a5e38c565ca1198f3097726b3e3f6241e,72.62943356649095,58.74821755915158,106.24069255055421
25838,24615.969472237965,4414.781284369292,True,0.9269427133085014,1.6972281351452532,48.43158589126217,100000,0.16622,25106.411939009442,25133.17783434679,c0cf9f7e8b35ca22058746d20b65617cfb6dbb1dfad86a884297a270421bd42d,28.425178828758362,48.40793765596371,38.07365883053326
25839,12346.577103558031,2606.1348336576266,True,0.9912540133595908,1.135029548361551,30.15646271227615,100000,0.34646,12633.09022389834,12646.558336010161,f257c7e7c6a5c8eeac3d3d445a72d7705e08626bd4f3b72890613ce4d998f614,26.666676744107477,29.58219413523573,30.20063721820233
25840,20477.99506377766,3904.8134303386887,True,0.9269908742528803,1.4195071645669035,44.451017537059315,100000,0.17713,20684.8580589459,20706.910144573216,41e51b3c60108a2264edb09c924ba2f0c152e361348dd35b98b1b6c36189c855,35.7800304735558,44.40760834024579,31.2763263041516
25841,42662.95411571993,9175.57961111722,True,0.6435039733694194,1.7924800992648278,73.99713157754398,100000,0.08242,44400.98115185337,44448.316948671854,9dc3e3db237cadc5068dc978a6a8ee48276c54394718d5d42a299663c5ec00d3,41.225940981434405,61.49566305907219,74.17778863705948
25842,28047.9780334411,5661.824132569779,True,0.7884886660422477,2.244230932282418,71.48279011389833,100000,0.06001,29143.61459329109,29174.684542268707,1d3b501c47ffa2213ffab3c2d0994d43f71f82cb566960197224085235e22034,71.6049530852844,38.86527675382119,31.70129107468172
25843,74721.41389362588,13060.020529002868,True,0.6569066408409463,2.513041877632664,113.43462546643119,100000,0.04066,78907.73915793838,78991.86254015399,da4e52cd3eb19acea743f11d989b74bfe02fee7afae41dc14ae371daddc20772,58.489728756128585,113.71156547001134,44.97505658141705
25844,39564.34525577376,7185.740115934648,True,0.7814153538774143,1.851870325954005,71.0934741283502,100000,0.0869,41516.84000424399,41561.10102397833,56f718e83096e4eacadfd31f88f8cf1e1fdc8bc891e56764fe1cd647fad561a4,70.95461968669326,38.237041871278194,42.45474553660757
25845,64385.55576728381,12640.465035339472,True,0.614582286253011,1.4341702873095923,79.5015085479577,100000,0.10064,67237.57446340969,67309.25630648615,c6a60385d557e5eb34217b0ae4f774a964972b3c842bd08f2176876464b66169,65.37135761462929,55.25898311426649,78.99686030033882
25846,95316.96170560537,15524.954907655218,True,0.6499808637917157,1.1907712010343008,85.12944290167448,100000,0.12168,99809.9588727445,99916.36606941215,5032b954da0ca63ccd2af6262314e9d3b1b4f88d06cbc7d7ffde70d99eef1caf,71.84875100368376,84.83847312613165,76.87837140949557
25847,56814.2359707983,8813.059645966103,True,0.8109527089970952,1.617516192662577,80.2169877022883,100000,0.08608,59076.75173054138,59139.73333689481,936a266ca76606943ce12e0ff0307bceed2f72e3d847c64e148da2498a1c9a7b,49.62642745058559,79.884055868563,51.25191816818567
25848,29052.948600379907,4610.366498344846,True,0.9913084715116443,1.1637563031062828,40.09925919848342,100000,0.34672,29723.7256396773,29755.414043876204,c39d7f33d36b1ac561af18b1a7737bacab075e8a09dd5ffda2dfa3a68db88d84,34.53861973931873,40.050309907469654,39.482498131709875
25849,14685.201183050653,3144.702596897212,True,0.9221986431924737,1.3122394343112314,38.650147179590235,100000,0.19447,14928.678729741325,14944.594164148111,4415cd198be2a4160697151e6d575da24ccc1f1954476105e2ade22f774cad85,29.51603036566364,38.64071110850146,30.24260783949871
25850,19790.711659819044,3619.4639777266893,True,0.9775691177256535,1.0671435776112494,35.53408755633819,100000,0.33707,20108.094011183053,20129.531209817582,bd51798da7cd408ba14ff4e444590f6dae11527b9d578a4c6b75ca2afd294d01,33.33055771275667,35.4473344128901,33.50406399965286
25851,9904.62194640999,2303.421853333666,True,0.9682836024482255,1.1001900813261893,27.641391438739614,100000,0.35689,10021.422781610996,10032.106600308603,93ac2d498b197d82577d1d06d568f446689df7357c0619dd8d6e692c5f2a15f0,25.130991630338457,27.681881758229956,26.372694761375588
25852,13157.133090904419,3301.38620895775,True,0.8163855396560675,2.44977731685951,47.89279409534359,100000,0.09424,13764.521023180285,13779.195351394541,d07b0251a32ccf9be9dfa49a9087d0da3a2640ca791c849f8ed431d0ecc7bcf5,47.81094605855955,40.503085631413626,19.6552214048517
25853,5685.959223255384,1552.7585466821888,True,0.9921622297227866,1.1009748571311795,22.600393925596478,100000,0.37669,5781.591719363237,5787.755462681864,a7951f363da0ebc48f236528d0eba9ed8f0170bb8b5c2e04996956f74ca7db27,20.591960481036637,22.62246462278944,22.50107578822813
25854,19823.46238036289,3569.4906502791514,True,0.9923484973390465,1.175395625339493,35.30879054224924,100000,0.34506,20195.678314341436,20217.208886425637,b4030e896f45e6142ee4a4caec2bf5d46f41d6aacb9a84ee2d2cabe655faa339,30.024540395179223,35.26568899129435,34.40365797219646
25855,91643.45478153012,13663.292610512945,True,0.7194429986301587,2.393936655218591,99.30169256121795,100000,0.07317,95261.69605815473,95363.25436097177,cea8f1929abd2cc0b61a9ed33103b80e7d897b99a6155d5d076948bedab8b44e,41.04437634427295,98.91379532465069,75.59147397604431
25856,11281.171525502605,2478.079143177325,True,0.9816087485967159,1.1734564103201675,30.861150338397266,100000,0.29602,11568.383744116387,11580.716774788772,9edd273e409d9858511f726165afffe61a7165e93bf9d1bb0c66a2e3d4be4937,26.257594953445917,31.01183954903397,28.37477836289163
25857,29628.324200878164,6558.844324621186,True,0.7059840028115554,1.2362023485365325,57.084613622993544,100000,0.1255,31039.607798334542,31072.69906185961,1297061c3c269e4252e9b9c8b8d464a0fbde665bb69bb6208b265fd470546828,55.46795952624862,46.15826179671744,56.931310217267736
25858,33430.287096577544,5357.514687835779,True,0.9367294155501291,1.2622924623046878,48.409704470447124,100000,0.22523,33973.385928481715,34009.60488697829,eac2a8ccfb54cfabb91fcd72dee1b72e7bf4838d23bbff88149a0f36ad341c63,38.49375182134919,38.82467753550263,48.31515426640327
25859,28471.74000118465,4549.248805907755,True,0.9911828388399281,1.1427074566852087,40.040227752170736,100000,0.34035,29048.96570981707,29079.93475381015,d6e02bb896278106c13d9ff8d3355d44a9e2c7043d96cd92ce5087f2bd761d9c,35.044974729377955,40.09888042954208,39.150662145372024
25860,57509.39443137994,9290.130464738615,True,0.7755709039190466,1.3105973442463257,71.42915104375258,100000,0.12288,59541.938474589784,59605.41601559665,448181a404f8edf8fd4783dd6ebb1d5a34fdc5e5a45e50458cb688cc7fa21e35,71.51634483164779,54.96696388913773,54.37404613145033
25861,36227.000943165855,7701.478587246748,True,0.6874877020718382,2.025180101696487,71.297946735548,100000,0.07836,37760.76621626399,37801.022893277725,f47be3b19f48c3f627a548a712e5faead085236f7dfd9fa272631433601819b5,71.64608124109266,61.602400756129,34.839560642382644
25862,46946.457551321386,9580.248655516085,True,0.6569150745276252,1.769282415042647,95.582310834206,100000,0.04246,49297.83755358727,49350.3938791794,c85e03f8ffab4798a74c4f10899c4981d13c91338cd8586b88e87ad999f883b8,53.71837879402885,70.23993056908205,95.3256200580399
25863,21006.93106558651,4708.8714363803065,True,0.7818840695438805,1.1015257789336175,45.42542374598942,100000,0.17433,21726.231040332186,21749.39333160318,31ac430bd84cec60795aa4675863f92aeb397f8ee6b688b0b54563a604b72f0e,45.60286680749719,41.34423333131068,42.50870342245543
25864,22870.83115394261,4705.539044399624,True,0.8280617198395891,1.4485187973051388,51.39627446315849,100000,0.13071,23594.94857884815,23620.103106133272,3e54269773e432cd54c5d903fae90959188e61e4b7e075fc94685c861aafebbe,35.34748661199157,45.04702766668432,51.48410989314924
25865,20190.81415669755,3624.3438576290955,True,0.9893666897772643,1.2065199817315588,36.84300226751019,100000,0.30812,20488.03131487702,20509.873563907837,e6b6d8f87bfdf9948610e8a7d4ad03214501c80d40fb776ef4de88553ca24f80,30.636539483188404,35.07101216821832,36.71707403710366
25866,20689.05826697646,4475.841567839773,True,0.8142727496143664,1.6596531243691528,56.86513771247404,100000,0.08742,21372.946048423753,21395.731703274505,ddf2114d2d0e751eed1faeb115d3d2eb116e17c369de4ab699d9e2b0f20c1853,34.38841457856402,46.813780362905874,56.72630680985569
25867,21324.39118492321,6533.487829114515,True,0.5691893934436544,1.722511617252406,104.90095078357734,100000,0.01533,23528.580682751814,23553.664455356226,abc2d7169fe37ac5e33de8145a87b28011834990edb95bcf64f2130710d5e1d3,60.41536691856908,80.26356927630161,103.23626284389655
25868,35951.62450978842,8370.414358420097,True,0.6293363929759275,1.4173908056793956,74.2709288198636,100000,0.0708,38566.04687765705,38607.16206276636,eda51d5b090e76413c2bd98fa3200524993d676b8f3852b4e4bc456461d594dd,67.30802924300139,74.23466371790077,51.859095806838354
25869,21224.23805707062,5004.917564647827,True,0.740699300651282,2.569167345165715,71.55509394977656,100000,0.04614,22475.769038633083,22499.73041085847,a959530dfbac03ba1c2cd65f708e5a996af25dd99eaa1c055ec353f2a86219c8,71.31052087475291,27.217489349060518,46.62610980272306
25870,13910.46221673015,4170.107993859247,True,0.6707559436453355,1.9939507908858538,52.09468795180264,100000,0.0801,15056.642560961223,15072.694417351435,0a605f5419955cbdcc9f82e0e60714cbce8d0fa92bf2ae7d1f7935f4b20da0a5,34.51781813993954,51.75129035055785,26.174528272658655
25871,36434.41097925661,6659.555754411203,True,0.7980805017405809,1.655894858654085,64.81255139333203,100000,0.10487,37961.54888581346,38002.01961682791,1786cdbd471ba0cc4ac8da0793cf7ec3dd48945d4997d05b0c5b00984a0c1bec,64.62267087167187,60.03389159821819,38.95715369394128
25872,68923.25553046165,11060.658780689031,True,0.7349881182627329,1.7320366131465732,89.34380512701091,100000,0.07683,72851.66298094946,72929.32999251755,bea3b3badb865d5d94e9730efca092902be377055a70e01e13f6f1fc16dde503,51.499200172088074,83.41081806779535,89.30018022216373
25873,38284.36729879263,6837.2769987013935,True,0.8034310265356608,2.339245952598145,73.35363249241985,100000,0.0756,39673.63307676,39715.929057291374,b83b5f9625fb760c45897a12592d3354f74bbc69337fa6f3d2a5c58dbce5df93,31.608681970000248,73.60435291597793,46.454912764974864
25874,8325.465739223087,2003.5704892285387,True,0.9914828127407462,1.0779611038890313,26.20315903146148,100000,0.35095,8395.015578102053,8403.965487346939,b423b595d048fd7893a22d113dadad0368a9b8486ae163b1f94c5b029327ec0b,24.296776855832693,26.164775497723994,25.14761185368044
25875,55942.92218582129,12641.557186791824,True,0.5595604140962727,2.1093600709528477,102.17591315016551,100000,0.04213,59751.985890258744,59815.687362393546,73450d7d92c8c1bb4da96474e71a3cdf764f64d8eb9e957e2ea175955e7e2b58,55.15403905640038,48.244193367290066,102.12602256757265
25876,20014.916959191993,4110.39649771026,True,0.8673005117825313,1.5815907163622827,43.72224038733583,100000,0.18503,20561.96774383982,20583.888816349045,115dba58c0f5be04f402c6485ad7304e334c117c66ac0e4665f428aa506904c3,43.76493788771408,40.34913785745347,27.742700870772907
25877,6906.604424028405,1831.945942726584,True,0.9573730365222037,1.5434416735218999,31.084573522646636,100000,0.17589,7024.108159075143,7031.596546674324,7e8a13055daca4a8881e11f8f931e45792e4c4ff186172b45fd9e264882505d7,20.611743576051822,30.86449231362399,20.1488141363835
25878,45320.817739302234,8432.933083122514,True,0.7289604429249937,1.1715506658853587,59.18228598166321,100000,0.16828,46379.17443056,46428.61917525934,2221b05978707a313ebdafad619e0ee1c274c503bbe9da3be04c898533f83f0f,55.88795951588703,59.25452998310567,50.556352209433484
25879,5117.609948448666,1450.26453671906,True,0.9902579821982707,1.1618236003486433,23.249544641059927,100000,0.31164,5207.291038561548,5212.842521077961,2d1a9be1069da860f53638a18015c2a67d5a2fb9a1404839eaae67e603bd7e64,20.05954364294574,21.597782558406504,23.170078424025053
25880,23433.16059197014,4004.3028850649507,True,0.9889578536045582,1.1748833317156628,37.94998938835835,100000,0.32672,23742.475493893337,23767.787299326246,e47c24d6622bc4945acef9072e50dd2af492a93b874594d3a2017b9441c69ae4,32.39090891154804,37.31996026765318,38.153822339174724
25881,59853.82566307089,9632.836348064478,True,0.7681709603620975,1.8415204418744235,77.50045445239277,100000,0.10068,62311.93760812197,62378.36823964104,535b549bb245e30a8638c120c30b8c688c1a3b1d9a31eaaead44718b032d7184,41.7208257000796,77.51937546178056,71.4457314482996
25882,5599.032071270594,1607.7948317493913,True,0.9484085625751212,1.4504989562918686,28.289424067327076,100000,0.18744,5642.218427262636,5648.233584994513,7b7ae05ff40de1f399ac0a0e5629d13a5db641a131b7655c257e7dd0bf269ba3,20.04985304381116,28.282517469654394,19.483512034650804
25883,7565.35580152149,1878.640554305118,True,0.9920342577501443,1.1675812797252427,26.079137908439833,100000,0.32737,7720.294597487537,7728.525188050292,daacacea0031de5fc59f922a42263f3bac646f033e6a6bd8095c15d0a2171423,22.39902518600863,26.015468138155555,24.45555876619077
25884,29816.18771570809,5038.621638830461,True,0.9228698396337914,1.089263162417197,43.62298778393911,100000,0.27592,30454.025399654784,30486.49237496086,c2080f0e1879fc29cff5642ecc989548f6e20ae29c628fe570d54176e342bb59,40.01258913678204,43.60168749693524,39.76763583623746
25885,25217.39196829326,5393.868947743648,True,0.7709931391555778,1.890357521712902,69.12193983560383,100000,0.05923,26007.87009512802,26035.59703319486,3142b71475d091123b919f5aa445eabf10a7fd6b437d7e5f6f613cd6badd3e14,36.29914369784761,68.851932258121,40.61926493757285
25886,44692.58381278429,9322.898249519803,True,0.6532661507860983,1.1965032737624104,73.32282452842237,100000,0.08978,47055.72422769143,47105.89024077053,e85c1eff7e95e511f0f97149ad99cba2f632ef7f96fd61a1385a4dd9ccee3970,70.67346465776649,73.16171480655815,61.23959538860669
25887,49904.745084232396,10098.1586252382,True,0.6491371987544037,2.1715773956692264,96.26682984802113,100000,0.04332,51384.69234509927,51439.473462392794,65e46c6acfc793c25eb057be8b207f5a689d69a8ac2fc0ad58bc369cde2365a1,45.84190713343878,95.44423730781588,43.09209778475261
25888,17235.192604737458,3251.8733069368027,True,0.9922655983758867,1.107728586835186,33.60504593766855,100000,0.34968,17644.10263330999,17662.912975685944,a65d350f5958eccb8832a3a0e7ed1c02c8ec3ec64f76b3ae7840898e381a8e19,30.33971188415486,33.752724362199324,32.833836387341194
25889,73891.37881008298,16089.118487487493,True,0.5292746026976731,1.7703321689176033,124.1301819507272,100000,0.03146,80002.98583943016,80088.2768619329,0f29811a982e40edb4b0b31bce530ac9c77915d211d48a39240598b14974be2d,70.52024741194879,122.03912175673304,86.24865669720938
25890,26770.52430592138,4361.5253133943625,True,0.9922405660662975,1.1718191062741212,39.208817772393246,100000,0.33983,27235.055207866695,27264.09044551721,1c5140eb6f1a8bd927b14ed2719b30e45b6cce2ce157f926b2ae97bd531c3791,33.61849805093874,39.09394818907569,38.34729589751156
25891,16426.810433750168,4098.4917035166545,True,0.7624807688397783,1.8873914322274183,62.285534530996145,100000,0.05327,17114.317557105358,17132.56309667574,8e68a353da5a813bec56c2ea9ccd82094002e285e7c014ccdc3b1ade59e51f08,62.19429595502301,32.90671306764543,38.350614767376044
25892,22175.225364690454,4741.487177481698,True,0.8050352654754754,2.535226514372483,66.60428952278386,100000,0.0584,22942.183478811025,22966.642094534207,7e5c13203b757b64776d56256a291a780d2de9470270d07a2174a39a07ef3bab,66.26281245247661,26.049822220580992,30.23698153506264
25893,16723.053386883887,3190.758523473156,True,0.9911374904251102,1.174712169009874,33.438026615455996,100000,0.34237,17018.956248781622,17037.100123852753,fec7c5a24cc2c857474ae8bc8b880486ffb80cbc6d01590b77755c3569962465,28.409260893990933,33.34822722757269,33.53598958405597
25894,37199.313156161945,6783.489169718298,True,0.7944274999739188,2.0189173160263376,57.196548369904974,100000,0.15386,38278.110657870515,38318.91887475427,319b14ad6a9c33d1ac414d529d6adc43119158eb2d2ce65207309b8e0f569c54,28.409760170549724,57.140692365637484,56.90330434750067
25895,40878.52762259815,9846.793217365082,True,0.5827999017429243,1.9639587483642762,133.07781501120925,100000,0.0142,44495.96510021999,44543.40215923502,abe347916458692feb0187f21b9ca11cd0fe2db38133d36ee058769befd17a5c,69.13808358004232,66.42519355234796,131.29088146003335
25896,41368.70237055822,7827.695208687911,True,0.7389779555414695,1.6374983609321734,62.20267640006908,100000,0.13321,42626.46757734168,42671.91156880281,7eb0cec59439f28df1fea35b0da09aa4f150f792333160844da49dd4a26f1ffb,37.722521527776266,56.40154788814857,62.29379360182699
25897,59307.621174021915,8230.117510407852,True,0.8936176915920981,1.5481306480518366,63.511284391172865,100000,0.17676,60207.69227302954,60271.879572823615,e0b957371b99743e5b6cffbd4d2dd9733f81192f879785919a93865330117d36,63.3252161751831,40.981524571745574,57.650135587495285
25898,17481.857837221774,3597.164775805375,True,0.90555642284694,1.573448590891229,47.40947937914683,100000,0.1266,17936.783489231068,17955.905858079623,c48b6983101a5113dd4e5c00630824fb62ea3cbf534f1190f332effe4ba233ea,30.209653608294246,47.52522517841233,31.10089626263856
25899,8308.585145345047,2018.2501923581176,True,0.9829403691607216,1.20557426727597,27.149249077151325,100000,0.31651,8421.243076027473,8430.220946355219,889a36651d62760c45c48d46946c3cc6420c571e3a08feb020cc42c7dbe6e3c9,22.516113065205822,24.41178817166707,27.116107903961442
25900,42772.75723289545,8719.010660456264,True,0.6783623672215671,1.2824492115125434,72.42406477606133,100000,0.09097,45947.53145256551,45996.51602355304,99de611edcff17e1b627a8310559566b84247a3705a2a9012794bb324d9f3376,56.581300606297916,56.970297047966206,72.42406477606133
25901,6094.039458502794,1673.9112707198794,True,0.9638775510291708,1.3153402717545477,27.363346404914594,100000,0.22762,6200.594715952719,6207.205157524364,853152911342a700468637c3ada1ac5e634eba0c8fdf515ea3cb3e7d4d231031,21.150477226064357,27.39006842288814,20.856535028355314
25902,23538.811727888096,4492.534518794493,True,0.8841291818423797,1.3544329012030212,45.238335360468966,100000,0.19418,23902.297397934133,23927.779589177917,e348ac09e24bb32111fdfeb9172d27f717b0595ed1dac3ed006b7b9a61e66795,45.08371214390486,40.26830339947995,33.3433922005019
25903,7283.316229047457,1832.0521964247932,True,0.9918189293395935,1.1498411619624835,25.561438052310592,100000,0.33348,7405.270779301731,7413.1655236047045,7fec095c52bb73f43d13b00e2c0f08753443286c5d162217d548a5f7abb9e4b8,22.19776248829804,25.573919223234576,23.670540657327656
25904,21331.867210901954,3827.4743308890825,True,0.9718317543885036,1.12499473192944,36.3185075899101,100000,0.33892,21587.2082706931,21610.22235006862,32e7b73049c5e1d9f24d7b2c848b110100e3cf740d83485edfddf0acea47c38e,32.23976894455886,35.00621776488404,36.35397488247837
25905,35154.307165617014,8210.122185576556,True,0.6321015657381802,1.3383895975958113,69.66892199582477,100000,0.08301,37321.83490453782,37361.623637761826,9ae84b6bc0f22dc40facedd272749f793bb1763c2cbe9eb12800bc46f326461a,70.00910227900752,65.36564141356314,51.418249803070864
25906,36823.60197091557,8735.686980595769,True,0.6127329551429537,1.209536382473076,69.52939689984652,100000,0.08941,39958.27978521634,40000.87922703183,a56895a920609d4d636545cda4bb3dabf566f499ea56d7816c74b1addc92a8e8,69.86889590814656,67.96770146166637,57.29045765063037
25907,14552.914898679648,3860.5062416670025,True,0.7466891808692624,1.347357570154642,42.08607352496584,100000,0.15142,15007.687300229827,15023.686965514906,09873ffa95e092823f62896989b8ef200a8a59ef6ea57a89c64100928fb67a64,42.034698923494936,31.11245865078041,39.37349456730203
25908,7615.2794172906115,1926.236429635175,True,0.9717735951733644,1.1266904849868706,26.08866650140108,100000,0.32822,7748.82737654538,7757.088385846576,65cf336ead62c63c18fad5f08e6e41e0f17bdde7502477eb8d5f91daf53a1c7f,23.120571142599104,25.177856123056266,26.063189288020805
25909,6034.972307304517,1621.6164649887908,True,0.9885216079249166,1.1462957381630228,24.32933785861684,100000,0.32175,6160.624313686825,6167.192142892903,6e1dfc2ad0dd76ff6e61ce76f28b180908c1af9687e4400056f44ddc8ceede07,21.00306119825907,23.396792437766532,24.299638959863643
25910,59026.421569685284,8751.303691581204,True,0.837739524948155,1.6168235769061732,70.33484895118904,100000,0.13273,61403.91663171578,61469.37922389581,ec97d30c2473726408e349dbef5fba4fcf16aadcf470256a5bf99b1a49b4daeb,49.40267588685813,70.2318193872957,43.718878278742025
25911,7980.116426278818,2091.4210661486895,True,0.92338354566225,1.4914777759055737,33.21387640384086,100000,0.16794,8181.409790605059,8190.131975148958,760a06a8e23e5fb5ea06b3a0da3ca3fe55795c9ba1e4ca9d436d2c8c0aec9a22,24.07519507885828,33.18144097766523,22.31557320883058
25912,49170.54373276959,9273.80626141336,True,0.6998894485337144,1.3714976920250161,71.29837754396176,100000,0.1081,52093.06817447409,52148.604489816425,37ff9c573072c6ed41a567e43bf4bc793c8e0c5d12d693966c03bcaaafa464d3,69.40103302435926,51.73310011246444,71.15912290032122
25913,22792.785277473795,4262.169466204596,True,0.9121193668341612,1.8416219342474034,50.47323214905353,100000,0.13643,23324.295247397447,23349.16123170957,9559e9acd17f9dbdf6f6dd474e022d3b48048d152f00f32e7db6776b325f2afe,32.38370461125798,50.41161931684033,27.39306520198877
25914,12948.436908178517,3424.98642260451,True,0.7785804604501502,2.021504331602936,43.346639400063864,100000,0.12322,13343.286308591061,13357.511559322218,91b7ed42239a9e2ce6b65ff98baefe512c3b1fcb8f7809bc829aa52d0f5143d7,36.256246724760445,43.219647292446496,21.41404414697979
25915,27826.591349278144,4831.196471243528,True,0.9191846542716188,1.8502697232352046,52.5327640037783,100000,0.14918,28755.21768519766,28785.873565011727,0c8332a26e3c135f5e014fdf7cf93a81a9675bc73c86059bf387d8274aaec3c5,28.690379169055674,37.06535350852521,52.2762563670411
25916,42211.52021303072,10234.496039939513,True,0.5728465796103008,2.4109918545978744,98.83649228636665,100000,0.03475,44608.95833562527,44656.51585650162,ff7a8fba0da323244d1443f5665d2a91a5286dc2eff9c7e0ea81d0ae6b5733a6,69.37375862385355,41.298500133817505,97.67825214238579
25917,31854.7095681105,6221.851356129375,True,0.7810525590998607,1.2494134052094872,57.594461513071195,100000,0.13112,33306.3014610002,33341.80924208597,48989239384fc518984929c40b7e2bf5bcae98d78d95c7b381bfb3cdb5bef1fd,57.481972330428476,52.4902648506579,45.62842470945216
25918,88615.94120156254,15863.262034293215,True,0.6059445207815847,2.4298574578457335,132.09659202779915,100000,0.03089,94669.05675367682,94769.98324492174,1f06a10c399433894259a9c27473655971a85f51a1cb022b4e5edbe6e7428391,69.53131162400756,130.3228340782071,53.841616306252604
25919,20013.867300479975,4204.288216129562,True,0.847901990075525,1.5480741622996104,52.052309120034806,100000,0.11219,21037.273366315618,21059.70116119423,f067ae242785ff1b6e14016f9713370b6d894a8430a28d2852e5d3078dd78b61,33.60017219564747,51.95064445378475,38.912151007213524
25920,25537.47068452495,4604.167282095829,True,0.9108599724701913,1.0870600705865985,41.46829068311774,100000,0.27843,26398.529250009487,26426.672669016643,fb92c826ea7abbab159cdc43241d87cf905637cc71cb5f22a43eb82e3f9741db,38.19820819028399,40.50650171463723,41.569531627168324
25921,18877.77319752246,4223.442572063693,True,0.8118043496147416,1.5452410323699655,48.33564939849714,100000,0.1298,19489.139645974905,19509.91697860397,1ebd440a4bb3aae9a1a027ddbe72fda90e0e23933603b75bb9272ffd54cca39a,45.38547548501464,31.29544487422227,48.371051485458935
25922,47043.978365679504,7790.439977693354,True,0.8089558743093122,1.7022010841162079,63.2781616310661,100000,0.14383,48453.632660436735,48505.28898088803,aa432b56b7eabef5faec73a04b7d7b2fde40b849774183ec5bb18c0e1d1661a8,37.32422814957414,55.36839142718283,63.26271286113665
25923,23327.787780884828,4368.716345325183,True,0.9037451524930266,1.5633614696786795,50.06569093474923,100000,0.14288,23840.06226355611,23865.47810604816,6862733581372023b2e8e659661f66decd43578e2de1f0384dd2b6ce3008002a,50.016798658445765,35.654692494302616,31.828871873556395
25924,41680.59313362433,6659.744253342944,True,0.8729361919966085,1.76399496990742,65.42162166539399,100000,0.11555,43017.89616717012,43063.75745986461,5fd9e92d941558dc1d2f9092a54a2858e26a16e4a04e897ee404389013f87719,43.23640865435095,36.959382942803146,64.79871071691979
25925,18066.69025671779,3360.61876674716,True,0.9907953099110922,1.129764457714167,34.06429070302352,100000,0.34799,18288.58548930443,18308.0829135586,26cb268336c727d336fb18e8f612c221ea3f8c10a4d4b57f311313882dec525b,30.163862885709545,33.59856797856811,34.01439183968901
25926,35378.67456710513,5262.804119572459,True,0.9902874854463389,1.0549466777113352,41.56811613939858,100000,0.3769,35993.36640492991,36031.73886055496,94046993572d37dc91f00fff258ad3e1b0e0c4eebe2b0e2525b5b205171f0396,39.52827450267517,41.71019466135942,41.5275222759812
25927,83771.47773788411,13693.451850623322,True,0.6761379353330146,1.2762479538606142,87.41714458519743,100000,0.09822,87237.87553929222,87330.87966317142,ca945425aaf41b3a834e1ef640018c1628a64d2479171247bf5d2d0ae774d650,68.61477535190667,86.37138284577492,69.06295895451633
25928,81300.8857049248,14247.107758917065,True,0.637021758511586,1.2036557832429324,82.33227584498334,100000,0.11446,84933.5749652147,85024.12247888045,c4e5396a63b90370d7f3326f742981c8d5c92c51a8ff1df793b023286840bc28,68.16131528084436,82.25187323185347,72.62366030955195
25929,9356.77644312287,2324.5115326187006,True,0.9237829055502944,1.310816526948981,33.96056428802457,100000,0.1838,9571.621184994581,9581.825471113552,6cb090f43862650b72f3aeb73a1645dea9f55bec87718c9e7876959e7f187eb5,33.92739967446205,25.702575510956102,27.178400814488416
25930,43427.5443770204,7246.600714043086,True,0.8245050257083639,1.2390327921720692,57.359240411948235,100000,0.17878,44858.4650564138,44906.28857590398,9e8c45bc96d21c103b84c8911c3cf9ffdc734a0a292340b95951b2c428cc71e8,46.21227865220438,57.13518087908906,53.11611300842765
25931,47442.04278347463,8871.913509830221,True,0.7143467596154972,1.9388848550549875,93.5294216743774,100000,0.0455,49496.152962479035,49548.920711730236,ecac660279fa30488d93275689d5f160e10577d12a55af476c861cabb2ea797f,54.66538952354969,93.94043964071989,47.46115794682457
25932,39434.28988123399,6598.918609950553,True,0.8490384708087724,1.5196447070765176,59.63677087895638,100000,0.14417,40656.74068744942,40700.08475702979,44f4daf7aea417516e289e553dc890c296f8c805656c8b2f08a5e99a7655c68a,39.28222847446883,45.36820753389358,59.680450154502495
25933,39103.50204228092,7380.043956591119,True,0.7549223418665181,1.2988888910611607,65.1293909562871,100000,0.11094,40750.64753151318,40794.09171499137,d15d48fcb18a9e3b318c81e77a6f52fcccc1957a08b530388a44b27efa0f947f,49.960094332190934,64.92268146350591,53.55365936054076
25934,14938.107243111082,3271.4095861474707,True,0.8966292819316276,1.882987245243429,39.54321802742754,100000,0.18477,15190.175389063432,15206.369604533458,68c916260aaa55dc5f0b37264ba837ffda0c7435b71ae425384524d86540c1ac,39.57218034531873,39.26324895447945,20.997680471107156
25935,30299.235975315543,5977.3904127373,True,0.7863096763548802,2.2441009894291586,68.14286747864178,100000,0.07456,31367.681216702822,31401.12223864022,461e606ca1228bffce32c0552f21f599ef65105519c2eb070f875f4a363d9186,68.37577767021916,55.09989675030799,30.286643126188324
25936,48829.996377046366,8431.297309583279,True,0.7662682808348733,1.67040777753547,64.32429759948545,100000,0.14141,50040.377989092274,50093.72593555115,893ff05a379fbf4b962c40ed85cffd66ceaa3e3575e696e910b8dc8c949a6607,62.26705077684566,38.4595226614111,64.0259182893316
25937,105638.96521883114,19806.419460498422,True,0.5456249791844499,4.601140518145038,194.34130689608313,100000,0.01163,113498.56565139731,113619.56624425563,6c5adb3bf62decdc843edf26f3414671bb07fb2f648f1ac90356ba6e56fec4cf,67.7537564081071,190.49813163764009,41.432750548585105
25938,12643.944256934306,2775.2579523193695,True,0.9457343218318139,1.7021903378014152,39.39755325582607,100000,0.15907,12933.359110713296,12947.147338882207,7d5bf5b029106498c8603bb7f135774c5f903cf26a466b53da9c1fba937acbba,23.036411144458846,39.55144994823164,27.143529123032508
25939,21773.380946120426,4177.924865577677,True,0.9025558379371039,1.4330586449774052,47.42433738154361,100000,0.15883,22524.318113019843,22548.331243315926,26e9c94b64cbb7ac954d8196402da26a7e8f64d9952782ea72fb8a9f778d8245,33.19472052560681,47.47065021101778,38.09230224249963
25940,20533.00665836444,3720.356793265635,True,0.9746931138265116,1.1584503123629184,35.279466042178456,100000,0.35902,20960.41873513697,20982.764595447657,2007de75120b32064ad23c8c4bdc637047cc6b4ae86292dee826fa3c7383398a,30.593911958451628,35.24501343862164,34.28034053903082
25941,21815.69986389561,5036.705807240456,True,0.749635779019025,1.7026827033421479,59.99006336422214,100000,0.0799,22935.068570980406,22959.51960151463,6dbf5d3b5b802a752e041998ed9b0f857a9a67104a3be30b91663de8c4ba65cb,39.01697480524604,59.62391307513387,34.85750752120329
25942,24873.02424451683,4343.271251613206,True,0.9487524271604372,1.2763918893031565,42.30428908613794,100000,0.25427,25595.500623571377,25622.78793537291,b640949977b806dbd0d3d4e263209e7773d46aa181f3a85fee2c54f7c2b5f210,33.153507804321976,36.179669108579404,42.118381565739874
25943,45234.02778127795,8394.67828785018,True,0.7313471515835837,1.6433970146816583,71.08698300096587,100000,0.09962,47580.83807126908,47631.56390716202,3b8375adc17a1bf116f0f75a38cde6bdf5bec6b0280c6b6ed2150edbf6f5a1f6,43.075657179784486,55.120180178483295,70.73987859178146
25944,11880.48539103714,4179.385104848612,True,0.6024594999456164,2.4649548332818827,84.14640497164665,100000,0.01667,13205.583627928507,13219.662074108403,6a2dfba933905470ba722876e1bce823e900be35de4b3ff4f43aff78fe08bf80,33.54762678679174,83.59172896231206,36.42372461297107
25945,22864.1462402687,4068.027385196665,True,0.9576428771790181,1.2648978650029656,42.474408957696184,100000,0.22812,23241.31502229443,23266.092541555256,40d5c29b11bb0c9a16202d8ea063c206388c4110e7bc388738460ad06d284544,36.024437675546025,33.473484403184386,42.43293004269843
25946,18341.17540316226,3389.447860236686,True,0.9922930351123255,1.0829609137056342,33.58504478467523,100000,0.36966,18618.965879751668,18638.81552187646,502013b81fc037e669451f0c9fa7354ede4bd159763d9f787e48d283c2e8b89d,30.98581158234563,33.56044636320208,33.314462148470575
25947,21998.433119256584,4788.690041510537,True,0.7928576657157402,1.5061589588252853,57.014918779569555,100000,0.0924,22769.46376366826,22793.738243250067,e1c702193ddbec7e4bf13fd80d4675b2f99a2788525082d8f96687b768a839f7,37.93106779158374,53.99435301414802,56.987079463759216
25948,43055.94806446158,6931.876361791024,True,0.8570156531018176,1.1715511232552052,52.17637008284137,100000,0.23213,43839.75906625943,43886.496545339774,56f1a384de27e76322735d00ae3fbf1c219b279361f797f0e697476b174efdb8,51.57766661753533,44.22762620303351,51.88338753598948
25949,43987.23551212773,9042.782143832166,True,0.6663972078766173,1.416619863055558,69.61872693912004,100000,0.10189,45711.46036992759,45760.19326600813,9c9a14fc6b82fe949dc7d2589ad0bc25ac87fcc0f7162f7160684eba64cc733a,65.7944560501303,69.8226880531995,48.86568358153566
25950,19231.94966505092,5288.914080325622,True,0.656346471863683,2.1087133712264627,60.25970596311778,100000,0.07129,20740.773125373136,20762.884821940446,2ce5dbe41dbb6924212adcc2b70e008ed3c5eda3b4427446911586b9140316c0,50.13795847712534,28.224669406797233,60.34797701677469
25951,77974.90987386074,12966.543063251014,True,0.6807116322834534,1.8991944088817816,89.4095825672562,100000,0.08699,82667.88644914405,82756.01851683388,cab7cc5c4e019bca1307886d8885cbfefe79eb537600270abcdcd51ceb09b50e,63.78291022009829,46.7784998636792,89.06032638535285
25952,18484.25153563901,4516.404061203585,True,0.7485587911188055,2.3851578438978875,62.15394992581258,100000,0.05936,18950.269672487433,18970.47251692019,8381981cc0c2e1f5a43bcd5f398fea4eaf85cc8e9b71627fd9428adcdee9051b,25.614225457707917,50.04485518928952,61.78976662546602
25953,26624.137431007606,4461.938867633169,True,0.9663717068211726,1.0732937486994052,38.487249323228255,100000,0.35513,26918.650433917508,26947.348353074067,0beea27c0a918409302f3ec8d8ad719c79ecdf4777594bf71470196be48e5b5b,38.54362712985408,38.26173809672497,35.88447391733611
25954,24095.067617688575,4825.621250414866,True,0.8360193415261673,1.8008002891142296,59.40969963335368,100000,0.08988,25058.232549729546,25084.947081116756,f51a7b56f4cccdef500251336fe2c14ecf4be9920288bd5073a7235e4f1b3e47,32.92480912297678,59.018082960965856,35.1729789089069
25955,122521.85531683831,22633.45557855455,True,0.5270789057640984,2.3229065088307213,152.2048087343329,100000,0.02783,130470.8912299984,130609.98598506402,a1353dc9e735750b2b79748742da8c1197817b6a87cbb1b165afc77ca2100614,67.96450077516964,150.90423053469868,64.06276617626708
25956,41202.72401969179,6390.091507456634,True,0.902805785051694,1.5017489526017014,58.46434573125501,100000,0.15952,42384.17404091782,42429.35972372646,9a9308aa070abe5c01906b10d62eed96daeb1f772fb7da075c386c1082e4e121,38.838253109068575,40.80799913224074,58.421525165533865
25957,45867.94614011926,9321.83462182503,True,0.6647457864502004,1.516968625395767,102.37410208921963,100000,0.03395,48431.21865585458,48482.85108078061,0afeb50a1ec52d490e199ef6b6affc7f2ac524edb7f6003dc9ff13428b779e4b,67.43294126872914,101.84923486659423,82.05424247043653
25958,10494.181481852365,2333.754751736594,True,0.993256211226154,1.0854977021040995,27.663195536569933,100000,0.38093,10721.79546173436,10733.22594633942,1fc8a6464bd828325375eb2940315c07594b42089968fcb80018f76c70138df2,25.508762095123206,27.66994924641773,27.17017471768087
25959,11901.162893030181,2893.854419168451,True,0.8710980565636172,1.285676992454908,35.41831106236663,100000,0.20771,12270.330225308304,12283.411599714293,75bc1ef6effade78c92cb4eb5291bc3443675f2b6fb9033b4105d2c394724119,27.601379128680243,35.3145464791761,33.827254120111874
25960,42932.687795601356,8781.812145639084,True,0.6751890139908483,1.2106128091058175,62.41657077494439,100000,0.1387,44842.671318955516,44890.47800077395,7999868ca6e7907e485ecac48a0dc21ccbf924f366fcdf2ddaa9d396b2b7129b,51.5058616258086,62.4775244573418,55.51356624343808
25961,14183.54490499033,2941.882701822198,True,0.9631973901888872,1.1715223679440838,34.467433039510254,100000,0.26427,14387.654092702662,14402.992741830652,c7e3a3d8ea246a9ef4d6a4c65b0b0914ecdcddcbcb2f329af1f0814e68275477,29.351173447707957,34.231815821466725,29.494226758662947
25962,27466.094547173274,4971.6907182334435,True,0.8854783782528847,1.3482811915292547,47.33727008882232,100000,0.1976,27868.389279048817,27898.099712880456,d500a099f48b2f59be7e483013837cee5774814b2176b1819a73ae452cef29ea,47.42972569446455,38.1494942781256,34.9251050313528
25963,21955.3119658395,5633.921320437417,True,0.6730279316839838,1.9211853504113967,67.52071782894244,100000,0.05576,22821.764467405323,22846.094704662326,0bf81ad7d4a5d2589f0da734b97093b979070f612de8ed57ecbf3c3917e8f63e,67.24048047467193,45.645719645591214,35.16154568582378
25964,5939.896042218758,1623.1658856487113,True,0.9771782250334745,1.1382295933736715,24.351033231347145,100000,0.31512,6049.833877374691,6056.28359311916,9130f2994f80d1bfb384899544b8a5add88fbd2238098155b8eb09e3939ad3f7,21.533066983383634,24.386703690182124,21.51523175396614
25965,8680.439058433636,2095.2471928724663,True,0.9748623965487746,1.1567341992185332,28.138089311168162,100000,0.29845,8840.375171148406,8849.79987736085,92f963ca203f5810fcddbf8b6ccdd458628721bf3c7fb6baeb432db0bf462f6f,24.32543316671056,27.959478392689068,25.232227060527507
25966,21570.226722552285,5728.4619054386585,True,0.654157866669354,2.797905992893391,82.78997615631017,100000,0.0304,22936.23648544457,22960.688761090067,6d819e5da35d611fefb8fccbd9f65c283db1fb50257938bd228fefff40338dcc,28.95425801853377,44.87152028003139,82.08254227802139
25967,5720.145499883729,1564.262296912787,True,0.9888094249984285,1.1810854930289132,24.051736702905586,100000,0.31352,5799.891576081074,5806.074828840192,dd4037e45118df68de5b098e2df764b0a6d32050099fe25d38711124692f1ca9,20.369988921479365,22.59547920722185,24.051736702905586
25968,77788.0499401983,15693.871156527377,True,0.5615166407101794,1.4380472400688717,97.14195742241822,100000,0.06687,81501.79537406912,81588.68427440611,263753651f6aa5bb0c2accefaa6a5e642d0b1e8bdf1fe87a332e9acc17549162,67.75746395406466,96.59648256384507,78.26378405614747
25969,11338.009136856039,2516.6068533814773,True,0.9698247979271845,1.2586420935542089,32.18150837944867,100000,0.26317,11661.941815085267,11674.374587829183,8e8f4261cbf792e62b655a26e067981c72192318787923a594b11feac853aced,25.668209930580765,32.22864926086388,27.600986068604293
25970,9376.365415401628,2243.8729844468407,True,0.9583162906175511,1.115470012161684,29.14699166177185,100000,0.29061,9567.689357478483,9577.88945188404,6f98018a6481d3c27940a7033406dadf3a17ba8f07abdeadf6a9240bd4feb6a8,27.560131520029874,26.122706638272575,29.12564376748832
25971,9258.014149961651,2175.6513865954803,True,0.9800315192408688,1.1950491889260633,28.22574677468205,100000,0.31254,9344.525045150183,9354.487224530627,e3b7d322a2ec64d89e50c82f700e97f9fca7cecae46e36c5fd8aa860280077bf,23.732781223634028,27.61244319486108,28.17750941447141
25972,35568.35052319605,7500.894885873882,True,0.6972901470681101,2.349096411346346,70.01052556533,100000,0.08173,37289.52181726842,37329.27610157499,51b708e0970a3dead3b3379fc5bfc3df1af44096d7f36f3f4e32c36d4622af35,67.42957113164718,70.13017245960668,29.586967713277893
25973,13021.349741828066,2778.2077777731192,True,0.963437184572938,1.0462691543644165,30.517267835786228,100000,0.35086,13258.24709015637,13272.381680747565,2ddef55b36ce94355d43503c048aaa0aab42a21c79b34e2cb9b5dadb3af68aaa,29.16127595441096,29.317736556108102,30.49491632125806
25974,23981.976506041217,4054.515366040542,True,0.9919013681031102,1.1210296064286054,37.30097177564936,100000,0.35575,24548.2563219802,24574.427168735394,b2012d7bb4145c218733e89e48d9cd3fecf6478073a978280a8787444bbf5df4,33.29403144818703,36.390303519407915,37.24633168027488
25975,11533.490967373296,2493.271309399293,True,0.9901213793191584,1.1470504630766207,29.9804575919672,100000,0.32919,11794.423209641473,11806.997220534013,9b3f0dc93b67524ed5eb066138bd93f567b64d65d8c0aefe2af5df881f03b1e1,26.07187254457694,29.965818696658623,28.68491535715807
25976,76301.31047798175,14426.238389493083,True,0.6030486524528303,2.417972680355641,111.33219394625752,100000,0.04545,83389.5233927036,83478.4247960894,c5d90df18dc6e7e64b0eb7bb1ca1bdc0cba9f9ee952a2e4f264391896170b1c8,45.05202916648483,110.62549544952834,71.10474105551992
25977,33867.53732880428,6242.075851499364,True,0.810981277622496,1.4295149933673947,58.26229290913595,100000,0.13101,34449.46367913986,34486.19018317013,c0acffbb19273234f6e3966adad7b90ea4d44d883d05cba4f5ea83fb49ded094,43.69671968185196,40.38248280494067,58.063154212669176
25978,9048.533226042584,2112.4221894155344,True,0.9940819633302452,1.1180729304544106,27.223378168302926,100000,0.34038,9130.727545669257,9140.461795964955,cad77db1b77d6f852553bd17fa6cd8331da6fad962f9bc65c54fb97c88335de9,24.33886983699348,27.289841493909137,26.405879263346563
25979,23987.37681329471,4952.0635175810385,True,0.8122438335564864,2.5509758000517087,66.40587739894528,100000,0.06504,25323.013819643442,25350.01063381064,4cea4d1933d9e66d45fdd0064b8f54f24b1896e5301d3f18769327a7e65b86fb,66.35724028170972,44.5029622705334,25.842521624491887
25980,80643.20365521243,12186.35773717376,True,0.7407222377792249,1.2463335767797135,81.3288908111239,100000,0.11741,83975.95231178003,84065.47890585856,73a3705a72c2d357f5bdc95b4fac3b819fce25b39f88c8de29b993de5a8b0869,66.1988579014373,64.55083594408296,80.87221002776064
25981,74476.78545010425,11916.472936347433,True,0.718373564759101,1.4976246326854037,81.41291132977767,100000,0.10708,76825.16830821577,76907.07146583172,0cf9a4805bc561543abdd5c8061dc56efebf844c1f3c8cd3f2100c28268e2b52,54.32165201764707,58.61491101355331,80.975634950565
25982,28637.201467869483,7072.690527225106,True,0.6400096450101606,2.3788036522590397,67.46475664485337,100000,0.07414,30269.04769833731,30301.31746928758,7b67bac2e530d3d1762b756268fb4d1c3e9dbeb8a90714db0c3f9882dd64ff29,66.11414384092808,67.51416930841161,28.42875243384202
25983,46759.49935707872,7106.758779034619,True,0.8832001176573577,1.2874762697309208,59.025602703473936,100000,0.17288,47269.53677741728,47319.930735626156,68a584d653c3c00ee4b363f2a980042ca01363795a8fd9ba4a319c888a471198,59.09765544114907,50.42250582506233,45.65261459096813
25984,14718.709061187146,3693.0952392406252,True,0.786454190435419,1.409225256023111,49.147064374108,100000,0.09648,15228.086747265825,15244.321379958685,c2a3105b5c40c998c41219b148d719dc179f978858ff359e8959168c45285725,40.42394039950435,48.331146313209715,34.60452481809753
25985,6392.385462830421,1884.628858391434,True,0.8838263073240594,1.4642124506927174,31.062472191614177,100000,0.16648,6634.152044708451,6641.224700877401,44ef3e3b210cbe13cb49a816f24d0cf9d23b903d42051215aa9d1ca728e7d732,25.61743922443181,30.9638852437404,21.26444629523588
25986,76350.16467123294,12570.16821059498,True,0.6923882468433131,2.5953209735591543,123.2235090831337,100000,0.03297,82019.09356774257,82106.53395864477,d20b03af568bff91ea0a143d8164e8e3e97659b757ebce86d7178b52302fb6fd,47.36704469028174,122.35107701198848,78.81972504829353
25987,41075.23113691887,7337.508337979385,True,0.7846130502629042,1.354162294025079,56.023263185636296,100000,0.18049,42196.230036526984,42241.21535261007,a0acb6808024f040a2c72252bcb4fc6bb0e11ab80d2c6aca6dda4ac1bca96684,54.31356887455121,56.13268362154574,41.08737368399693
25988,13781.298708369564,2910.3381367389466,True,0.9551408910440209,1.1989485825785586,34.5603767535376,100000,0.256,14050.46416298261,14065.44333460383,73b7fc7e74dd8ab75208439270f8cfe1dd8b8f6eeeb53e096f70e00d9ff9e8a6,28.772188654678523,34.484438425709996,29.945013940015848
25989,15963.261068082362,3400.336671373858,True,0.9016609948234553,1.7563058028328662,46.01687658973319,100000,0.1275,16518.739284842606,16536.349879613263,b5ba12c3439ad7e14513d12cbac5e745738c5dc7a02baff1f35c588afae5bb70,26.24399993008221,46.016876589733194,28.771782457594405
25990,13760.876826364358,3323.234925328068,True,0.8356424353437143,1.935795980810807,49.13420914872367,100000,0.09042,14260.400238745135,14275.603222795035,ccd85e2568fa1f816df3a4176316bad3daa9e1747ef1383b50933edb3a616894,49.23017440096727,25.45478315761514,27.326105576365357
25991,15601.728532820787,5730.4406371428195,True,0.5269198803551952,1.373501680846,77.38324785988718,100000,0.02791,17195.547132181364,17213.879270438574,e347a817c4c920acc0a58dc061a91ae53e567a4aa2594ebd7aee63c87fa7ee23,65.89667200568519,77.38324785988718,55.67588658278504
25992,37649.568911977454,7749.488543514898,True,0.7009995769133289,1.1585214357659432,66.3568502230274,100000,0.10141,39396.11291931243,39438.11303616141,1c7c84b1c2395d49bc99a90389b119ae78014e9548e681864783d93cc1d64fce,66.34064982014092,56.96061654886824,63.699984149644465
25993,13630.244032858114,2796.404647825912,True,0.9867789203382769,1.0355576916110592,30.495428171807006,100000,0.36921,13921.722197011832,13936.564117081727,3dbe790fad74465569bffe74672e803d786a67074345997fce8a150f657dd2ba,29.41587810224841,29.98915641504849,30.52520886338104
25994,35557.91606199266,5990.363593339805,True,0.872948202000282,1.344151239955691,53.123599274179,100000,0.18129,36136.96097400727,36175.48651551395,b490b98930c9f35ad04b789f01ac61759efda8be413b23ecdccd78cd44eac0ec,53.201417046553274,39.583306881053296,48.765804021219
25995,44341.34498707095,7425.082172278808,True,0.8159347598765004,1.9844496858694327,65.6103703123205,100000,0.12121,45516.747368842254,45565.272681783455,c0685aeb01e3d7331770ff22dad3c1f36ce80b347ef6fb1c9f244925da12d575,65.81860635090939,33.013421194749164,49.7363769091199
25996,45936.59945109798,10301.715816350817,True,0.6021163970977574,1.1890748920989802,78.0054056253721,100000,0.07713,48675.758924945985,48727.6520537617,89ff2f1c077dd5792e191dc9f92d4ab6f43e15e90d357e4b780b9bdaefaa6f1e,65.3790423613043,70.29246878985558,77.85305131751005
25997,5725.69954307341,1561.0791746861016,True,0.9914669247686037,1.1058987334187798,22.61850376103088,100000,0.37892,5829.810628935678,5836.025778336944,de3c4995198ca7ca2fcc5bf72529d9dbb5980978a4d13a62ba2afd6cbf5de0a0,20.47040855521032,22.579849091517396,22.49149556120087
25998,8391.921345236968,3153.727811917115,True,0.6332388034122175,2.2344026461011834,60.92113501661905,100000,0.03054,9180.964169548286,9190.75197700779,63038beb14d847a264d136fa379f9ad94c7a6cec91542048178bb6f9057a0be1,60.32620205747238,27.352042796768174,32.92953928876821
25999,50022.04672437953,8687.850913291699,True,0.7556941667084849,1.2108931832858143,61.01220104546404,100000,0.1729,52210.803024010806,52266.464856239734,c5f3724747cfd59b1355f6ef9d40921ad40b5ff476973af2ff6ddd629915898b,50.33208675112866,54.30920044232468,60.99730548856817
26000,27922.848087764567,6134.1809450141245,True,0.7256056977076502,1.717959468318038,65.70749315710798,100000,0.07773,29318.96701051119,29350.223902348578,c1f894ee99c7c8167bdb5a7e6731bc9030c27e87793cb90cd672e52b3f43c0a2,65.56311634108894,47.54809807560254,38.324023718830794
26001,10235.274346330358,2711.4500055084,True,0.8407796313022263,1.3280904495706618,36.2389572398005,100000,0.16702,10568.439330563295,10579.706322504966,79be337e4a1f0c53afc80a85bd9391ed5a3088ea4be0b66aeb658bdddbd8dc46,27.347318561577964,30.346587727664968,36.177025428111385
26002,7511.081580121735,2421.661326627781,True,0.7659005315152987,2.5934305299433134,40.15013962415267,100000,0.09043,7781.960322604046,7790.256654872481,59d2aa81fc1833bf14958223239d8982709c55e351b5a0ac2dc44fefb55b8e01,29.38723598467034,40.248162425969454,15.330766204144233
26003,12578.096319640637,2855.6267608058342,True,0.9159236900494256,1.2237689985380888,34.26259278871629,100000,0.23912,12787.683468995063,12801.316392654951,71520e16db4b5bd72e96909a757861c3cfac7849097b98e9c3dec8c68e51491f,34.396431041797214,32.79037200482614,28.03911402045337
26004,46994.27408754733,8078.670675337777,True,0.7795443895397907,1.4740719322988665,73.1680279409122,100000,0.09488,49414.456987705205,49467.13764104183,75fc7aab2e2cfff4049c9fad9513269cc87afeba6c2cd929f5e2db12521a8c91,48.99899918015677,72.75717231526743,49.9457534479469
26005,7122.907740136466,2069.315276799241,True,0.8651584886644338,1.5610658340758872,34.140385081616984,100000,0.13857,7331.4481032435,7339.264145339813,bc20295134b6e17435a3b9f4707d16328a975744621d66bf4ea3154941e802b6,29.156022220580127,34.12371497171385,21.754493423588947
26006,16532.114507557668,3186.126852162431,True,0.9850085453310231,1.1456502581382784,33.66448163369738,100000,0.33077,16778.657525986244,16796.545219071686,ca5302a338cd811ea5fb46b518ebfe8ef5a00e7cea1f1304fbb90d4906f65bb4,29.407108223967093,31.182383622619103,33.61516842817927
26007,11431.688889309924,2947.959359638914,True,0.8324718630026701,1.7879558603369818,41.215893047124965,100000,0.12679,11803.055427694251,11815.638641377122,30c46364d7ea71cb2f0cc3b44e4de0b72b1292e074ed229cbca0aeee906ba01a,31.43516842754355,41.11526830824039,23.12356499567705
26008,9505.204560327727,2191.867165515484,True,0.9900205408161801,1.1438971718551303,29.21655352780337,100000,0.29016,9621.433799327368,9631.691190574422,a3acd4e86f893992d0d936a2b7adc0fd2597878ccec2d75707a06ffe27581860,25.514553703357578,29.188021737248874,25.5216866509962
26009,14591.084165105209,3354.4772274810985,True,0.8608305110531989,1.369687739290556,42.543022930486785,100000,0.14606,14953.113693394129,14969.055177866578,a6d0c29fcc22bd8b43c88a003322693d0359653d14a61ad665eb74f5ca3bba64,35.61524063199199,42.646887732563165,31.09712174166929
26010,35358.56862986626,7279.54429967575,True,0.7156648957602403,2.0375687736741863,65.57987162104102,100000,0.09797,36738.38797124537,36777.55469286572,67ed703b54be7870b712a20962238106d659787865b3bbe8d7f0ee085beb5dcc,65.83604299456071,54.53248113800433,31.837298515244154
26011,28515.70639761609,5007.712807945965,True,0.9013652274523143,1.6406901754195597,56.11977220304401,100000,0.12408,29158.473555595985,29189.559345683458,efd4b47fa099ef35406737f853b6bac8924f081995e384f3205c718a00194594,34.25279065127198,34.33499734883503,55.69503759896824
26012,16531.745610035094,3164.509187358659,True,0.9917226664994905,1.1769870290668392,34.45043961888149,100000,0.30872,16782.79817869157,16800.690286118537,35cbca1b7fa9d22e799e896c85b15a786311487ada8b4a8f4386cdaf2021fef6,29.143255195171964,34.49249337818189,31.363693686232686
26013,7290.753243330703,2169.8799568491286,True,0.837972981504172,1.7988660319093055,36.35350478943195,100000,0.11781,7525.516605614515,7533.539543751383,cd502eddcbb4b935967026543dc8014fe50989c5692a6ebee19461d44faacf01,20.102707116226405,24.753399623468194,35.99849009422265
26014,41506.68027418925,10233.298659552882,True,0.5665181240504179,4.021415136002247,156.06092882922061,100000,0.00957,48362.61790889639,48414.177198703874,39d4480112ac532f71ff29dcb06c75e63fd7ec371dcce80fc139ff5fa204e94b,64.94283525131996,155.07030769895698,37.500724902382906
26015,49672.683751587814,10827.200923614642,True,0.6035496628220968,3.319827477509442,144.36065890677008,100000,0.01326,53040.229265937596,53096.77534781699,70b769fff844cab4c6a329ef34dbe01ea8238538b3d7df3053d21dc9f3c1d1e1,61.32508459418455,42.25791748760189,143.23284125906093
26016,20080.45828157623,5006.758839411633,True,0.7135808688002205,1.5808254239568031,65.3740253106087,100000,0.05706,21196.431378867932,21219.028851784027,1695dfe300fcdece07ef64b933278d34f2be3f0b5d05cfb57f0c7179cc83f33c,65.50170895379348,41.49718403505435,45.87034881413315
26017,20474.823796445347,3962.1416080090967,True,0.9134839332248373,1.172733693867579,41.21738335516844,100000,0.2238,20836.10975869473,20858.32309345533,46c212b453350812d9d67a55f485653a0de92687f976eaddbe71a6959af651fe,35.48156584724705,35.00861247378687,41.237509030634826
26018,53373.657713435685,10200.271957695053,True,0.672084197769086,1.1176980498883122,65.17209405813382,100000,0.15132,55692.49328074651,55751.86693596453,13131d4255a22438f7f13828f79a70010a9b371c151a6e10dfda4173fc6d393b,65.17209405813381,63.64462310364631,58.18709667250863
26019,7463.719494163655,2032.2870004881229,True,0.9088020361050393,1.1276194046792556,28.298681211377588,100000,0.25118,7568.310619440606,7576.379180189653,22e61f74e8d37164399a2ec3045d6453615188d7e4666f0f19e780fe50cf8d15,28.367769788553804,25.113697803554086,28.13286862615467
26020,23829.296853403503,4201.613249290509,True,0.9531081918306042,1.2542373857029896,44.168644444855204,100000,0.21319,24424.42472966284,24450.4635598062,d6e000cf58fcc0af1063c23f4fa706cd2ed1a425c06b00e6ae87f0301c309f10,35.283155425675346,43.952977235651815,35.88702361144485
26021,51623.97878046911,9310.985897990908,True,0.720094407398044,1.6571512310105219,71.57134981231677,100000,0.1098,53522.36132229383,53579.421404190056,cee4ae5e8b7a189460fc3528ba53bc202e50ac4f279faf2daabdb8dea0d2acfe,43.28179528445035,59.74180786335719,71.3616681234135
26022,27193.795282054893,4412.743038466035,True,0.9910343366749549,1.1432267593840029,39.14927621918031,100000,0.34519,27538.78145845454,27568.140498050714,4bdbc669a3c8862f00a50a891a75715090a8782495cb039251ebf66f6f988f3e,34.246058763018326,39.11104450412252,38.56624256454896
26023,130723.05644566542,23695.688304585332,True,0.5256737109565488,2.720706553793326,175.3696335587621,100000,0.02002,143563.0109706979,143716.06320832114,5d388cc9ce2e4b181d57b52cb65663cf308ebc5a34256a59d652a1de0bfa70ea,63.51583285752528,89.35459600516027,173.69985433298285
26024,63356.49021147482,10615.045599650939,True,0.7240296207767088,1.3596023812354647,79.48686341286887,100000,0.09863,65858.28457382126,65928.49595871697,00c566ac089794cadf78a21ecc1e1e92c56f855e0d85a6975cae32a43e831518,62.13792398632961,79.37042757779142,58.45078920887721
26025,45062.27434651519,8561.754985490663,True,0.7152591144848582,2.0610175424308173,80.90049019899115,100000,0.06649,46808.53985677242,46858.442347090204,31ffaf5807692148010e9050c74c04d0fc621eb1040b70baa1711053a29afffd,52.3404050359684,80.52521937043139,39.46269028749617
26026,56834.03244057892,12385.597511928687,True,0.5771731800231943,2.238996818813423,144.72911359600832,100000,0.01534,61831.29862859134,61897.21685185978,6619355e7cb1a5d884e61b9016be42321ee29a02cb56be445511ea587379c44d,64.06100657948318,121.93851831538691,142.32638417107458
26027,63319.150812043954,12149.493917237789,True,0.6323380628156516,1.3986892674411322,90.3105843833649,100000,0.06916,67730.80600736076,67803.0136835955,d1d612120f165d52c1a4c5ce46438167c7dcf9d2e0e81143942709df51e242ac,64.4918113577496,90.17829348827209,68.76921696575076
26028,27298.405031109458,6519.318562289926,True,0.672522424841888,2.3406354297584304,64.21685087063582,100000,0.08054,28357.891731408396,28388.124022821226,eeb1d3fcc91f50c971544d88e82a46d85dd7003ad2b8afc1c8a24cffc1f723a1,64.4049861759209,51.172803037537925,27.56182222426215
26029,44944.134509103045,8975.212164093598,True,0.6811165221491842,2.2707779167398585,87.02121972474083,100000,0.05589,48969.41433668768,49021.62053094797,35d0abe38d95caedcf228bad4c1ca222156c59d41e30d56a183e4efbf58efe8d,50.07544308867533,38.46482380655354,86.57506601033177
26030,36712.577633329856,8342.92264546399,True,0.640288683594779,1.2311456902042743,64.44407087042197,100000,0.10906,38808.75357868408,38850.12751291983,8dfa8e5c34e6d4a59c579870b4fdef7ab483b89f22766d6383f762caf86af9db,64.66433869077986,61.56485579002958,52.439474660917085
26031,15835.84335200814,3252.958924267685,True,0.937489350748673,1.5815298306047703,37.163364803297554,100000,0.23695,16170.263620013004,16187.502705577363,91c16f23402c5df309cf6519f9a6ac72fc565b90ac5219a71deef90785e4c874,36.38307931182207,23.526514876696915,37.21780332595864
26032,8565.178239001885,2232.5181362876356,True,0.9068039407578496,1.8300290755461124,37.28022480942204,100000,0.12757,8788.189740669073,8797.558812098918,666245aa4024421dd0635739bb208df5b7cc04c3f75f6d1c1bcf119f6a5cc563,37.2529199572667,20.22379382972065,23.281937271118547
26033,10886.946895547719,3053.8216258084285,True,0.7778774728063311,1.2297919233082997,40.9564210341733,100000,0.12302,11237.171811060507,11249.151737356362,f798e840b2e4ee114f3833aab6ae0cd91c9d93dc53ed5374f1331de6f71107ba,40.87642802434093,40.93642278171521,33.08710869191393
26034,28104.25271320068,8844.06838039669,True,0.505452164517303,2.593499738575779,97.31215388377453,100000,0.02527,30961.486193961908,30994.494172201466,b1f7c67637187dad8b51eacbba809dd11c6b1045c4e69e6b8710f231495e8463,36.67024158193506,96.4568712812804,85.0531032480256
26035,53064.847999753256,10256.772753949488,True,0.6658013539816676,1.044369208907159,64.24960939983633,100000,0.15651,55191.076917406885,55249.91601364713,d1c125e69a9b6c2040a02e5c4d1ab217ae8cf95fa890a76387650e03d93b5e81,64.21823752024657,62.163379407117034,61.17516520003947
26036,22381.162151745502,5757.049860119905,True,0.667122962679563,1.725230649158008,64.2792113205006,100000,0.0671,23694.603205936026,23719.863974818913,97e2cdbf930eef1e967e9dc91956bb5cc85382a54123e5463278d9a97a24dfa3,64.16935915271654,55.31841306268667,37.33404387975364
26037,7290.284220190799,1893.0742076281697,True,0.9604603910566754,1.1779945008251855,26.19304518527198,100000,0.31044,7417.387239236286,7425.294900872854,9885237c0f8fe96de538f4636be2b7f40967ffad045d4208d000840967f482a3,22.1579349528729,26.180255612427608,25.380907309654418
26038,59167.34630730167,10384.798154295411,True,0.7070890725549293,1.1979848007307892,66.12563452801226,100000,0.16098,61886.62258825963,61952.59979229032,bb3f2aef5b98d6e886cbcc135044fb14fb35431309896602ca57ca9571d43dfa,63.72018542042588,55.050882260869585,65.94805103684817
26039,30058.592476233356,5601.1040232795485,True,0.83468558445514,1.1470772758499468,54.33416718121779,100000,0.14649,31242.251543243307,31275.558844857773,b102b9fc84fda6c7d5ab90eb9efbb5a8038c2165abe6b7a9d88381bdfb5caf71,47.277092732876035,49.744415754288745,54.34743235875227
26040,54836.09939956958,10330.303381725567,True,0.6756919605672828,3.2182748915324684,107.94519237052157,100000,0.03474,58097.176936144715,58159.114219777526,0dff397f3243ae792137dcf18fcfdf220e1e0999e790c9cb5ad6bd370bc03d04,62.82747524690514,33.49568835520823,106.57479442050519
26041,37920.45481859151,6775.813914636921,True,0.8055732054788444,1.4246002191500968,56.34263366737784,100000,0.16391,38979.13371439054,39020.68929054671,5516ea871acf23f68557b70e837b3c2319997cd438d88d8406af442976a3fc96,39.62966982317275,56.040012099828445,55.187169500371056
26042,21836.739117812092,4209.0034360026775,True,0.8976286409083551,1.4474241859774215,45.498468677266914,100000,0.17852,22355.918613744583,22379.752213672728,882756268fb06fe6ddca05c733dec90c6c83daa7e8201c73a36e3fcb63b663cb,45.63176497221984,31.302413264779826,37.300746537661695
26043,30938.694319041384,5771.126948817026,True,0.8258315764368144,1.2046842159970013,53.508715803177296,100000,0.1563,31838.15289781403,31872.095488665633,d957f725023a9ea1d363e4d005668bfd36fecacc1fa55dda497cefdb328bd046,46.96382649229062,53.33888833602854,43.998377642846954
26044,92208.4867488629,20190.013789962984,True,0.4888715589886513,2.643252181556219,168.22075461106087,100000,0.01554,98356.9485340689,98461.80667933311,ac8479cca0f1f5f378bf7cf861bcbe99b136fc2d841d6607f9cabff876746e35,63.637221501425486,167.6047118085301,84.00770350510865
26045,89071.45599649298,12668.325135065015,True,0.7613609959348964,2.832105697760435,94.2172920805333,100000,0.08357,92930.3467400904,93029.41959608239,a8c8bbf6795ab730b93ec3a7b0d1798336710823c72c4adf35a958c4317c3be1,63.64727714522354,93.6652376347489,33.03125767276509
26046,122216.11774065923,22203.095285367548,True,0.5364010151652558,2.9124354596861517,185.12647918873725,100000,0.01576,132946.57078418953,133088.30485625498,185b450db01ddaf02c0627deaf20664afc4c6ffe1e9fef86921ea5f6e51c8832,64.1569915059601,178.16615746142634,184.2225413020735
26047,11939.002428750124,2904.1698172433216,True,0.8698428754037167,1.6552661426007669,43.967494364313325,100000,0.10933,12355.20055653522,12368.372411030849,2f6e38f71d532bd187889c4adfb32d8d4fe5cf6421e90bab1d0db3aaffbed63f,26.717552117376922,44.246584904711796,35.22981359953035
26048,26465.54978059321,5135.844296452273,True,0.8362309215724311,1.5367613111112997,54.2319332647717,100000,0.12931,27422.855345035892,27452.090796035398,48d0eb2c2869f4417eaa8c3e88ddb5c5487666c2a1fab8647581695b6b20359f,37.5227780450105,54.112771302031724,35.0998181359643
26049,66647.98176548997,13360.757579387951,True,0.594991884484423,1.65269314179398,85.28934008293848,100000,0.08563,70635.90405732061,70711.20885275096,363a4f87e927c0f071a91ed49cf741a2991b5ec371b5d3d406d59bcb468b1148,51.660852721135356,85.31016267573216,54.55519311945771
26050,5680.530832266554,1582.9389919303803,True,0.9726260452710149,1.126360600914509,23.60034032428588,100000,0.32988,5765.355405476992,5771.501839293997,5dda7cb468f390686fed8c07c07ef8de7b43c8f948e1ade2854a4fd2be46ad26,22.20598427973579,23.64067293714477,20.961435082947276
26051,38223.34280027169,8197.120990484982,True,0.6694352176928989,1.2097055127926784,59.620612018283566,100000,0.14031,39536.04440064761,39578.19369816774,3aef35d61e79006826ef07220a963d3d685368764d093abb5f7dc22af91dea27,56.82589582992652,49.329651887198004,59.63516783176459
26052,9940.236438396323,2387.4868970460398,True,0.9364277408490008,1.1682200932074538,30.994516570190005,100000,0.25874,10243.148671990337,10254.068872214308,c1e8bad897737051923069ede7ca26cd20c1e7b54d47bb31d086b822e3b442a0,26.575376512330884,27.13533604021029,30.69183574430924
26053,29351.859702374946,4647.615182828988,True,0.9900969240638213,1.1412605725905962,40.36615969654639,100000,0.33926,29668.819162077452,29700.449030590877,090b58beebe96f7e9f7e12425fcd0df804b4349f40addd9606b5d4620e6436d4,35.428794948506905,39.23283245897245,40.464709891118034
26054,25503.286719696032,4446.329831008174,True,0.9423521325812483,1.423049710038884,48.29400884539311,100000,0.17429,26101.62485470233,26129.451744530023,c911c50f67f72c54ee4977cef67b01d0c4a04cab96fac5470e0371c74d6ff4cd,34.25148820699877,33.87419126289414,47.88134031277866
26055,21490.875990284472,5902.243349640966,True,0.6333392815556631,1.1480406476825933,52.11395014410337,100000,0.11907,22406.78952679971,22430.6773601061,0e25961fc04a924dc8a2f633ccaac57ba3f1a16c7141e562648bcdcd623b8e5d,46.29947865585746,51.91038002635296,45.421582523058845
26056,14853.31400808467,3095.1004456120363,True,0.9441151172121339,1.4001902238268076,39.437115953626005,100000,0.18557,15133.469696951486,15149.603458597056,63ec83447c4dfd075e009fab7b04eb84aff097b4c94ecd279bac66831db60d58,29.173452475460643,28.14323484678926,39.53339797499716
26057,26657.929415980398,4920.269264916603,True,0.8770941138856085,1.8639360323368679,56.11574311145506,100000,0.11582,27211.533529111523,27240.543690347553,47911fdc2ed83b652c7ca7ec417a0994f9494ce53b7ad3cd69cbfafa3849466e,56.1431433766462,33.400923267999865,30.249892771018743
26058,75483.11399937644,17969.420309788857,True,0.48067322323686845,2.226492325468778,118.28476058321908,100000,0.03801,83637.21379414079,83726.37925976599,cbed5ae2a236332106fb337e18765a2a78b4503a839f9f7582c5b465d047bc39,64.0227817902824,115.94563323770132,52.73143867796828
26059,26344.87002508173,4499.160919647697,True,0.9516632631613207,1.2580320177235167,43.37958541102715,100000,0.24622,26723.591209174945,26752.0811760838,b27e63d30f1a5f687b0dade80f22ba11ecccac88b16e8f0287715642e45c9253,43.30545037736574,34.54692568622328,36.220259303152545
26060,26287.54859990931,4575.397892548403,True,0.9344483806492032,1.2764443225490754,43.28124061105025,100000,0.25155,27116.81797687729,27145.727162053347,2742846257cd82f108926259a4db0a30d49539257342d554056efcbe9489aebf,33.950836446119254,43.15444010144756,40.79806396466431
26061,56282.84734913198,9329.033185935314,True,0.7613158297742015,2.405423519595117,96.0388356690446,100000,0.04943,58216.56418918051,58278.62875132393,176f991ac532cadbd00960e9ff40093751bc39ae707ba4817055181316a8ef32,52.07574561058303,95.54644906038982,39.34403472965255
26062,16529.816976912993,3168.974577497617,True,0.9902482098493112,1.1035859381312245,33.36538805056412,100000,0.33981,16781.856280186235,16799.747383457106,bd518f03035193cf95c08b315605dfa50e6687c189e806140a05ee1ec89c07d9,30.139632760519348,33.446846517484445,33.05584587626689
26063,54362.6757096188,9088.21102616921,True,0.7636123400960597,2.2257136100730794,87.55551970866995,100000,0.06459,57640.95623004493,57702.40713769937,101eae869e4ef88f54a478b4dbc7e91742d5377ec73e9030d4eb18532701e789,39.47052420460427,87.0852508039847,71.69463210519507
26064,43942.30759135817,7499.051607420546,True,0.8030323146338234,1.267387667596406,62.242284420955514,100000,0.14025,44965.015028515576,45012.95214071703,29c3adc6eee0082fae1ca466e0b7ff87a051b03b158e6621c425c1a159f35a53,62.45502660403494,57.166863767488934,48.42923839101202
26065,35176.843042712746,7719.731425868014,True,0.6725426651459635,1.3352123821744488,64.08245678239203,100000,0.10384,36332.6806002824,36371.414798089514,3ffa6e01126c7ab1f8cba0bb6857e5c2f6bdeb4d9d21a300a2c918fab9116947,48.29651955254985,63.972940865039305,47.43603734477847
26066,12855.894673087978,2690.416484243476,True,0.9864297149002514,1.1984459629570456,31.396762846064068,100000,0.31813,13091.051905756776,13105.008249897724,df3f7df781238ef07382d6fa83c0f2b23cb688213989acf8823a8d4e74f113e1,26.222735765719037,30.30063562756134,31.32777581832613
26067,47294.239205062164,6409.813762371682,True,0.9866827653290624,1.1226513096694744,48.24791148191278,100000,0.32161,48026.4407009166,48077.64159287792,ff57658432689236be13d5ba546471a22dbe3b0f9a9a26c7a4d0cf1ff616589b,42.8294448604089,48.10656017874311,44.92615585742563
26068,26029.7193233545,7103.515073466446,True,0.5979393590519864,1.9910150944526912,88.19254410499778,100000,0.03103,28300.407568078816,28330.578575740587,d2ffc7be1116f10a0d203dfdfcd6b71087a65754d0699da202f62945733c4900,62.22569640220791,43.98861513830823,88.06335580796897
26069,43109.895369886566,9661.717584937809,True,0.6153862168948552,2.1222351307408402,112.48410808529022,100000,0.02403,45471.84538528185,45520.32282830856,366b8b4040a6090b5741bec68eb81cc741b0e694e3dc9e221376492fd075bda1,52.80931148633131,110.589234194205,105.64608491311316
26070,23186.52032378864,4680.304913201258,True,0.8401697264696832,2.1567892716049086,54.8844914900979,100000,0.10951,24072.323711953144,24097.98716790878,f250953913fb349fefa7b1b051fc9f8f921f0f40b4e7e72d391bad309ac97861,48.345518871160465,25.4457151708242,54.7370966154907
26071,25508.906648403998,4294.422863195903,True,0.9758293610451518,1.1936996660283272,41.42431869344084,100000,0.27477,25968.73163101133,25996.416843640185,ed41b232b5ec22c104ead657606e77b5c27c049efa8312fde749b288f594e575,35.86197121263213,41.25239158948857,34.60791468968617
26072,20261.58545349952,4633.576766567885,True,0.7756814023245024,2.191677648734559,67.36106271072757,100000,0.05309,21575.199357039382,21598.20063373618,2cbba966e83a36776cbdf61b0e79d92efd5da566ce6310abfb6faffd1e40bc8e,31.20547277675917,67.26238927902239,30.481867610921277
26073,11037.886021597527,2793.4317254370653,True,0.8582292923522483,1.755871525437347,42.96959647080483,100000,0.109,11498.087922525094,11510.346010963272,1e50d61f16f8626e1e334d990276112138c63c0e220d96b65269c9960cc0d2ec,24.548060483809405,29.363256963325856,42.73880273976047
26074,7587.19044317106,2251.094291828094,True,0.829489885202062,2.6881903953167896,41.915192567134284,100000,0.08011,7843.617929287821,7851.97999460689,a267809e1880447d758bbc42f07d298186497c34452a74b40c61973bf5f61306,41.853793359272274,15.702847410709854,28.724596078111798
26075,9773.353114745978,2569.5091491062412,True,0.8603259372379692,2.106368438188338,34.022549285086214,100000,0.18986,9941.440870479657,9952.03942062247,40106d7d3d807874fa0a5bcb1480b83935a53c2eae5c39883460150ab244619f,33.29159607778944,16.0685111308592,33.8979549883879
26076,59954.89628526128,9516.923911604643,True,0.7784020387309956,1.1658376247717368,57.491164414491124,100000,0.24875,62846.58817079908,62913.58879220906,d8db8b6d4ffc4b34202921052abc8872aa69dbc73356d61a88aecd713fdf6281,57.74381113310949,56.01739188921731,49.20996641533347
26077,28654.333700784337,5059.10893345966,True,0.8950974155911021,1.5339526382577438,48.134253630668994,100000,0.19534,28964.71176732292,28995.590988357133,5b4b2b2eab5c1b6fdf651b29e4095ada799696a78739b43dc11237ab1a36b198,47.7111986671182,31.15329745481042,48.11075057713839
26078,42240.89072410902,7418.214566209761,True,0.7906909693756379,1.0796995707700967,55.28107758981055,100000,0.19458,43706.19519816201,43752.79028507086,cbd8534acbbe466f529a5bf40468b2c5e633c34e615d0c7ed1ac832568b13f0e,51.151192398774896,54.13388725896732,55.15961037830951
26079,76880.74896871299,13411.976752597508,True,0.6519331569081566,2.2833013586983686,119.2081817867535,100000,0.03565,80295.83667521155,80381.43990540206,0dea3ad37de6157aef319cd2bb370b486413ac35c08583d5e4e1746368f0c9f4,51.9644063916622,118.30597142655104,69.17916213552564
26080,32739.598397055863,5377.734658112451,True,0.920308965884011,1.4292628470141027,53.131530692046624,100000,0.16804,33510.81252606216,33546.5383359836,79bfcc8bc2ec74cfb84b7466cc30ff3230b17d0f6ff0d118fb0ea184505c4a2f,41.49603678805106,37.059761520306935,52.988843475832624
26081,15892.800262640289,4319.172866700031,True,0.7077564270257656,2.8602972592992977,61.4994134254913,100000,0.05538,17126.99510748734,17145.25416256872,cdbbb460ace53c69dc6c57bc427a95fc3ac9c86c092d1010ac733fe42fc839d7,61.3642828784138,37.83655318169875,21.425698964398457
26082,38487.627216725064,8032.979778868255,True,0.6862592464356048,1.9445422426818693,91.26332584868953,100000,0.0413,41740.17134926888,41784.67046210154,a4ae6c684cd5b2cf45f31c9f5556a1db107c5722c81b1d92c4a9c12f1ec2eadc,61.228422712939164,90.79542305503169,46.34465765753766
26083,20909.18642393634,3740.246615375946,True,0.9813154632791222,1.1040555609135323,36.34554544282648,100000,0.33084,21119.658236832256,21142.17386205584,5a72c4b487f6118a540efae6cda4f7dc4663efc2abe18e156ca4138a844263b9,32.769555498134324,35.15650660265588,36.38103913954799
26084,29544.323433058336,5851.203498137938,True,0.7898687911304043,1.2041007053776416,50.753952315174374,100000,0.17434,30305.53429942649,30337.84296866889,85e6ddd70dd2276000e04ba50b7678bc8fe5db794cedff2ac95ca42f910388af,42.05539896428267,45.128392170865496,50.704387908616596
26085,18290.485187901748,3424.6708319067097,True,0.9802769111651533,1.1989082826445825,35.41778796329298,100000,0.31505,18610.544785873837,18630.38545028738,9dcf98e4ca2f45d798f12189aa560cbf9381a81d58880d57e35aa112307f5141,34.760621975692814,29.658938650902083,35.1929680201666
26086,5948.121074374739,1598.98151134637,True,0.9928734152718668,1.1028095682851295,23.67326625139197,100000,0.34172,6027.819611386368,6034.245857766087,a101c4d58232f1d11b7592d46b2e77ae5bd84bc1667d46916ac171bbdd1604ea,21.3845422681031,21.69664099309703,23.742621523612847
26087,5012.1987070730065,1430.9744389257717,True,0.9897779361696305,1.191269440323585,23.109338415490356,100000,0.31185,5117.0962681908495,5122.551594243744,2b37e8253bcca1b3a51d9ba6ee8a0afbe44518d261334a222f1117b095ca393d,19.396949578236296,23.047277203925322,21.286995566807885
26088,6537.754524536883,1958.7651673244293,True,0.8632186711136242,1.1012455952938922,28.56945771000974,100000,0.21473,6657.543556841809,6664.641150654862,2015589acce290069816b3e0163d3d4f5d60ad1064ce7f3bf7270330972cc5a4,28.541557848964807,27.88591111440892,25.891071049696325
26089,5453.2592794505,1507.6326659083245,True,0.9937855639900973,1.0701254517176868,22.54614635500022,100000,0.36102,5501.2772017866155,5507.142102361116,a24aaa46fdcd52fe4015069fec7f97e23bfceac07ac4d6eaa9f0ed09743b97b8,21.059950184138394,22.441562180013648,22.513119773425515
26090,12915.389570081781,3061.5443329476893,True,0.8695246777785514,1.2777944623487607,39.875951392129096,100000,0.1576,13286.319400200651,13300.483918625196,825a0ca7cbf9af420a9666ed7daac644d40c4dfaab90aa472360fd5fff5ada36,33.13909632295104,39.6130972203548,31.094674986928794
26091,31170.286298427196,4823.291816438126,True,0.9930423736882901,1.1164955540933232,41.27401695231356,100000,0.34006,31790.77144257361,31824.663520150974,dbd2e60238035d57bd401267112ba389de20fe631fee29ea077bd45595d10460,36.92089797687423,40.125277222683735,41.25386362372356
26092,23105.384828298353,5875.835152387777,True,0.6676619997653167,2.365545935184573,74.51971375714996,100000,0.04458,24528.381925478774,24554.53158417978,5f00f4c0012e8a42a3dbc3243136fcf5a51eaa99368c51ac15cfdbee3e62d374,31.66542035994128,61.43873861276743,74.28320099376056
26093,62051.18226206774,11833.210441343519,True,0.6405429321020819,1.8956389127832423,99.1612532982005,100000,0.05044,65390.76242397386,65460.475384444726,17d0dc717795065e3b382d1c4d0c0891203c33c1811c0ca19e6b86af096e5df2,52.1710207171929,97.8539516189762,68.0038966100208
26094,12421.921218866619,3247.912588899513,True,0.798617775311009,2.59962000266352,55.91544079216854,100000,0.05502,12788.839773913478,12802.473930307717,f8c49642c62b9b8dddffaf5635f1852424b5f958108f71de5ebef7c4a67ac0bf,21.35735037093449,24.046642811378145,55.35574033502037
26095,5267.824149318761,1473.308343282179,True,0.9937519384969438,1.1124730581841367,22.589092072527563,100000,0.34899,5348.409003470863,5354.110931566203,32573f65843b18892adfa0866a905e6db31fb372766d260642e8d1260808bd1d,20.339006729365636,22.572547327357256,21.304116864300287
26096,59227.42628567936,11414.283541097044,True,0.6437501972627856,2.2077524594494258,98.45734865229466,100000,0.04936,62637.56439372339,62704.3421753045,51e36ed3937231e85c637c06eca8131a8afa41011cee9c48e4fe67ad762ba602,61.87236704858556,44.505317634209845,98.40927377502304
26097,5363.024333695935,1655.8125145940937,True,0.894841551561826,1.965945652647672,28.072347597814243,100000,0.18655,5487.148999539254,5492.998838065719,c16614ae11891a51323e6748f16201a36b24dc933ad1e80e4a19eb819e68d0ee,25.077324184668534,27.86673958318181,14.365146622319006
26098,67239.53110237017,10255.530391929762,True,0.7797267779141224,1.9649881912560532,94.320713153166,100000,0.06354,70889.79809855309,70965.3735699108,42d942b67cca5dd2f3c1b4b6f32af313ad6328e4ea09e8a6190cc4cda056881c,47.92026466595178,64.98365539995959,94.2055755638677
26099,21628.057714442108,3881.122495746373,True,0.9672493671298699,1.1346979698756634,38.33346260143365,100000,0.29397,22016.712154340014,22040.18412694315,9ffdf2e786a30ad69278507a90410b372007466b562478bb5298eebd9b43e9e5,35.151485725338084,33.766389908684715,38.370897623505364
26100,13813.431493287471,3322.90108566003,True,0.837852872585037,1.5468725894158446,42.02035507681845,100000,0.14301,14107.850929296328,14122.89128083385,42c9f176c77031e63d14129dd85847f68f8a48e4a2cc94471a8b6095b43dffe4,42.08190833132551,27.298868373880342,30.920251514045606
26101,20922.74700134505,3886.242135350159,True,0.9448584195375146,1.1194380188215707,38.27959217747825,100000,0.28553,21294.573868255662,21317.27597068255,5dd19d8ea0551fbe28fcd52ece51e19cf06ee5cad34cc3824b37afe923b247d4,37.391759839377556,34.05537936883075,38.186136141888696
26102,47011.75679050607,9256.672405802765,True,0.6805084944757224,1.1215943195155067,66.14226984654016,100000,0.12742,49021.90531056414,49074.16746534627,c3835ed0c17d5746dc372fedc780c541bb04da1504cf3e0325fec69855b473d2,61.44319745265756,57.97137420631816,65.75471748415809
26103,20934.68943816409,5383.313179681423,True,0.6823577997475619,2.130092898597702,58.07235836519631,100000,0.08322,21669.625380562607,21692.72732465341,46f81e94d2cd6d660eef63bb31ce5716398059a8cdca69a4b374877b567b5b47,27.14343996342,57.831335393465764,49.168686233032425
26104,123387.6966716101,24368.036699689746,True,0.4918637567631952,2.0296561532275907,125.26349645553327,100000,0.05147,134506.43420808768,134649.831247416,b6cfe243e1a3637bdb0413137558e2b627bf6da949877c5d81bcdf1f7406cad4,61.2402713994642,125.01884118901856,109.51381367364858
26105,31278.483244219115,5015.565716768318,True,0.9571822932170413,1.3269249014649585,45.02560599575787,100000,0.26294,31911.75288085377,31945.773936499456,a575dbd3bc3cec7347e6bd39bdfeb8d02b9c3e2a671cf41c5669b52fd7d9050b,33.92310061106172,44.937665359047415,41.27713635597432
26106,82269.05704706286,15512.657290108766,True,0.5896879765237436,1.6797513087289362,98.87359703211419,100000,0.06802,87416.40287352532,87509.59732503691,ced0a127eb1784b29d8971a2c01fe2f45cecca35c755f6d6d820ae5f814d3a35,58.392390434737365,81.30036005960952,98.12528611707621
26107,76477.971595925,11773.850233058762,True,0.7400422663726646,1.6440549454875437,97.52215609927109,100000,0.06496,80107.13529028877,80192.53734631189,d7c0a1a6661ff8f5d5c10d1499206d4e460433980ef6c4026875224801b4e301,60.308501318225986,58.618053788184916,97.28406489785684
26108,39996.10851665566,6070.935604348173,True,0.93162326104826,1.3667984366498485,52.37806964457667,100000,0.21651,41365.82858722184,41409.92861398781,f9771e2501f4997d64cb2dc1046f57d78ae4a9512a6aab13f17642340dd539ca,43.70806690555739,52.147892580708906,38.388419207280066
26109,68133.7596377083,10145.394829530092,True,0.7951640566838722,1.524583797114987,81.18068233344968,100000,0.09916,70535.85119878393,70611.04932806277,3ce95281395d7d6cc03eb81b001c3837ba753b964c67a0bca0a232e41da9fa5d,53.215364273757906,80.88338979560746,65.30526081267497
26110,31000.56985272856,4982.5586546428085,True,0.9578073292315092,1.2100726577949588,45.420580397616845,100000,0.25288,31505.604933770155,31539.192995905276,65c6e1af1ea89f95ea35fe759c7afda70123a42b206239c7677e29dddb4a606a,39.13311235917722,45.464936433161384,37.73589723952395
26111,57918.96635821811,13408.010913809849,True,0.5399252501355634,1.5046856753898956,91.27335937610368,100000,0.06133,62004.09489566217,62070.19733668386,a4099ba3890bd8794f51d86d337706819a59758f54b8a32b172bd1e9c97b57e0,59.920425625571966,66.7169038017711,90.93910635104473
26112,14914.46182321453,3673.055804543885,True,0.7977405270091045,1.6367624161677565,51.10725425530288,100000,0.08763,15553.056886345787,15569.637969051153,d589281177186b0e965359df36ac9e478fe6f95a679acf184ccb33096f6fcc73,50.89513918637218,42.223376074205305,31.180915132812963
26113,66971.97609543784,14069.978962869533,True,0.5668299014337002,1.441313961456733,87.25219984507049,100000,0.08007,70715.44625651086,70790.83585172001,6e20a3ce422b79c08108fcea5ae9a73ef19ecc2f9ef7c927f40033f88594766c,60.39062171893917,86.9965781658369,80.30781089255757
26114,14204.038450849775,3907.777405858731,True,0.7258198920912374,1.4098375220983137,44.21161214047629,100000,0.12837,14749.85995997768,14765.584756053226,1db5a4090f7e12d40281a3ea07f210752b9767c3e8de5cde794dd2c42d1432d8,31.399311454259163,35.770820955453715,44.362726049159555
26115,18377.196526803076,4721.802308149214,True,0.7132292805466284,2.306023514946607,62.51559221628936,100000,0.05847,18993.869264188834,19014.11859005872,a28c418b8a129ad7c7fb4faf6040b232ed1e54f10d5a69c5181b07002a93554d,26.808749445291085,62.164552513902976,62.54611740780122
26116,9801.90575795209,2234.02731590233,True,0.9914465987047116,1.1282435600251537,27.661291500010122,100000,0.35345,9946.279238102761,9956.882946419582,ee40992fe6ccc8dda3faf0ceecc4cbbc7695a7f2cd4c784d3f0a2b14ccf04789,24.534539067269723,27.33038249524926,27.74233043995156
26117,36850.400412466355,9740.45622501288,True,0.5497935405340066,1.1773241409088433,71.15614686117446,100000,0.08103,38814.894397383025,38856.274878333235,388dff58f750048eea46efe4586cd5fe7e849e5fb5aaec881b04ff34b2fbf695,60.402813143628805,70.89556526866528,63.94672280175372
26118,16306.181732104926,3148.0723987868078,True,0.9878119256550267,1.1756273620959474,33.37888226067733,100000,0.33458,16543.6238604171,16561.26098458379,c9ddeabe3564551693c98e9ac86cadc4a3623068a9cad07bd31a815112c3ff4a,28.497546695700347,33.33813655479271,33.28924170773118
26119,22143.23511206488,5293.300479717895,True,0.7204186670947654,1.255519776596021,58.40374943341358,100000,0.08844,23425.357243384125,23450.330969687166,f7e8f9127342a0826465844f77ced2df46fc80206013a85dea2f72e4e3dafe74,46.61178146919653,57.53396703218355,58.232644698745375
26120,49607.900206149854,8388.936589620685,True,0.7782953623629469,1.265021810645485,61.13444880742452,100000,0.16817,51088.344364612436,51142.80954591923,01a3ba5629b7f4e732d7cff27640dab5e242b7179a9a1ac7dd250e7f3cdfaf36,60.89564236677052,48.19412480448578,60.97026937947489
26121,26276.93923801959,4784.239163213333,True,0.8934174427193268,1.3684599713726298,48.26858223461571,100000,0.18146,27132.501540352503,27161.42744574408,3f680ea2b643030504a170d6fae3b1b8591758096c3008807983bf65f26f7b33,35.05835745800334,38.27547731885542,48.11538605076561
26122,30061.327319558623,4792.968753723702,True,0.975479832429925,1.1024655954683134,40.0757033680642,100000,0.35746,30590.474449662557,30623.086893026782,c587619b0527449ccb5e58c4d98217b64a78298b68382ac715b60cba8440835b,36.36752671364615,39.61585032648729,39.94850997358547
26123,7967.155598506768,2008.1368294754836,True,0.9606378390078631,1.3859190684270277,29.95651394304727,100000,0.22829,8159.734130604085,8168.433206770396,89f08eef3144c13a8dc04689b1a5190914fa4b52f1dbaf2497f22f0e2979f378,29.92725953489976,21.67020283526588,24.902814935565416
26124,75066.18729340222,14520.6321232402,True,0.5926452942968293,1.298839003104246,78.3066231250779,100000,0.12572,80262.95813849845,80348.52631694706,1d28983a2bf1b64b17206f5782c78e11faaca51597d2af8e268a6fb14c1ef49d,60.182922265074524,78.4022122646349,76.73896123634344
26125,49497.55791969093,7372.771653855936,True,0.8842516037351871,2.3098218790794225,73.6748981450816,100000,0.09662,51373.71441044146,51428.48382418089,58aa680f216af9569282cb1f130469edfb55f831a39783c3312faa36d5e9b876,40.704661743730384,73.7828203591613,31.819066117834314
26126,71436.7021520848,10023.567503768703,True,0.8306334248317425,1.0859152421538476,64.23586923540438,100000,0.20985,73953.22048021795,74032.06186002328,1ace707e1a1a0b367c1624ad1047b7fbc75b262f345eda0d8ac194fd5cd9473a,59.20175936612586,64.34564733224222,58.778329564037016
26127,34225.95036148487,6706.213224037319,True,0.7601695063637937,1.3880804400680655,60.41611976403992,100000,0.12212,35806.393889891966,35844.56701449428,5bf5cb0157d16582da21148d83cf2789d86fe5ba67a7aa14f7c5b84abf696e96,59.89986874066557,43.08483540790054,60.44561982251845
26128,34840.16912037034,6469.2409634384285,True,0.7974148141896186,1.6720876383890577,56.094054459668115,100000,0.15382,36097.62293044253,36136.10653373997,635580f2f43cb15e4ebfee7c4e7d9c5dd4e2be02b83efc18f5fb3b9f8c6ec1e0,52.1499412554727,33.57974158571929,56.06666478463898
26129,33300.397564055726,6317.4801940424295,True,0.7923307561945324,2.025857579641903,66.86630492054826,100000,0.08558,34018.061119605234,34054.32770623332,a7536c94943136c717dc57fabb3e31a6dfe0c8ba45244e8bacd5508fcf44c84b,32.535289479163254,47.521438872977534,66.49083494662916
26130,16056.201657861277,3119.585690644638,True,0.9866181053893202,1.1475969095667675,33.80380882382097,100000,0.31567,16212.333263801285,16229.617199728384,33755222e86bd62f7f36d253708cca4d7b8bd4371a01476314d7db18fdd41ebb,29.3885164115299,33.077555118621696,33.70477422765744
26131,26652.27645401382,5994.7434094753835,True,0.7197854529080745,2.034444901495969,57.32967357272557,100000,0.11137,27901.138709736388,27930.884057670297,aff0c3212b3923368e03750da3eb09904142ea498678e0ad4ab03de5f44abc2b,28.36391198611532,47.15421637366026,57.203705051691756
26132,14245.63317208885,3105.1864374977436,True,0.9152033795868899,1.903825717520086,44.31506335173266,100000,0.12739,14740.247059176369,14755.961606957664,da6f6e1284cbe17fe5a2957e859fb0874e2f3187a56c58d2f39cf0efe514717c,23.423367225708304,30.46660605431621,44.2068722790966
26133,29223.940217158048,5179.597523336725,True,0.8858236896400538,1.5187654143304954,56.29496572061555,100000,0.12659,30027.790593462476,30059.80316069783,d0543cfc3eb4fba5986a74fbedda0460c8f143dbfa9574cfb41a55d80e0775f9,39.719836653461655,56.2537340562694,37.20470512834626
26134,24558.96950687048,4679.512043998964,True,0.8731529286542853,1.573491335552144,55.426888267977404,100000,0.1123,25424.74174861828,25451.847014726223,4ff9cfc719bc883221366f7712614c64429ec70f30363f685b9177f051bbdb61,43.09927713220411,35.264275104089144,55.16978112024998
26135,18895.753397113935,3914.007945377888,True,0.8765403169982111,1.229091528936378,44.22410768209677,100000,0.16921,19458.912427705785,19479.657535158174,e6882a2647a532405c08d8b5cb0fc9d832247bd3a02a825ec2add8799fd73431,44.05135726146358,36.3639635432866,35.74854016978086
26136,18636.65947535701,3999.2043114941553,True,0.8500071505707234,1.5487818667703483,46.39865664315454,100000,0.14469,19216.31188240939,19236.79835390774,53c87da7f053e0f21399e353aaf81def147b737acb67888345f6b3bd7e18774a,29.599533644668654,46.24006748470626,40.6441357508883
26137,7075.467899150409,1793.5835031280253,True,0.9937244306030485,1.125682392327406,25.248739638615035,100000,0.33515,7172.550873190936,7180.19751526946,e8bd10c83ebc92ce2ee3c146085cf98404591a6cf51c3382874f1b6ac42ccf4a,22.462501768338182,25.217918423235865,24.200818315723296
26138,15994.867335421644,3260.366776521253,True,0.9416107912226275,1.5517912254114836,39.463961568637245,100000,0.20105,16429.389191978302,16446.90453079443,f8a0ce97697534a99d584961a4a6d98c2c85da6f0da583e5a1f51010d38f8bc7,25.455025992270414,31.100993150283454,39.47359632487958
26139,30915.97910536658,6177.905187601703,True,0.7710778403793367,2.083907600019365,58.32980863273194,100000,0.12252,32329.12456512355,32363.590579883443,183077c99cd72c240bbb7c4b5caac5e17b8456c7de5a71e0259290dd5c5bdb2b,48.71735237611718,58.529178095832094,27.712355370921962
26140,66159.02024880738,12456.374114117893,True,0.6350655062479788,1.704917892344499,101.16766071981652,100000,0.05037,69344.55674978383,69418.4848424435,9feb6e02590451e98d4b3a80d222ca2f651c98e3e07accb72bfbf8627d972f20,59.524917562196734,87.0150558388461,100.69837713737599
26141,7439.01872042786,1857.823160385531,True,0.9919509238324359,1.1385785212115296,25.445890722250653,100000,0.34323,7518.886260697043,7526.902130236514,1525bfe9119ec72b7f8b64bf3222aad9a54b4b14d768c8c973f5a24196d57ab8,22.3583400169385,25.495589727567545,25.489377351902938
26142,27971.654786292245,7278.336492949823,True,0.6122527825505751,2.22897676025106,89.73190123813748,100000,0.03089,29673.84466577426,29705.479891967087,4e6b808596a791e06ae69da31795aa8b0327de1547d5ff51bceb876bc1e7bd7c,45.216465858280216,89.33757159402458,39.79443325172772
26143,17465.052752674746,3486.82677154523,True,0.9336132797868113,1.1192343820103507,36.20920129363229,100000,0.28186,17791.214051821535,17810.18122938526,69f2b0db19a8e353515fd0ed3e637ac407b0af690212cd32d268e09626f11e93,36.226881567701454,35.16606512355206,32.32838113545246
26144,20416.450402584825,5091.903716694922,True,0.7094537689464823,2.8507918692613567,68.19680815056132,100000,0.04943,20844.81561950995,20867.038235571286,b2ea16ababd23a002adfdf40a80706ec4b3a6a3165ca92bab1c4742d0f07caae,59.43911257263279,23.434327996073016,68.01366242554761
26145,17058.440825980986,3301.9846761796193,True,0.9705143469934185,1.3032151485604846,38.32495353764287,100000,0.23353,17478.449014552294,17497.082753938026,3267c854896a76a7b45e25e22fb4027119c8b7356e72af0e0173c701fadc4d41,29.482892723904467,31.429081770737888,38.231386756545106
26146,17847.749941232276,3868.620586717999,True,0.853722972086978,1.1445738744768568,40.15961167465551,100000,0.21281,18326.344555508003,18345.88223462681,667499994e54bb16d035890074f6102a4b28b15e3bcbca8b0c883fa3efa83ad1,40.032151969633404,38.58107225092027,35.051418881077495
26147,21929.203752635833,4656.125293421441,True,0.8137194707248361,1.8808162053553246,51.11144477160927,100000,0.12745,22626.095379006823,22650.217013841724,c0fd0b8ac48fa75f9e6d31b106b3afa3e8b117e4d733619c44bf3c318cc960d8,27.090563134561457,51.123923151680465,50.40017710755123
26148,27760.745452685238,5746.079266494144,True,0.771613696044618,1.7632869237311117,53.315757525972884,100000,0.14237,28688.017634382664,28718.60187235754,3657ae951d722cee22a3a33a0a820a1d98ed9bbc49f34261c7d484e8a94ede98,46.794469801238414,53.315757525972884,30.250444455654538
26149,13578.144754538444,2805.367061168501,True,0.9811183246012211,1.1041221551249887,32.27263479779441,100000,0.31007,13857.290493121374,13872.063722681183,1528fcf58e16f4c53c70c74a2655764eb290c7b7334d0128cc9fca4a7b435dd1,29.30222871411069,32.25687667533455,30.034981408494215
26150,43920.763648971275,7225.4768338924005,True,0.8331647102777792,1.5226626509901087,61.19483300458771,100000,0.14811,45127.77750194208,45175.88813488953,55ae95627d078050d6ab588c201866d46d8e1b9182cdb363d9cb51e73694ac26,48.301488062458986,40.29357046224928,61.224713294140734
26151,16712.077856855627,3575.067568515903,True,0.8842060937224753,1.0247661280657976,38.41185308091451,100000,0.2263,17052.797419790335,17070.97737286591,dd762c705c8bfcc7966758a62dfc56a0ae3f89d027c5b1e790cd24de1b8d5e9d,37.33339529177751,37.999225752896876,38.32745203654727
26152,22180.560709205438,3841.190492662388,True,0.9938784933620568,1.0521939398466353,35.491261530029405,100000,0.37762,22445.77468825024,22469.704083558936,429fec19288473c3e2e5ee0b7f25334b68d6734f192b5089cd612222a82cc28c,33.654311470369684,35.54325068266128,35.43927237739753
26153,22347.12907341732,5669.869120643558,True,0.6766938799320976,1.7684940877949369,61.86618360724054,100000,0.07331,23080.14322741257,23104.748921746617,a5b3d54e2a998908bcb5f9de3f60905ae0459463dbc3f7a2655366942c39d89d,43.36372391025088,60.990148780770824,34.84504042526951
26154,10931.759335330573,2417.684510400515,True,0.9852456765877746,1.2138331499894905,29.44277231724196,100000,0.32852,11148.417322306412,11160.30262762008,93bda808bdfd897251801ad2a8086a3db8110140e7fc2e391ae4cc03f94f6c80,24.31760223369862,29.392455079395113,29.0546107681377
26155,7618.710386904085,1893.7789241222117,True,0.9887256980694256,1.1163924327395283,25.653253879275653,100000,0.34449,7732.488784823226,7740.732375584602,53278c0ca486b1011001c20998f7b3c0f2cfa4a12a410abbe8bb361a6ff50868,22.903796249148208,25.640727876404913,25.571834860615844
26156,21980.260402247175,3832.5899237965878,True,0.9901028862294784,1.1806423011987146,37.24700717092428,100000,0.32367,22237.803947671295,22261.511625791212,6555e6c9418783ddd45fea65f3a960daafab3d38726404b65507a86b895e0c90,31.69996752877003,37.3925032926857,35.5010537097872
26157,18963.998053667456,3585.341449923716,True,0.9591949211266168,1.233349964672926,37.25912376050235,100000,0.27904,19190.207752905797,19210.666394844116,8603b0c530641b1f0a58f365082a5c2c59ea0b82564a3ad7ad1e182b2d0c2775,34.994103785803844,37.095387376789205,30.245748658122636
26158,40745.98764524282,5892.6352889429945,True,0.9717721795155847,1.21633791373532,48.95996277705578,100000,0.2642,41226.014509130015,41269.96548038819,493e971543acf7eabb545dd16ca18255a32beaefd8e7f96bd04adc425d2c76f6,40.34176620423908,48.756759806545546,41.34582794087791
26159,17107.06679655882,3617.9887974535063,True,0.8874296620572814,1.69666701260215,39.77467655830016,100000,0.21077,17633.72514876795,17652.524427728476,736860ba24d5ed948a3e869de6f2d1001a82eeba165f9ae1e27c7ed58b9e13e3,23.489976219367204,39.17261846586496,39.40567321132374
26160,54422.083108629835,9368.12682850143,True,0.7413355104051791,1.392916452193197,81.30887361275025,100000,0.07821,55897.37606900757,55956.96814935461,6ff35f87b79269d44b7282f0ca645fda3ad375affe079288088e7e6f3d4bbb4c,58.38120051149865,81.5470832034126,68.04853973254586
26161,15848.545674308703,3708.4981034242214,True,0.8227710592563852,1.5743442927585871,41.11333715806964,100000,0.17707,16360.948523899448,16378.390898256817,7a85243421ffcf8a070300dffa0efe4982722c1eeca091051774a0ca982ee76e,26.278007001910723,40.159780754256985,41.23378638802492
26162,44400.10794432523,7930.5141453604665,True,0.7646079296143516,1.1175110963687815,56.164204774394676,100000,0.19478,45881.59483346997,45930.509109560335,b4f6378e5d611f4af7f6345b6fe520e21a512bd13c51b9278c5296bd4bb59a99,50.26806023020774,56.10935691816968,55.05353568583853
26163,46031.55199688246,7614.41630101837,True,0.8157390494255377,1.7767439745206866,69.58050019795385,100000,0.10694,47898.08173862464,47949.14578735412,e4d16356a204127dda21593dbf3d5b991bc6d2690b4854afb3b64adf1a9f766b,52.61006081861892,38.52748399632796,69.25773908863718
26164,40093.08461051665,7819.272034435003,True,0.7244873089644155,1.6596681308272883,58.11041399253682,100000,0.16015,41783.43622543966,41827.98146286993,a9d71bffd9d813946fdd24469405116beb10f73035e87fd450194c7767d70cbb,58.479278925106634,51.00267048417234,34.75842633830938
26165,36476.34322518785,5541.94850439238,True,0.9597596795649179,1.3968421943234792,52.12146517015691,100000,0.19945,37549.07032952268,37589.10131797679,d6f9fbcd87ef4e1855f94f3b4aedee1a6a651e24286f3305b0d28fd289410aa6,37.37322832147238,51.87969079558832,39.18017364719559
26166,18715.463659029923,3645.6290221774334,True,0.9350727023539447,1.1578079991631467,38.142109222749596,100000,0.26122,19272.40187268635,19292.948141610657,ec50294f7ad87d6d1731caf05509b71cb8f39d5e2c369aee381718490dbdf0be,34.463854060887755,37.97449253182931,32.93667976583627
26167,9666.48481007037,2869.80810298491,True,0.7646751592528183,1.4660095614493982,37.158799676228455,100000,0.14849,10129.722287353718,10140.521563936862,1603f92190b87333a51e46b07eaecc1be315024347f2d466007f617236dfba20,32.16014278618893,25.365235325862983,37.07715192303361
26168,22856.292904207265,4486.23327379572,True,0.8681727182063889,1.1897651458794312,43.209381001127596,100000,0.21924,23516.312868663033,23541.3835625755,ed45b72666a479ddb0517f4e62aa8e9d1822a4fbed75e7196cbd86e7013a4b11,42.323251117315415,36.36297273215011,43.18828267056064
26169,31907.809367229594,7215.5015779246705,True,0.6742416720824278,1.5577231092978492,65.48031518635325,100000,0.08919,33293.82934678286,33329.32383137269,92138652492c64508b12b944acb530fa468ebd0e7fc373433fe9a665dbb3ca95,49.55785573185915,65.20854630008176,41.772476460434824
26170,47191.63700139637,7608.501783672762,True,0.8300323252304571,1.832288809473165,74.82366625980391,100000,0.08898,49559.242050595116,49612.077058996445,cfd2f0f3220f957306d2d5f853d5582c02a9425169d7451948b83206e19f0c7d,40.02408515020272,74.3304438503765,42.07004477449425
26171,48325.02017954867,7975.74047685773,True,0.8044415112087037,2.1000985824426603,82.11524351188717,100000,0.06694,49280.189025839754,49332.72653637192,a129c30a37bb57cb6f3d280c8251659542fe03964bd13bba4ad5f4eee74c31c2,39.183164903316275,46.51058714540484,81.35343217071244
26172,29346.639484876887,6159.848489158842,True,0.7469410805592029,1.5665926963105399,61.49740312138556,100000,0.09884,30564.575569203444,30597.16040182322,e5e4d330af6c922316010a8990772cd721e86725db0d14473b8d6da16e95b7a4,38.90131139831787,54.24563414979639,61.67757129459275
26173,30264.692647460077,5904.233314388126,True,0.795447385554103,2.570877047863803,73.31089330865474,100000,0.06087,31887.76919331898,31921.764680003544,49867caa98d4ef35634826ce889e94f54ec905f04db5081dd4e4647c1dfe07e4,40.87941413988463,28.288053436115433,72.8276427912393
26174,34225.20256624092,7717.391209404703,True,0.6605580050084898,1.1405987939128361,56.25373534535443,100000,0.15116,35777.19448552516,35815.336480701124,96a1b36c25e2f1116d8ef3ee578bf503044963cd4e2f6f27c1b8f61d9b244418,49.13961549455033,56.26746916746022,55.03142517793828
26175,47638.980313798624,8162.9309423230225,True,0.7785376863324338,1.978144543566099,83.702550183489,100000,0.06387,49799.87900602461,49852.97055700074,9befbbbd9a26f8b64ad40676e9d0a404390a774f9b16ba514b4a69f4bf3628b1,42.2804141429782,45.26395230869828,82.68079053769445
26176,36159.702617826384,6812.015215304801,True,0.7762919486935962,1.2609341477994687,57.42171020764755,100000,0.14704,37015.120274455985,37054.58201982894,57aee7def65540465c03c75725e5b6914e2c7136121bf182af4aa5af5d4773df,57.6740517075835,45.575678682876514,47.37010712686549
26177,32871.8130691645,6064.036883939768,True,0.8183480703306819,1.3166071397284043,57.587675060179635,100000,0.13501,34282.29402047722,34318.842305270184,104edf7d59cf0eeb0ffc06988ae0e6b0b6ad22c1760ccc639ea461411d2a290a,57.812626915883456,57.36272320447581,43.668778988505366
26178,22824.946493865107,3963.839137471769,True,0.9816905608027305,1.1980815477827527,38.46954050139831,100000,0.30627,23183.059877210635,23207.7752907783,8d2062b6966be069da3e985f714f132676b6c2fc567af47a7189c843ce535fa7,32.092387669257334,37.35189515968288,38.582244233336
26179,25097.64076459428,5838.284338544553,True,0.7100476285444872,1.3485376424667312,53.79922108665406,100000,0.12608,26102.942431278963,26130.7707257724,a05a22be31cc437a0fa949e7dee0506c27b0e373bc24355f7e66e86db100d810,53.32637637007213,53.23443434184788,39.968513126632885
26180,10342.039833391851,2345.393773333568,True,0.978751620458352,1.1350122582553628,29.094731240612536,100000,0.32105,10513.105564356309,10524.313565080964,e4d629c91778ae4df7b87bdaba3bd0a0a864d91aea27afe76202a5c7b1bc936b,25.628366776398934,29.066318417135374,26.225036069419303
26181,17451.124542277776,3301.2819754018155,True,0.9855616192347764,1.1507236982613993,33.931060070247185,100000,0.34136,17730.468674539847,17749.37109157887,74c1c46160306c7a158a8ebadcdd55c7270a877bebbef3d082160aed61522347,29.432875104879948,33.18550455112555,34.005615622159354
26182,58536.300251903864,9684.536405100085,True,0.7528159319494242,1.1250752568369724,64.9122911217861,100000,0.16626,60462.192564557,60526.6511866007,fe335a349f93f596f31cf867efe14f8e711c7f11f30588278a8d51bb6fcd496a,57.8283570076654,64.595336575293,63.882188845683544
26183,33882.471892858484,6433.942260582219,True,0.7870283135519311,2.2025457298271416,75.39325266832977,100000,0.06281,35788.33847283807,35826.492348596534,ad5317349457d2c5d12270a3feef8fad2c28bcc8110416c615d913acd6a899a4,47.43369436676899,74.95149532847627,34.09814466994162
26184,43535.17044463309,8481.644727492889,True,0.7056091655305824,1.272214647125089,57.48821965950755,100000,0.17868,45136.49413089012,45184.614056618135,158ffffed6aa92a8ce2bba4e99f37281ac5f186cf4ff49aab3bcecd327a2ce2f,57.51629007926317,56.19698035074907,44.99688286825713
26185,19997.91292730809,4320.432499595022,True,0.8246696573779387,2.1130161173164246,53.54961040345677,100000,0.10012,20441.138887807225,20462.931144915732,b3108fd50f92c360cb089df781f7395043eaab43accb847127df01734c311163,53.65419948627601,43.901267513380816,25.101379876620356
26186,22955.21234406256,4612.5136991828585,True,0.846838638270669,1.7904449523264723,50.280578128004834,100000,0.14108,23844.13326032291,23869.553442896427,f459544a5b28d1518169e36d7b989dd0197d8822c70609df2b7ebf265b69f5c7,28.295100728772255,48.91799410158673,50.31740472331343
26187,15952.023324580956,3117.728567534162,True,0.9829309408559486,1.0189553867799566,32.55698882939747,100000,0.35282,16188.2979389205,16205.556250836016,504fc49511f0874bc606ecd04fa555dbfef6b53d44fed0032a95f9d82a69b8c0,31.96880104292886,32.485452476989124,32.564937312998396
26188,37637.35991044796,7702.815737361634,True,0.7050945916625415,2.696866663137529,97.31024532304446,100000,0.03289,40295.34490220567,40338.30368846532,db2a30f156971b3323a0941fd8734b1a9a84c03d8e6da19186780d23034b6e8a,35.457895787266565,97.04891409781166,43.54728507742688
26189,15721.809517592847,4742.206887718727,True,0.6399882211308052,2.156619480962443,57.311588482906956,100000,0.06505,16281.332285846589,16298.689781492492,76a27951fed5537339393765b8b0c121e1d7cae27e2f8fb4c5ef8290c20dd26a,44.15902667286484,26.431052403371886,57.087715090395605
26190,27553.953952343978,6757.372077388564,True,0.6528733036827338,2.0025539401177443,79.15981113295553,100000,0.04367,28801.34315436053,28832.048208444612,a7c6563fea31613b2ee45e2f523ebbd49d3a0f3b00bbe2e2cb97f436b22769de,39.05810017082595,51.09827652234726,79.02452825260136
26191,5522.8638091899875,1543.7494189523673,True,0.978776514328177,1.1864339781801823,23.312293541427916,100000,0.33349,5617.62993347251,5623.6188774605425,63f45ad1d3fd84ee5c82aefcafcfc98fb98bf76d6392503f5aa6f33ffe2d9bd6,21.27474444771913,23.40335718807412,19.703896543072133
26192,15737.677595880245,3052.749594015806,True,0.9948403043565233,1.0772689063340268,31.601007184915645,100000,0.38304,16071.71432706482,16088.84834942592,0d46716419150f9b34558b8129e40f2c8c7fd00ebd8d8a981879a3b47cc5f6d5,29.34820100864724,31.570146826336625,31.57786191598138
26193,18733.405570204948,4739.1123711986,True,0.7197775137446217,2.5474345531384084,67.34133534670978,100000,0.04773,19379.916787416518,19400.57767777547,a3aeff4e45c90cbf58cc88a41c9e08a2f6fb40f2b3d78cc2d0376df79afe87a3,57.75637477367956,26.461396298957368,67.35777610240966
26194,30343.815037843848,6599.612150029259,True,0.7128735469436135,1.764660023816544,76.41033644643336,100000,0.05456,32362.793278768517,32397.295187676424,637944fbe2f9fd578f6f9ddcb408a5ea4301d0912f8ccbf5070d06b9effd9e8c,57.79277888453383,75.96261963131755,43.40987619893809
26195,11869.166250737968,2792.1909410467347,True,0.9011957869781235,1.3938296323637194,35.263443873194944,100000,0.20714,12076.843679601896,12089.718778390174,aca8b75cc775da57b68a6b440fae13c9353d92c9517aad22a6f20df67df33599,30.545580776878822,35.15152376324585,25.26811713081718
26196,60694.1976530905,10509.245887217083,True,0.7106853354472988,2.1548083535440825,95.23845268870443,100000,0.05502,63193.56851439334,63260.939050850655,b9cdf7182b01691142a2c4d6d535f0028cb6e6a6430e57e36cebe5d4d32225e4,57.5243974491833,95.42446529161205,44.52676682101294
26197,22092.614733199083,4140.514439324206,True,0.9195906926357508,1.721376651309575,43.05345882493276,100000,0.21373,22678.00934355602,22702.186323764243,d6799681e0786a9abd5cdc1fef226da89178f41fa0c99e99667787b2829b70e3,25.079480653391006,41.88672690853444,42.7906813662845
26198,9674.531809586326,2697.928110861604,True,0.8138425442022938,1.5397652423479777,40.2781177319048,100000,0.11617,10092.919095793017,10103.679136567565,456ae9fc4a87f4dbe3c9f6b05c802d3abe3d6cbddca1d67dd54f8942eb30d33d,33.24714747352787,40.17978248353589,26.039173768086897
26199,9485.750748075508,2183.4382692263925,True,0.9924859003397214,1.0954693622876857,27.549057207668014,100000,0.34952,9716.448563755348,9726.807250051894,b898841c7e225d5d59d1deaf75dcbe2b203cd4a3aaac2c56ac3856e0038edad7,25.114301663435636,27.60286396002674,27.03789306026011
26200,6063.863445134387,1627.7758870028592,True,0.9879215419651004,1.2316171267990235,24.178741020336957,100000,0.32535,6114.587487947086,6121.106237385717,d260b65afda3348e0c2a994445fa4462dd8d2ef95fde7201d8cf16de0849cd68,19.710160221412377,24.125613903837195,22.950914327897973
26201,19015.882101445222,3612.887228874707,True,0.9536171129021933,1.2006059165983978,37.373191237316846,100000,0.27829,19314.9439346642,19335.53555759534,6be2689c3fbbe667abc982bb1cd0524906f8f9724d4301ae9fb628c432139945,31.186906164343014,37.20895358051223,35.283723270191466
26202,13751.713967235597,4683.891839681912,True,0.592627527262254,3.039563883608006,108.05039489720622,100000,0.00924,15497.667831477982,15514.189864023216,4dab0a4cee74b4af91a37d85420893850593ea351e0d3a287d51cfee4981520c,34.834117788515826,107.41728711460539,35.59912302582515
26203,38951.63112429471,7449.4104170475675,True,0.7459550442839217,1.3616241821115607,58.443825474808804,100000,0.15157,40229.483596903,40272.37216855738,21efa477ec12f9b059363b120dd0dc979ae08d108023883417b65e8ac380e891,43.00529540553557,58.35821440233594,55.24767876915519
26204,8240.588528217284,2131.2071190006545,True,0.9257575995419991,1.3035979348057902,29.215170465877662,100000,0.25133,8332.68389515925,8341.567352722157,bcf75da9789a58523d9a039b14d31bf96b6071ab5c59162134065f2bf5aa07c4,22.417793157776728,26.16241339571271,29.229435685831703
26205,37370.979106657054,7338.391847516196,True,0.7366132796399883,1.0867666712525303,57.98640408933298,100000,0.15019,38934.52242500784,38976.03044115801,09b262d7fb4a61de9e3cf6f2d8c00a5af6916d05e6bdb72c82791cae11956214,56.24511314622069,57.54754214432093,53.49868678066146
26206,71847.10850720492,13151.191478673043,True,0.6355141428071864,2.922386261926415,106.0987340710796,100000,0.04747,75381.56326912045,75461.92740230398,325cf6e9b5523ac7fb4c0dd16a50a24c560d5f0d7ce48f13f445996bffe027a0,56.13182537403064,105.39935276738842,36.70456693816401
26207,38036.421991075054,7934.38063445041,True,0.6893464311424498,2.112135288472706,77.03017989886455,100000,0.06658,40461.486007653104,40504.621916611555,e22a2ffba02b4ad0a11d2f4df2965dc4f7eef8de9778b98f356981542685b55c,53.31556640949243,36.371183575293955,77.04898609512892
26208,27098.943639648467,5763.52021827148,True,0.757003483450105,1.1373231508266455,57.020009864177226,100000,0.11335,27939.50389896068,27969.29014794575,36027c3f4f2c1e5acee31d4bd27ff814b25846683a623bb758ffc46786beb7be,54.110541587416236,49.58624881254865,57.00608896333148
26209,16933.327083519063,4705.147458195638,True,0.6777545117812585,2.23328394021453,78.83746056632654,100000,0.0285,18567.697066290082,18587.492050835834,3ebe41755e639d424c655931dea73d40fab9503019d89f448098037ffb60bd3b,55.70205343724341,35.049564377754066,77.60562524497769
26210,12276.652917438847,3831.6979619964422,True,0.6716548807262696,1.6915188479810914,56.547061150916804,100000,0.0531,12765.561996763197,12779.171336765972,78a04ce351a59015a434191a831478db4f5dfdaba4c645abd3851317f522aa5e,56.56086658576811,33.478179514397766,40.56036759311367
26211,9941.63175177077,3176.5294264949966,True,0.7038871278086931,2.665858106464899,58.064888681757054,100000,0.04079,10617.19515634588,10628.514126775484,b13c1ecf583e3f06ccd6f950931d154041749496239aeb9d3e7c8a680e79e2ab,48.17004192885997,21.53334128603246,56.76069684613165
26212,8319.657833169877,2003.0908034339488,True,0.9912589713943173,1.1892249426483172,26.817098198178783,100000,0.32884,8432.091061771825,8441.08049711538,d5c2bc89bef1e93c3a6f5138f936ba26b66c9ac2361c1a8f82d8c413a64ceeba,22.600738032254185,26.195119602273756,26.764721053260466
26213,18293.17658348719,3792.8109261270856,True,0.8852155117083622,1.7694632332460374,49.53624257066929,100000,0.1173,18957.562556766952,18977.773176128987,d3334fb479214c2394760401c3ccf2b22bdaa01de947fd9688b8af4a36e2dacc,28.662327854610893,27.98507453821502,49.41530447845574
26214,5908.16614535037,1591.6764350635076,True,0.9929585912741916,1.145923260564478,23.52992068409927,100000,0.34974,6057.898563837321,6064.3568773278275,80e589e2343dbccd21231df02148b72b5d521ff8c73eff51b1174544f90e45fd,20.554212941334768,22.369509556611952,23.478219198221122
26215,27949.22412152697,6191.609988441473,True,0.719328117321599,2.8720667959436694,63.06117603744164,100000,0.08852,29515.007914571273,29546.473805222686,6dbb6df64c4e561437beb0f2c3374adf12329e40dc28c5f476686aaab4ce0065,21.73116454512912,62.90721808813147,56.16385990834647
26216,26023.405481284117,4464.74852477838,True,0.9511810903365133,1.2025548858771842,43.54959832792939,100000,0.24207,26583.2902396064,26611.63063193343,702dde33778760392dd31ea6c321565e42295acd01196914388ec0852b3d8039,43.56023055408366,36.24525895993928,36.372845673790636
26217,59002.872419405794,10245.852929253713,True,0.7153492234361399,1.1941693681494825,67.3245360292673,100000,0.14985,60798.40083672263,60863.217889729916,8d2f94e68d1f518d4b02106d25c7f04adbfac6b3912c757f02a9ea25a7a7d3e9,56.42703422570182,65.05627773531249,67.11085952331504
26218,11047.721259336591,2511.6049940884022,True,0.9550979773545105,1.2275777265003973,32.355218220793034,100000,0.24943,11233.031795864541,11245.007308498509,613f72538877e4a2ae522868dc1bf3c7b96dbfa9f778a8afbd50c7998be6294c,26.249118688402163,28.737373995909437,32.25252831921337
26219,62514.83009198611,10389.694526638728,True,0.7331677991977091,1.0527389769313849,58.19457702506199,100000,0.24772,64911.840143978945,64981.04252636909,2ab02b39c59c6f309630ee3c536a1be7ddeba30e505bcf36035d3bf3e9f09d3a,55.2962143021341,58.279822987501035,55.48091388741872
26220,15667.760508060304,3156.8562067045427,True,0.9591810874470794,1.2791298245747549,36.216317278109884,100000,0.25396,16039.597972633246,16056.697755813399,31724f2962e30fb0ac2be68d5ace4e586e3e416c9c17486515a61cb23251f0ed,36.12789853475512,31.282551398914247,28.417784114220012
26221,28261.92346653165,8113.53847022007,True,0.5530210156044425,2.4256950215693167,110.29484075680813,100000,0.01703,30380.543819287697,30412.93245602854,7c9fe72ed38a3f505e1f55d768f832a5234a94af591630effb2ff78f5bf0e07a,48.99449774341122,108.92154073761935,44.83420650880994
26222,20742.316923835184,3921.1034890804526,True,0.9310664198111386,1.446343256398924,43.792963041526164,100000,0.19073,21298.415849625697,21321.122047981207,2359766ebf557f87155d44df611ed7d34618528635fba9edccc505bad0b48133,43.696738269218116,30.043512242843875,37.94463521347079
26223,24958.197397410666,4932.443640632946,True,0.8373315776750965,1.7286328512257987,55.14807421882779,100000,0.11619,25910.45905977039,25938.082148128105,ade215dc7fc26ea655622afb6182c77b0887684fd44ec83a85a1465eb473b9a6,55.444279695589074,37.227642874770225,32.03058314614046
26224,71001.28917391294,11355.89528810978,True,0.7301973201562718,1.4857341504768398,75.91699129377871,100000,0.12767,74271.31683139922,74350.4973330856,b8460d35b28aa2719af8ee050f6721dc5db17cf72131d8ac500d1e510cd4633b,51.00672852550757,61.07091951000997,76.10233551080454
26225,62596.91925463383,11272.157436880741,True,0.6763617695754099,1.4809905602461675,82.2668229502004,100000,0.09015,66735.23739682825,66806.38369936707,86001040fef4bcca3531e3796fb39055301633f2f443558941105f8830be8f08,55.49395307895599,64.27095542984407,82.50783903306231
26226,22209.395865221217,4153.838553091364,True,0.9198683473905072,1.3585930915192999,45.16658167816348,100000,0.1852,22688.613336520586,22712.801621624418,45a3900c521c020ddb6403b464dab449c66e84a9a235cc52bf81cd22ac2b3240,35.51795888314565,32.849425492980714,44.94604172856307
26227,29457.368898607358,5562.225929451026,True,0.8292741634310353,1.9682261686687832,61.45070531043825,100000,0.0992,30606.071577681872,30638.700649112932,9157d095e9b37beae4c7a4b319600e82e0769f7a4e6f0c69a168519f45a881ca,40.20700445116565,61.630736673652436,31.08541538164748
26228,60653.895787060224,12033.738907543719,True,0.6203774554579585,2.590311618372469,113.94865047858218,100000,0.03271,64346.274011509195,64414.8734449816,7eef0ae460aa6c3e66df298ab9d977b6faf0cc40d84078c59b376fef12376dd5,56.08410140742716,112.3907587728203,42.66119519260394
26229,46012.60704936719,7547.322589583072,True,0.8227649302637837,1.6341520356778652,58.07133824860301,100000,0.18067,47042.116104454304,47092.26760994058,084d98ec36acb57c2e6469cb2e1af98c6dddb995842d54ddeedab47262296acc,55.73203873419395,57.92956252045701,35.40139931805706
26230,17114.685599959477,3788.080901410789,True,0.8478340009320873,1.8925229627497684,52.93735900801285,100000,0.08892,17538.868366469167,17557.566518804633,985123f1a42bfc1458393815c9e60b6c41bd7d8325671895578c1e5d2f810059,53.066600607153504,28.290986051889675,27.670626376014532
26231,50534.423275012145,9603.861591949899,True,0.6882767633707481,1.3799314438489867,76.2656246601427,100000,0.09077,53535.77971502428,53592.85410224204,fe7f52749710ac8c7e354b42261d91d3562d378bb02eb7798fb81e6057f019e5,55.3931233798644,76.02357067562565,71.48040358161325
26232,46073.498986793194,6268.161677066082,True,0.9915426468569777,1.1350771909687085,47.0710363375119,100000,0.33808,46880.91305673935,46930.892703980244,a5230636c226e84712b9770bbcca2f2361f19e76596dc25f12252000a40ffdd7,41.65832683678727,46.910149006280164,44.34744365880333
26233,20974.78768250004,3804.44882361091,True,0.9667720665102463,1.1308518257129518,37.224457091753564,100000,0.31082,21316.179806792574,21338.90494326714,6f2c8ae1f47f2769ef30af0755b577b51813089547db77516eb64f6d0113b4fa,36.42471289642292,37.0790490562389,32.70771998857937
26234,31743.275171647063,7490.572578089534,True,0.6472473247290526,3.03953932584585,107.02170101386392,100000,0.02097,34176.6334323187,34213.069072570855,0ae1df5460e25ea80cef37014e2e92f07a9ac90b3260bd367fd0cf339ad18f03,55.287577965169945,106.47300576940808,34.65924960812757
26235,55201.928141984135,7797.6661353468935,True,0.8991296505126293,1.1570025479661294,55.52833911595542,100000,0.24666,56151.075602550794,56210.93815146094,e20251f4c5169689df7d3c23db3af179561e5f51107ee24726655fd50954e7eb,55.74524669062712,49.793845110572335,47.7874500448591
26236,29586.34001612614,6054.65312171233,True,0.7640510089266657,1.458448723662643,55.569877632063836,100000,0.13257,30246.7613176055,30279.00732909004,11d9093eefb6d1a5545ab7adb6fbde2899c7a57612e3857f64a51df499e5769b,55.73268000793903,37.865119255637254,50.78077440840208
26237,32204.561627172672,7487.294972382946,True,0.6537887490865333,1.6821733942537274,64.41399442324905,100000,0.09357,33250.0746848347,33285.52252266733,45f81171f7e7698b0c73817667a10d5299ed149466c51b7a59968b6a1ec7abf6,55.67029791462442,64.22528154896219,38.025644168802785
26238,29557.135022500366,6263.211700907058,True,0.7381227482901233,1.7276751821277418,55.61449231001548,100000,0.13404,30655.870431700263,30688.552593589564,3ea10a898ed9790588f5ce57c5fc495074cfb4ff6b36e8a8db724baf14879a4b,55.723114365308476,53.02114073989513,32.2064393943742
26239,26011.83339137095,5984.779648590357,True,0.7093870705759046,1.568633056332225,69.00924675256368,100000,0.06302,27536.93259876715,27566.28966729772,1542a7c0270fa1184da59be43db2df3aed0cdbf1550da357c119a682988e8ce2,55.63196601000129,44.057417055164564,68.94185491003188
26240,16405.803295783106,3273.432740922018,True,0.9538476980872809,1.2971434720919068,35.511997987686314,100000,0.28044,16698.620016619985,16716.422381877474,dbb9e20123bcb7498ba24245015388ac1803cec6cdf46f0ceef4d006741ffea0,27.42296133668257,35.30391987447722,35.50332806630261
26241,38163.768703332375,8435.472488924617,True,0.6498436524245063,1.7261603477551735,96.14264942961137,100000,0.0338,39937.44337085116,39980.02059900716,2d07422c73d204e39c2d6faac8b80d5c067ce43e9de12b794802de65b7f4641c,55.77024781366128,95.0629224096499,58.93901189398295
26242,12607.921150124328,3393.4965981503865,True,0.7719675217099952,1.3518543783602635,39.27251759694714,100000,0.16082,12951.54528237339,12965.35289878338,f924b936dd6ac4d0f2a96576564dbe1f59e1aca6fc9db4b5ceb1e12d9e7ed9c6,29.06127950106123,39.33963371588723,36.980981535992456
26243,5517.350055547256,1589.0773858346624,True,0.9502242365063128,1.196576779108956,24.35997211803755,100000,0.29166,5605.605540193301,5611.581664999813,ed38ca2c7a50111cfdf22f0cc9449372ef491f735777a3112be6203dd04f3954,20.327730639514733,24.211290647590545,24.258868718133588
26244,45326.64169925535,8775.48061042037,True,0.7005657621323699,1.1279604260093146,58.80188396451888,100000,0.17194,46479.981470823644,46529.53368570615,5c315e9239e7018fb177d868ca513723179ff02761b404b60531b2934c3a13df,55.428240719484236,58.572189105282476,52.08330933185412
26245,25582.026333283313,5465.535006749724,True,0.7682007708397475,1.5729593986497261,55.58109877241101,100000,0.11512,26281.337693157355,26309.356174481156,8fbd78823069ee7c9573754f14b1028856d5d20257252e8dd16bd067a90c93fe,55.906769273030605,37.818486884450564,35.10456604595393
26246,32541.995430241146,7042.066424811813,True,0.6999711283177595,3.5439555571416563,99.82248303273943,100000,0.02658,35152.43256500353,35189.90850275097,90cd094e0f69166f31a59b208e3769a4165d490c72770b0780f56a6181166042,55.46776645080931,27.08805905539304,99.23758567121946
26247,11368.179885761114,2542.035590443127,True,0.9618258740274868,1.3806940397785834,35.22771736759783,100000,0.1986,11543.78038171087,11556.087182788018,6a17ca82dd22e4b6c690e4c5ddbc9fa9cff9d8792e70ebc5554bdac942a2d9c6,26.085367865215876,25.466130645863572,35.36532563856501
26248,17986.299458984544,3354.037224730262,True,0.9897924256512175,1.1618930163782508,34.39193218974978,100000,0.3365,18199.945925226933,18219.34885101989,aec98fc44ef2f56e6d0ecf5193a7ec8930e2ffb251c2321dd4c95b6618d2aa22,29.731892549781243,33.955315863122095,34.39193218974978
26249,46563.67574734141,9342.532714491143,True,0.6699632819882912,4.453737138497511,139.9294826096447,100000,0.01412,51437.24307876561,51492.08022029074,b14a2b8ce885d37b06d3f53b0749ffb3a5bcfa4243f505655b661772f5e31fd6,31.58320475405677,136.71821030366164,57.205058259240744
26250,16930.61877066287,3810.1040969527476,True,0.8368786791966822,1.9212389454131777,57.363414051290775,100000,0.06924,17377.10133657347,17395.62702940329,cd0e6529964a20e90b753167500e573159b7f39e342a343209566b0f94672537,29.56400563043819,57.32139983201493,31.63670711471334
26251,21049.924375220085,3714.9968750264816,True,0.9924135797081822,1.1450834565544303,36.13646129796123,100000,0.34173,21440.517961194048,21463.375654325268,1b7e03ae584928735d91ddca62fa530091a06f30be52eddc69d7b44dd0e65512,31.469423205524343,35.26304585155055,36.15410605445438
26252,12805.271471535869,2693.6923954017484,True,0.9826419882052108,1.139473413039089,31.223252587588263,100000,0.32109,12995.006735883378,13008.86068646164,533e1c50d53b2cc97f20181e8d663cbb43306151b323e55bfd500107a9bb6a85,27.38895179375113,31.284235502798396,29.203193521252594
26253,7087.588136619747,1827.1842071714468,True,0.9765641413953042,1.1811199908568992,26.39569255382642,100000,0.29392,7186.9334653426795,7194.595440673806,83dc1ce61faf69ec84a6a25083ca4212788e7e88f10b8b634dd700a7d76539d1,22.322919679310235,22.361585244574627,26.27325159715584
26254,124463.6827227552,24641.304529961315,True,0.48923275546719847,3.3522352008216956,183.0648092509024,100000,0.01704,138995.1012786532,139143.28367692922,04e9ac9e11ef445b8609b5ce94f3a92b1448f4573199c6a4aa6dd84f8ee44394,54.838994372767885,172.8299847102636,181.3217605300076
26255,32090.092912937936,5995.7573203178345,True,0.8144930718042722,1.4355603731526307,62.256968920879046,100000,0.10427,33453.27131602125,33488.93578137422,9671f0b8b6a4f1b0a1856799738708a70c45c903c87dfe06e2891f7126f977e3,43.394444889919356,62.02897709133481,43.60723726416063
26256,36598.978855240915,8220.52459184588,True,0.6484809717334482,2.5228569729727597,68.19967085409462,100000,0.09118,38455.78893422071,38496.786573558,b4667eaffa154980c7009125b4c842c3815d729587b8a71d04867a7d6809b1b4,26.806999530051844,64.85295849040492,68.33287333623153
26257,15636.515562429922,3052.1810619315665,True,0.9907570060847463,1.1367147139667821,32.8982415793582,100000,0.33432,15826.89481166873,15843.767832436239,d17171f1d267cdcf67d5df2fd0d212d56478ef0e897df2b183e384a315b97ae4,29.034947097016573,31.95852129986969,32.817923606752345
26258,9628.862808468903,2205.444401851633,True,0.9924409517335115,1.1450010767635423,28.162349352313242,100000,0.32869,9761.317472076329,9771.723993025918,451de36cd2aa748370b18338ba5dc59928ed259aefa48ed33b0b174572abf72f,24.600802241840032,28.06609132230045,26.21656203134043
26259,106873.8256028425,15839.156415635262,True,0.6875954283864342,1.7872768912451822,97.49155369701873,100000,0.09062,111645.27158836473,111764.29638814507,3e21e52fd44b07f84d92e94aa97508a974a7de15938d58b619e7783ba12cf5f3,54.93420554998029,97.2297355596488,73.45188835668941
26260,17464.660345532935,3967.5227626699875,True,0.8204865382543932,1.7654571710626679,48.37965605938798,100000,0.12007,18077.490497307805,18096.76287361503,97a4dcd4f00f45a9e7f834c01a2c9feb06f9d4a1ef6bd37bd395307315a5d443,45.98193384746031,48.356033180452734,27.579711156902082
26261,46338.12135586145,7047.4520570198965,True,0.8852737962318189,1.3310589187780664,56.009561106834866,100000,0.20366,47578.14983258028,47628.87280254734,7b789526922c285c392897e37f23477f4d316bd2a3038277ec63c8fd4bdc8ec0,54.354981787028464,41.93879978385316,55.90016743279807
26262,18505.16884650487,3435.013058250512,True,0.9849581244372231,1.1331542408324253,34.52689216145673,100000,0.34254,18745.587671892546,18765.572305255606,fa30d5147a6de486bfa6aff8a1c01ce0316adc07e526e0d9d138d39a5fb1b8b7,30.539777905507258,34.535321578488336,34.29929790160338
26263,7578.288752678668,1876.810836498727,True,0.9941327660878105,1.1229080716731576,25.655152196367865,100000,0.34374,7717.367121191583,7725.594590777738,1b48472583082bf939c3013e05281503e4994592ac3b2d5abf7525b3a2c835a9,22.8741737844569,25.66767912615125,24.458830402054815
26264,19650.732399277837,4090.4192566478014,True,0.8609318892902871,2.0235942297082725,52.629053420545915,100000,0.10451,20255.819863082448,20277.414551950955,3c4a7f270e4e685b6c280e28945f1468eff4827c863127aba1f8b73a4524caaa,52.75754232049842,34.126651827385245,25.77487333047244
26265,25778.337694093014,5037.521712677962,True,0.8377294809532994,2.025582441404797,54.448435544605886,100000,0.12242,26273.86076711232,26301.871277300274,14ccfa797f7e905ed7991eafcbea98b877beec13f09c4648fb0d86fb163a4638,54.63453859578374,37.39342021166415,26.792192832068643
26266,42794.83489983406,5972.277420126515,True,0.9906913891757757,1.18491951647089,46.44520270250311,100000,0.32684,43538.462786634576,43584.879054356425,981ade45ef46a1c5daf6ef4fbc9e71c9696338edaceb54ad90971142e0e42475,39.23349642350116,46.51323766739935,44.31344046908744
26267,23375.582985815843,4790.543425683827,True,0.8252920161584866,1.6425294669589807,59.288569300678546,100000,0.08831,24470.23261407055,24496.320279907468,afe95fe575a10a1140135e1b047317ae2994a91ff711e5b8694312c2521429b1,36.30266889797407,40.297699446554944,59.54911477123817
26268,9940.723618189179,2301.6327959323207,True,0.9713895344411184,1.2413515542881477,30.85418405499976,100000,0.25894,10112.455953654717,10123.236822634186,6efd9baf665679d598c3bf3f0266a054fbec2bf951c0fe799f81a9b9c049095c,24.86564003065288,30.778856457209233,25.59631772922099
26269,35106.866169248904,6347.12961646511,True,0.8168985647643302,1.4723545020852806,54.57996505712575,100000,0.16682,36063.110149473476,36101.55695876446,186d95be15471b4f6338f5dde00a4cb4bacfe0749aab1f1c19a5800e84903731,54.63326580425185,39.98888553135605,37.04401925263906
26270,13469.041747470832,3368.092928912611,True,0.812814030378894,1.3637027522487055,40.144440095258076,100000,0.16104,13852.408135307027,13867.176159794977,daec5d8d3e103a7cea17954a261e9e52b7802e1b39608f55f37269c4d066e04c,29.392865196698967,40.06603298569702,36.74353171804749
26271,38531.487844836236,6697.416220459263,True,0.8237346869650051,1.818287052529228,71.95158876504055,100000,0.07827,38764.286935910626,38805.61346434781,e8d78d4caec0c086623e69568431627001037d64c4eaf071470e5610d5e78f5a,39.5417544702408,71.96915507089139,40.56060020958951
26272,44574.48984191541,7709.304665652321,True,0.7886055630718994,1.1996066894953437,64.15251129086997,100000,0.13093,45961.633446857435,46010.63305195276,596d2f390d6e699a894cb1c969300928ff837b9cb0f072e21d9d9341d517f4de,53.314245223174154,64.29347139868682,61.89714956580032
26273,37428.368796790055,6165.709399856745,True,0.8776102212866489,1.067201755972676,50.206714987985265,100000,0.22601,38030.17960986785,38070.72350795932,fc05a3bf8afa844a6a6d0bc2794546b38cb4ebc0fa4af4a0b18050cb2ee89f30,47.35071777309255,46.872675320814366,50.1944574892089
26274,27435.822920503397,4670.273856653463,True,0.941933922365725,1.3799689791898164,47.07867909730861,100000,0.2034,28218.83354621137,28248.917587972282,3fa9570532a7b65881334d597eb66c41c31426b4bd8f39f142167aefd2ee50d5,34.11365223652636,37.86063694983754,46.80282746197281
26275,10820.202282904,2419.2906387266876,True,0.9778817314467799,1.1829482540970226,29.847904541155973,100000,0.31144,11011.11335609477,11022.852281925869,dbfcd8159cd47d59572ef45ad159879ce894ae35266e2f589dc0670186fb15a3,29.847904541155973,28.55080322076394,25.24975323122691
26276,41079.889582005584,9892.248017512913,True,0.582025447108733,1.375547561489489,73.43601140494397,100000,0.08298,43693.41341393386,43739.994874208234,71064da8e8a195cfff3844aee9ea0f2bb668a66504f0e97998abd0390b70120c,53.44549560501415,73.45394011866588,72.36028858162936
26277,34716.46753308549,5329.000285384569,True,0.965744106735399,1.2291296650106986,46.03104624826193,100000,0.27383,35509.852352763395,35547.709335028616,0d28c97b518018363ab8e6b10d96c6faaa3147c8ffb4c6a7a586b8555067e2b0,37.535081657518276,45.671428699447375,41.35601811367283
26278,31975.044459127497,4974.3217124920775,True,0.9793945721499385,1.0506508838706505,40.36040306771686,100000,0.37315,32618.593601478413,32653.368218596526,4d802617ebb421962df24e3da3817182b835fba75f089e6282ad89f2c2bf3cec,38.4093874897364,40.261866927414815,40.38996390980748
26279,31326.791975561424,5401.712499862882,True,0.8896720377492396,1.3034004853219898,50.07964433742765,100000,0.19299,32228.034166433707,32262.392408922617,87295dca61951740abb4b87d45fde600c607ee17fadc847e7dda455ec74f10ca,44.71222151903636,49.847341299729635,38.26886884183314
26280,30561.06104346454,6872.202959329519,True,0.687860597897958,2.4959423224482227,85.21911796408148,100000,0.03896,32058.659172074604,32092.836844222264,c9bc03e36d19acb4ca6d20cdd62f7dcdbdb7b2fee0c415fe97dde6d77b53674b,34.318587666443456,84.24126187416161,69.8022804613021
26281,26625.071545964118,5542.289614811136,True,0.77801642177649,1.4540001664445987,53.639835172393674,100000,0.1355,27804.615951555046,27834.258396770343,92caf435c7d7bfeb3157a01ff16a690977c52020575cdf64423624464f9dc901,53.901748430071386,36.54999510892352,47.22296035928994
26282,68521.18141745502,10104.870181110708,True,0.8013765211451119,1.556088829592911,71.92340104229709,100000,0.1418,70145.8818773131,70220.66426108163,990ca87ee25d4c76dc0100afdd9f4f8f2906016284674c9c197ae08153e9901b,53.7318376927317,71.30882119940637,45.777418583317505
26283,7994.906666846641,2690.649920850123,True,0.718625340845663,1.6002700842340167,37.334009262548705,100000,0.11962,8276.23840353806,8285.061684675731,6f7e01933e05533ec8c366c6e73c1ee3c201a4b545f8f258daa7bb20564d3fdb,37.288435520773135,29.021358762684343,23.397559027578744
26284,15144.004943462707,3729.529562257771,True,0.7937015571633194,2.719808478363655,53.13284127411538,100000,0.08043,16040.669527323324,16057.770452885774,78c78b6bccb4bfc29faa448a1802e51002d69d233fb05d75295f72c95ab1f0f6,52.86043168750493,38.90268334498829,19.76266691433466
26285,50841.13052859848,9006.190681729562,True,0.7369190544866044,1.250095229360057,63.037996584749465,100000,0.15971,53193.016394226084,53249.72536215609,17cf8c57e59b490d58fe5b72d1953dd64cb0066143bbd8102c2279df39b8f844,50.4796457026314,61.09883946324594,63.114947264174205
26286,29605.599410285926,5911.184683173252,True,0.7829346284156558,1.3961428509406542,60.424854048285866,100000,0.10471,30714.983859935073,30747.729042531493,9af2f9c8de28763e681d4a1c52e3d202909471ca24ee2ee3210cd64c30a86a5c,43.15007277618069,60.10030649236245,55.79267529556083
26287,12232.419123396612,2589.2874941133205,True,0.9915442173496277,1.1632046999574086,30.29242991713653,100000,0.33466,12368.625605400592,12381.81177231387,834eebb91dd480b4e74330d057ee55658894b1917c598a7ecfdf31ba8065d4a2,26.04734818558468,30.38117727040939,29.663802831453765
26288,8967.301315772964,2367.1488936404394,True,0.881792479539329,1.7909349535874524,38.148716998772144,100000,0.1246,9197.571095774865,9207.376607845059,290e2abbe7106b0ffa82f58b106aa5b2e62e61986c2925a31f113076348b9af5,21.25375297636671,28.984083813520243,38.102148740717006
26289,23920.16439868724,4391.686275064413,True,0.9141741213222465,1.5491555510418633,45.71324640350413,100000,0.19065,24214.65606359221,24240.471259782036,e95d898ba239bc84523c3b47b68b69ec15871d40463e8bfc58e736f9d0b8ef7f,29.6756645964154,44.7869281780425,45.612802258574554
26290,22768.75438059722,5661.136488103499,True,0.6862357620862054,1.4435619610349153,53.4724047947922,100000,0.11534,23446.844134177,23471.840767611164,838462456b92fdbdb223243b5f8ae403097869ead840088f3ebf291a835e1333,53.58989787173388,45.05206761397165,36.93199051866873
26291,10795.422754367804,3304.7937260881913,True,0.7147698138941152,1.5242647160071434,53.170918812435175,100000,0.05603,11198.46300267397,11210.401661586955,9b76216b1437fff2976cfd409141c7985ece00e76b6b2a77ae61d97476493891,52.8074457346158,42.03306521354128,34.997264921466126
26292,44145.845799774426,9246.91666207251,True,0.6532514898894543,2.320295709149396,110.16669689709425,100000,0.0276,49065.40280031006,49117.7113276786,f2c7c392659163fe1da7eb2a79be652393919c40cebc5bd20b8fc1cf512f2e4a,53.61750738875912,109.359811910055,46.61105608463485
26293,52022.81301627865,8431.30822311372,True,0.7993157669022612,1.954222796158061,69.89929135878603,100000,0.11828,53708.73655061202,53765.9953267648,88c3a3e4a7dda886520be2102308bbdcf8507a1bf7264c0701d6eaa63d0c1ce1,35.393342353057186,69.62624725191577,60.63285698187666
26294,40514.617710785176,7928.4347872722365,True,0.719511649039388,1.9391221281467197,91.91803518050406,100000,0.04111,42448.756804674,42494.011339037344,80c44e378331c9dbfca76d88123e3f359e451967e9de3468c6f74af63911ec1c,47.28303225715871,92.14244444608147,77.95977886158963
26295,7783.329460926104,2129.1354653150875,True,0.892053920911004,1.8128444781121718,38.98910405724109,100000,0.09951,7841.728365156292,7850.088416014836,9581f4d86392a02e34e3514c7f166a23d4084429971b933b7b4d4009c9c8afbc,24.977394786670075,21.550618062889118,38.8748781664484
26296,5323.55645805318,1675.8540330267542,True,0.8797970709844053,1.928756114760961,29.907017767098395,100000,0.15383,5471.112786826081,5476.945529178383,d7247e164098370133992283780c8011af0ae742fe313c439d6964027da36860,24.920080966578812,29.928922321127033,15.530328806303295
26297,15191.84969319591,2990.135060000842,True,0.992050444104835,1.1917855523520002,32.790786502216676,100000,0.32809,15380.264201019629,15396.661069790258,e9b185a16dc9bcb6489e1b399d99db146ca4bb18908098f054fb27496885d358,27.52312597524925,32.63067523999882,31.46986858891937
26298,15363.262079350136,3022.482635605298,True,0.9888018480944695,1.103096739593887,32.20590788655545,100000,0.34899,15500.115123327865,15516.63976492602,b8320e2e53eb5c66f44b4bf84af1171d87427be0fdb29e0ce00cc1ea2ca38590,29.092250776429484,32.284535591356615,31.63978841198709
26299,12078.064101425332,2692.7294961128555,True,0.9454160052180326,1.36762458952751,34.46084272031308,100000,0.22782,12396.093123725828,12409.30857370521,78025aa8854b77ee7d302a9fdced3ca37508c1a3e158e9b46eb8437f16fb4548,25.635299748240712,34.42718955359402,25.349247831128736
26300,13296.282730090466,2859.152319443606,True,0.9492931038940211,1.2073823472496674,33.32618757868015,100000,0.27733,13648.001344804523,13662.551451623716,30ab79dcade761495769143550c4ce8b2406618638dacd84491cc6eef5e0eb01,30.779533107946044,33.36686896000178,27.720293232559392
26301,22085.396725857063,4836.296872712395,True,0.7871206556004526,1.5725596774817476,53.52557024183906,100000,0.11375,23192.66288432345,23217.38853563771,35934a0dbdded30f937e04224da8adea6d56e5ccd1eb2ccca36f1f0f2d327daa,53.42102811246047,46.87407726012614,34.146073008282585
26302,38212.93338044371,7717.13337251749,True,0.7109434158931026,1.4880055221592072,60.10668758825656,100000,0.13677,39488.85433369323,39530.95332197777,1bd71528347d1c719b670371d5945d663e20f38f0e5d8a160adfe2b53367677b,40.193412427791685,60.180060009628946,47.486631112206595
26303,30457.067644006413,6523.159895176978,True,0.7230219670514687,2.368693909357509,52.42081048262202,100000,0.16479,31561.479210251266,31595.126839840308,502c0167f5336075d67d4b35f476df6e67165acb94af085982a08d1b2a92e041,52.52319487809588,51.883292406384186,22.262206990849855
26304,26102.78794360437,4579.02584483818,True,0.9293278663288348,1.5078278900396338,48.480208883790695,100000,0.17567,26613.766981410998,26642.139864931258,df65206421d90ad5e1ca9580ff943c3b6a4f65a8e1e9b230ef5d066c8efa2957,34.84515013522457,48.33817702182647,32.14654475790418
26305,49073.025141700644,8436.686433788005,True,0.7683175802930803,2.326386946699595,88.93729331568753,100000,0.05514,51574.35293038346,51629.336244446,fdf4816f153c22286d23189540149b9ad00f34e7219c64709de7395ae2788a51,38.26952623752424,48.94156717127922,88.76358766468033
26306,49032.838667332835,8041.218295285361,True,0.8056633914475533,1.0594669885615384,55.46468945592039,100000,0.22217,50402.31379684648,50456.047602343,676b16d76e7c081d2829bf36ae44e0e856cb88558cf79ba926b23570ec7e489c,52.14709938836657,53.06789989691212,55.45114827197119
26307,67344.09240769928,15009.747910577,True,0.5333067277348386,1.762769070825653,91.84987570631313,100000,0.06955,71655.2729704078,71731.66451298878,02ae76079eb9524a8e32fae7e04f637b38c9bb32519be7f3748a2b8f4cf4fb9e,52.517677955123375,80.48076267332954,91.22199569660201
26308,22133.701161818015,4350.873695538276,True,0.876214313004623,2.142679615658048,48.27535798710717,100000,0.15416,23060.22350325301,23084.807961209142,916971ba932b5b3ac8e9b4e554959a903639909aa973a88de08b27995877cccc,37.7858392838539,48.16928420246752,22.434605451283815
26309,17846.405303322943,3748.0742734298915,True,0.8811363218690826,1.9267872679302358,50.218033580690886,100000,0.11181,18826.737070419134,18846.80821699295,4b52dae042cb1efbff915808d87d0f505b296cecd5e069f32953c2b79c412d92,26.10209802082298,34.39003520357372,49.99734886280699
26310,26497.320059564187,5600.278329719736,True,0.767495457759527,1.158440338615583,52.39824545949904,100000,0.14166,27096.473578636786,27125.361074690743,130f854967255a16ed3f63fddccb24b1d3b79f0f504982a4d80570d8f1a58f6f,52.411037999894425,45.15766759571084,50.223513592283496
26311,65592.82267618009,13122.717616202994,True,0.5993739834796398,2.740856885374677,143.90439884079814,100000,0.01769,70091.49822309373,70166.22262855773,db8e8936b3bad402d8a65e27c42ca1674dc233005b4fcee479f4c772d15f79b2,51.20621614024982,140.95323441144583,73.84937655355412
26312,14697.008997816067,3796.5166361347647,True,0.7642781738733065,1.9370283284794965,52.59921773693591,100000,0.07971,15422.89730120291,15439.339621036002,3251f7e9b38a28432c89fe5e914aabc2eb3846cccece32e5d82784a7e8db1e08,52.701950584078375,27.32693733989248,36.059229347000986
26313,8965.875879847868,2115.14101546128,True,0.9867488127125851,1.2100607626788296,29.285025898024557,100000,0.27107,9051.771759689034,9061.421835379895,f70fa7540060d05508bdc287cbf5d5186bf19770f0f58947bb5804128519eb86,24.101519116758,29.270726568972787,25.173968795640732
26314,22585.60667455126,6005.668129071735,True,0.6433944377470596,2.4393256592877552,74.35771482437035,100000,0.04457,24363.295859351445,24389.269520128957,f2060c3feca791cfdb96d9acc15525280529f20cf8b88eb4b1b0ea582ec52a4b,44.14989317696989,74.212484912604,30.6344345132141
26315,6488.421222153001,1708.7427447663235,True,0.9845402257285181,1.2335612473239468,25.425838559548733,100000,0.30237,6608.14945749717,6615.194392360132,2f91e245f64447b1bd3fd287c19934b574d22d4597a20801fd1e5c225f381cb8,20.64607886939919,25.314103917441344,23.588424444893846
26316,13026.067423416878,2873.814912546675,True,0.9316101500781031,1.327637976580024,36.3556490773784,100000,0.21091,13474.981622420266,13489.347273260959,fb31bfd2d8c1d08efcb5580b123844bb9ddaf7450cf75491a60f4ad0c65dec53,30.09814600131596,36.39115264093053,27.337743935138057
26317,6889.4432956885385,1767.4133399354646,True,0.9906846087845382,1.17883976750409,25.114056744518138,100000,0.33446,7043.850026246225,7051.35946061034,e6394b182af5562571cc6a172e83eb2e6a261e14682376c5804e9d6451f43513,21.386188946503726,25.107925383008247,24.120776179915612
26318,5279.606910705598,1566.4366675811236,True,0.9360642870743585,1.308356436017458,24.32700009889652,100000,0.28157,5389.734263492277,5395.480248364319,e96570df9a978ac00ee00df6b0ddb317a7a8e1e8d1d08489a13ae2c2a9a654b3,18.696629958819884,24.273547217819843,24.2022767097176
26319,19655.647590021024,4225.6615715058815,True,0.83351672225981,1.179692766553029,42.25606967574792,100000,0.20149,20213.247717557948,20234.797020347636,44cb5aad0cc58454c67cb908d057a79ef9764009dabfc747418887422d4a6d52,35.78767229130116,38.861966422984,42.15290544314112
26320,53598.250759276685,9870.00437200041,True,0.696520425930713,1.2032575578061002,63.0777079196983,100000,0.1652,55125.565293362226,55184.334547791674,bbdd0ed14e880635afa71859312242b7a1482020616a78a133e5548bf90eb78d,52.51342382963165,63.04690825762813,58.30376029882269
26321,14492.617366389377,2896.0489036689264,True,0.9926042202239418,1.1252928830140554,31.613320829386563,100000,0.35245,14805.503215797047,14821.287333035849,c763a03f4a7344f0d8b9b87097cca9f8f35b5c4bb406c970f92dfbab9972bf03,28.217358630917303,31.4435227194631,31.69050178844268
26322,26123.399731252208,5203.5959885920565,True,0.8182142110102419,1.2265450170171859,49.36442672339274,100000,0.16765,26813.972086766124,26842.558408547062,bb31369a1141e378fa11ed45d4f07d400038b1d134af0ee8100c2fd0f1915f09,40.21706347069374,41.84406483975087,49.24390810346257
26323,29700.982575791495,5951.940574686998,True,0.779242712332769,2.28198478773286,73.51599993712202,100000,0.05964,31506.38259835868,31539.971489560445,b0a9c53863a0736424a47a731cfba6256fd008584c2095925371826dc8bb5f59,45.17572554729885,31.705569797101088,73.37241399974482
26324,58176.90771959696,12060.348516087925,True,0.6020390873234842,1.5253791131222523,80.27617758169785,100000,0.08864,60968.442971406774,61033.4413059923,bf70f5302e0abecd4864bfd23229b19339d1abc0f1ab4deb8213aec0a8fb5e67,52.85762962349588,62.75496108803627,80.21738155319562
26325,27935.693551955934,5086.397604922089,True,0.8753467501663235,1.8438691275792978,52.29709886377219,100000,0.15056,28632.3965312816,28662.921471710182,75c0129d01a2d8b2c1580b2658ab5b662834eaa8cc51d836fbbb01a4c545eef7,52.42477732779507,43.89585593106659,28.42122609149338
26326,17139.866788479623,5366.086469787216,True,0.5990982982728508,2.985238927128279,98.12235884456163,100000,0.01433,17999.706850784656,18018.89630210257,432c1ab23c3e687e17ad921ba0f16889dafc54ab77af9cba70e94ad9a6ef3af8,32.53177815207878,98.29004842266514,67.50703301366569
26327,11202.105222665612,2451.301025848232,True,0.9876898164432323,1.0558541300022009,28.46988672605623,100000,0.37254,11429.978921306301,11442.164398875102,39e1963b13830447c9aae135f4e99b96e2a399c8ad1e4619dd5562794a2927d5,27.058903570443583,28.46293607011725,28.24051508006994
26328,24261.392591582127,4393.292946349438,True,0.922510061795402,1.5581828442606456,47.10098727064707,100000,0.17965,24959.30879936305,24985.917868338714,6b8d2291d739b898e19439993d2cf806e7357b7c082b528022424107de5d197b,37.3151132063598,30.30056187943238,47.123985799587814
26329,26203.02422024187,6650.133459566281,True,0.6415365075419226,2.213610998345015,97.67022849450507,100000,0.02342,29012.743840591833,29043.67426852288,cd878c595835a2c0935432c0f963264d19cf6bb78728c6841bdd00cb83996d71,51.05272441570687,97.40793051759111,44.20913174531553
26330,33470.94739115061,5520.120611009092,True,0.9098732443523505,1.4384194795251564,52.544318270420376,100000,0.17763,34261.699569017015,34298.22589810664,d07a2f92a3db40e77e5d493a917094fa3fe187b1b8b8b5cdf17a688340dd6da9,36.66300332442906,52.50583366231215,40.511464135250876
26331,7169.259764114392,1810.7497066848503,True,0.992983225378075,1.129877125165729,25.205245033137885,100000,0.34175,7276.065437520184,7283.822436267808,ec138df099d5b4fbe4d7bcc8127c790201badceaf9639438893d337339adfae7,22.3376561206764,25.180630536035213,24.583728981295376
26332,17689.916985844528,3369.957076577619,True,0.9742646653052989,1.0411741561656125,33.362449173381776,100000,0.36368,17955.95446925701,17975.097276248845,4f5e3f39961ab2fb0e9c34ede99afa403e839ae12ddaf5fc6dce1d939de6ede4,32.156970052859194,33.280997881454574,33.30543326903273
26333,15442.598494217522,3977.9577281444354,True,0.7538834581343968,2.1769383989134914,64.92651730257347,100000,0.04549,16553.794574877993,16571.442542022935,a7942cbe67e4aed6e505c786d8ebaaf04528b6ae58c6d24e8f4cd30c280cde29,34.44465871545218,29.942917769668284,64.67289809436029
26334,96069.43582989044,14431.860649722956,True,0.7028866442464112,2.0969283923668756,108.10501382890479,100000,0.05989,100602.11813957116,100709.36985564193,c1d307a167fe815ef739654d0168fdbe5189f0021b7238d26c0b76c20be1a127,51.86190238618113,88.86464393601621,107.7619070955611
26335,19662.692804794075,3677.6013980143775,True,0.9579616678317293,1.1561609364610088,36.98687300428416,100000,0.29964,20158.487256197564,20179.97817896937,38eb278c61934a8fb12528b46230c5c1fd377efe545bc19d936d703fc3bcd0ba,32.426723866793076,32.0203739436503,37.059112990620655
26336,26559.881103905816,5096.713219182264,True,0.8446523824527343,1.4543642759656654,51.14934610634488,100000,0.15383,27370.1135929911,27399.292816114703,9841661ca06ffab6597dbf33fdbaaa21c63a542744b69529d764e9dae716fd8b,51.08690793971115,34.865472248270244,36.139210847598164
26337,27970.960741445382,6894.547750548863,True,0.6463234745179706,2.0763435844802896,87.28569242695315,100000,0.03316,29319.6652745449,29350.92291080017,ee91327aff1e731c224046f61fe843eab5f28b51831f31fd98b52f745019fe7e,41.83149761574927,87.05128260842375,47.71305306248733
26338,35306.30167482843,7747.919049171285,True,0.6717389562119239,1.6480944023294524,84.98692689242966,100000,0.04529,36963.57761726441,37002.98441311405,d6e90904251f699bcc9190d4f3afd6078aef3dc8b21704cc32c263234ccd06f5,51.332435823210695,78.7000521735805,84.65494670925611
26339,73315.59207318007,14131.528050012554,True,0.59945864868465,1.644101008956101,84.860328504422,100000,0.09367,76107.93660821875,76189.07512656007,571f1624acac7cec80ea9097cfecd920ee036ffd36fca006aa1994224a437057,51.48386629235564,81.54547192221801,84.6117142607567
26340,36955.80055176331,6968.858126041684,True,0.7699175944768748,1.377376807713689,55.32978166444052,100000,0.16935,38139.70872407266,38180.3693909328,7477cafcbe8031cc3a377df59aa51fc93203de339b89f7aba4da86b162ec1c12,51.236782679009494,55.41083114930054,40.092478510756706
26341,40059.90234304026,6110.375993965875,True,0.9265939221307118,1.4460546066466322,55.139678310321386,100000,0.18389,40988.8844374847,41032.58260484983,e39563e052c2ccca566894d033fb85297793c869758cea826533846cdc0dde4d,43.131721022038505,54.66851406694707,37.96237618044587
26342,17654.291827109013,3345.3034549345075,True,0.9801265182102685,1.1930614821397865,36.48166815901865,100000,0.28012,18083.5414191373,18102.820246320127,acf925a1402814898654bef1d4140a3e7de766631a43c628e58212960065051e,30.567647734802737,32.22428598616443,36.28572169918017
26343,17748.938667930208,3470.3176372877147,True,0.9481924424788511,1.3871276688510323,41.54254861806109,100000,0.18925,18039.753552914935,18058.98569794154,21a03335a46119647a4ea890cc13d13109cf67300a1207352b955a32d1e192f6,32.962227297045544,29.899275714366237,41.25856635211731
26344,11727.701261002157,2524.852366945258,True,0.9886822375639922,1.1148492095044131,29.37108006225358,100000,0.35295,11890.17479720583,11902.850888673536,c40a8c462adc07dc220acce8d5c459f3173b71fa73fd1bdca0646f2c87c8fbd4,26.287690309624423,29.213325237700463,29.35673871456693
26345,32325.116465019626,6913.0836284315865,True,0.7098594681941804,2.2106877334183093,90.85988890554236,100000,0.03508,34985.77435032824,35023.07261408779,fd5e613121fc26516b4a9d09986175b33688fd0abeaafb5dc0618445f2f23130,51.88507816163661,41.28180011064802,90.2165937936623
26346,11544.428032735237,3946.411853607946,True,0.6259360977454843,3.4784636919227916,84.80754616979726,100000,0.01483,12027.072946716013,12039.894985025925,743692a14b9482a554aef40623f3981466d45d5d3a148d4c7280d163d662f907,23.5001379157031,38.6458215151188,84.41415179059166
26347,45935.10913727627,7603.8245628104505,True,0.8157339508523596,1.097361812608302,56.17670178185547,100000,0.20031,47215.723097258444,47266.059684811,339abdf5a7d0867fa0361428eb46a92344ea0c296dd0cdb5f3943402abd1b24c,51.73303689481418,51.11586121605842,56.19041679693893
26348,5714.4056020047965,1732.39936544454,True,0.8922436868550209,1.6828586063365538,29.40143828961959,100000,0.17291,5843.070697056164,5849.29998298942,37e5ce0931f6229d8b9e987f544c41df6ff9fd57490038dc30bf53b9b92dbb7a,29.36554786201996,21.828558066096967,17.55041909622068
26349,9753.250735897207,2228.6768983324882,True,0.9905352589909038,1.1424808958927941,28.062105384566106,100000,0.33876,9953.324873976979,9963.936093632052,d0bbcf1f3bede338c4be7247beeaa18ff217d95ae097f8a769c7a86e4d33d60b,24.616002111021977,27.349590990036106,27.95248778540764
26350,18081.198270480356,4517.614737418175,True,0.7374395152933867,1.8559081510098736,50.07251222137381,100000,0.11357,18957.325676110173,18977.536042934207,5ebf8bf2a0f4906b0c55bb80025381b7734917cab25a2a696f5026e975cec4db,41.38072604232187,26.931089947189086,49.92581540822526
26351,48417.84996537014,12167.36100865855,True,0.5279888251742526,2.637881229341628,135.2770938731593,100000,0.01634,53782.39627922581,53839.73358386732,4616f875752b54f7152fc3d787a308c78c8794d115230ae9e116b7a79862a6f3,50.81147678805068,93.7295879912173,135.1119607019274
26352,25172.59454417479,4352.747008066019,True,0.9542731093534274,1.471949432791588,45.9251427017187,100000,0.20089,25871.711740882125,25899.293520801,12736c0751ae246aa90a466c22e611b127556c429c4f8a5fd1948663a8b3769e,46.149386562566946,31.136260078777546,36.18174694786285
26353,39849.936900468005,9473.609716320521,True,0.5955529689551655,1.3671190851618236,70.18364011180043,100000,0.09099,41823.1399132611,41867.72747871319,e8e954205db7733bb00523e6d1196e0ed6ea50593b933a84c5b263bf0f210f44,50.83858891887496,69.89235058985204,53.30598251655546
26354,34739.2416231748,6772.334787647791,True,0.7602549576882961,2.232357027664499,73.99264031477273,100000,0.06634,35731.91918048132,35770.01290774551,3acfab74536ec61073a589a2be36e7d8c3c5d614cc149f38e7f0031de528ffcc,51.755106079546835,33.148558344142565,73.39650820286172
26355,6751.34354282726,1886.2409982603535,True,0.9158276460189159,1.7711978186354236,29.325238463110676,100000,0.2069,6937.459316800183,6944.855328242664,3565f3b5a5eabb2448b754dfbb58086d6db74fccdc3d49249096e4d419efac1e,26.21802325486116,16.65295524052623,29.332397945157332
26356,36476.595891818964,6011.845593640475,True,0.8847471546362113,1.8832643560584685,57.02737071770497,100000,0.15215,37517.79484085489,37557.79248657335,e7ec0fe630a4f6b6e3072c84e3b8dbfae5df910934028ff7d4b42707aacb2553,49.00789671052771,56.734994061193305,30.379326881355524
26357,40950.56740657676,8761.00272391559,True,0.6557982572827543,1.2785591610697724,64.08066769193633,100000,0.12349,43204.41977266571,43250.479917801356,7466b49b7c25befe5c07f45d3529e62b8f9d9e10277e65deeea3816d0b30ad6e,50.36027082527906,58.93356328015726,64.04937830341487
26358,44991.168095707115,8108.33897511488,True,0.7544614847565086,1.495342469667154,60.42884515296795,100000,0.15932,46743.20458721744,46793.03742373559,20d7a8b49779f728f6cab6c9f78a4f29bb61e730421a58c8db294c02f3db18ea,40.32032075270054,60.546870241157336,56.82907996319153
26359,23415.932394517422,4988.131659789333,True,0.7935126480980094,1.0607283392214524,50.21153186602926,100000,0.14363,24175.244524843216,24201.017704470745,856388103ae653edf486bf7f38edb090cefec531076c374705734cabd1c8272b,50.34637728852104,47.122345823490356,48.10303980524874
26360,44046.42511564615,8636.431836557731,True,0.6983774675734832,2.594433239794173,85.46206147125088,100000,0.05686,47189.16039240862,47239.46866151489,340d6c4e07e41c61b32b960ced1e71fc9c903afa8b12be378171f253a2b73394,32.56989207925357,85.42033194904812,80.7257607012377
26361,24530.83911845605,4957.995055899,True,0.8234798396577654,2.2516204232626458,59.49973191938744,100000,0.09111,25516.809728331813,25544.013147928006,bce5bde8ac299e105710ad6301ef7b15137b261fb27aa80aabb32b75fead36f3,26.205448335589587,34.9212293784686,59.325416298529866
26362,21508.632055095117,4447.152240493433,True,0.8410283862556469,1.4483654666186658,53.28380814487147,100000,0.10901,21926.40385497949,21949.779550086092,b7fb37b18e6e21695e60e2f082707888b66f4bf3cf9cc11344aa9af441c9e622,40.275065922002454,36.281382059581674,52.997615815968345
26363,20682.863561187096,3743.2501257254326,True,0.9734397010793772,1.1100750640406427,36.03778866306237,100000,0.33768,21013.33785015061,21035.740127423524,26df9ac1f77ade7de20027221033fe3f5ab5bf8ec822c5dc2f9304dd15d0f54a,32.492078499191734,35.91461262759292,34.94680092033295
26364,39252.98580552926,7986.400165931538,True,0.6993826519615163,1.8486486168301652,83.2176452529037,100000,0.05392,41315.35162973066,41359.39784311366,9d8b1cb34df697dff805b758dab54862243931b75c89d6084b3b7ae37fdd7d61,49.95903068283452,45.12363039714334,83.05511078951912
26365,34741.295467148964,6688.151328900315,True,0.7698545944359011,2.636728755148387,80.37196641949042,100000,0.05049,34852.54163440451,34889.697859033244,4e8502606d9a1c25e590125d0fc8ead8a7119637f01d33ef641b6e6e8fc88aef,30.473062463249178,42.383654166528146,79.48897362435441
26366,30938.65956293493,6771.885367111669,True,0.7037885371992981,1.503445859661819,74.24693079907854,100000,0.06045,32896.30530694564,32931.37599195514,8f531dbd9981305b3708fb9a7680292f94e70410b9d2b814c268b305d1f1653f,49.52212278883852,74.42819771997475,73.37684957877683
26367,8577.56464663799,2314.417738328771,True,0.8755582446124739,1.9993516712209694,39.05389924446581,100000,0.11186,8858.971837598841,8868.416369680033,0a723103aeae002a8343e0b2f98476401f0cf0b4ac70fb4a2d91f207a61752ba,19.464974440326404,38.80599851683981,32.122213514307944
26368,33655.72013700021,7404.007783075526,True,0.6808579554480803,1.0918071756191685,54.221852825194844,100000,0.16511,34995.462747872356,35032.77134041304,94fdb98236d175ba66992d1290fecbbf50c9478aa16c6e313ff8fe059304b9ee,49.575400105067054,54.40718142371847,51.2830707628918
26369,31638.49894941955,6760.9470816778985,True,0.7155178978571212,2.2441623438022344,68.45393844203282,100000,0.07549,32195.861235569777,32230.185178561722,7c777c17a453353aae8b8fc01605ee775e5c940b4a32a046210c460a9884c6ef,30.458325881495316,68.42051366740293,63.39008508560315
26370,18705.129212244487,3436.054848435808,True,0.9917400345592294,1.1048616551813504,34.48879044517365,100000,0.34914,19043.588991610082,19063.89132358151,ecb7b335b3c20efb45c42371b3b97a0453ee848c20c5c4609b17b9c5a4560765,31.011283010150038,34.55615136401188,33.70571976367923
26371,55139.08117652828,8766.61671610997,True,0.7991441448244854,1.4629700497513136,72.23410762811474,100000,0.11242,56335.975438318535,56396.0351085722,bc300a8d3edd93b012dbef0cedd7d3fc95bacb8ca3d9c94a2f7c2095dea24a3a,49.44932563213714,71.91667258482713,55.62167369606297
26372,56038.24617630515,8862.660470066858,True,0.7990544404103646,1.5252612406165822,73.23173639593935,100000,0.11081,57861.841581566885,57923.527974650875,a756a1bd3ad9ac6027e8e0c4763b63a376505fc8ba197374f49ce46d3caeaccc,49.79257467350857,73.21385755404583,47.75438669764502
26373,35091.86595643024,5323.779670776927,True,0.9736473634302762,1.1568945782131608,45.16149212851758,100000,0.29313,35898.8401425513,35937.11182391788,7f18e3858e19b49717a3fa46eb6b05e32cbadbca65de1b1dd9c38cb6b2195741,39.11937843554209,45.09533759903244,42.21761556642915
26374,50772.07897798476,8299.085409031395,True,0.7989823550683254,1.5283274208147022,75.78687194792212,100000,0.09158,53002.68706537149,53059.193123586294,1d643d04b63c2ed86da63243e4f6333b7ce3e6a972bac5cf8702704513c4e68a,49.7351347158239,68.90388455421436,75.06526843083986
26375,55900.53532018516,8978.298238643005,True,0.7874701037260008,1.3587247939753313,67.29512325689159,100000,0.14187,57485.279738692494,57546.564679952186,4b49a09524e2ff660c134db425d58080501f786f7aaad435c7ebb7e918e36f8e,49.71558666390476,51.30924558868956,66.78580957989851
26376,39267.83417198908,6133.321388183222,True,0.9109188745294273,1.2967181146705533,49.55996367725457,100000,0.24876,40261.3921717486,40304.314761070505,8cd94767d06ec08b1d432c2c632927bb62a3950c0a62867db8245b104a23acc4,49.69305928283313,47.769222802197525,38.12584119800516
26377,38692.29688823462,5791.631698998455,True,0.9552114706280336,1.383234242775171,53.12494811141664,100000,0.19781,39432.9348457998,39474.97421843062,8f9731feb099e622c364ebc19d18d7b6aa2ac6f37d0d8c8b4dbc3679a21b66a6,39.454612342512064,38.30028607739584,53.28058760783681
26378,49355.576233076514,7313.104228827466,True,0.8897606174692626,1.4279266348871753,59.93619693531329,100000,0.1757,50298.45105911974,50352.0741367602,5ade6bc822cb4b02647a365048931022650ec852557b4343562adf072d537a3e,49.693194529375965,59.61427400255526,42.08410702782251
26379,14690.207457677707,2961.652462059639,True,0.9794192810056497,1.0989779852449921,32.46164644145878,100000,0.32491,14777.127130197174,14792.880995748112,324ee861e956677f74b079ec5f1639042745229bc5c5be9101f3cc5553a83824,31.209463790640797,29.56894601393621,32.453721234808036
26380,54060.18991994394,8495.429514183084,True,0.8138614820675811,1.214561880734529,60.20285094886175,100000,0.19074,55336.062620055156,55395.05628526179,31dbf71ebdbbe139949897e883d35af0caf69fedc6bcfbdf6bc12a6e7796238f,49.5174328239051,59.89419375405558,58.14513631682058
26381,36866.9082267921,7932.593739843566,True,0.6752947761407642,2.0962258501636195,104.03165891766614,100000,0.02628,39340.26076420844,39382.20133718702,dcc486b8c43cf27e7fbcc8fc999c4c16c3b39128770e6fb52b57f818e100a4e7,49.48869321315246,60.778261667474375,103.80307372961462
26382,40344.77945563384,7937.133153633793,True,0.7167131214785568,1.3329755422318728,61.30124329630833,100000,0.13638,41770.90034552385,41815.432218477676,16a6265356bd84eac759e6bdd42c22858eeee9a288fa7c4de68aead8594b3dd0,49.74739568284396,45.541914880533746,61.27131104860505
26383,49797.575143217684,10803.142526081941,True,0.6059072500354016,2.098685544792222,104.00477466153549,100000,0.03506,52442.94179963082,52498.85111454214,fa923873aff455c280b13f8583182b55f1b87b333b65b93913dad739dc1ae9c7,49.805997436182096,103.54772242913617,62.20988718768602
26384,20425.85849972528,5448.770261268057,True,0.6631918393547037,1.4441794431043031,56.20602588198696,100000,0.08958,21148.27732602671,21170.823462003795,6b3eb8dfa7daa2411df401a5b1f697932b2bb47cfc99ae2610b3972761ae3425,38.60047627100325,44.9538429661595,55.91786022194748
26385,34433.85978208402,5234.9897020888075,True,0.9777446101093178,1.1465872857852277,43.525578273186824,100000,0.32199,35301.3517073249,35338.986407470846,0387954ee48441867e8ece1d609230ce2da8b4a4530867b6823744ad1c26d3b7,37.946738284558144,42.84549111266828,43.51495191130372
26386,11982.595211778435,2556.3371768950356,True,0.9906036278077055,1.1951518156396739,30.462006752258215,100000,0.32544,12230.9942790264,12244.033717459079,98bb5b98b78aa9b9bb85d016cf9e5f5726d75e29d7de2475baec66dc4b84e94d,25.575888969974606,29.591876188289902,30.417384672054716
26387,40034.99750610886,7746.165772507682,True,0.7306182924850327,2.734207972134821,93.71553101083938,100000,0.03849,42120.92730070362,42165.83233669128,59ac8ffa916352630e952b7a2246015e63872d723fe659c481ea9a9703a0d63a,49.44317932481053,34.23957328069364,93.3265749495151
26388,9272.43988357479,2252.6126980310582,True,0.9475314071459333,1.2005787960164722,29.40569432958401,100000,0.27973,9456.897073834976,9466.979052809484,39de578f406329ba4d113a845d04e6d7714e5d0fe61b0565175ef6275eb51418,24.57414347904445,27.280673450297662,29.38415695580746
26389,43043.27767252152,7064.288772428477,True,0.8407868365232417,1.5794409653415542,59.05881657713125,100000,0.16095,44081.92015203399,44128.91579856145,1d99e4ad2da1c591928fe60a1d82a15f7b1fb1489a804d1fca9bffc463b378e8,49.10994366740944,59.01556060795855,37.31548273965227
26390,20794.401843437958,4715.616537527852,True,0.7754907059110043,1.243014595147996,45.24543664476826,100000,0.17254,21248.55721451403,21271.210258678802,a30f49c4787c7603aac5cd33b118bd6b0c0784150169b747b67cb9969f45c174,39.54557206744882,45.12392790377889,36.44157604762951
26391,39282.304098315384,11025.189697268397,True,0.5068693409324677,1.6328999973928673,81.18146508006117,100000,0.06028,42880.43669149437,42926.15143891797,c6b6915ee76ed965fb89264c20cd3dbdf178279af5c843871736d639d6ea69c4,49.96544762373882,64.45364366219701,81.08236661194587
26392,26883.74916388959,5735.292348640694,True,0.7566966080131694,1.543566032138056,58.88567364077696,100000,0.10205,27704.942533585625,27734.478717170226,b734400fbc1fd027fcf69e18e578d1f774fa4900ebc489d3a2a6a9935529244f,41.447118434169916,38.169302616275104,58.440005700624596
26393,33429.05420285637,5064.1217938279715,True,0.9909750235497743,1.1040871150267806,41.440095105115546,100000,0.3591,33977.61860171415,34013.84207265517,fdf0d739270a25c02f8dd5b3f81ffed2acc803fd52fd1e927caa563c35009af5,37.676492717639235,41.49068115871066,40.35755355818016
26394,57355.781222847756,10242.668896826626,True,0.7021918591357831,1.4512214838567654,71.84637940906886,100000,0.12026,59299.518000357864,59362.7370973841,39c9c321d784de0f2d3c042d3ebaec0bc60a8c28485f7beb9003b979bb3b390a,49.41192646370776,53.709378357072474,71.2850795699355
26395,20359.632636092745,5139.632820046285,True,0.7015608125077307,1.752111643398081,77.19296940449314,100000,0.03572,21845.39963438296,21868.688971052692,bb515061f6eb15cb32056d802fb19c2667c72e2cda4763f0c27a7da330586287,48.58483279413656,43.43989122982341,76.77835872898072
26396,7359.961861901497,1844.0254466773827,True,0.9922800440827794,1.1326209120887214,25.36262818348058,100000,0.34523,7488.7027916569605,7496.686482660715,84cedf1c5dc7a11019bc861a9893084db0500269e8c72a93155bbc30e8252281,22.409021336918023,25.059217836559057,25.362628183480584
26397,85509.15802570296,16066.124930727381,True,0.584226705210112,1.6058569600600654,77.26861603149908,100000,0.14463,88712.14670209438,88806.72254349885,76eacaa4c1955f6541bc95ef3b11be445a0fc90f3c7eefd862354889ba5799ee,48.04764771294633,58.838089209532626,76.8158702344395
26398,24242.858846856583,5263.091712772144,True,0.7696602811921143,1.4197341619666135,65.37454031762077,100000,0.06873,25532.161917966947,25559.38170450167,1b9a9be032f8822f3adeddf0eab77f5f8fdb531987ee208cbc81bd33bd4ebf4d,48.39248199292631,65.40646147988524,45.774946687240316
26399,46267.374838875774,6926.184765300972,True,0.8998565680676778,1.110233289397783,51.34350838039124,100000,0.26431,47564.783069977595,47615.49178966589,24d31529d4985b755d2fa2365188219e2f008117cadfd5212f169e411ff8b303,48.09693399793974,46.21667856408753,51.381113489068284
26400,22336.65690068131,3994.419154311966,True,0.9602314757839223,1.2576542885229194,38.104315916297466,100000,0.30901,22730.57087988673,22754.80389584327,030f0253a0642d249c86b12684df75d3540e0557f6e7f33754413a818cfd6f11,36.922858855416166,38.14152716230948,30.141109269727487
26401,28541.226836235262,6434.412661072536,True,0.7019243454613919,1.249068585654877,60.15134082171912,100000,0.10306,29822.31666615764,29854.11017805184,fa0fadef4d133269e02708ae8c4d65b47ad1b1e38848e6a3ceb688091470a742,48.18275127833506,56.70027512516053,60.048543120119504
26402,23093.85448969302,4179.250463348206,True,0.9383899370575798,1.328125813620993,42.966534687336136,100000,0.22254,23470.069260451375,23495.090654146006,289449102501a2f67d487a689eb04dbc93faea8945284fcc70ebdec9ed880781,38.686665021214765,43.07143345366265,32.45567830142041
26403,5645.67459669877,1555.0089713802172,True,0.9860413343855517,1.257422392676771,24.25360782208996,100000,0.3033,5753.2966070579105,5759.430185014146,a041f65a9d1ca2f49cf986dd96082d2e589b99e51877dd01572c7328f76a0001,19.2915659873948,24.26545040403434,23.513446450566217
26404,51552.288879209926,10437.180061058825,True,0.6417998089299206,1.4768363853472894,71.57161734452816,100000,0.11184,54517.37719947627,54575.4980658005,e88507d76f40e567666814c094142dcc9c87d7b60a22aa332d65cf6dc5e0069f,48.646333663859,71.30951425366686,70.6455197568182
26405,42472.004866670475,5955.143563892795,True,0.988538823191114,1.1269989173346058,46.092489027573066,100000,0.33169,43185.52094849955,43231.56094563669,92e5f4222f84d47da684506308fdee605ebbe3098aea49d332aa63acde58e778,40.904833402155305,46.10374207665207,44.14571153690652
26406,26966.845732840997,6662.601647465155,True,0.652720185834033,1.3166075574812468,57.10980164976857,100000,0.11361,28136.09468850039,28166.090522531304,be9ed6c594bbd19b69801ae9d6ef08543c3dc79f5b1f4ece7357c88bcf1db119,48.53496570870225,57.067973181763364,43.40400696673085
26407,17894.208777935826,4823.671191928774,True,0.6858799302103042,1.1297586656585583,49.59299773007767,100000,0.11488,18630.341284728045,18650.20305414924,22b26af7c90708547f2f8253bc3f221f1233542a33d20334585397d6438df3bd,48.39433884939464,49.568782399154784,43.6481339885083
26408,24239.292210410717,5421.635367848608,True,0.7470799967686447,1.8784162140679959,58.44332071292584,100000,0.09581,25429.088584250672,25456.19848451135,e79bf69cdf5655a08b4b8a20cc8ea020155ad5a2ac1749165cd8030644fda8c0,48.61240079808064,31.190698017201143,58.6716149344607
26409,8830.768242097432,3266.5806653333248,True,0.6324939786767634,1.7369217370764383,66.19646972820519,100000,0.02483,9576.272776802292,9586.48202197394,2c8f8f87d09dd81a6cde189489d04b20181ab8cce80a7446648abe16afc9e154,48.1443562793758,66.30959846065086,38.09206033920401
26410,40540.912898032206,9240.566436115729,True,0.6176103233584623,2.264627603987838,109.5852362457795,100000,0.02462,43078.393092773535,43124.3188811189,6012735e2c4fa5af084f3e903584f80e9aa4645f9037572b17385747cfd28a79,48.75954420359695,52.03693469190457,109.77251570225422
26411,18750.995605600634,4311.483085772479,True,0.791662960026736,2.0107897844184777,55.33515208812514,100000,0.08673,19538.353903481977,19559.18370333211,48bf564ff9715b978a9b78e40c01bccc0a5f9bae1cc3c78a85c2c16fc8200629,35.354514896148316,27.701349940600736,55.32164252950987
26412,41069.24707674545,7846.396763449997,True,0.733654670766504,1.4101485340025326,68.13282496420159,100000,0.10057,42291.48554902122,42336.57241681484,a44c64fe1cfcf3d0035b8f5965bc4eefdb44b99c96232624482a397da82aee5b,48.12213442906133,49.25324578100608,68.11619097373182
26413,34701.21474264097,6336.523984694904,True,0.8119503873299466,1.480337993292734,58.34626245042591,100000,0.13616,35958.69879904506,35997.034295605095,8e9ba3922c78231e32aeb87ea0bda13cdd253999d84a315befdcf8b1dc61598f,48.417711442626384,39.3153526277284,58.332017757444845
26414,61676.97756703033,10092.68499200359,True,0.7479848384699147,1.6918392565073594,82.05893936336703,100000,0.08721,64070.67301459709,64138.97863040025,fee12cc50da888d10667bf712d2e262380bb934444f18e6e01c87f84709abbc4,48.642359564027146,51.567311992506525,81.67829486924985
26415,11021.792930900396,3001.7494863184,True,0.7978927358750467,1.9709354896104845,52.15422736947187,100000,0.06039,11390.659749386954,11402.803308865548,fb22f6843f8d3719ed628f93dff08bf037625702a404b55978ad665fe5115c42,26.268108169731555,52.23062516347012,28.394513436016176
26416,7789.489824715559,2190.5949000585615,True,0.8674838437653168,2.084243800811599,32.36935977861938,100000,0.1784,8044.748674654527,8053.325165057224,04d72db5125a893021292799a1002f05f5edb3f9e405c4c98bd244d463c93494,30.931072796268623,15.639395264132752,32.235014291256945
26417,37058.55992486576,6441.646973284388,True,0.8344741674663226,1.7085520798489882,62.24113702662906,100000,0.12069,38691.81853586261,38733.067805884064,2e3dc9d008be18338745c396a48f03d2ac482dd744915676a71b23e1c8471ab4,47.21269842327551,61.90683404455244,36.43902504635169
26418,54947.212001971464,9249.595379006008,True,0.7556577898038812,1.526292801185705,72.08395997713924,100000,0.11595,57743.34856064365,57804.908628556055,5d4583a33118c0d1dc13ffd1644f7933b74bd246191fa80ae35bfc8cf485350e,47.815458803195156,47.26990148891504,71.18643020203325
26419,36312.22384485338,5440.648563829289,True,0.9746948738464103,1.175201710662296,46.23044849100944,100000,0.28085,36895.55518382224,36934.889461092236,48561340718357e089616848ca2e35f498593e864ab9ab140864c3faddbdc550,39.3568295625366,42.302666246167824,45.93699349570518
26420,19226.292405894175,3628.3601485093095,True,0.9565421197626954,1.1057960556664415,36.190672872192465,100000,0.3087,19455.477955173872,19476.219401141985,94cccc0836aa1e730b32a989a6d33c95389ab3976bbce529415654ddba94eee9,35.67820728952958,36.217179712675026,32.735947995965105
26421,18561.31231273484,3547.4367046012635,True,0.9556713973675075,1.2179959275139887,38.3329297322488,100000,0.25112,18806.702017808213,18826.751805052685,0013a995156689853938e41adf805ac44d84fa526873c93a3b18dcfe7ec24932,38.267419354288414,33.700410147907206,31.47305729725408
26422,20111.107700721685,5068.064205747392,True,0.7056662455905034,2.0820607747696944,61.00120879508597,100000,0.0701,21156.734825011597,21179.289977511376,7ec200966c7246437959d432da3ec86ed7d540a03569913769dac8d38dabd566,29.167692242474576,37.053468623577615,60.956530175363014
26423,10490.535315776586,2332.7485487273098,True,0.9934544588751757,1.1485946371897078,29.17208082276329,100000,0.32503,10728.548624121857,10739.986308259782,409d53e8b4b9a79b1eec5a1fff6f96e9d6adf6a5f0e466374087f1e1f489e4f2,25.397373099114716,29.107982012361713,27.519755932411464
26424,19927.818027138477,4280.037448317861,True,0.830506536178602,1.6300909758552822,47.531428684848976,100000,0.14259,20358.556226774414,20380.26044267388,38f9e0a2221d155d4a694f7155aa87acf49d05fb4a051d3dbf90bfcb35f0f7d1,47.67068091732412,29.1617383508363,44.23579251627058
26425,21877.35919197687,4991.523360872336,True,0.7578459743881734,2.9482293160846704,62.471046832434496,100000,0.0713,23112.194413767826,23136.83427780725,1bd76da222595670827444ab861b55ff1364354df68a369f87617d0722d11438,47.41759877979463,21.154136219869784,62.501550273270645
26426,7004.815225510984,1795.2174201775183,True,0.9861996859269668,1.0554599901512438,24.83005862575766,100000,0.34881,7099.658572380201,7107.2275041232515,345d8ea77fdd8cea9fd10102fefa7ca3cc852c79f818c18e759e6671fe2a7647,23.587343289263444,24.539081376237064,24.836120651789336
26427,9740.93961294718,2794.805966272314,True,0.7892229338067774,2.182323350133008,47.124928632531294,100000,0.07205,10025.392933596702,10036.080984865372,5df225ba9fb6048f687b3192c40e1638aa14a7701b0748034a7ab9c55e43d147,21.687131462969113,47.04439286582531,27.301624913329288
26428,24667.741001585964,5302.54066976351,True,0.7728342659228093,1.719825133528117,69.11482979577922,100000,0.05841,25639.894650725237,25667.22929090996,be8e6a962c7c5ba7827b00ce3e6b2020e3ca9b679ca09ce97325645ab24d821c,47.38145558265333,68.81110251640322,40.058253402143514
26429,12756.58747545954,2907.8611618192217,True,0.9079601721493256,1.4100015974158653,36.0692889840239,100000,0.20627,12869.572308154897,12883.29253334173,40b1f571d21b94ab5fbd3daf31c9a30574392377444c6417b2a0fe4fa4b6dd68,35.87555745139487,34.616302489306136,25.572562307032563
26430,45221.35866534184,8456.376477497379,True,0.7258756355753468,1.198075191615918,56.98804491254904,100000,0.18949,46628.65313884048,46678.3638522896,608dec25ea25003bdb7b84a142f394b17a5b7fab65013a828cede9851e4a2c6d,47.666269987888924,56.918479428036655,52.13237409358429
26431,13667.15730459631,3018.699574871732,True,0.9157628602240362,1.8080961553877628,38.275730585562854,100000,0.18941,14121.755005152205,14136.810179797067,d020ac12375efefecff098ad525658a627be9fcbb8ffa86f819f613d8be2fc4a,34.24818178615426,38.15424999532547,21.259103291541866
26432,49345.64797333378,7638.457608367929,True,0.8517478040418066,1.6597678421190796,66.3525560936456,100000,0.13086,50827.083591151444,50881.270242872466,a7c7cce973849f3f018f1f9cdf3ae393c5fddfaa8c062eb457116d1f1af25b65,39.96380758862883,46.573144230769316,65.62358514046835
26433,15367.506741323452,3206.4525527351907,True,0.9322411048818875,1.3339432009090388,37.51121286102453,100000,0.22533,15813.122596905421,15829.980935142425,da6859373371ba084878d1905570e6c910b8c3cb5263c8dd0336bc3da8c228bc,28.170041689577992,33.17031566958761,37.49289683911974
26434,8059.347340298374,2839.705207646734,True,0.6845588385624789,1.876720220619277,47.4931507099423,100000,0.05938,8457.625291930788,8466.64194926583,04c9298746b42960093b3a27e4ba8f6fe55636bdf7b63066e69fdb520d82938c,47.45836568744967,46.356839975182936,25.13797625467649
26435,25439.930313878867,4655.407957368221,True,0.8985391232795965,1.4978121076852011,50.059938215536846,100000,0.15565,25961.833146320212,25989.511004488406,67475f3aafaa42c8db313e44f7c076a78ccd57be86ec21b147f571a47a776dfc,33.41403102570257,50.04771655093344,41.920309589670744
26436,13988.043031542495,2834.669708334312,True,0.9904205316409825,1.1934692831073648,31.684457970493654,100000,0.33713,14257.76814855959,14272.968326543425,6889264672d3f673663c8e45ca90c8db2d9e96c6b6a3b2f24c6f20fba5c66ebc,26.671877705630397,31.59936787340493,31.37503943562555
26437,35864.870599690235,6172.71720429135,True,0.852028108799535,1.3070200065409534,52.47734674691644,100000,0.19231,36951.559880733046,36990.95386449792,d3a8bf2b2bb629cbe9bd5da86de544a9ca41e35d01ce2d950c5511df40f8a9c4,47.62165475055869,52.5798415647815,40.1395330464085
26438,30560.995852136704,6976.3945849451,True,0.6775865178619751,3.676874153355464,96.4221449910562,100000,0.02821,33623.951710082794,33659.79813746104,8adc6dd803ba3f10c169ebd1d3d93f55bd79ffca106d67886eaabbd702780830,26.318349145508016,58.474757851021394,96.79879399492751
26439,12058.479178694814,3426.6220493579694,True,0.7421293562973413,1.9402435871803383,41.20632466225638,100000,0.1355,12605.098299178842,12618.536569155947,af6ddfbbeea92c7248aa84fd44e84dce3e5709c878613380b38256b1e1ec7b08,40.3512129444117,21.206770602547962,41.28680576511235
26440,45229.410894397355,8231.863660680745,True,0.7457614152134877,1.554613600239431,65.33344361777465,100000,0.1268,47015.515727984646,47065.63887486297,441ba3b8179ce783663e63ca692f4c7b419848d9ab243800f31f47cfe78d65f4,47.72403889267133,42.18919882056004,65.03038321036797
26441,22056.288111171165,4070.2352317523305,True,0.9344431814571355,1.169346303013567,40.09717890290601,100000,0.26265,22513.04096165694,22537.04206940459,099172b5590130a10ad19ef9c60846891fcd4ecc4def6e5ca44beca235bf415b,40.17549370545075,34.16483261014208,38.23720234246847
26442,15869.311146224523,3198.5482699404834,True,0.9547798954095105,1.4986208551560716,40.930511954255735,100000,0.17777,16207.472911053499,16224.75166536829,5a3d49a51a8a62c42063f4adbe7dc89fa13ee39c5e1edff0df2db280616620d8,29.129014244788934,40.89054075117541,27.300331703863932
26443,8455.08544059858,2464.281111858549,True,0.8144652197204044,2.833870551959637,40.95860861446354,100000,0.09677,8840.8012578619,8850.226418324535,ef0961b325620793b5ac73c13c826842fb1a901b72d39ef0d92c762e3a918f39,30.538962575334878,14.464508633013065,40.788614389257035
26444,43089.43244976484,7214.500627526821,True,0.8238693851665136,1.4948214430371372,62.154705219791936,100000,0.13803,44066.72982002231,44113.70927216732,f68cec6b63638e45c3b1909c4ca301a1d0e36628c1019aee5f9afcfabc9e40ef,46.52498198336964,62.23057766268719,41.57809870659909
26445,32668.185398982256,7156.369637821851,True,0.6905705196440015,1.7133576406822584,67.2303132625418,100000,0.08561,34588.77675479857,34625.65178021897,2d7d527b23ee2bc288e93beb24d27fd2286268a7d27371c93d347027b70e4a4d,46.6968362382645,38.93317945770243,66.80355834437137
26446,5962.514823561062,1606.0488796396548,True,0.9900983730898574,1.1224505781095429,22.999151202764352,100000,0.37262,6027.217840746021,6033.643445579272,01ac9d6a8d423905158b317d5642e654d80ae00d345683610f0963a90e010e7f,20.528539257154904,22.68470968241406,22.948615958422344
26447,24403.315256943326,5424.990959001216,True,0.7499822633460752,2.1650594519064033,50.02414199299329,100000,0.15101,25133.904144286524,25160.69934900869,811de185ea47a41800e58e36f3451cb20c8ad9ae52bab86161c4d8ac83439ced,46.37247733090711,49.90201274008071,22.84427675729833
26448,57026.331559550505,9089.331979977636,True,0.7882593213432079,1.5929901702588718,74.09436175963197,100000,0.10963,59292.55976368242,59355.77144254653,b630ce349e3a6f01e714ccad742a89385dd8daeffca81ddba6ba120901316fdd,46.634586087971485,58.15756178154707,73.66021510869662
26449,15230.006719241312,3449.105753178472,True,0.86147830315072,2.2958880776168606,42.28597120200749,100000,0.15587,15669.919525192048,15686.625194921951,c2371b29cf44e6b270e2dc38d7f0a07a2d234457ec08eb7647fe358daa543085,18.55173101806823,42.100144180123664,37.16540437676439
26450,25948.170956791088,5936.789173085886,True,0.71395416525468,1.6038924982207208,50.251803081408994,100000,0.15899,26825.02026677032,26853.618366993764,e55c9c8d41c5c30a9850b665e640b8a757db020f145d699abedf160f5f89dbbb,46.66939915080073,31.014784714307115,50.05550697562225
26451,38233.283104663155,8760.909658572404,True,0.6264638054537195,2.1019280936921336,82.52958811654129,100000,0.05474,40911.850877688295,40955.46691973005,12a5abb1030d60c71a24f1c688e35d3b4bb72e1cab45c217c8f522cf00e06182,46.463190966002,82.20720691296106,38.836860618806966
26452,66136.70407099898,12952.784319656874,True,0.6105895339016946,1.5224331103920612,70.14801757180717,100000,0.14919,68470.14094616674,68543.13682589462,e6191bfbd9bf621c45932dc824246b76ccb0faf245b707b3a20b98d6360da978,46.20589634002337,69.90825383987229,54.58050097689197
26453,7415.517422826056,1850.7587118274057,True,0.9936389987714513,1.124026580321214,25.349099335313312,100000,0.34687,7512.2432432032465,7520.252030635108,99540d77c51a7023e500254ac717924e9801648f9d4bce0ce004b60891cf3111,22.55178661569378,25.34909933531331,24.507430021445487
26454,8703.774555616032,3043.9400934064747,True,0.6722329239795518,2.5781714162978524,57.22588407963289,100000,0.03847,9585.505490925887,9595.724579075513,8ed0e40f8fcc00d6a2b20109d7490927d48d1767ea0049431abf78ef07d3bb63,22.07443770649902,57.36559571068668,29.70269276203602
26455,24052.814707747457,4229.558228857073,True,0.9527224226693386,1.2406876651627903,41.0652715723821,100000,0.26469,24371.20110039014,24397.183188929237,12c83d5e44976fb1085e3888f5e0e177628e0b49c5cb590700d2d25f42198c48,33.0948392237386,41.04522017024715,38.14779256174656
26456,18764.40934742164,4273.078649155339,True,0.7991589552529033,1.3217015855934067,46.2453271382912,100000,0.14811,19476.156314489846,19496.919805615304,22522a4c4101dd7341d44aa1356351dcb5f9f7708a880d886e766834b184dab6,46.03081023994464,46.03081023994463,34.492059181513575
26457,35644.32924639324,7757.004882250917,True,0.6752278668153716,2.366036716328315,65.18884244573078,100000,0.10157,37411.107254906274,37450.991161203674,de1baba1f95f2817a4e904a76ef39d04e5933c92092f72d29350aed917c09ec6,45.40619323673582,27.628864864694492,65.28433391415714
26458,38724.11700295479,6766.445559277432,True,0.8180462942351054,1.2802258329300193,58.38077230208066,100000,0.15089,39919.51605586239,39962.074171743865,b805acb90e28c778913d9029a0dd4136ff19a6f7d458c51fd8267579d88bdb0c,45.709750188665204,57.86766004551941,57.89616628199502
26459,53282.83120840441,10889.141746318795,True,0.6288523219336397,2.2899289726001157,104.37224403040383,100000,0.0386,58352.25842469338,58414.46765018874,c90d65d3a63f4ca1aade6f1f71a4d80f922679e93e81ce2b73d9e3b3fa7e3b2d,45.61189375352121,78.38110904236382,103.86261393259912
26460,31526.655834450405,5207.005036989094,True,0.9268612603913143,1.6565832164656633,55.22302056083785,100000,0.14483,32429.055921500214,32463.62847287842,845141542e62508b0ecaba93fb765a3a54d2e244da64cd37f4dd43ed24b35de3,33.39536668193246,37.87145135629724,55.276949291854294
26461,11718.05497023664,3006.609546856795,True,0.8298076730480113,1.4606333041624542,41.34848976112576,100000,0.12994,12213.41514008396,12226.435837431916,b3ae2806aa24a63168c700087828fa5356bc9a20219c2dd5901f549e9fe7ae30,36.01841100285565,28.35642278784235,41.03554953100006
26462,29118.299012039086,5522.716373261703,True,0.8287853241094559,1.2755591663803447,52.28825106624372,100000,0.15741,29919.888311399205,29951.78584422841,f8c4ae852434742bd3b71f2413620d016384c31e4f8b734e1af917fdba4e0b17,45.08840399559883,52.032937340334314,40.83743045920743
26463,10154.010818842702,2712.663152639981,True,0.8359494264634455,1.5803363490269762,40.37987514868327,100000,0.12035,10535.528145636776,10546.760051030305,1d1bf5a96c81edbcca41eb249af96afbd10d6c792dee6c2625098b2aef1c28c5,40.39959188459571,25.454306062963916,27.120370247565347
26464,39101.53892226086,7265.386873120977,True,0.7668103152482447,2.2362553914776147,76.21248542920112,100000,0.06973,41040.56602138687,41084.31928638476,d2b77f9eb1127cde30f89189036cf532521d3275c17eb893e70c419351ac7e64,45.41862229801757,33.445298476315685,75.33797692940317
26465,33591.517994502494,8844.398459529919,True,0.569248957847707,4.884470343775687,159.19146485649017,100000,0.00746,40014.138067003136,40056.79705922064,c86f28f05a6576c764c7fcde7e605c064f3310df4790ce0fcb78aa519ef6a612,45.54990156538245,32.04427802103909,159.19146485649014
26466,83759.79924247677,12801.063743728195,True,0.723205659583726,2.55267077337717,115.8415095794744,100000,0.04309,89060.35477123897,89155.30183656659,126bd514137543dcbf22c2e7992680056708f8de011f5071a8fa6c46f187e171,45.51926505570412,73.92815088885402,114.34258379634156
26467,30360.81177970732,6517.610600725234,True,0.7221121202356287,1.518316984335611,67.040624718571,100000,0.07832,31376.3295839913,31409.779825935675,3166338d69d36f9754e5bd00413d0adfb52f8138654ddc167f8a2388de1e0e2b,44.22455273183077,50.460509279139245,66.99152269851345
26468,10276.899400101645,2305.654188426241,True,0.991436014309832,1.1128697235053684,28.36910672507815,100000,0.34428,10451.149959045637,10462.291909023923,b30736102863accdd05440443d41ee7224f96b459db9f2e2042105eb8aab5369,25.53635168343827,28.265215953379865,27.060083001679768
26469,11431.643632786518,2635.6157725776243,True,0.9311246232297917,1.4909276891379966,36.38612348448255,100000,0.18255,11692.42266413082,11704.88793244667,5c99fbd40fd8a1ce8f9f6743e8958ce4b045dde40d67a57f879a8ac1ff4e809d,24.50022670170969,36.26175685147895,29.181742101202435
26470,18746.41774215325,3521.328627092715,True,0.9691472344569101,1.20240440102497,36.29463084979943,100000,0.29833,18964.411944801242,18984.629866282095,2058d7ec4919de9655a52d0bfc72b18f0d6c8fcd0289c2d49de8936a790c0d4a,30.180545086527555,36.214881905061105,35.727527242771316
26471,40519.362966108194,7883.898348117262,True,0.7236326953943836,2.2947975597474586,89.49796156550667,100000,0.04451,42424.069667915726,42469.29788337218,f5b22de788fb0706365e9df695c58634f0507866fa7c50bdf63772341c17fdc9,45.22968272475558,37.69140227062964,89.19206032968708
26472,33442.64653708418,7307.828473712475,True,0.6869042525790027,1.2175336025141403,55.4059192692102,100000,0.15352,34717.525087743255,34754.537371502774,a0622a7edf72127a2b1fbd3ec570d1b3eaeed949913b1884f01a50101fd12486,45.51780232931942,50.766214603844205,55.54118762680105
26473,27034.09427285416,6184.878956259903,True,0.7043050503551751,1.7393653839884937,64.59801803941873,100000,0.07897,28303.166087824255,28333.3400363384,783287438d1d729955bfb4e9c7afddcc13a2528b92d6e46561b9b68931c21560,45.46779443546002,64.62956004041453,36.96722516708924
26474,23863.43539766293,4540.716017427579,True,0.8827717498315956,1.66853483771686,45.59763201593323,100000,0.19182,24178.873130412652,24204.650178489283,05ce7c9ba235120135c168d694da494f831a370cd16bc057d0842995058e3358,45.7312188284799,27.084726243839246,40.9777547486939
26475,52830.80405929936,9744.996857238335,True,0.6987050809260213,3.8642497371357347,128.13542615580803,100000,0.02108,58964.89927825775,59027.76163893649,195fc6602e4a93f58dd189e337f075f6c1b96347a27abd1747d23a5cbe65cdf4,45.48557364026975,126.66512219357098,33.26953752849167
26476,11668.723475420777,2525.026203586677,True,0.98529693954522,1.0485917829179143,28.84418480757563,100000,0.36865,11762.627616588785,11775.167730263438,9186b72cef6dbbae0f661cc75ec2050c88286cb4009f016a2251e4d5a8a3412c,27.5061977193336,27.520281793946673,28.928689255254078
26477,27959.616406563146,4967.9826486430065,True,0.8967227609878584,1.664636348878485,54.13570117535052,100000,0.13682,28861.319751910647,28892.088746924906,26eac6da003001a8af06cb6ed2d610e3d48dd0e087d0d1fb6459cfbd5500f44c,43.07330325450863,53.990317212233116,32.47349067085845
26478,25660.388856694775,5174.6075775841455,True,0.813046765807627,1.6752800529867642,45.44405259443701,100000,0.21081,26304.961546985593,26333.005213652486,1e08c1169d2a50ee19d61256815d820d08757f0f148f2388f8a8fac871405192,45.554999988466406,44.61194713921661,27.193206276602808
26479,31001.650471577417,7171.756067179664,True,0.6654495851655859,1.5629739162666152,71.26761533023071,100000,0.06853,32981.675548353625,33016.83724640597,9d6e7e39d66dc161f8e62d4deff68c5a2ad89750521c0680c725480d654cb811,45.86460791271683,71.11102144888987,56.23460272151018
26480,5001.550216727305,1465.2605770366504,True,0.9652482327828635,1.128949059682134,23.018728690984375,100000,0.31321,5079.195433846601,5084.610353896131,c0a9f02d6216786be205aba5109eead76347b70e5c6a482b44f56e5b584dac2d,20.45609678593338,21.28220838690377,22.985009850128442
26481,12461.227170910068,3421.809715279902,True,0.7596300648649594,1.3835867527777157,46.02050209395516,100000,0.10095,13082.046326404097,13095.993069714988,832b57547da799afc8d29f175378a0206e15f89519273968257b9c2ba331426b,45.43625743846549,46.06544399053128,33.20082609561462
26482,48470.53783026277,8216.159908679352,True,0.7824689876244353,2.141036863978851,75.19922573414365,100000,0.08834,49947.39052296723,50000.639335675296,feb1990cf5aa65a8556df3a35c96cbb68c8685b0ee3af53320b3f6aff061a20f,45.75109143786278,34.68050229780209,74.63009096906592
26483,20921.532401081302,4865.9140446274,True,0.7545974833122429,2.0858256376103514,61.035292058942275,100000,0.07317,22120.321654277686,22143.904084760587,c43e9ece285195601a27d20339c92645a76199c462bd6e78530429daa7fa9ff8,45.508247545900815,60.57335503408211,29.221242120992628
26484,40277.10249952475,9293.859937023151,True,0.6114019433590658,2.653996275339993,115.14126996890533,100000,0.02123,43088.1989758299,43134.135218207484,ece9182b2a5d8dc3dd52299464bd808a6acdd047a9e8c7fd4a08ae4009dc1348,42.390877713161444,115.53481923149437,102.60391488928332
26485,17036.710320829858,3615.790293623103,True,0.885532930310351,1.3829490589498725,40.618992260810685,100000,0.19476,17354.11620259111,17372.617391015763,17a20df46fe07159210d5acbd06d06bd383c4af91208f5a0e7e4d45ecff89dcb,37.33654928270318,29.303984895189352,40.79749369164432
26486,36917.488116017565,6244.697265985366,True,0.8586064851102246,1.6559856790002365,53.69445142282862,100000,0.18322,37711.72598109316,37751.93037641068,ea640a3faf35f97b37449b2e011a7e02b6fca4cd3c3d139c404178da20cd1769,32.60207536342158,53.5240344627464,48.21489070633878
26487,17926.29260606822,4424.097788149888,True,0.7487205052263401,1.809166273213772,45.398959855204865,100000,0.14759,18361.575496180758,18381.150734934647,2193c4689cd17f7dfcf02bd9dfc4856fab31c42a7e4bd9de4f1f35f1cfb3cf36,45.62063446387286,25.160068083817144,44.20191696839771
26488,25280.023487704075,4670.0035468344,True,0.8919733854269638,1.6125627984109732,44.32372418991443,100000,0.2215,25644.70829937406,25672.048071379922,38ed2a6b9c27c72225b4afcab719800602bc835bdc2c5b928fc2b7867ac4e655,44.32372418991443,43.252423239035146,27.637400288340203
26489,28243.88038298397,4903.153612065989,True,0.9147270749473264,1.4453705585166705,49.33305319489318,100000,0.18154,28980.21588256664,29011.11163250697,3d29109a4982b19e62bb92d275450cdf03f8f9bf7dbc016f6a3f2385fcb35f94,41.35979117950761,34.07304870321113,49.296920587572714
26490,24340.778342826856,6127.420165133541,True,0.6628716378373968,1.800339365742246,82.06793674524685,100000,0.03571,26243.73821452413,26271.716611119267,6b6a7cd03a75f02fdf0884f0c2e7cc1ff43a0604d79296f240155b0c3996acfa,45.802564306551346,81.62714216311906,51.733255047907065
26491,25695.449854331007,5038.437633652011,True,0.8357807951063908,1.5059999236056405,53.204161647207215,100000,0.13296,26623.988738652402,26652.372519567525,9a72902246ae089775524cbb87978e2fe49b3bd614e90c810fdca603b42355a4,35.291920702017094,53.30807602542441,40.11094999183982
26492,20598.898807551755,4591.9434470350725,True,0.7913773140686411,1.040081295046574,45.91553853085365,100000,0.16332,21020.04880692173,21042.458238732175,94e07d88ea3b0cd715b60c8d455b223489c4887a30d378367a01ede9a166e38b,44.60398628277996,45.78102035156404,43.99865447597671
26493,19585.56762139579,4501.411779899432,True,0.7805957033335812,1.0199981720793827,45.04661685330365,100000,0.16898,20537.006769373987,20558.90123103847,9a5cfa907770c5292ce447742813df4b44e1f3608267714e00f2334a2b1defec,44.19979324546566,44.24378408223647,44.85965579702773
26494,33121.22823443107,7375.985209522547,True,0.6761894276384078,1.2595134168269613,55.57988299389049,100000,0.15269,34856.09906444485,34893.259081642595,7d5a71314c8e59e615538180ed0a6ae940cd241098d6e22094d5d1840f985120,44.03240242069694,53.910858187189184,55.5798829938905
26495,16426.0961378001,3308.885494624176,True,0.9444057578513224,1.4979518991601646,38.21146290069808,100000,0.2272,16854.06337845485,16872.031461568153,2e0df62b1d6768e7dd2f326811dde3ab357832cdaea6c16e314759b7a0bbb25b,38.1461601076549,34.89967839636512,25.542721050320154
26496,25667.794609240485,5245.613789675339,True,0.8021954280119782,1.2434708121774154,55.12444630570951,100000,0.11995,26714.5753240856,26743.05567917748,b1647e993547ca3488473f97de43a60074a3fb8256bfa6d81e3de0d4a0a8155f,44.30412041953021,54.97640702119712,44.923193791127524
26497,25180.12972190285,5275.946294545971,True,0.7874489359898018,1.783477331764653,59.21635144808464,100000,0.09485,26186.507040427612,26214.424422983015,55b90a402e87f1c8a94fd9414350290b013fcf522f64d8489870d3e1fdc15df5,44.57129187364379,32.817655709753936,58.49349559544687
26498,19908.81081142089,3630.3576701289003,True,0.978509221596374,1.1090634564442317,35.45177745913017,100000,0.34397,20377.453528225906,20399.177890500498,20ed41dea0a5d53437eaf4a04c0cbf2744b5d762c84e4aae39e5a9f008f9c91f,31.972379378424527,34.36987507085105,35.42581180181147
26499,50025.41802516569,8428.638527701465,True,0.7789696068641239,1.3827433024277263,61.49087353096759,100000,0.16857,52110.78030084067,52166.335499045344,f646d2ce0a01bf39e3ec9646d4937f785a5461265423add3995fc58033a2d5e4,44.586888278069765,58.87871239952513,61.32573690771549
26500,11089.385926684436,2766.0155314094072,True,0.8694297738742962,2.0078853777689507,39.89059417806814,100000,0.13602,11479.674866365453,11491.913324681447,880b130ae99f09edfd5052bfee7ddcd60114b38aba2274e9faa6fbd93c0a37a3,19.99399166200535,39.64712131321177,35.547038269030445
26501,35519.52905876576,9700.791682277508,True,0.5386687052394796,2.3031857000650597,102.51462408463198,100000,0.02691,38546.63485753757,38587.72934753121,113eb0538bd487d3da8eb207b9fbe2135b0ec8192fc0825588139d47174a1d71,44.324560364717584,102.71484795979727,51.33239599550297
26502,11608.966179150513,2639.0412883614526,True,0.9395076128570881,1.346896801193386,35.360467738521365,100000,0.20274,11918.147256257742,11930.853169107857,862ab6264d0149f4d8c8af1b97a44edbb705457a47547174feeeb748f8959fe7,26.252730076377794,29.39511539298468,35.334568958439434
26503,38523.4962137577,6045.850208052892,True,0.9123830422438137,1.3837052264766967,47.1808762697121,100000,0.27978,39068.79128889974,39110.44244881603,ee0625e5e14f53ceca30ba1c4e17d8bf29466a424e71e3399c40df4da4d8b85f,44.25510904009616,34.003404967819854,47.111763657988895
26504,7040.271210994812,1857.6951044011735,True,0.9562452283082914,1.2237321430970611,27.609194976498145,100000,0.25528,7143.208455940562,7150.823816126995,4c5c93757e35cf4989ea727f3b5fcca80d3c0259df9063b13425254f1ad306ee,22.607724597454776,27.548530241442364,24.21871033949166
26505,30906.62566844543,6318.095474959317,True,0.7538165500933206,1.5542695434011342,51.83243502286224,100000,0.17375,32169.547393395173,32203.84328325285,5bc6a0b36df480193c759482cfa722da4a2a9eb0ad59e48954a9fd2aca6c5685,44.58146205701749,33.28108010501164,51.6552733797177
26506,16095.854071441432,3598.1583225740987,True,0.8568008190578075,1.6941773008582286,44.39261878055299,100000,0.14215,16534.629269784593,16552.256804836277,55ac9b3481f4970465dac4ec547266f63113781d450f5fa8a5b828ea0568de80,44.533513322581115,34.92017033958539,25.978785941646862
26507,16387.11357294254,4129.849190082783,True,0.7554717704627213,1.4722053347810715,57.28308727409187,100000,0.06886,17209.23514346138,17227.58187447992,748f8039a9ae9364a3d731c851792174b2694fea2972c0ab040381d7c6723f53,38.83670248050613,47.35364587648317,56.72368212493082
26508,14045.51215774037,2880.595187451898,True,0.9772978583051511,1.1174277988879138,31.480326637944827,100000,0.34501,14310.825117096289,14326.081859007712,9a6f5e058bcd13e806f234e4ad63cd92127ba2c79672202440a2c72987af36ee,28.19856407095204,31.51875477104779,30.21219824554715
26509,9225.970448192244,3095.6793028008315,True,0.6871784534869808,1.3688781695080396,52.21773407350355,100000,0.05148,9745.584837493101,9755.974585912558,87f0ed1c0893daa9e11174ea43af3c59ccb55e5198d18f68730746cc4e0ed5e6,44.60689734452855,51.93726772838219,37.90120200208156
26510,41040.81511405527,9118.766675111729,True,0.6309941597089286,4.983416183240902,117.50194968035501,100000,0.02067,44585.228492274866,44632.76071481287,2c34a459c3d83c50f3b97fca26d94dd1f04d7e9581143afea7617375bb12e726,44.30707062531941,117.55932367922236,23.516167785759528
26511,23360.01803468584,4554.224043329637,True,0.8677311375208105,1.6572232051947862,49.43037454117675,100000,0.15038,24148.329087163987,24174.073572297464,05f3342bf8207479451a3e08bf0d61f5f74acd36eea883c45834bdd07066084f,44.277354538959344,49.406238616107814,29.81993542266791
26512,21578.635165607076,4345.097595481282,True,0.8626485641756751,1.2966369795155153,44.388863729891625,100000,0.1911,22222.763931552923,22246.45557554186,37a0508c352c6c080dd7fa5bf85a616e61eb9f297e04cba7f9886e0456320ff6,44.64895472830895,37.31222114795334,34.10443216747289
26513,56116.05702831128,12007.971830886625,True,0.5902997001982081,2.099118878830576,93.26899266024066,100000,0.05598,60389.30819912545,60453.68911929354,d5cd17685d9ee94d8034de2aecfe2b4ca4fc357aae3551185f4c3637e2fb43a3,44.56235806545189,92.83634840717801,84.93489810124456
26514,24835.33970129484,4855.909660551596,True,0.8477352897197594,1.218558682885853,47.34017627428442,100000,0.17968,25345.72116115722,25372.742183575603,5e2083b5686191c650f4fe80989dc2e239569fa9743d713b147c27ba50edc7b2,43.58393670173987,47.27083031294514,38.60258514553466
26515,12834.862759152946,2724.7080975137355,True,0.9729524773237651,1.1687275236178822,32.18806277478663,100000,0.29404,13037.857638187437,13051.757272026576,f9a323f36e897454f68e9839853c23cba199f0957a292c164334acd9ef740f5b,27.520164999341496,32.109478637152876,29.531918922765662
26516,14869.638146409457,3286.381653728875,True,0.8898150092141178,1.753186592810186,43.67546654612009,100000,0.13805,15292.002881602843,15308.305655158134,47b658bd38f56a99b13fe90746581268f2d62ba0e87462538af0accd62c0dbe4,43.91005157151429,28.29948442710027,24.940653381683326
26517,18717.884832805314,5097.135149863659,True,0.6688506539670718,1.9161079082350487,77.28571717723574,100000,0.0325,19947.86344846401,19969.129825617474,25da61c712625d4357aa3b40ed3cb4c4ef3dff9e0b0b97750c385d09733bc31f,40.07687091905486,41.378803166425286,76.26681367929368
26518,37902.93892686445,5782.722068992169,True,0.9436270792781599,1.4255557542227935,54.19311032990517,100000,0.1821,38535.18777703517,38576.27006331929,81df7889d734fb73c58ff71e1f63951ae11de2686c0d403dbe1a95f2e4459317,39.13652840719226,54.087264411292075,38.10453070071458
26519,32939.65714013059,6154.399289290003,True,0.8074416941684223,1.1129860343365978,48.28097206650054,100000,0.22501,33670.15669101078,33706.052377426386,db3b19301a4256fea7c61fa6e28fc891c8b9b3a5e317ec207adee57b2f230c28,43.45994726786804,48.2573973731087,43.37743584099657
26520,27190.177164793964,4678.412287678255,True,0.9346743496180502,1.400477481159017,43.63696491224172,100000,0.24949,27563.353433649223,27592.738669378796,d52c7f17538f82ca53cf39781a5b7a13902ee48307571a83fd51d7d555a8b115,43.87134314175084,31.24687941591918,41.31448972892417
26521,47597.385069929995,9908.32828115875,True,0.6410213088825157,1.521578071268831,66.11604686388796,100000,0.12887,49520.813068827396,49573.607108168435,da5083194be8c25dfc7e0f91d40ff8c0c3ae7a8efb6819eaecd1bcf4b4c5ee6f,43.211098011383804,64.19519491642636,66.0837636378802
26522,27395.266154970424,4652.03125530985,True,0.9446955072689208,1.1938324866241445,43.55333536450809,100000,0.25573,28090.614412784016,28120.561760384346,6ac07f358b9d6b1aecba07bb52293553907943698c311f0e5776707d21a63538,43.74473185780915,36.588629636052815,38.42816259944634
26523,8193.177480869805,2015.7063597493773,True,0.9750459892298833,1.0766505430685673,26.341834997367044,100000,0.34042,8273.103244342145,8281.923183092891,ab20e1161b8c22b1cb5c039b32c6d09ddadde3ced80e02bc7f7df6e2e30931c7,24.463950275875057,26.187488307929346,25.3128570677824
26524,36680.68079238518,6336.327004951315,True,0.8425676889508448,1.8362435983969663,68.32428615499643,100000,0.08709,36932.516536414325,36971.89021810807,f62208d441f5e2f13d4e7c344a02c816f160af0f5e4e72f287cd04a56fb6827a,42.91952838789204,67.70709899978773,37.19803665176808
26525,4819.356324647163,1397.7657862544897,True,0.9871331659179223,1.1275072040468046,22.02134544006179,100000,0.34805,4941.837816743429,4947.106300113272,f8c399e93206c9f40b1a028a4575e3f8db0bba2beb8211fbc83c460a725a9b53,19.60200817247688,21.9944639148664,21.548230596622965
26526,11375.056766278489,2526.668359201399,True,0.9680659193045584,1.3625843434430622,33.23674936097355,100000,0.23827,11631.62233409508,11644.02278330121,e992588417e80c646c423a82407658446ab61f6b26170d059c3fe0dce19b7198,28.11653724017904,33.20429159792572,24.270292319011695
26527,14786.641743077615,3771.8109832451614,True,0.7724088435297964,1.084075233957175,43.45664403215852,100000,0.14189,15482.305904663572,15498.81155988949,ad3acfd8ae0798a4bccb64f988ef3d72121e1109a56972c1c1904b78e71e25b2,43.467253564392934,43.07470087171963,39.98732699150524
26528,15972.705549239065,5108.936139573696,True,0.6003520170843947,1.2662239045950994,55.03428913249334,100000,0.07636,16923.153932501864,16941.19567291605,1ef665331d282a22f7a55dcf099e693c53d4d94fbc6be494b024a76db57e5a80,43.21051607668423,55.12834187271001,54.02658120160052
26529,26176.005845703578,5227.7911308079565,True,0.8155203754567186,1.346093568419089,46.49888183784951,100000,0.20006,26742.56712681181,26771.077323908346,30502e0a791a5f8069335545e6a68637848b64e23f402ecb0318dff95c567c75,43.649463053352385,34.613059258692175,46.54429090214428
26530,13457.247445376926,2754.0080830285533,True,0.9934737716939407,1.075367379404186,30.47018234115116,100000,0.36518,13735.594000644089,13750.237489817715,c9dca84f8ea64345b0c4131fcb885c714ce2c5602fe95cc27193361da4aa9dc3,28.38725972017403,30.432987294347992,29.711403386366634
26531,5182.62477384746,1464.890600890026,True,0.9886565390435453,1.1500378916038099,22.27893437008281,100000,0.35705,5249.616540884248,5255.213146533671,7b6868d6a754a9cc480c8ccd51f1006400159787a46db48729c6ec652fcda079,19.417918872362215,22.306130334890035,22.22454244046835
26532,5014.923810436468,1441.4295377231506,True,0.9829549182635848,1.2964828086517264,24.82853593333891,100000,0.24903,5067.809763521706,5073.212545330973,7f7df148d2fabf451c415e82907d79dd2c96c395fe27d46965fc194d29371d7e,19.233629032344815,20.797535836739698,24.6163780335179
26533,12959.23746781341,3283.4585097283634,True,0.8125914036953825,1.384326670085257,38.21061873284863,100000,0.18077,13408.92217273564,13423.217397729719,d90f21f83a910d3e6d298a2727362bf6c5a2e47e61ca0596f8caf6f01f3829dd,37.4176737640273,27.501197271591252,38.02404344606714
26534,16616.025927041697,3244.2949645520994,True,0.9706185031487704,1.085123409628842,33.89274125171357,100000,0.32513,16830.32234397779,16848.265116821927,4d414e9fd6140914d39dd2de89e4b32183f01d21905e92d7e36b24ad349366ff,31.41036274206658,33.91756503681004,31.21177246129482
26535,8853.568438369663,2267.639705106616,True,0.9126879240740757,1.1418092869563166,29.541977143335814,100000,0.26461,9070.687974918083,9080.358217148005,927c6fc19ffa8a50b1b4218614d57e8db6606a05512b174dd71e59f06c1c3541,27.385470511046407,25.755468842493208,29.570826730389854
26536,15786.48305572792,4566.042717447561,True,0.6665014206966751,1.3153319944045967,53.828528848195745,100000,0.08011,16612.674853356388,16630.385592647955,899e90b9f979b911863ab0daa8d355c5f15a8371aa8abb3236146824b9094ccb,43.2625773848292,53.95994615495404,40.58166432696007
26537,39641.421310997415,7391.841747685613,True,0.7606139312315445,2.0744319864140275,69.10435960110826,100000,0.09478,41586.114595660154,41630.44946889725,32eb9e3237804952e6e3fc26d0779c76a61b4e15a2f742e61e9dc0316717e14a,43.81445846779251,69.1718443272812,33.26153441249632
26538,20983.65468773312,5176.790893217183,True,0.7106857195394828,1.4260201035617726,59.2159500166225,100000,0.08093,22342.972219174204,22366.792016977106,4e30350d660b14099a9b78cb565d5eec0547888cc52e8ad32725cbc68b2bdd0c,41.65067187448472,44.845673083877685,58.7822394452117
26539,24709.848609945766,4755.524178292642,True,0.8627118964334953,1.1694563828086826,43.38337175370643,100000,0.2325,25241.093516735877,25268.002995832703,e80c76ac2631676b46367004d4ac86cfddb8d7b5f0e24eeb27ac5c8aa486e804,43.531654762630225,40.1952870618447,36.784777856597266
26540,11562.433328584493,2555.232727424405,True,0.9677276670074675,1.228825993958144,32.349480643649656,100000,0.2607,11734.329276498396,11746.83922136953,d774418a4ac0b6d2b4415e25f2a3c5c241408780384687a8ee3f01d670ba7e5a,27.531808965762377,32.357378466072426,26.35503342477024
26541,36073.33283635913,7430.651020188954,True,0.7105283952439828,2.4169299080671505,75.44861182113031,100000,0.06496,37094.974653109944,37134.521531075574,9a87d7556d6259e5161b15d48ec73ba8aca5d53d8665d876456f388416df803f,43.26874735542849,30.982559834751264,75.09863046746784
26542,16488.718720581073,3151.934983324404,True,0.993950630780757,1.09677135451799,33.31321646989302,100000,0.34137,16779.938099291317,16797.827157593387,febef4af01f3b2443979fa17263e496a7b9803e2335b210680fc84d5fe556f47,30.40156327257327,33.32948268887247,31.507666163175188
26543,24009.89293358362,4467.8492459309255,True,0.9008360605500996,1.5005472488823917,45.42058214669038,100000,0.19595,24412.859854356462,24438.886355209488,bcc4d271bab132c97010925f1091d8f54d8c93e0f69ca729ead639ad26be034b,43.313670377190576,45.2098909697404,30.151016322473424
26544,7139.771811552383,1815.2524155036908,True,0.9878021999808573,1.0648323077417516,24.48921243263933,100000,0.3716,7256.303892043058,7264.039823046753,762de72060495ff07ff7378f16287954eda0101faad7b00c15484b1ac0f7fca3,24.56095817218808,22.86297566953438,23.43694158592436
26545,12770.090698028207,2698.7116761934303,True,0.9790171303878651,1.088185047183304,29.95205243843081,100000,0.3654,13054.601126974918,13068.518611013826,f74ea804ea901cc9d04b33dcd0b62dd1051cd592c230a985e1ce50f5c38a7f7e,28.182424340261807,30.003240028047273,27.56086075206195
26546,8814.333577885373,2085.255508149351,True,0.9895805916025552,1.129497477902772,27.16287677332565,100000,0.33615,8957.270867985497,8966.82019646553,22095ad18b854cfaaa48b37caa2a191caa325a16f22413fe7add7a8b4619ab47,23.999621836588265,26.97056148367075,26.440036546691736
26547,14253.998083491271,2942.2768136508366,True,0.9662549367993128,1.2761838016147182,33.65829469478379,100000,0.28518,14458.082281619354,14473.496014098084,28eaa0759e53a74d608a58ef129fcb7f8f920e66c03a007e9c39c83a93628c8c,26.525628729189954,33.69938148029988,32.62290769977824
26548,7908.413778420431,2405.0837684079047,True,0.7981420151890906,1.5349577000704586,37.27920346888726,100000,0.1207,8314.237857322714,8323.101649601742,101c327e95980919488c1c2f77e928525ebe98f952100920b504d7a373dd21af,24.27334854773494,37.10627747623373,26.275649515302135
26549,22495.889402359473,4589.160590016789,True,0.8397557403565701,1.3676808628404693,42.545089749782235,100000,0.22544,23083.125343351723,23107.734216913595,6288412e0dae72fcbf84ccdc4f22d3361a423d854268d1829cbd7c5c731e3ec8,42.71128150661732,37.08153574382875,30.89089280172177
26550,49687.78133486413,10790.786693612281,True,0.6057090837328637,1.585895042338222,67.31795520413294,100000,0.12783,51849.0540890687,51904.33026148473,727713ae07aa2cad0beb98b0b442aab6936bff3291c3a1b811a1db14a52095a1,42.59964352761538,67.02212434630228,57.5884069910356
26551,31672.65885588802,6756.393795362677,True,0.7165153829704652,1.3731887245962735,57.89689016126054,100000,0.12792,33008.0191909108,33043.208973867586,5b8a5b2ab92644c4c33576df61d3f012606b87b766a39a95229e782448f69d13,42.2494640361347,46.17898929610307,57.515245621623336
26552,30412.653693656688,6293.889472492677,True,0.7486311439492604,1.2255472252874973,52.03232185812871,100000,0.16927,31704.062383581277,31737.862020804983,b079148af1e53ce9fdc61f71c6fe9bd890443d156288417593745701f871380e,42.46680956340925,51.94339943307819,48.08162554517021
26553,8422.197017641889,3010.000349758753,True,0.6650707422024584,4.754301129859593,70.91979604646018,100000,0.01901,9015.708312130175,9025.31994065203,74272db9d59c3b145ac4167bcc746cf958ef231e8bbb2b0e42ff1829f1e339f7,14.708585630241192,70.93711044979185,24.335393882641547
26554,11764.103109259178,2540.132768713515,True,0.9847672317050943,1.1998446536235268,30.42373513029068,100000,0.32147,12036.309488300067,12049.14137366841,b432cfeec2bd66abf412d1f2c0cb279c3e73d261c96c72a93ae1ef32b43d45a1,25.246649342738777,30.45344580912885,29.562125443983625
26555,8483.294522035716,2081.1238839101024,True,0.9665608963075583,1.384384791995013,28.41901458403748,100000,0.28103,8576.202554050184,8585.345626366185,363fe5cadc96038b99a31c2ab34c2ddd6eac3382b525ae2076d0f781cddc5e85,28.176176324652396,28.273311628406425,20.59962263183772
26556,7089.5204660673335,1796.2955082419066,True,0.9935374631471997,1.1032146970811065,24.629836848785175,100000,0.36029,7157.347691040386,7164.97812503696,336cc830500871566663308de3955329f984c2a87815aa9e674f6c4f1e463468,22.362881650544935,24.653889423832815,24.287087654356284
26557,25866.040879805572,4568.739689763006,True,0.9257797634282883,1.375324968615677,47.242215972683624,100000,0.1892,26523.279129810144,26551.555544413564,7d005142781d96dfae40264cf51938937946fc9ca8ae8ac8f21c0a573f238a02,37.16172359960612,46.803933695593294,34.32442254265294
26558,10689.559131993976,2369.5632819727075,True,0.990350691079436,1.1331191562002803,29.17902682425101,100000,0.33114,10938.036186986861,10949.697205394756,53e02812229d1c93b991c93aadbe2ed14b94d75943cb52c3e810d7d3ea7592fe,25.75248583243833,28.302801165221993,29.171903038405244
26559,25202.45838969723,6003.128831435535,True,0.6924712254345303,1.2129752988246802,51.28865533492569,100000,0.1452,26046.28912882198,26074.05702534348,1de4dfee5983cbb92e5b8e42448cf2b8f9ae64d5937e017647a48a56cbb537b6,42.24802810059552,44.15131804466503,51.301176979294574
26560,17255.41012857347,4184.871214845132,True,0.7716473771218347,1.9184203522795786,59.34751113976199,100000,0.06483,18017.679407024698,18036.88801884872,6557d3456b4db8d172dda07d31f68eb365b914cd06007531b1c9b11ad52fa324,30.803908369905763,59.3764894166857,37.266064123893514
26561,24053.46321885732,5262.397517526313,True,0.7657474334463487,1.1308818916319512,42.1428683232557,100000,0.25054,24932.432288523774,24959.012704505225,69dd4464b31b9aad846a2b0f54da1647f6663af01e98dc726e45d024792c8ce0,42.26633375779648,39.61182691516954,37.16309579677724
26562,57735.07413153203,9709.120514688439,True,0.7440418853045371,2.5070238859421545,99.23463861377274,100000,0.04641,60299.921586212324,60364.20721149197,532171aaabfda134353516ff9d0ca5efc9d40959c7b06a24627d44f4ac9beb23,41.525432271485954,39.720505372871195,99.25886582046556
26563,14210.04715553394,3178.8751521491495,True,0.8924988507685461,1.1193503853082396,36.2774554513972,100000,0.22928,14554.32025923081,14569.836590824154,1f9e7bc235d3abe6159136109547b6e9dcc8018e414296799dd442cb6a9da5a5,35.161498569835665,32.4158903691684,36.36602345787034
26564,39918.309539534974,5934.439786955176,True,0.9518148825620107,1.3202454776302213,51.86536068138399,100000,0.22095,40986.56426709186,41030.259960927964,1b65c2dff0873385ce48545d0fc2fe02071891c05aa4dfe5a1c78c61254e4026,39.3042186413613,44.3185455041123,51.59944940835932
26565,28435.49690530944,6137.44080076629,True,0.7340697981952758,2.762961237340027,81.60494273041489,100000,0.04169,30122.8868010019,30155.000750113104,048538bf95be34073ca895fe7af6cc962f6d8e9e930feb438327f596055322bd,29.71527638730806,45.02616469012149,81.46548115836583
26566,22388.03673128276,4337.245444859247,True,0.8856880778955478,2.0157621307925573,53.337163409381134,100000,0.11469,23138.254839757286,23162.922486764524,ba4b8157c516099913d3058a42ccf2ef163e8f94dc12870e538cffba12d8d9ce,31.551744858625604,26.38861368386496,53.36320694620211
26567,31787.536703225054,5164.89653512525,True,0.9395655434167296,1.3084998671802255,46.1073919946525,100000,0.24711,32204.55445562346,32238.88766643985,d6d20cc406326d510f58011d6ee3fb8cf84aa56d4d07c7849cd56f7c50460a52,41.53717687018255,45.961055057169474,35.1433783709241
26568,52555.24011126807,9922.129955046923,True,0.6838432481455383,2.4758191499450355,102.86137405226745,100000,0.03884,56201.963327546604,56261.880127758166,50d60eda3f116701c6dcd7d4fc9f6d856cefdc7942d1b22a2ad791f7d03b37e1,41.91299640948105,102.30889596897892,65.36820230909476
26569,19332.47071279564,4522.8718899236155,True,0.7701844486421906,2.1826290687402965,49.12270207965875,100000,0.12812,20191.983159702624,20213.509792389883,6939718f3fa84618704123f02a95b0d70c9f1901d001be5bf70d4c082e7038d3,41.53122981002399,22.528563441562248,49.014766454972005
26570,73352.58822566963,10777.126463900968,True,0.786305729703525,1.7751153749887139,73.49758856055325,100000,0.14582,76975.34891659995,77057.41218146084,61e05b372a6963ce94d21b9a35e27b30e5932740a2703756f41f205dd18be858,41.48594354296854,71.75704508145813,73.3719823301031
26571,36885.42740358742,6468.286082024468,True,0.8284471052275492,1.5641919982136099,63.300864976925084,100000,0.11364,38324.40845442507,38365.26602929676,1dbc0304a692163ec3f0ddc8eba1f70768af9effb49f841d20b81f328cb5effe,41.72664439396917,63.409045166094636,40.413027811196066
26572,17451.563455867992,3952.293296899791,True,0.8232363134773051,2.090234492899695,61.37472064611093,100000,0.05874,18055.8454617391,18075.09476231739,cf975a9201452e36ac27901b67a8ccbbe9e1aff4fb19710be5a3c87e0f328ed5,31.181834390760947,60.325836260068996,29.458667185120632
26573,71114.22666272904,11017.80002258346,True,0.7534022278167389,1.8113246245093504,75.49375065551865,100000,0.12809,73276.30040435,73354.42012102222,c8c05130f25c4bcf1ab098c74a32c6ac3f55d05f9ec74ca4cb3e9eaa06e2da82,41.82014654232711,57.72617847975693,75.43845738111276
26574,36789.715651974875,5393.958897930149,True,0.9917315107060763,1.158455781256801,44.1528030808245,100000,0.3301,37777.7133608032,37817.98810513369,23c5dcb00061de938977c81e66b5bef2cba4bdcf1ba4b7c181d23a0bc8cef365,37.99771261228183,44.325274967858974,41.24233998711781
26575,10884.788015795342,2493.8669735685216,True,0.9524104624540608,1.0694798645918109,30.333320963228942,100000,0.29724,11030.175836027254,11041.935084329905,fc0bb86048678945e3b2d68d598da1bd247b185f5f176d7e12745879a7415d2c,28.53376115022488,28.370838039582537,30.407376922611828
26576,13280.78050224548,2731.0441311233935,True,0.9930500535026356,1.0902099532310388,29.975797020916346,100000,0.37564,13452.386960959566,13466.728523677055,6665bf3b023b209e50fe7047a8e6eec1a46469243dc3e10c011bfc9e42a6b3e6,27.472935062626945,29.902613922720747,29.631836459397043
26577,14294.703325153683,3420.275222114492,True,0.8327983087429771,1.374855637064738,41.390311214114405,100000,0.15685,14787.53890687449,14803.303872399629,eca44cf6b34d182fea255f5004a37bb89203567437eed30939b5378092bf0628,41.41052132701192,29.840231693183554,33.89235932913567
26578,11795.850792659854,2531.2955343951244,True,0.989982350058302,1.145596425517365,30.13305293017993,100000,0.32814,11937.238714061978,11949.964980276904,c970977104bb0b1c76bb3582e01cd622afb12596faad3110692612adf892b02d,26.23400067114786,30.07419931117567,29.515089930635227
26579,12264.768322433898,2596.6583239466836,True,0.9904720303961433,1.1473221017696236,30.29428547098936,100000,0.33465,12370.528998431459,12383.717194548217,4a7f02fe33b4608e74b0fdfe94ec3667f397bfe1a8a3dedf9224202bb9e0e99a,26.426143063438715,30.183344484157125,28.58579427377292
26580,20680.915782756576,5056.94217763597,True,0.7205143708862091,2.0518056340971627,62.128640327192215,100000,0.06757,21544.914173092446,21567.883162815484,4459e2ba1166fe5a24d708bba79fb581ac81711cec08d6eb671c92c7743ec31e,40.862928965199174,61.87078220083424,30.154232658803252
26581,22476.614043144462,4641.254041909601,True,0.8298559448156406,1.5195427255222462,51.977994216872645,100000,0.12394,23141.171601603528,23165.842358164715,822f2fc93c921a57e7a8d944c543bd4b269c1ab8e5a003394980caba5213eb3d,34.174008404794435,46.67359929923282,51.686125597002516
26582,10621.335605839422,2357.0425347060727,True,0.9913708063803345,1.1197387887757728,28.943826032533902,100000,0.33566,10821.381534384196,10832.91818750128,5b67ae57f9f0b784acef9205c9d1c725afcdac7a6dff33dfa751201a456c7f3b,25.79929415155793,28.095862379237012,28.76716693809705
26583,8310.868850979874,2036.1604692277565,True,0.9744728467297548,1.0917306465265726,26.5226869237965,100000,0.34012,8437.232728425965,8446.227645290013,6a1dbd95f68a3936d9c75e41109aaeba255d02295d38d26dae1c0a405974ad23,24.58658258048225,26.574489046694538,24.31462143526754
26584,33343.17708144869,6932.012969849619,True,0.7227078030699594,1.8846608277295354,67.06110833895858,100000,0.08663,34737.2789864624,34774.312329813656,a04f28379b6e200fe141ca8b90c708ddc6345a537585a20c0d3939c4b6f7c7d8,41.07820332579274,66.88101258902485,35.839054236811606
26585,17828.237147320368,3487.4318452212874,True,0.9463475535689229,1.3397593372706358,39.373844268556496,100000,0.22549,18300.63022563606,18320.140490759437,bf08fdc99ac2b9b642f43daef6986649104ef45e8dcf9d472ec9d7004d015010,29.50154493657224,34.12528006674208,39.31616773886623
26586,6523.41465541128,2004.75632975376,True,0.8421818049855179,1.2039164306712815,27.9786444823646,100000,0.23073,6718.918562730392,6726.081588313943,fa17684705bb8fae5ea7599c1c0434f739a4dec201e76d31dd558f3c6e88a199,27.985475206115183,27.432186582318415,23.251783646965112
26587,24257.137118086906,5229.847052600586,True,0.7748568889159064,1.403490113867585,58.22279727707024,100000,0.09458,24819.544812135384,24846.00487900499,b51ccee152b903bc0758bcf67223e5e82412c226b11c2b095ba2a45011e9d8b5,41.63441729114715,58.09486632602199,48.98333970136329
26588,46336.4181618402,9442.20226159388,True,0.6607326961216197,2.476663433429061,100.31395876851354,100000,0.03595,48250.10972525811,48301.54907031701,3db71e6341e32a5237f3918a407c0fdff6eb532a0de829c06f1ff215efebf880,40.507638623808944,99.30983955232482,48.68753662885862
26589,33732.80744198373,6415.223262175506,True,0.7869986862344275,1.3336037260337066,55.066971670722836,100000,0.15585,34601.56081144598,34638.449465923484,7fed8d2670aeaee66ad55475dfa8f130668934244ae690dc885135d9b29d9a2d,41.52877819601144,42.3085351190832,54.838422227753526
26590,51009.59318629045,8979.93201980952,True,0.7407056353514302,2.4935662844020894,91.04118515174983,100000,0.05363,53806.755649685845,53864.11892380327,a2c1f57328c5dc15913b0b934c7e2b0041d92fc26e4024c8b7d5fa9dbddf752b,36.87434720867992,64.81349997619691,90.97450459621876
26591,36300.8489526328,5566.382877890759,True,0.9524793529464551,1.07805371564231,41.41891800840138,100000,0.39292,37120.65969411183,37160.23395484809,6da3feadf912f92f955307f9247dca5be75cfa318b40e35830601c7bf8c27a4a,41.60093473793049,39.0223644029348,38.466202173818075
26592,9807.412596372555,2247.789239071707,True,0.9857455706939557,1.02628683838738,27.024145920382097,100000,0.38047,9983.702974478983,9994.346580165979,5193ebf9e0ba4d88e1994668491e53092879a6c473a25b053fe0e440dd8120a0,26.489732878499545,26.318192889747117,27.07032976350775
26593,23564.001993012644,4329.155081078068,True,0.9181500906218285,1.4416832592837114,46.9542720762844,100000,0.17467,24041.355936890486,24066.98637816334,8bc8ce4cc54afb94a4cab86ce4f54abd7419b93eb6ae352be3c24a0738424ce7,32.693746084366,46.9084182949599,35.078142713239814
26594,7153.398386613971,1806.7778018514953,True,0.9936977808358829,1.1204541277239928,24.903157151088365,100000,0.35619,7314.089186752791,7321.886722543101,9aa59ebfd4716f2f09aa8c1a05a1e0f55b2f75a146330d9e9b80d221cbf6886b,22.288812040012196,23.6750229361177,24.860598044628986
26595,15854.833017148121,3075.0883508550987,True,0.9925086672807684,1.08704547912167,32.451445424722806,100000,0.35625,16187.221566676757,16204.478731073985,9c4e9fd13968343f0030acf18fc0b07fe8c908a45b8ebd98ea5202afa039dd7d,29.80525822456231,32.36429554687321,31.58786936239498
26596,59483.84324245553,12990.921769244065,True,0.5672530469214919,3.919093559624359,163.083165120328,100000,0.01182,68164.80130857592,68237.4716663295,35629f2fb4d3df1a4a3457cdca742ca33299a78a1dce6c05ed05e39a1792221f,40.63143798957391,51.879239294869976,162.36649105485782
26597,6654.665045096594,2154.3345657557556,True,0.7941851739256606,1.1216916587424404,28.218880636171324,100000,0.22904,6842.991242376909,6850.286541595004,f5f0c90f922e6f43bdb64823b224cc236ea85b2c8cd5cf658d645b6f94f00385,25.11177244112414,28.260216887103216,27.88819062871619
26598,21852.872430539515,4163.722688062699,True,0.9078372833751128,1.4226950786756414,41.15052535660942,100000,0.24141,22366.43205455902,22390.276862845294,17f03d4d84f8d816bb28645a1c457ab016ca15592bcdc318520d76a8bf4fa5b4,41.27108353636511,40.54773445783097,28.903823596427078
26599,17398.175506593132,3766.0692722815033,True,0.8621806904748434,1.1332801440868374,41.22496202270898,100000,0.1915,17838.768627241014,17857.786502642077,bbbef8440464a347f2db3b3a79c93efb355eb0eb2e6413bbebc719f4f203d053,41.406126406597835,36.31339428172217,36.4442352256419
26600,34353.2568182489,6505.4953161889025,True,0.7855654359476705,1.4881994709241826,60.051103621011876,100000,0.12332,35506.82155605391,35544.67530719286,2a684e3aa410c26242a5d8cb0a9f2af51b47fa76c370faa01441d77df13206a1,41.666317502664974,40.56674895491695,59.72856351367246
26601,34833.65014488509,7324.7463680180335,True,0.704191627417712,2.234583020897938,81.02634602081511,100000,0.0508,35930.04630320334,35968.3512533951,808136c359c3cbf4c5bb601cc3ec5b379c01c1193ae8c89397e173dca197664a,40.47360936488958,80.69005503391233,35.894117396183844
26602,33345.49885216039,6119.111616592805,True,0.8187548683357238,1.5981507449081096,58.17198031257317,100000,0.13211,34577.41636929131,34614.27928342754,11bc1628cf49278da88ab479c82d13b635ff1ed81c69ff9f67673579de45457e,40.66073721555102,36.40009412625123,58.04416101989418
26603,55601.961306674,9968.623183636242,True,0.7067118150644723,2.389013028616193,96.34248006019274,100000,0.04845,57605.314014878,57666.726924438415,a94a3bd3c8bdb11b751215ad7ab4ffbbd4c677aabd005a5a3e36ad9a2959d41b,40.36223041584246,40.644483775393816,95.87205779427384
26604,50583.200506160334,7885.16516527827,True,0.838836912209286,1.7085977831041548,68.96772507928736,100000,0.12254,53447.92881207647,53504.90954162308,64f20bda1a476dbbe222e89ee36e10c232fe4eeeb5e2cde9e9582f32462ad471,40.47812770766768,68.61413078566798,53.94838651221599
26605,18319.47168418654,3434.154455918998,True,0.9786023705939217,1.1042610899968834,35.249145089810455,100000,0.31921,18588.209341052625,18608.0261936933,b7de78a613460571494271ce9c04d5788dd9733cbea78947fbb8084f9a57bd3e,31.910114744388956,35.18890485161985,33.32145746771145
26606,10986.477193430177,2591.550453067218,True,0.9222105692469043,1.5686334428396007,38.457094322729645,100000,0.15013,11353.040537145826,11365.14399085782,dbea3ab2c4735d6be5ce51e25a2fa1ed17c34d2acc170779f84f8ea72441c11a,24.55207559910596,38.485261139860555,27.349979434109244
26607,22011.509506178914,3833.2448592229694,True,0.9908717505832172,1.1219929849658223,36.23759007460012,100000,0.35366,22375.830722140225,22399.685550327144,a239b720422135233669ee2e0fc755653b4bd23ed105c56f25c45f41c10feef8,32.3537272711945,36.15796646359636,36.19335473515359
26608,23814.872579211235,4243.345817687834,True,0.9433536611067886,1.2272340414789324,42.22294640345575,100000,0.24095,24115.03187029496,24140.74085733243,e5c2d7434ff103903e816ff446dc0c39215e8013c4f0baedfcc88add38b3204c,34.51231068329342,35.21327756694454,42.28479642260143
26609,12321.356267335786,2891.5087614451386,True,0.8922063065398836,1.4804621094749402,40.439698492593834,100000,0.14381,12645.270232452855,12658.751329647332,d2a83558e0eb03430c8499fb0a8d110ab961f90d333d3806b6fb89cb6b821881,27.80229271365826,27.16054945144669,40.30147686688673
26610,14982.75733803836,3391.4177991571037,True,0.8666238957203535,1.3410358323628133,40.42804090014383,100000,0.17241,15146.972699840684,15163.120857010512,af4afdb58a24a186f4c0c8761743daf5a43165a6c77ad409ad458fa198e638d8,40.45765128166249,30.113758004477248,36.97349638963349
26611,11011.226946616758,2417.2284493842744,True,0.9902014774232569,1.1939486979816227,29.373814330790225,100000,0.33206,11189.557218443837,11201.486382918141,6e280b1469faa9f3aee7cd7045102df421baf8590152573681c57f1e3b308341,24.741127793268134,29.129988723552216,29.44552774468376
26612,20093.157501115482,4328.026186136833,True,0.8258345287103436,1.2442724293465477,50.15213734028856,100000,0.12374,20753.614801077794,20775.74018812979,ade7282fb3c4432b9ce6acc0a906747bcae47dd0a66bb08bfe7e223f92e8211d,40.2588446227707,49.78481211562825,44.04229443677196
26613,38808.29560279319,7186.110777435587,True,0.7713886831266583,2.5050194519478897,73.33470670194924,100000,0.07742,40597.29960786088,40640.58030742571,d033d6496a3a198999cb834516a51207d77f5e60311b93769ed61ecaebedbabf,40.7673650293795,28.950737484631816,72.45741162665738
26614,12106.960533600752,3109.910472181514,True,0.8198976761916598,1.6131249602034234,43.85605183861777,100000,0.11284,12655.140575161407,12668.632195108417,d224c8fed59acccde833fd27d5453efb297646cb8cf432f52c2ef08acd815f27,40.27989917404298,43.84534479471186,27.195891521017856
26615,6404.124022865613,2109.9377247748457,True,0.7904134283822285,1.238341086540869,31.23974473506894,100000,0.16337,6622.318133728582,6629.378173788814,37be6fbeace0fcda77b0d4ea1e0ffef13b82ae088a0a1e70b2f1e9b67dc244be,30.56095145347198,25.183993436327547,31.20161028104664
26616,31336.17648326662,5326.741762151896,True,0.9023738151005599,1.1068663558277447,43.42180569931986,100000,0.29387,31988.523415414493,32022.626315972844,015f84bec39197bc8005f482d891be292a8f25e078666d5efae9a484eb6759ab,40.43231614677879,43.26279029758895,39.223799093623896
26617,11200.501780744802,2437.484702957554,True,0.9931935227632915,1.1276240100320054,29.184968263828186,100000,0.34307,11339.025195823733,11351.113707808488,fbb4b96f248b4a2fe21768571d568c27a3f3abb85d38feafaff9d96939b97513,25.885983814083936,28.579323170462615,29.270471100538618
26618,24024.213670394773,5938.472042284288,True,0.6780195182672969,2.267607610014269,68.19430107992905,100000,0.06002,25307.86684241008,25334.8475084153,83e34cb1c036e241d331ff7945a664b8a9251b17fd5d1efbe56c51affa9537e7,40.62355826050461,67.6781821020292,30.18463570749789
26619,28711.018652733444,5063.275783905841,True,0.8955399044971869,1.3646907475913734,46.545034698654135,100000,0.21967,29451.412386006697,29482.81047759286,5a9b30e6c2efe22b5e2000fd65f12ca15ec2d648953a754da9a5155025728441,33.965602713446586,46.55639823251611,45.999585073279285
26620,11105.930465747515,2434.045046692221,True,0.9889905603984482,1.153323615666731,29.30387955498888,100000,0.33873,11332.98530428016,11345.067377148678,182066188164dfab265bd3bc3399df9ad46f159b361025bd9e2be8c14fc2b424,25.411958051591924,29.38973076462264,28.20212236468901
26621,12342.239486501456,2726.9106846834093,True,0.9471291218992411,1.2701259356012333,36.03479688678851,100000,0.20104,12507.31283431669,12520.646855406125,6db8e84b1bbd8907fc6865d5b6f296508b1d581a6d1c839dd79407bcf8199fd6,28.380921571479426,28.98795306200394,35.95561886628532
26622,24403.159051293285,4635.654107234921,True,0.8776818851559817,1.3843254158847675,51.33099126445195,100000,0.13834,24877.23027861623,24903.7518438458,cba8c6297efc2e3eb5c4392c6c96c4060b8aa185079a8433ada1183d2885ac22,37.13225759681913,51.48137502792203,38.247603842555506
26623,15908.113323453734,3449.477621694881,True,0.886767790325483,1.3411105344908092,39.63565986233027,100000,0.19711,16318.575231826491,16335.972432102291,01ea239df6341a475b087510015bdb5a146a77a5a756a64d7c8dfd09c90d34e5,39.80984000820965,29.542888076097242,30.11381188759077
26624,9827.307362437628,2275.144468780268,True,0.9752100578722158,1.08819856395042,27.889074813204942,100000,0.34851,10051.546071934055,10062.262005010974,3c47eb2cea5609f4d3f885ab61fc47096014c288b4581cf4c5bfe907337390fd,25.635343425712065,27.923119093982784,27.419263738470775
26625,19189.776163594626,3611.587321925883,True,0.9597672887341714,1.2271559438399657,37.38173517884934,100000,0.28311,19662.959330077752,19683.92197152288,c2f1fc4b9e4cbf740e9229146b8c617da82284dd63fee0c5a254cef818f4fb22,35.25528393454468,30.48217663509687,37.27221837656755
26626,31717.08366017879,6189.773238967363,True,0.7828373725092634,1.76357569948851,69.05130981079152,100000,0.07633,33413.83524918825,33449.457671829594,fd3f83f2c72be44130dea53fcd7e22288580ff5c51b4a92126cd0731c10fe379,38.85821999850451,68.78157813184312,44.573159946223825
26627,17310.999136224218,3560.080071459972,True,0.909017927277556,1.883745373649981,44.200337921704374,100000,0.15467,17758.167828130652,17777.099775181694,49b41b174123f42253c56d085f1077dabe98c6523ce8233a827ae7558709c96d,23.69725148341377,44.02768035169771,35.524295028869815
26628,24444.436781654702,5849.775381090121,True,0.6963030393945879,1.7648584258627624,70.14176574640092,100000,0.05673,26029.041089431994,26056.79059785335,a3173cda3566d82b6794e0742eb5c3c9b9aa46e059c245f9f49c8269f684f442,39.86573014102083,69.98764565564956,67.93271111229797
26629,15081.414477417611,3039.1358652892723,True,0.971319391669827,1.0576952607641543,32.195579897441306,100000,0.34575,15341.44424504923,15357.799727942775,044a19ca56137d017eaf7101d9cf356413b4b9895d7ae76581bad5ecce2edb16,30.450604619796785,31.86544943950856,32.132697905454116
26630,35015.91588811014,5455.321860225108,True,0.948798681835255,1.4335194059601921,52.19585831207945,100000,0.18849,35637.870609169855,35675.8640714411,0063ed7a07520e0da8b5911c921ed700c310d5cc29655e016d3e3cbd377012a3,37.439314384982765,36.44535028626641,52.042940758430774
26631,22788.7445155715,4510.134270313885,True,0.8618696469947322,1.9234730661698631,53.02467005837131,100000,0.11835,23459.43176413666,23484.44181721785,0801d32167dc13fae82c6b7eb35c09d065117fba0dfe629efe07dc37d142b5e6,37.037007089111405,53.15412481925601,27.793937161944143
26632,32527.48269384673,7158.326005076799,True,0.6883980333732141,2.039783006994936,80.2370985031515,100000,0.05017,34457.60191013239,34494.33709031437,6d300ce3f991376edb3016ce2f4082aa5b69ec26b4baed7b560ab4ab0901d948,39.40354581032452,80.09997455551428,43.66418275476677
26633,44000.83026917077,7407.2564994383265,True,0.8137056316016823,1.6395933829581468,64.44173207526804,100000,0.12782,45479.505051580956,45527.99066056254,3f53599524a89ee7e1e2d2fb026e2f5b5be19d5a18daa2232ede8e5e81a9e773,39.56810453352029,47.937977937827554,64.56759483322755
26634,22605.3741665775,3891.8971628007844,True,0.9934146681383694,1.133499010599857,36.78392291824596,100000,0.34713,22971.08884229426,22995.578273967396,3a689f7b906bff4fe5f9d42e0ad576091ebbcabedf9ff2d1b2d5d65a8a50cf68,32.49126785112644,36.78392291824596,36.370822221410194
26635,32590.87101564407,7346.284031226494,True,0.6716562399882832,2.506117173052593,94.07108306115867,100000,0.03083,34123.78986508806,34160.16916891933,df2f404513a3ff8340010a20257570cbff077916d250e54fd488d056e979df50,37.55034687621934,65.43176651397486,93.01462070256167
26636,43069.691183933384,8204.250976384157,True,0.7242575407183601,1.6154980745595555,63.46051349122507,100000,0.1335,45363.579174166385,45411.941194802916,98fb166c79a6b4a0c85f29b498c2f3f37b205f7e6dbd31a12b2b8589a0101e49,39.538874616603124,63.64643296434389,52.25886523581596
26637,15289.530738895628,3007.1356091588605,True,0.9906659024730051,1.1135056271805674,31.604355982793688,100000,0.36999,15529.09413621075,15545.649672276333,fe0ae6e9db7f2a7a25f634bc117bc3e40b07a01a7220b6735294520e23746986,28.32509541328995,31.681515055017304,31.25714015778741
26638,22456.31249166897,4206.734619574349,True,0.9150215119087567,1.3971236347015388,39.432811120827935,100000,0.28149,22948.351233079597,22972.816424233202,8c4923766db412484fd16c25ecd53224865e7652380df210b8b648ee9d9dafc6,39.702371353099224,37.83470402950532,28.140162818891618
26639,22937.46757700069,4435.283951896605,True,0.8802235975587324,1.4331201438064218,46.08369475617144,100000,0.1819,23669.54309946207,23694.777151815797,9651b82ff6ccf40ee76233a2f606b7ef0dfdfb6022978243097ff29ce88e3453,39.16439000152168,46.07244385413135,32.29008885503224
26640,10213.171834488166,2297.0681847960614,True,0.9910236005141181,1.0984209742205227,28.636767844554825,100000,0.33274,10389.44408607477,10400.520251545833,2527e2d52ae96986cbf2e569ba618af8856e2444fa1d15a5c3085b2edf3da3b4,26.168804209513848,28.53189686856158,27.769834443010687
26641,14474.620874516326,2898.2634604722484,True,0.9910245075078442,1.1332150468116096,32.243832218401366,100000,0.32979,14699.167614592005,14714.83836765995,435a58048dfd44bfb24cc0c58b1d342c1b0603076c26571a2f0119edf3c18a69,28.567594511859994,32.25957627710176,30.535601849408906
26642,34747.93540371031,7337.611086387771,True,0.701803353181301,1.5017655803370704,59.60157239159079,100000,0.12826,36106.02588584969,36144.518447521026,9202bc3e2d0662e60d3017eaad56857bd01aee2187255e79d4aa4459545b532f,39.60827149656009,59.36875374943614,46.22905163283299
26643,17339.41259505732,3902.8126449758875,True,0.8300979505806833,2.3359816086663487,50.110924114910176,100000,0.10733,17956.99519388003,17976.139110386306,e07ea8da31fd32baf1f21aeaefe878c0ac2433ecf35bb071070953f668750be8,21.379111301466196,49.98858299158276,39.662992182748724
26644,19684.59258400901,3589.5034339738577,True,0.9822017532784371,1.1360522415463967,35.643513161678385,100000,0.33294,20045.772002364938,20067.142759631046,aa8ede0b5ef9ea912459fbe07d3767dfd5776045012b08b1b1528b1230db6b25,31.266392282692976,35.53038677713204,34.50354728663447
26645,9211.333198074024,2150.999903366711,True,0.987928228855783,1.183397964758521,27.94547878959602,100000,0.32073,9306.567899052297,9316.489612395533,2fc94f674bd786d9e6b909ae413d9763748729c6058eea3784847374562df1b5,23.742740768504433,27.77491312315562,26.95619792424167
26646,8599.254646548163,2233.434527945235,True,0.9088344309026348,1.6094905535004111,34.78249337085805,100000,0.15631,8745.491012385648,8754.814562787029,f3d3684955ba75d7230dfcaf94f7b5039e81a7edf9a578207a1169b4fe3c838c,25.271655339764056,34.774001551187425,21.611681061726983
26647,15519.144939109481,4500.716025445375,True,0.6685199501664362,1.7137956973955173,67.91379159772609,100000,0.03943,16421.620503450995,16439.127560083893,02dd24429c86c4c68753a45a071e6dcae02b0f3830723c9c4e0e87570e2d40b2,39.743495717712264,60.27017393987655,67.69824489587783
26648,16394.12342706654,3839.940790887238,True,0.8127401788939842,1.035204826237525,39.45880129413305,100000,0.20586,16815.854213655988,16833.781562055447,d416902287585a72d8d85539846f37376c2ef952a9e0abb4e0de67c49f804c0a,39.45880129413305,37.94634235781008,39.20833038748084
26649,22626.595449795288,4211.549004785332,True,0.9185900580694054,1.07924439316901,40.2308859504509,100000,0.26975,23353.69180818502,23378.589132111556,b716c6520918effbad79da16383148cfd3a5b6ae05b4c8a35062acb625d5dce1,39.58263437019461,37.24499988381588,40.14248800768867
26650,16863.50905842846,3632.6019733521407,True,0.8754505302896548,1.3089723710189076,39.53964211726151,100000,0.21017,17273.654474254774,17292.069882592477,72168ffbc74d34b00caedb09ca528eabc31aeb155776ebe2ee94125729884fbe,39.636174446649356,36.81743042852426,30.426990223048897
26651,37441.62775336415,5885.411389795914,True,0.91962431710103,1.1993415968685706,47.18324390099261,100000,0.27548,38474.126038182694,38515.14322666966,00879f66abc4c085466d2e2caeba539831a131fdf814665e0479ba5d129508f2,39.419204255174975,47.0334923944709,43.03627910500693
26652,31650.937998325506,5883.23663003301,True,0.8224803508702627,1.2957460421613896,51.14593509346747,100000,0.18338,32621.25307387083,32656.03052624712,4606528815bd913eca1c4833c1cb1721cd46e738479aedffd2f578706f9906e5,39.50823697161404,51.18339549514725,48.24899736356405
26653,38274.915021996836,6382.243882732506,True,0.8605713539445468,1.5721894828823042,62.218023878565816,100000,0.12304,39401.273940746854,39443.279559750394,56ce67ccb4ce6a13270142c4c6ce3f1f07983461e3dc40fe7d67ab0dfb2b20e7,39.50905276077874,62.050934458970055,40.92171785372469
26654,19885.436202399884,3615.004596250974,True,0.9818956861768683,1.1614571111242935,35.4622407462991,100000,0.34023,20173.740414595828,20195.247598729184,5824165b5bc7945900a7ea0feabee0a05436c6ca36d1b035172d7c6cd3f5d951,30.587914198406917,35.41895187820059,33.55753054996468
26655,8903.436896190224,2597.4125197825097,True,0.799800463679637,1.3667193076738573,38.22504882395975,100000,0.12343,9166.006840430271,9175.778701911246,d4054ba59ce4f3b852a7737a2a8fce8cd9878b3357b0532dc7e1b133c777dd7c,38.01973850312794,32.10306834824745,27.86620990926363
26656,22278.79560556151,4896.815509084413,True,0.7819245615485098,1.2618287053273833,48.01151130932659,100000,0.15693,23091.77978393577,23116.397883979356,3979ec90326218d5e96fe334e9ce28950f25eb8a78a3723a09b4a863d475cdcd,38.42327491991517,47.96462506781357,38.17712215197186
26657,11968.231087570115,2562.548187144419,True,0.987412743262936,1.1351913107936278,31.044062495908932,100000,0.30744,12229.573746463118,12242.611670468887,afd394008d99726290ff63da381f54c6a11e489af6c06b6081cb7707a016d956,27.262083202584094,27.671355510879756,30.90763839314371
26658,35626.58105878867,7467.031101711722,True,0.7012167186144066,1.7059730856083548,65.57692237230549,100000,0.10003,37505.819784453,37545.8046635879,d767c93bc947681b63e952147fdc84a479303c9246ccd76bad953f5e446ea925,38.53604788821761,65.59293236311905,63.44759359410319
26659,24640.7474773733,4876.2741771564815,True,0.8397794827830586,1.330097913196213,51.35264915678373,100000,0.14128,25438.09271900668,25465.212218557335,f16174513f03ac5d179bdda2da5d78d96e56eaf01d1ff421ed2900ae6ba67927,38.752694956938115,51.20220194245721,45.848788566005396
26660,7929.872959281478,1942.1664852321992,True,0.9901670926218837,1.1012829725212192,25.592650763052777,100000,0.36107,8047.343112332524,8055.922368660019,410b91deaa6aff936e80922b3ed4e8292fa024ea93fdefea2f21305542c4a5dd,23.293311046059756,25.56140973428929,25.174020977621986
26661,26724.225954796817,5004.973549863206,True,0.8636791348973027,1.648496155084194,55.54447391470478,100000,0.12122,27619.267384801646,27648.712230282228,6744a9c26494fb29f7320216056593931b036dffb6e28a4165c894c082332dc6,36.83075955867631,55.219018012860815,33.50839722735242
26662,10472.847835398972,2333.78579072084,True,0.991896433873208,1.1557627665729544,28.948950587031472,100000,0.33067,10666.171734617219,10677.542918878537,273fe08a8b964e33a7f9b6b6b83f8076abed2e4052c030e0edde670038be5045,25.068830012744293,27.648509447379666,28.82880113391147
26663,58971.79398773946,9952.79042425691,True,0.7361542522624427,2.0608820901558587,79.20243682422343,100000,0.09332,61646.10802692846,61711.828818868446,3db4924c34ed12c231ce5403cabe4303c8da3968c144e0e04a1c2ffebcea281e,38.18965154488312,78.64167738381755,63.07576877944747
26664,5293.134776198199,1495.6375450908238,True,0.9820487954836322,1.2194945114804374,23.241385644586728,100000,0.32272,5386.755124644244,5392.497933462345,1d564bfbca2c61eb9476e4a6d7b56f829c0fe2dcd83309fb1ae810b8a73b0e06,19.099244160077866,23.20166647966678,23.105205650575478
26665,18699.784486843924,4359.360533327843,True,0.7815421476734637,1.583719328015679,52.404339309007355,100000,0.10198,19513.360101438993,19534.16325544698,aa8224b7be32df4015b24f83a6a34c0ececd3b272166e4d3034edc6e1b25f62d,33.03418068746509,51.07376038123959,52.19963485858154
26666,17043.6009785002,3639.923153932368,True,0.8798989813456513,1.3262228443721813,38.999194456402876,100000,0.222,17507.945493072864,17526.610678595112,76f10beb7746e80ecce58dbf08cf0d3244015fef99df442528374d5e9fd3cbb6,38.208927576549016,38.98967316869379,29.554077048992802
26667,13102.637733683405,2734.8611852156137,True,0.9827762652491696,1.0860424060742748,30.760814493037785,100000,0.34287,13269.002655425575,13283.148712503305,59e61ef3a93cf5116ced39d93380026cada08a309420ec9f4db95ddffc128269,28.28252621601081,30.66318495485187,30.16752729944648
26668,8056.556970006495,1964.5306287663532,True,0.9892930890556677,1.0981885503302926,26.271882870019823,100000,0.3435,8281.626511603194,8290.455536992047,d8c00df47afa435efc34e24314a24ca8fc7e02e776a7df441f8685036cc52664,23.83454998657072,26.259054802212194,24.379742868394864
26669,24085.057445783506,5338.758653867701,True,0.7554556270523481,1.5353453917140796,52.18138668494194,100000,0.13238,25008.320492008832,25034.98181225157,c5ef6634fe2b8c90d06a24a9569885cf40b1b14ca8074b38a482943febf40090,38.55001858120954,52.24508466673508,33.938284699386074
26670,17406.808931171192,3703.075936629184,True,0.8771373708092196,1.0837304533642045,39.09826947009299,100000,0.22419,17815.75144708999,17834.744783921535,9eddf752fa2b4935e838907b8c8ce1eca6c81d868c1cc7d530c96893061108d4,36.043717167741974,36.406445253646154,39.02190566253421
26671,17264.675300410716,3286.973195340407,True,0.9827888906021193,1.2092104606280774,35.25973526842078,100000,0.30149,17572.16834427931,17590.90199765423,c31fbf014e6eddbfb464335ea29fe42c020742243e33613a1e61deebce706b89,29.14781826632636,35.07896025849968,32.23821010259664
26672,17235.930113320734,3254.9933707017803,True,0.9913427445337702,1.1883920442691362,34.93349144505241,100000,0.31143,17652.317416254544,17671.136516394094,a70ecb0fa27046e1817ed2c6eee2aa1aa7b8d073dfac25e072bea26c3263e04d,29.47513340676297,34.788503809660355,32.31518532356044
26673,7638.224491688913,1961.5085432849517,True,0.9562149572689177,1.3693178272704916,29.122971281898472,100000,0.23897,7848.121737719365,7856.488604539558,5d1ca0149e7b7a7b92cd6b9fbde7fc38008a7f7948ef41d21c07ec14b5e0bb7f,21.280530528984897,28.952328872043594,24.10324039200093
26674,16126.225227345094,3248.154017037967,True,0.9503188081274279,1.3179061670997911,37.37335006296729,100000,0.23894,16584.0365907087,16601.716798805974,00683ff877b70f5c5125f3271cd2197ecf66e3f70a9f0b75a798dc24c7d4ccb1,37.50109100556533,28.18512654895165,30.34759822007549
26675,28071.96749117463,4656.859547737044,True,0.9591934835723358,1.277246505847945,45.12567834597387,100000,0.23377,28561.12492299281,28591.573880902954,ab9e73f065c320e93c332f5d78e59919f5c8848facaa0debaa5bd98d92d8b5ae,35.3866403435713,37.237498244480385,45.04855926676932
26676,58904.84335499554,9170.573957128961,True,0.7983407122030689,2.266967813394135,78.98297136414392,100000,0.09222,60414.449638444275,60478.85736185033,dbf75b8020cf308931570b168603b65c493298ebe9d689935741c2237e5f26a4,34.28508864390818,61.801861138203435,78.9829713641439
26677,11362.499914990733,2490.7518425723874,True,0.9813025473110986,1.1157213964237864,30.168474312881244,100000,0.31733,11584.744923905044,11597.095397198336,1bb7dc61e0b3609bc24ba66421acee9cffe1e3685dfea849bf71aa39c82a3400,26.986643037694556,28.143003015019342,30.161108962707203
26678,10882.681462547984,2398.59298297185,True,0.9901131852129005,1.1643603681145231,29.273579783077025,100000,0.32982,11000.68659387995,11012.414403760782,95f8a36f85ac14de5b3b27d5fce19f0d80fc36bfc2c8eb8970e86b3ab175c6c9,25.214157586595643,29.33075474359085,28.501717816140427
26679,55390.09021554971,10194.418073078785,True,0.6893023082110564,2.995453438746575,111.90877051674994,100000,0.03174,59144.5316724374,59207.585538850755,79f80959d3be65ea1d3d4fcf3f605b7e185bd7f79589ebe27d056829360e0556,37.84024589006316,112.07269937981158,44.738918877240735
26680,18891.043665888144,3968.1695424898467,True,0.8644327382689119,1.5931994516802257,46.250571342747136,100000,0.14707,19345.978471872597,19366.603180661514,bc00d9bea9dcd35eb16a65df360f31a6290747a97076d19b313782ffa8f6601f,37.409214565068666,45.95698861449728,29.08727338352456
26681,8141.171408970808,2480.689227963957,True,0.788926170497496,1.3437030042839437,36.40568191438422,100000,0.1308,8391.325279234,8400.271254258678,bea2eeabdb6229defbe97bb040713be41cfea0f05e6ec1c2e0020c1614b2eacf,36.40568191438422,27.028730151768162,28.02419801661461
26682,7658.508376254368,1928.441825544623,True,0.974332172883404,1.0597956241098063,25.26276557060359,100000,0.36357,7793.741870285033,7802.050762837781,35132a6ec2207efca685a43d6fe0c300280d98b725c523f8f391712e079e4113,25.41078958761885,23.850369741583027,25.164082892593417
26683,16109.742884987898,4124.681916402627,True,0.7478584433327174,1.874330009074743,47.0755214662577,100000,0.11984,16622.73649508812,16640.457961075714,f53c2d67b8ef3edbd97dbe701c19aeefbff97d04d1d47898811f061ec246bc14,25.11230820404616,47.01805623009284,40.214172268172774
26684,78950.18752561214,12688.919898951886,True,0.7013932454956939,4.516925673853329,127.97868165385839,100000,0.03023,84249.30850441297,84339.12652297932,10bb315f4148204ffc27dd59e8a88584f8cf326da1b2da205471df99dc01957f,28.385896553352136,127.85370247255581,57.34982182022877
26685,23178.872259620355,4873.07512085394,True,0.8067566480860066,1.415301640862612,53.1724183425888,100000,0.12092,24169.778981480238,24195.546334302962,6b599655c3ede81ed4390d839bfd51d0b46cab02054ae27aff1b8d8591206e3c,37.685432238411934,52.79595346662808,39.321107216724
26686,20150.66868838982,4788.192712031954,True,0.7478918688436507,1.5779762287766055,59.366985015773054,100000,0.07635,21240.23531356915,21262.87948577204,3d0cdf7ec497f641aea4153026864e4a5b739514360e63ae9314859f67cc8d87,37.495700741163304,58.91767433816344,43.98896472726349
26687,11463.32831328377,2484.2950313058227,True,0.9896647634184178,1.165604404583521,30.261486253335434,100000,0.31704,11681.540607108762,11693.994274085488,823be9ca73a4819144d5db2a87f23ba5853c84a9ad262fbf4d65c562ef546a85,25.858203585613772,30.268874311502756,28.266710548159516
26688,29506.82358689186,6279.8125329670875,True,0.7353358708019766,1.8080542081216382,67.8926408857946,100000,0.07332,30507.446929174628,30539.970857066037,30fa31e8f1f97d06a5b4f39fe116f782c927c497afb9aefc5ead89428115216b,37.74207600023299,67.31250357353807,52.69304330467311
26689,15408.056590478176,3024.530830102718,True,0.9900520300506168,1.1490625875095857,33.88833588790803,100000,0.30462,15762.47622168071,15779.280565918825,4275ed0d53f7aae3a17257d080024fd862fe03f1c85907c2f6c280a276d82251,29.45372943382631,30.297628423222463,33.85524180989249
26690,15073.971015527792,3522.724111182386,True,0.8377040397943887,1.4839406126531782,37.59787519963757,100000,0.21701,15335.04146055051,15351.39011744836,af683574fafcbe54fcd7b06ad460d68db2ec5c1e0ba69358604160683b817dfe,37.74474189963615,25.398759931005166,35.83547479965456
26691,28864.52508092723,4642.623235199216,True,0.980159969016173,1.1260628196234335,40.50602288093705,100000,0.33364,29481.67981485551,29513.11017448678,9c3e2d530441da07268c7a0b86a47f288809290f38b49be44d7bf4dffe7cf40b,35.90756081071349,38.073288108302656,40.44668788648255
26692,15162.295781917857,3613.6415199857747,True,0.819814697373586,1.1476931965204695,39.38554196480803,100000,0.19269,15652.544827118887,15669.231973718082,949e34b3ca311b49df524c1a5b057e36809b78fdcdee5616fa75ca765af8bc53,35.31813858318845,39.43362001896429,34.44311799754452
26693,19576.78252814125,4014.141055456713,True,0.8750892982193691,1.0543497288488521,37.47805638167999,100000,0.28424,19894.43806986724,19915.647490331907,d7924f75153cd0183f6dd8f6536022584dc8cbfb9484e252889d6f0d4e2241da,37.615305123312126,37.43230680113595,35.629773327700654
26694,65741.0078167565,13617.955402528454,True,0.5784463992132742,2.22119253171632,83.33894641381536,100000,0.09128,70248.15949875872,70323.05092049405,5e3907221072e6c31ec60c8c1a5b9a1af8596d7060f0e6204cd5bea77bd24521,37.55949586911699,83.31859999135105,75.95319505927068
26695,12378.049447991909,2862.8247078687964,True,0.9039078885509739,1.4905640786757997,37.51163637842376,100000,0.18001,12633.100852061172,12646.56897550366,c4508c5be9f18aeb45aff14e4f42253f2f44a59a4ee5879efcc0b56ffd9b85d1,37.65816620802697,25.166498234352662,29.223542891491753
26696,17448.858967298347,3406.8159147393653,True,0.9549489277274646,1.0477760198009236,34.355310622825954,100000,0.32831,17700.31728870052,17719.18756140767,1d329427d0576c6d47b417c863d2d22d764227e282a7be1c2379032ba154f275,33.21460694980243,32.736517910373465,34.346923095818426
26697,17626.29344895315,3665.68268620688,True,0.8935178926376728,1.1668720760509115,37.54396567970298,100000,0.2576,18125.1493124587,18144.472497733033,9043d046b5d476c4bc455b5f9d98b73ce8080a2c4e0608d03e3315ffd555e677,37.74561783911544,33.62091457840589,32.16351942628851
26698,11008.980704394353,2413.4519997461502,True,0.9916160156188374,1.200944912290587,29.50227245745094,100000,0.32637,11142.73857577453,11154.617826987927,5f500c2d7ad05c6917fec28839c473c239d7f3aeb50f01cdc1388c573c3100cf,24.561218037086846,29.559894083344403,28.89004268233294
26699,18480.574210538674,4154.224333673242,True,0.8137128104160478,2.647013325940672,63.07762390420072,100000,0.0575,19187.09042850173,19207.54574706677,e26c3d14a37d5e6aabe7141e9d5c80374846a7fff4adab74ee5b1cf03d90d20b,31.56191166788559,62.80042731477796,23.715708206169214
26700,48924.7048882072,7455.962090163792,True,0.8676260368946871,1.549904918250912,57.62317707994052,100000,0.19802,50375.1041076199,50428.808904921425,e8a50ce606d26c3ede3ceddd52f41703ff7692f7dd660a29c6454774e572e90a,37.449437838574624,57.65131339687409,52.88220767663486
26701,29524.156400699085,6536.2377114934,True,0.7067643216711104,2.1005130460456614,78.38516352460559,100000,0.04886,31287.464534995637,31320.82003808979,f9539e04eb84531e2ccbbd1a3e8dc73a6cdc1c01c21d8dd75082779a309efd3d,37.28844998234717,40.09202089454314,78.09810848240122
26702,18335.074993368016,3844.681590200492,True,0.8746055054209539,1.2400867440325392,42.38708933287313,100000,0.18576,18809.11186886471,18829.164225246568,ed686da5617a149282234459c1c714ac4fd01449f82229ee3c97dee1274c02b8,37.62682051131023,42.1697727127583,33.80825704357825
26703,26261.84197188976,4683.918137740568,True,0.9122032546701218,1.3446813945790923,47.439153185939546,100000,0.18975,26934.43502904902,26963.14977613074,8dd9bc294c34a33b17232743875740f3871084e76c3e75b8f606328374a702c5,35.15083738264808,47.415989536922964,36.505910850117544
26704,27754.81120082407,6213.991098730576,True,0.7134097097942825,1.7756557118139904,61.15504536417912,100000,0.09682,29442.674515105806,29474.063291265342,44248a45067f6db90144b5c07c637764d8c1dcd6d055e7efb499b6d3d5373647,36.74379068389766,61.0206714852051,34.42957387934498
26705,44504.65135151332,8143.746033381929,True,0.7457561411681128,1.9617412906253573,71.46525314450642,100000,0.09494,46073.30196562348,46122.420620302364,ac650e5805cd0659ca230b458b1844b33239f227c9dbb8ecfd1728ff960a13e8,36.65734786538281,71.02906385529434,61.57248006517655
26706,30737.875120809374,5092.420086563547,True,0.9318423907914091,1.2376078834832966,45.21591958094723,100000,0.25444,31273.37782772701,31306.718313010835,44e20d2716b6b5ea92fe51445fc91b02ac64c516f36c1473bbb3118603c7ea66,36.66066135945453,44.84059212348819,45.34838809534453
26707,11875.580767613385,2876.223920487518,True,0.8751812454840151,1.3314792789383358,36.27713564106439,100000,0.19192,12182.446228333172,12195.43390978652,bf2f3449c2edbd852ce1927f779b682f2e8afcecffd997987997e733f386e032,36.383416311887814,28.261801716463985,27.190138285661053
26708,16281.89433968692,3283.8771124848636,True,0.9460204307090064,1.4031337602661504,37.15968201557372,100000,0.24275,16561.150624939324,16578.806434354457,f1dedee53a27d6d61ec66ae54fa299fc889582bb44643f9a5ee5499390e7cd49,26.508933312867775,37.177826391557886,35.200089409283706
26709,12032.964327285148,3111.5979799417873,True,0.8161106834055784,1.0290683727015062,37.43909736240073,100000,0.17834,12443.431822833541,12456.697740504947,3d130e1c638b907b05bbf3cb2e5431376df1bd91e68b5ea12463a547fa8e9f8c,36.287406379084686,37.32027210221733,37.21058724666342
26710,21731.269915622353,3910.2726830332476,True,0.9630906157928875,1.374266604173246,40.263110652529576,100000,0.25734,22332.871760382874,22356.680790106948,a3768dcd8c0fac92f8c9a07bdfe24044cb92d92b5c6683d47e10fb3deb476952,29.243836472479373,40.3417495405228,38.32662803569649
26711,12792.895456831568,2667.1509724229263,True,0.9917809428646029,1.1009926945037072,30.494808061072916,100000,0.34491,13004.65395093144,13018.5181863863,851c7ba4930457f0aa0f07897d903ab85784cda132400a7f1aba3d984b9059f7,27.688034955842326,29.906651362629376,30.51714312557077
26712,39380.273986028966,5796.819999687306,True,0.9656360370068726,1.2043920866134032,43.514206012019116,100000,0.36252,39713.710305963126,39756.04901274805,c20e6dd9472e7c5dd9dc7b72e277fe36879dd66a928de4d4716b4f220fd9b53a,36.20517922093779,42.26062292866504,43.609818281088494
26713,77154.37389378615,16684.89959989694,True,0.5252921302152551,4.719726587573251,170.3969386538004,100000,0.01239,81502.6954526596,81589.5853125686,d0b8a434eeb2b3d1e4f639aa91990dc7d1916180562d8b8519e4df5f9d60b794,36.53591586247563,168.56650278935527,84.94886443629406
26714,12950.200253409064,2692.618472239556,True,0.9904372364259881,1.1117865042843087,30.17839901240778,100000,0.35656,13029.76286579747,13043.653869816033,846d0c9aa44f962b49facf73a4519742d00591e052874c806e3513afa4646088,27.223921960655943,30.14156014642584,30.17839901240778
26715,11505.415981296923,2484.091645995588,True,0.9921668834724919,1.084798036418044,28.635091013885585,100000,0.37393,11673.506100324406,11685.95120172959,808a1f9fbb4665e95f5aaa61184faa48c38a660baed40ecfa28f36453372f7bd,26.34204661628928,28.705000904056206,28.705000904056206
26716,27092.624514982876,6036.081144576385,True,0.7227084074833072,1.8800209969320838,68.29714638476437,100000,0.06697,28366.33811583728,28396.57941192359,0a18d942e052dacab07fb5c717f465f256f2ebb59804c7ce1715b8ceeaae0bdc,36.54964474497156,41.31843963414211,68.19710173673981
26717,12033.080973139191,2765.0867729784572,True,0.9183888150613286,1.2298017970187982,34.595307636060966,100000,0.22282,12266.511269793638,12279.588572818824,051930f026ea9d838b6f8b15de9986a7dd1a06c20d565ebdf0d844988d96f753,28.049564614101186,34.595307636060966,32.82162243011058
26718,25961.979063575924,5225.456405694622,True,0.81143130571891,1.518605847601609,53.45723370934164,100000,0.13053,26512.15825066938,26540.422809325883,b9d7130e95134912f7ef0f050779dc083a351a517977064243836acecf1aab9c,36.190651629883874,35.12046286910116,53.574693451378764
26719,26272.493671205284,6246.22123649784,True,0.6842281841802639,2.15006309712883,78.32990501016147,100000,0.04336,27706.864116617184,27736.402348797597,9748a6be1bb8bf743a069152cab8c8b03887f20969ccac3a0515397a537b6ee7,36.267740442326954,77.79444667513107,41.861367692198115
26720,29149.826586642743,6723.239820347226,True,0.681286063709436,2.4496479641309907,88.82365960448149,100000,0.03296,30710.613481903067,30743.35400524823,227dca1073a0171f5e725bcc6ab588d0bc34becb4fc914adfbad7efe729cb9ad,36.36652274333874,89.1706270248115,72.08248157355871
26721,19118.893096752407,3609.649502682712,True,0.9579163525318439,1.222084358532435,36.0521433198176,100000,0.31242,19464.685736745625,19485.43699911118,bf09b9e0e93147f97dbc4617220b0a230d5e64de9c82861c2561197a1a5d71c0,36.1401612478445,33.323587550983746,29.49480768181367
26722,7347.105229881068,1862.1582307521057,True,0.9814730606048425,1.1539693407277347,25.57262106559594,100000,0.33632,7478.142316029582,7486.11474853148,890c99f8aeffd03f70b62a96d64692a7e14bcd4ca326188cfac5bbd02eab3dbc,22.20123059308085,25.503944593007674,25.591351012665463
26723,20805.11472830803,4903.469009266323,True,0.7460376859623298,1.9778954902321615,72.32553068065499,100000,0.04405,22158.28281451949,22181.905715319073,9d8f95e10ff539be0b7663555f92f4e72b57e00b5cec59a23888c8e65869feb8,36.58654774665946,38.175731770404326,72.32553068065499
26724,10665.664624777492,2987.280257857675,True,0.784392510008015,2.1760029943989596,50.4878574260991,100000,0.06641,11363.434268490755,11375.54880293885,1a3135170c58c9bd6a6d69482c4e171d5febb2b8649b660c8d7a621e793df395,30.987908586233672,22.846495053533857,50.475531289032176
26725,17322.33364497419,3666.7702364993343,True,0.8829538946056812,1.0833915760091806,39.07312516314752,100000,0.22303,17689.39711357583,17708.255744306207,19b164c0670867aa17bff56a4b61407a23bcea8215c52a4fb59490f3612e2ba7,36.50704345687636,39.12082184913769,35.84882919021201
26726,7849.81584381202,1933.1495212425896,True,0.9880789726311288,1.1598667354530368,26.140111764910287,100000,0.3354,7965.273274339806,7973.76503617787,6e4bca3a312219ad0ea359663e25572eb8dac5550d8b0e486e4368d1b855c966,22.49606786408905,25.374288178047678,26.12734803846257
26727,9575.430987337439,2388.5317520165536,True,0.9129745245088562,1.622317857235859,37.27598485038666,100000,0.14219,9792.007456537392,9802.446696017772,83966a0b559b9fbe14ede0efedf28dabd17c319476da029b3a941986e78e0300,28.284609598389103,37.421594166208486,22.851562001787336
26728,40229.447203824915,7923.059483944023,True,0.7166172388499639,2.5401347459288965,90.31051762007175,100000,0.04315,42258.20991245287,42303.261305157175,ab59e8c543ddd9d61a8c76f4f2acb338f05fb70c6d50238d4ba773fad9c6fa98,35.872854533168145,69.49676551232085,89.3403851065749
26729,13947.236861389101,3778.914549487582,True,0.7414966112056794,1.1972378857435544,42.35563265391254,100000,0.14272,14418.950729878277,14434.322744288294,8f826ba70734c5188e7bf375d139d92409e6f869d1390e53f6acb8186a4b18ca,35.26189144283246,42.30392900077055,35.80995016613748
26730,24042.711562332668,5149.400956374643,True,0.7823175013104849,1.7239983996888362,61.34055173062595,100000,0.08184,25114.466452703677,25141.240934941896,1e921325ab40f245ec86127a6e4e260275a229c6c56fcfcb835f99d8811aee0e,35.61226367564173,61.28064884807651,51.59135759570468
26731,36684.047208351,6416.587824785522,True,0.8320794775870014,1.7194537743030367,60.97982658146614,100000,0.12679,38226.00025245699,38266.752914542216,152ad09a756dec98773c62d64ee0d4007fa63f0dae4aaa30373fbd5444a055c5,35.37306346620204,60.81606239875224,50.96043612997036
26732,9279.820654415353,3137.0189988160505,True,0.680758956936407,3.6317931123406195,65.10544113591786,100000,0.02719,9976.457732914556,9987.093614464073,a136d332aa38ef7ad7cee23b81e7ae8a8bbef4127decef613a0a045758bc3c48,35.6204330042949,65.12133601900769,18.024797423860072
26733,76375.06342016008,12963.921167875225,True,0.6715043013929717,3.6688631186703073,129.35954625635088,100000,0.02782,80069.64038427641,80155.00246705554,3235d356f0414597d070ac8cb8891367618e9b5d4128490b24e521473a5945d2,35.277005168052725,129.4542920177691,80.50231528501914
26734,4997.970094276164,1423.3594211321897,True,0.9931891800966964,1.148784303396961,22.2576306276105,100000,0.34567,5067.733682157819,5073.136382856893,91d16ffeb402acb74974c2d1ad54e2a82c6a1e76736c05d87eae0319fa9a3f0e,19.393916921372526,21.70336345866122,22.295668570577607
26735,43790.865788117255,8601.863995040741,True,0.6984691688896109,2.688686176424182,94.5291720206352,100000,0.04233,47540.2139502806,47590.89647687976,ec101a4cc55b7529b45e48dffa5bd7588134c7b4e3644f335740f22a6242d532,35.33304745204895,94.4830151983595,81.00522309385488
26736,31096.495521170087,6151.050187482081,True,0.7774559996875225,1.7551889435719803,62.16905258425544,100000,0.1005,32107.323996234813,32141.55354985376,432c0cdefa61043a4ab5af33c7b19268897a33deb09a1e972cf79983938eff7f,35.41025382789745,61.75924681770883,38.931547821927545
26737,28359.86828427324,5210.562108622269,True,0.8631157080544707,1.497962994544765,53.28523429064923,100000,0.1457,29308.628253978783,29339.874123688598,9f200b669fceed537091efd6211abe16f4773bd12b59df0cc89c2a73314979d6,35.735971337015,36.607580394015365,52.94699794017148
26738,10989.502210114208,2620.062915826382,True,0.9123421747524905,1.5684275393397098,33.429009884552315,100000,0.22441,11146.231230484182,11158.114205209755,451e3984d932b15dc3578447e32fe3efdd880281d20947789e1d13b8ecbefcf2,33.48613954011674,21.26039324933076,32.95564988130427
26739,21213.669493790614,4050.8195507905616,True,0.9148539326764802,1.2499495580629707,44.1215771630572,100000,0.18868,21547.369246297483,21570.340853369125,2f51b253a08a113e3a94d0b7f2403d2fe993320a429f18b91e340aa32e092b9f,35.27787236548153,36.3011999608161,43.65838677780049
26740,26078.19585494798,5104.800837180628,True,0.8330869857645674,2.262831119276355,64.11232470069734,100000,0.0767,26874.18109523196,26902.83160571586,d17a14bc197ee4ef06c8eda75a01766ebf0ecc91a2b51f6f14b58322e9d406b9,35.233604223942805,63.799276240244716,28.03348963353246
26741,25079.606887696125,5377.536924109307,True,0.770515193118374,1.8572689912193148,59.363170300538656,100000,0.09214,25628.003163776724,25655.325126471096,c45650dd989dc2d47058f5423ea7eee6179686f790c97fee82f663a1b15605d1,35.20340348144737,59.26171957004457,31.985966028634962
26742,31563.823065575543,5231.830033730791,True,0.9231881714165108,1.3513788113926295,47.74932425654467,100000,0.22234,32183.597827639875,32217.908696637263,3a94e8c906a872c679ff1b9901efa96aefe75f7200218fd9dcb30533acc26e63,35.21745814917516,47.60943365813682,45.219635935336115
26743,34206.62834735553,5476.140346764055,True,0.9305714706247065,1.3940055632620025,49.279765460508685,100000,0.22126,35206.60164008019,35244.13532736977,7719ef5c9c12f5245fa177dadcee5cbfc99d5a5a118e31a36aaf7315ddd575ee,35.407800232001236,49.0030480275029,38.12684979110156
26744,23062.68638425891,4690.145264610206,True,0.8354191496181714,2.67432343889033,59.00539278921036,100000,0.08511,23247.21913149014,23272.002945109918,013bc9a6dc453cd62b3715008830195737cf805da9bfd1264e070554e8b1e783,35.783543869237924,58.86133665447108,22.091008262269067
26745,39887.33478758328,9079.243940059829,True,0.6218101190003233,3.015852022194184,107.01142278454208,100000,0.02651,43193.206369423046,43239.25455997201,a080856a6a05cd4c0bbed5f27ea4d72b46991c4b649d66333682b4649f8eb3ef,35.34825562194469,74.74601576820675,105.86188601634876
26746,31522.242455544187,7554.540136971489,True,0.6387841942473277,2.8176397334576317,97.03892181772943,100000,0.02833,34419.12009903097,34455.81425383144,d4cd8878ef4d92ea30dd731633817f1562b1ab40139287a4fb6e5e22ef9c0684,34.51799538291792,96.70724581542274,43.81676901901626
26747,12965.740681583016,2693.7811155968675,True,0.9908016200463206,1.0787338346765591,30.321163605627262,100000,0.35693,13229.27197217956,13243.375672455686,ceb5faef7d5db487a7ee26629c1e77c5ca4df088d8b9c37cb8bee49f298f65d1,28.12258313910595,30.32116360562726,28.781417016279
26748,56492.03877258437,9371.87783228826,True,0.7597120323076066,2.260596878242042,75.04966598526181,100000,0.10476,58878.54680509646,58941.31710557702,266ff72c13a971ca1c4966eca6863940fc21f0e063791cc5b7a99e00687efa0e,33.48468373732079,61.106112319543,74.75650322750687
26749,14870.565798192596,2998.07394304867,True,0.975424021380157,1.236322887412694,35.02446660909722,100000,0.26708,15257.074239663127,15273.3397758634,a9b01dfb7d47a4b352a4f9d79eea87a7541b637022dbf6e1b865e8d88bcc51eb,28.44882822472325,35.00736481876074,32.20267120357913
26750,10666.55299085541,2357.885746375506,True,0.9938269378844529,1.0664839653130804,28.160834895721578,100000,0.36534,10847.98572832085,10859.550744115651,5e8eedc619fe8684666a1d11a20067a3c54fbd963f83f3555b6b20c0eb937903,26.373281899411126,28.188335711049433,28.208961322545324
26751,18738.240518107807,4146.667137360734,True,0.8227555532862424,1.4523812682936799,51.34613036024287,100000,0.10759,19364.681858962085,19385.326507394413,38d37af52e437b0c1bcb8b5f52f36d81481d5cf9c3a51f53ef8be6332547631f,35.26285759359453,50.80709627687118,37.49420798522618
26752,27960.639631941758,6479.023493446824,True,0.6876054409203654,1.7187253140555565,61.05565151673156,100000,0.09604,29063.309226593097,29094.29356218059,4864b2fe1a4f9b2838e3b0fed1391c6e9f56f4cc49d4c1144cdd3551bc740b5d,35.3872355226369,61.05565151673156,53.18519643840288
26753,11637.240903821003,2614.003223088625,True,0.9500461206919139,1.0846326704957279,30.670518050096064,100000,0.30866,11840.19863672149,11852.821448704897,2fa306796e8b64bba37457427a5e1b513f6abeca446064566f875f70987351d2,30.692981808433537,30.20626704445496,28.274383827432313
26754,18273.17814811411,3905.805772912298,True,0.8589796471153389,1.2934758839158293,40.42395977726238,100000,0.21337,18739.811501781074,18759.789977180768,b0e24ac5bc2ac3bdb53a2ba98ec087015708b1b4dcc5ba170cfc36161b129e7f,34.226145631725075,31.156845951371423,40.463436300482364
26755,26073.699529957423,5886.748334944161,True,0.7223434833907895,2.4084844876659477,68.4634482319618,100000,0.06434,27451.916252218176,27481.18268499247,a4011a7051fcb5b59b6ed847388c4e49cf78bb1ae586e252f2d609c9c856e505,34.373799142829455,28.122497961493103,68.26287172346971
26756,29023.939159401296,4716.727102868423,True,0.9683096900978718,1.3111334261886178,42.551622504357624,100000,0.29085,29794.26959966696,29826.033210639926,dc9faa649bbcac7db95d3039e0ab4e623900081a5e570f09c4cfe21fed59052d,32.31887148707436,40.868672590855205,42.61395398263548
26757,17821.501417252333,4570.779657971494,True,0.7218661849513986,1.8727602826081962,56.85016366703988,100000,0.0763,18639.531726760884,18659.40329409386,5390a5d6478fdc596a58930245265f27e2c7aff8682e3242544e0d2a866ed08c,34.22668544993172,30.22940831709298,56.766887060105745
26758,17583.846819128055,3602.76694655308,True,0.9076614334447081,1.5369416773624298,39.36119246013787,100000,0.22139,17950.56170814997,17969.698765930036,a13ec9a8d6e5affcab0c59b50d74eeac6ec3fd9e1dedef436316eda181de8b32,34.1623630849097,39.41885045690565,25.68663756004603
26759,31825.519536125164,6902.2608222687495,True,0.703627966744023,3.2890116212176737,94.01631870002095,100000,0.03113,34395.69967003746,34432.36885636562,50593276388e5a1e1457d1294c334fb4f1b26606438e99b385e552242d2a0a8c,34.38389780581821,91.72099841925872,29.01284834883459
26760,11168.932594207115,2904.0785878614674,True,0.8320514971613401,2.0689037576986555,43.8188619312061,100000,0.1037,11600.516856585009,11612.88414430405,d05cf8396c96d31141aab891fef1301b5497a7580808a09eb48cb0402ff79fac,34.32976756280283,43.6156006087713,21.06964076501719
26761,18123.822542896025,3375.337673118097,True,0.9885533190046063,1.140895721225327,34.26619875409854,100000,0.34547,18480.913332837972,18500.61579741981,cbc3204b312db1c0de18d5588d8a77c9a9f3bde85894b27b9a69819f0c5bbd4b,30.066581621638218,34.274564525278734,33.36269546663696
26762,25745.490929593925,5469.446580374299,True,0.7709180092664221,2.0314870111708205,70.32430940609234,100000,0.05787,26759.944728411603,26788.473451734306,da2c8e290cd65c681cdfd543e96f66357d4dcd0564b87c4e177afa6e193d8a74,34.56982348368333,70.51316863545439,42.441819543911194
26763,30838.305316084796,5492.146526336792,True,0.8659025362452814,1.571248267994812,53.88282904857368,100000,0.15118,31445.667053143356,31479.19121562432,5ef0ac949fce1324c4960bc6161fe2e7becc14200bafe571ccbc50d603c4907f,34.3345175333929,53.856519073452304,43.12204922393177
26764,8384.261333698192,2800.7198049515855,True,0.7126194414119436,1.4649740402824853,47.24563766329011,100000,0.06357,8913.590081606977,8923.092842088396,8685cbe29fa443337d868cb339c5759f7e2b8bdb1715f2e4260cd33c8c8fd223,34.48839272784117,47.0380152321526,32.077665610744575
26765,24621.434220213898,5169.055569045622,True,0.7917993758293774,1.7434664979162289,60.18484516625816,100000,0.08585,24883.819582245098,24910.34817231802,dd398164cf8ad91c55cd1efea30aec0ecdec1ab3b29f72e630709a210d075e60,34.51518586316905,59.89097385196979,40.583628503223885
26766,9212.42827068847,2277.353749339177,True,0.9331892081245936,1.7104552067583507,35.01850435473415,100000,0.16368,9345.52488150304,9355.48812680701,7a57089012e27b4583857e92b7bd6635e843bcb48f75f0318aa181f057300212,25.46878038885572,20.416061620875276,34.90736164071765
26767,69480.13413112251,15808.560414357209,True,0.5170099484536433,3.6094112941086043,123.03954206593383,100000,0.03079,76253.38172770891,76334.67530479995,b27be85688842da85ac1cdb35982e42570a73d880c2e3a2f985607d11fc2f409,33.91397533995101,98.40760249218732,120.57634810855919
26768,19633.078975192493,3612.2979988371562,True,0.9743002851925975,1.1338265130214233,36.291484672709856,100000,0.31474,20002.369623454462,20023.694109531596,94cde5820c9e505caa44b00c8d7b1e02cfcf5a27f43b60a8663c5fb05955bbd5,32.038576312626674,34.537159974175545,36.38008693021159
26769,26699.0934188117,4913.94460937781,True,0.8791268500454218,2.108521014066195,54.67921744335041,100000,0.12573,27328.833103638673,27357.96831771549,a216296781c103650ef1cd641c3d4485e10edb44f245525f38a8148e3d057d25,34.56164403340679,54.412229076927794,25.877847415511418
26770,9204.787787939591,2415.0600010676026,True,0.8794923233770339,2.022571055479491,37.03570253122186,100000,0.13973,9437.712042890225,9447.773568741775,5b9fd916d7c1f1e28444512e5c4eac4f1f1802edba19856b5cbc10e30133be5f,18.377701512379993,36.8096545421397,28.37354358959331
26771,16327.310923813357,3968.9676338926643,True,0.7841810488773286,1.160139583612572,40.12265210915017,100000,0.19159,16453.452266493605,16470.993258905135,95467f3fcf5c8c83be433579c724ee94fed69e4e9f86de48d587612b05ebd776,34.55876871120161,36.45910916754319,40.09326540106241
26772,14519.642374672288,3505.5657108037676,True,0.8210380642945496,1.533638895933762,48.86259769100937,100000,0.09718,15073.768859423682,15089.838974126284,a5357d55efe581202bb2af5f6735f89d142e4c986be44978c3327e3964bd1796,33.56917722229012,31.92292759305202,48.58822275280302
26773,21712.652445343618,5050.430670704625,True,0.745242529382571,2.7966985022680935,68.11335359350929,100000,0.05307,22297.7570793326,22321.52867336575,64bcfcba81de04ff1b9e3d57f63c3014a74beb851f06fdd0f881c67d54a9fd80,33.707462825694165,67.53133030840851,24.336887935571497
26774,29492.04621171278,5669.9683119373685,True,0.8141543792533503,2.046348373636805,68.01748163326161,100000,0.07236,30274.39715077729,30306.672624768078,1854c833afc49be8806ee47bbeaf53fed1dbc659e783726ecd92d249f70a44c1,33.16184346231041,67.60233587133985,47.06092357145101
26775,23268.640913989617,4373.579770378819,True,0.9012136286762878,1.291296709749404,43.39048452007657,100000,0.21934,23824.10749080663,23849.506323947484,04b7bd8d4c408df082b94b131dbddf10d46bc090ee4be8c9f929e11cc790c853,33.750508711172834,40.170096997102135,43.37989114006679
26776,11722.076516111476,2931.670574890042,True,0.8512138036880962,1.4260014265994831,38.929839811055885,100000,0.15311,12010.655439855007,12023.459975493839,5898e64a2337743d2a1cfea860f87446a6eec184f255bd1b99d512b35617e24a,33.59789641896547,38.8918223893654,27.296508773767698
26777,18006.99849589219,3823.6772245735037,True,0.8688879729346766,1.147962127418124,38.46453414303524,100000,0.24261,18357.157336741402,18376.72786530438,475e51c4e61a372f2c636b4800e5ea53f20b9d594a0e3de0ad660e936f2be090,33.49682453325359,38.473924898441254,35.50644619014068
26778,20255.89763926675,4580.474582357068,True,0.7845271470099868,1.9374833004055294,65.20167960053257,100000,0.05704,21021.861404022427,21044.27276823899,acce412081048c865e540bf130f4468d82e34dc8f90f6631df8a960fe184e72f,33.85839172615546,65.0902509488715,42.96370440474546
26779,20314.607883689478,4055.1776718103492,True,0.8878641765463477,1.4054633027571466,47.14381949924534,100000,0.15023,20928.893343040607,20951.205594194103,8dc2bdfa6f23963b4ce078fe6910a6e463e03fb5b540ef25c8c840641cb86e01,33.51630917524473,47.17834866391764,35.71466599271443
26780,57799.83943251209,11266.24934623465,True,0.6416859351171613,3.572224915527197,119.71940304827336,100000,0.0275,62739.58237042647,62806.46891316766,e2ac494b32a6b0f30bafa9b00e287170122cc5be906647128d10da1d62cd31b7,34.03643673088729,95.22602908478383,118.95946543126773
26781,13937.908638770614,3366.3049117992787,True,0.8320110278835918,1.203556830995992,40.083251277318894,100000,0.16811,14394.536112155025,14409.88209819013,e1de4a0b4858523f5f5e273735a1fd61089f75391a8288f02952a1b51b1a587e,33.29180196421848,39.83860252684697,38.11627532352468
26782,45985.7278463947,9634.63763268802,True,0.6442643727127911,2.9894448165185437,100.15989540440009,100000,0.03614,48281.976115219455,48333.449432972695,99d37171a3df6037df4a4ffe8db01021c0243912931e123a93514ed3a52278ee,33.80641000893142,99.23067762476943,51.59603986896587
26783,31174.646432259902,6677.392476385368,True,0.7173728102697784,2.066929443455378,69.25297573020582,100000,0.07544,33314.423275019704,33349.93971475507,584a89e352c132943802f13f1d0f6d5395908129a6c3162516ff6df2c90737a4,33.74729969665303,68.99936375853758,40.89915729769724
26784,16846.302806809388,4094.957999799035,True,0.7760762764779353,1.6286062447423126,51.38057014948072,100000,0.0985,17764.3078013667,17783.246294230867,ac4835cf309ab6f825a7fe98d335af9e6517d5aa4d27faaf533a2eeee5ca9da3,31.57346070953198,51.26767338889836,33.04111859710258
26785,5115.8960196206635,1466.809979707642,True,0.9788693741687742,1.3030799266779327,25.221708830642356,100000,0.24553,5237.73339378769,5243.317330837862,22929fbfe1075f5853f011bae9186da3eda36a61b1c760d996b068deb93a2be8,19.34115904224796,25.2401817619148,21.139191019432428
26786,12130.44658164531,2648.001705941646,True,0.964162842557198,1.2382823148768904,33.33890421487753,100000,0.25356,12492.518712813759,12505.836961919977,2777ed4f4dcb896b0a01a9b3a92f5132df741945cd9519161c14a1d47157c5b5,29.358746948990053,26.925072056351283,33.33890421487753
26787,9112.355506155096,2151.616309126235,True,0.9805575022227704,1.187255217634637,27.990658236526006,100000,0.31698,9242.43696824238,9252.2903117291,9fd93f231146b6dbf7c8cf358f0e9d13673769c9365ac14331f1a51d5919700b,23.603450573476763,27.97015726613792,27.204787704982913
26788,69753.82580746744,11444.604954407288,True,0.7160258033250956,2.3403689357647703,77.57813578251665,100000,0.11578,71873.18066522469,71949.80451876145,c535dacb36eee05bf535bd64794f27adc87aee1e754c14cc7fc3858a38a63ad1,33.25859532082501,77.76753552807943,77.84329542630455
26789,38068.964103686216,9195.49157346932,True,0.5951455810521308,3.352719355878579,112.41698928452973,100000,0.02153,40668.22160325976,40711.577912621426,38e06808534b3714cda6c3ce936665ac01cba5537b47a01ec6231de87da01bbe,33.66197201110247,52.32494874779198,111.45639489367073
26790,41618.86500726236,8792.760374914476,True,0.660519598681791,2.682978437653566,90.10324036253473,100000,0.04522,43981.2014253945,44028.08969588981,3c640dc3d1fe7e6a7b1020fa6a327a110efa28759788210d5e88fe7d1eee42a7,33.051786778493266,69.40325276948171,88.78336867753666
26791,6768.703468340442,1742.7339371494709,True,0.992940812177732,1.0924420174838545,24.55043465174648,100000,0.34999,6885.706287958538,6893.047125600931,e9597d9528980b3f7a96147367d8808537dedcbd57d7b4a635d5757e76f617ed,22.5365318092204,24.484503308687593,23.57944578124284
26792,10257.228021012714,2480.96908394042,True,0.9202011650635403,1.3762154331366032,33.6790755899693,100000,0.20353,10337.707078560055,10348.728087311329,b3d43e0a33e3f47dac7946d9913d7adcf0f87df6b1a9bea292d332d2e40ebe4a,33.81063447899261,28.50716676524013,24.46173092777311
26793,15604.982573419999,3413.5617498403735,True,0.8846779842125889,2.078034712085642,52.98586263533599,100000,0.08121,16062.192995496198,16079.316867184836,2858aefe13ed4b5f4ca18c407528cf328d9980c368d29c192e2fa7afa76cbc17,26.919819371126508,25.25107516215231,52.882374622376354
26794,27683.905145653276,5770.844788906814,True,0.7668839213894031,1.770370927075508,59.32680492259797,100000,0.10283,28548.81043201864,28579.246261474687,12f6119cb2bcd8232b34b3dcf57a13f4c1e76900112785f39affa419f464f911,33.545136767758024,59.16748000703436,50.3321892348701
26795,19830.875307085294,3872.2699807440104,True,0.9149831246306769,1.4263862713177162,45.779552762224654,100000,0.16038,20458.799560529344,20480.610645645582,fe4266689f903aed16ff073b0eecba68636bd651b623a48c005ac7aca66de156,31.93168511759664,33.59700576251155,45.846612653966204
26796,17412.88537038181,4142.405202507082,True,0.7842936642389625,1.7332923158652798,58.13395731629873,100000,0.06987,18251.379990798232,18270.837750345177,428999993f5ef3a2514f88fbcbceebdb0c718457bef4a5db79831f0499915aed,33.70804409819568,34.23317994309388,58.162343037644575
26797,41472.002058600694,7785.633442753824,True,0.744206580763232,2.492403454009111,83.58387484268303,100000,0.05589,43392.72390554487,43438.98480133833,259582a6889c34ac79a925b4a1f93f610ac9298c3c7a3cb654f93745a9a1a4d2,33.6906683020678,83.27778155102281,59.97387894595836
26798,36507.69442446586,7831.165966438366,True,0.6795905025960172,2.957627585303321,95.31235954126637,100000,0.03422,39395.169182521655,39437.168293254705,8e3cb2f2053c01fa90c8cc0f4dfd5e706ee6493d567bb4e89a6d0b978372b6f6,32.49602297348108,94.66081020846474,53.310697194590155
26799,11804.17970742814,2532.8849319587307,True,0.9898267942371896,1.1307466463040479,29.684547360454545,100000,0.34663,12055.153423701575,12068.005398551599,51dd56528a56c0ff9c991bcb275476627d98d1e5c5fa0173698b39c4b2e0c81a,26.30010311794178,29.786008215690472,28.351061834496626
26800,10107.559245626064,2276.1779758961757,True,0.9932123354575174,1.051647114815808,27.433440785264352,100000,0.37614,10325.371030789549,10336.378888105077,35e79445832455af56d8402a37d483ba5fac09e0d4e784270d8f01f047d11356,26.02694113562922,27.292790820300837,27.35306937671377
26801,26899.564060103086,4547.215954820549,True,0.9547771987117507,1.33173146309527,43.1380829815204,100000,0.25982,27731.31120963758,27760.87550481475,6d5aa8ef9ae66cb933ee5f85b7fda97aeb95348c5698d16879b1b2e0a5720b47,32.51153861424645,38.46198218957825,43.01170187903547
26802,25383.601345978168,4634.610927821856,True,0.9012383604585539,1.6644096023145223,53.358311452404635,100000,0.12943,26143.063985672463,26170.93505367445,f95b69054587e1759105031dc9d67d27ad5db581ecb58704465d6f1298f59507,32.098359233087166,53.33225758939077,34.0263450961135
26803,8871.418774838154,2376.2878639337514,True,0.8721284651454022,1.3552029620078156,34.016111532153076,100000,0.17307,9057.140310195096,9066.796109286866,5ee6a15dd458890a1225b36438afc01781445a54d7ac338e2f052179ef6d69a4,32.30534029786999,24.93075361804774,34.08254924998931
26804,17760.412637382728,3927.6387997819256,True,0.8381491019939036,1.3875392452764639,44.453738136842944,100000,0.15716,18356.174703437096,18375.744184416693,f2893df128a4000172161062b69184fd0feb63bf1b14789ef12e1b499b576903,32.0488009565667,43.91108996622718,44.39947331978138
26805,15507.393324406787,3344.895558427419,True,0.8990712236676777,1.7188557832134361,40.32073569238537,100000,0.18053,15734.39420747733,15751.16861353652,2e35ffdc6fb585a4c9a4e0a564a07d0061a2c2619bf37a81c9cba084c7975b11,32.56371915781514,40.20260853703658,23.458084266346276
26806,15502.30883566784,3348.841405233572,True,0.8978155717788533,1.409084916552634,41.034407277516934,100000,0.17368,15955.470155495499,15972.480250178793,52dfa9eda2c1e469d23d1283cc0770439387b509ba5ec4748be0fdf3a9a5b336,29.092753597145794,40.87411662408914,32.75940229430673
26807,50862.93195066104,10330.870420141098,True,0.6426109737594282,2.961557072905431,95.44908059274465,100000,0.04672,54017.36360933417,54074.9514121743,dc7688f22f77483b3337c500be73d1eed908d143c1f7cb9ec922afefc05e49fa,32.29795549354104,88.50478713165141,94.91311163433814
26808,26313.649361433985,6062.339201921478,True,0.7057181400313579,3.955493922730862,91.01512737442854,100000,0.028,28068.168601530422,28098.092019696447,b06bf64b6857696f85d8e73a3b1a4532b7da02c5d41ea4f48084414c93620d17,22.97598674442361,90.03742581083606,44.963161680213915
26809,15549.693226378127,3301.2157047433393,True,0.9126230614536378,1.0273915947142982,33.12375123596047,100000,0.32709,15805.240605002105,15822.09054026337,c84db7ccb712927247fa5163646b4373574d568bf6ee65a926dbdc93eff3f94a,32.62236632955677,32.290805343064,33.164185502605925
26810,21121.600379439715,4787.51040802854,True,0.7718370247673323,1.6554292248298248,53.4913473942035,100000,0.10718,21811.20535875473,21834.458240975906,6a66edfbd422727110b04e47f30ba4d58cdb5f1bdfd67738dbdc6131eb1b3157,32.28286395470485,37.28461836192651,53.54358503814315
26811,19225.775803636687,4573.08282227726,True,0.7589228692920846,1.5811043813818464,50.891665138381285,100000,0.1126,19733.025398110643,19754.06273685017,0a2633b344a3a3b035abc6e31057a343a035f2136bc5dc9ae413641acd778d3d,32.32912907472365,41.436450985474025,50.792267354907885
26812,8215.182355860406,1985.972076224508,True,0.9914156999944195,1.1571532346825848,27.104693865905475,100000,0.31608,8368.465649735857,8377.387254155448,ac691294d793349c081ebac8fb01ae0ae7ff401359f083e8023de30cdc1746a0,23.41882607212878,25.840778697842012,27.01205086929349
26813,39381.06019837802,6264.314741278175,True,0.8935842187975959,2.1102754061549627,59.35270174523018,100000,0.1439,40003.461666134026,40046.10927626203,073ddce0931e4c1c472540c720b096a1622273951ecc2e346516ffc6115f7d67,28.154858274165584,59.41066336802825,51.73074834728314
26814,36637.61690848157,7032.705448692446,True,0.758542364540064,1.6555532916225997,52.114354845371324,100000,0.19988,37614.625274374164,37654.72615082331,a7de2fecf0c72432caa0a70eefbb0686b0f3287c88b00ae55a7ca96058de9456,31.617229441100527,46.083543273909896,52.1016316142079
26815,17445.565926963933,3326.0168437972757,True,0.9780244720030338,1.16537265644015,35.22392600790758,100000,0.30606,17784.233671619615,17803.193407414037,9695d1c1c6ff019156a73101009b637aab38cfc5da92d5d908eef2691db8f23f,31.5175021530716,30.09856958683509,35.13793009480234
26816,24514.74341727333,6059.4584909812775,True,0.6734962952233114,2.974619483959796,94.01625649556951,100000,0.02339,25843.681927320136,25871.233824711082,32e8fa045dedaceab7072710ed6ee0b7a1f09c1cb653a0db4124ba9978e06488,31.239288352165552,37.643227698421384,92.54725248782623
26817,46719.97793404223,7859.964044548195,True,0.7981147144984193,2.599525003310627,82.0423041363742,100000,0.06709,49259.11900359107,49311.63405141485,c4f73b8cb4bd8ef0d780432a1370ba41b3875cdb2de9d5cfa9b5b59827ef0ba8,31.937610826525557,59.44862272381802,82.04230413637418
26818,17534.56690331311,3538.965836605487,True,0.9222976808520871,1.773850031894074,43.17682055109351,100000,0.17095,18295.167194143276,18314.671635139755,c923e2ec2812a5e8393a36b7bbf6123b2cc6ada3f1028c49a41434b58f68cb64,24.255337912125533,35.98771126988117,43.12411447131923
26819,24785.400420550824,4605.164738120336,True,0.8926946121158335,1.3975277923392078,44.19901556137985,100000,0.22336,25642.389458415706,25669.726758309884,322bdd4a5dce6aae5c20b497c1b130b66904d6ae63d8418c8f9e8ab31fcf480c,31.82199631115947,38.339624582417635,44.13427090967862
26820,18172.167771560536,3505.025146540344,True,0.9536685882635122,1.0609490398213832,32.355289147648065,100000,0.40947,18440.523506466863,18460.18291153594,4cfad157111d28ec147ecc870f5d51266b74b6d841157629efff3052d1ea8291,31.707551425453936,32.36318838816263,30.49896762672587
26821,9861.393971998017,2697.9794851749175,True,0.824272899212859,1.6262518496772131,39.417952995153996,100000,0.12554,10223.029824058587,10233.92857561919,3d604f3a6c9871bef5b974fc9d1ee74e35ccb9c3b217fea88ddc1600537a0c39,31.52666357717883,39.32171775834942,24.222409103711577
26822,18498.604195704294,4394.461168856465,True,0.769728912868348,1.513810123362279,47.91252030894563,100000,0.13119,19185.056509063692,19205.509659271305,e30dc48a47b01dc15c528360912def9596d7001dc4045d13170cba1eb2c6b032,31.73502626908435,47.53820374403199,47.85403334567788
26823,20415.096195823997,4988.091772794294,True,0.7241868642745942,3.653082579322598,79.04463566567259,100000,0.03286,21577.447412287376,21600.45108563135,5883b62420f9896ce6a65da3df6da18dceba300d8fedf962002a1f114de6bffd,31.368909979138373,21.729555605358236,78.60078151032336
26824,26502.191295280772,4399.977425990111,True,0.9769856820727321,1.2799670044822826,39.85686016054164,100000,0.32114,27034.538073331583,27063.359540067722,0d4a061167a3006e0aca7c5c8311108bf008a06c902d3e3def40f1beab029a64,31.157633357923423,38.65998667427539,39.85686016054164
26825,38400.254906042486,6354.528744430565,True,0.8662106401801634,1.935425923433936,61.043874407695256,100000,0.13182,39867.855858165996,39910.35889921449,1cb572b245147bbd3d5640eb57dd0a950ee116ae3154bb6f3d2f0327b6236881,31.66949050692198,61.014067828394616,46.97516897779674
26826,38366.58797315429,7868.503735539572,True,0.6991345336514068,2.8477232340285075,89.96635199807318,100000,0.04113,39821.200039670795,39863.65334104493,61fdc3ef813e316e10973a42a555ed3bb937b8f9bcafeed62fe902507c591099,31.716653389945726,89.79063646682694,41.205292077242504
26827,17019.18212610879,3491.9547480538085,True,0.9163076406023054,1.5361436444856493,45.31314251000569,100000,0.14191,17555.000556474184,17573.71590730501,9b25edd8cef9ca89bf297a08bbca4ae86e5005cfb7e70e81edc22687fc20c7ee,29.559745309261526,45.1693263838753,29.78100088792366
26828,24860.928706763894,5345.976873207375,True,0.7705519921609713,1.8043934748299293,57.045593138034945,100000,0.10317,25464.492927123258,25491.640571882763,69593bdc4eb7504b7e5ce7d8fd71ca2c922b4d5f9ff192dc95740e91063ebed0,31.614623150229328,43.81480371393016,57.1848646056571
26829,15739.072924424914,3059.393288291124,True,0.9927386107584728,1.103024629118243,32.40044682370795,100000,0.35177,15908.421847707372,15925.381784284235,d643aebe9eb91197d2d12220f70ebacf911bcf3509c45fca67c832182aaedc0b,29.29962281128278,32.31343390499194,32.30552363965411
26830,20127.699477110025,4693.004906478851,True,0.7624813214084164,1.8226416744833651,57.4246901499112,100000,0.08042,20247.683891482393,20269.26990660791,235dfdcb2935f901c7322f4b29a92fe1b40a8f41fdc5582773c9001c8aa1fb8e,31.72658051983619,57.22841435350036,33.89963398009895
26831,51207.10888583894,12642.020729518765,True,0.5274983806721198,2.7106714310274462,86.00796878842218,100000,0.06375,53927.65856660266,53985.150735076946,1f3d61c7e6a90090bb9cd5e51665e0c535b099f2bf04ba638852849f7c708503,31.74903535353866,69.06255110964857,85.39902565002757
26832,5278.9974262041405,1477.6335338766962,True,0.9922437059922862,1.0428899018047053,22.425492952544403,100000,0.35843,5374.593827757342,5380.323671441259,8a3fdcfe782344c9a826b2b811167a9a91a10bef8818682f7c2a2e3c58787231,21.472847499970495,22.348843318429257,21.91084540919988
26833,36456.89097019318,5920.229914390388,True,0.8981150438028049,1.7862120942412705,56.307091736766594,100000,0.1585,37621.305153666195,37661.41315152123,fe8a76c96cafc399e44178e817dae05fe1f74fe4ddcc69405503c10fc7a695c7,31.61775170765702,56.30709173676659,42.40902783396605
26834,20509.747856508253,3814.550177545411,True,0.9499068217549674,1.1791303802695872,37.20836483743652,100000,0.30552,20925.54132727389,20947.850004850112,d5293b7ea1c1e7eba9ce8399432a06d64db45be2bebcb39d3ead2952d59eb4a6,31.61257559430642,37.17202854364996,35.427886441895126
26835,16943.212661580157,3656.8146621562646,True,0.8723920169660906,1.3411576403286773,42.06762838117726,100000,0.17531,17352.660806917538,17371.1604437478,69eff332d227a552ca2fdc6d94f51a8fd4252571dc788c2cff2aaa78f2e0f349,31.36585377834847,37.32269568779252,41.92384254198378
26836,8813.752390752177,2083.5213151659486,True,0.9903607202664714,1.1504668035418308,27.277408617760415,100000,0.33387,9009.527750581605,9019.132790019215,225d5a601e33898f9a8425fbc07662b50004d71ce7ab57b95af8bd3810bd99ef,23.721223021597318,27.244110999818815,26.511563405103566
26837,29222.721360657422,6550.282904941022,True,0.7004403748033242,2.664666081209359,84.19373713266523,100000,0.03955,31383.483723221165,31416.94159217901,b3a766bc28a99b6a433ed9e2084cf6b1baa2d2f22c8f335df5c0fedfa9efd65e,31.572651424749466,83.5770837845256,47.31786691391489
26838,34659.19359705367,5295.8407790588735,True,0.9707219298285561,1.3722476921654632,43.18451668723782,100000,0.32721,35036.93115043901,35074.28395236041,7e985d0a4f2f11fc7eefaf4f1558cd33dc5de51f13cf06caa12c4de5c7ea4e97,31.660913967718542,42.66790503741491,43.31103382596996
26839,24833.19862202053,4182.87396227697,True,0.9840816203096237,1.1833169784268656,37.300656805560564,100000,0.36529,25205.91818790331,25232.79016665272,ebb53932e853649c18e2864b7cc71269c74ea86e56df0a0f3f3a8225a1fc101f,31.718307532658066,37.26423038289888,37.018352029932544
26840,17487.210966853658,4265.744998971833,True,0.763782318862108,1.6710681432620764,52.88864366002353,100000,0.09351,18393.342056838545,18412.95116185894,f51ae4281a6a67bbcbb80cd5c9be2c84d87f701936727b412ee45d70c88d8917,31.57049163788026,52.74660872831937,33.19743721921887
26841,12862.119439016262,2726.3221111034036,True,0.973752645980284,1.1466876534295776,31.55458987742946,100000,0.31291,13071.407801066804,13085.343202667193,a729e59ef1fb0ca869620785fd4ef2cf8d3c90a1a34d30321985960e716a1953,28.24197424088291,27.487006026042067,31.69325750872676
26842,26397.405346258864,4980.670652545168,True,0.8608030433777195,2.1026183549432633,59.09749496274614,100000,0.0987,27085.675507119635,27114.55149137122,9171d213545fc34f342e8cf58ddd6389ad34aba3b83b18659ac78b6f0c5ac485,31.655249987369395,58.40494619365146,28.26464663867668
26843,21090.224154658248,4151.6703252072375,True,0.8891643906319827,1.4624212748418899,46.198810037674065,100000,0.16669,21853.309492906734,21876.607262260735,1c07abaf5916af2ef65c1c7e22de6b80d9ad92e90c9c0e6454141cdc07f62569,31.55865978647754,45.90555587239586,36.137936367360275
26844,9881.880717603499,3324.080767577657,True,0.6699447092918532,3.178040675446453,70.9015753941683,100000,0.02245,10638.963090200945,10650.305267381105,4904960af1ee1658de440143b49f0ba949e4f0c5d8560003c4baa2c4f9e5e5a5,24.00025251074569,70.76309575472656,22.200017198003138
26845,36989.98087811339,8447.63983741447,True,0.6355330486927079,4.3225634571911264,128.20885017408568,100000,0.0144,40348.91023672906,40391.92612888425,e27dfc0e926333da06e9d90b462356502a61440d65ca60730cb2e9c00a56402f,30.97232842950629,126.95681062160436,29.422929483310682
26846,13896.060908725936,3561.3387461044454,True,0.7848716561366387,1.4062127469839796,44.35575696447893,100000,0.12448,14443.247948961074,14458.645866587547,558b15e441d3251e5b89bee9cd620f5c0e0f188c92ab2fde126fe05473d8551a,31.63163234698314,42.09248713889883,44.43156026007252
26847,17363.666899139123,4545.109575601535,True,0.7134563327685933,2.1454223278823026,68.02858924843837,100000,0.04273,17886.385588771318,17905.454228519426,e986faf4df5cee29809de0aee15d37371b7be4b3bf04d7c216a4528a467ab749,31.7804456852751,43.71368332565669,67.19816213358928
26848,11089.685190341168,2465.98257753245,True,0.9752297301218821,1.3030046604044236,32.45676224284736,100000,0.24795,11271.844704756575,11283.861595754752,82e2e9b8020a98c693d7afc3e902a5f76072b95f8541a49f0a1fa7c5a99c7aed,24.960644791252243,28.637387389074796,32.40921815753069
26849,9544.577081624193,3248.355760513403,True,0.6698717511344325,1.9457252381294983,53.1029095008699,100000,0.05178,10309.374062316343,10320.364865295913,0b215c4d8a56246ebd79f5f0798174aacdd22add29298201bd2067c9bf3e7a6e,27.25154193623743,52.97326372572129,37.40280613037345
26850,21305.168053641424,4010.9019106386772,True,0.9266137196330108,1.4473237297278654,45.291124811491684,100000,0.17615,21758.916665976503,21782.11380332733,b19358d4e429a49c9df16ffabd23028ed746d1a61954acd8d56946c36119fa30,31.192935325492684,36.35674276859977,45.01468972353092
26851,8448.367219407877,2159.229259992041,True,0.9290388802238513,1.4064845876582235,31.292225293978717,100000,0.21237,8652.02595848797,8661.249865983134,79d6fb034826c4567356cd7ff3974a82ed9fc64aa1d5ca2bef09282ded77175f,31.322784107742372,22.20861790273343,22.445448709401724
26852,15513.157375552886,4044.3613481496614,True,0.7437625474988075,1.9213735731526773,60.85691539355926,100000,0.05441,16305.113829197317,16322.496678298821,52fbf2e5b511cb0f9dca68247e0306cd1ad608d23ce29d4703707f675a5a886b,31.825076360596668,41.378542326919565,60.24775193380928
26853,12794.35888262975,2660.94377563749,True,0.9941702858123882,1.0994309380194043,30.21890899100376,100000,0.35307,12954.25558573228,12968.06609159123,bedae9e5a9770b1ef5735bbe1f050dbfa1cf7002d0233cb14f6af43c1844adf0,27.503928886343264,29.436876678248293,30.21153132767588
26854,45512.7760459973,7433.756139880006,True,0.8292739663229658,2.500977067379386,77.69128458258415,100000,0.07569,47192.25326130013,47242.56482770773,e896d352b20559e4501c10eca136c0f541d04bf8f529a2f1b2a06aff172097d2,31.11634579046125,52.35057261912408,77.19812701443297
26855,11539.419541640842,2487.025415263585,True,0.9929480867713307,1.096275035873686,29.29338012322893,100000,0.34976,11689.44531384756,11701.907408016257,ea2e5a680790fe8ec75adbf61a481622d95e4ed17e7ee3be2ef032c941cbe871,26.6043393697294,29.300531827360576,28.313596657193195
26856,15035.6755367203,2970.142302324736,True,0.991871695888901,1.137257015774202,32.1737138394046,100000,0.34309,15192.41957176787,15208.616179756567,fb42b19392bc62bdcf26efaaee2ce1dc19dcf6e140f8bfcdc3362b2215dd966a,28.364082195822753,31.168285281923204,32.22084330303654
26857,17072.624515245327,4200.629497367529,True,0.7633140786900288,1.5448219255737325,48.72020457392961,100000,0.11522,17716.196235459072,17735.083436679462,1769e170e733335443e4aad68dc2cbf94c0f86f28a59fd25ad37727dbf9a0a4b,31.63958597818671,48.79157206109845,32.07968548239457
26858,19660.873619025937,4404.136136533886,True,0.7998807844201808,1.734361151457363,53.155456247226056,100000,0.10208,20384.47419162279,20406.206038612527,d4fff0cb4129cae0e9670d98ccd7e32f5ad9867b65c4c687bbb9f695dffc3f17,30.730498142927566,52.88293071470854,50.15767538953338
26859,36738.45845302543,6232.167141359522,True,0.8575490796203883,2.119721762958301,64.28885482553312,100000,0.10768,38041.48114011411,38082.0370867443,951d2a0f8d3599e10b55531e495b634605467cf291f7c7e3933b1ccc29bf2bb3,30.44931112342145,38.20289859505557,64.41441899511425
26860,36153.31011271183,8168.494508890795,True,0.6473027926261284,2.6587877034101046,80.46970471556105,100000,0.05553,38471.59552970814,38512.61002042511,5f10e6ee8f1606ac1b505af2a26dbe0235090fb5b1c91b18ffe8e0d0ac3d93e8,30.392244432366446,80.66616395558927,70.74497233416389
26861,19003.161592542343,4555.39282101635,True,0.7559774927158854,1.917149761492268,58.3359044051911,100000,0.07627,20131.533305452198,20152.995492671274,7c9970911e6777f85d62afb44112a2b5fdd52d2be657aba64783f34cd4075414,30.60641078289934,38.767170847395064,57.96560813699409
26862,29221.445054615444,5672.825345396476,True,0.8087590825790965,1.8417455500709552,56.27273292246011,100000,0.12717,30129.643657091063,30161.764809672983,033af2486ea4937cab65788e5f19442e2d817b9ee5faddab86ba91f1fecf3495,30.732935436411932,56.43759444469387,51.532964158239224
26863,22973.537962017537,4115.499121715504,True,0.9496134694357697,1.5055852685319664,45.63454269096539,100000,0.18601,23503.50882614399,23528.56586969244,82f0b775ca7446e9ce5e223a4d3a30ef7862b617d2226e9bf8ef87facc60b905,30.248482276848396,45.23345784309558,33.13406493235622
26864,31839.983961363596,6153.1858312688455,True,0.7895251824446993,2.1333958511164446,65.10863010321336,100000,0.08951,32847.51595006432,32882.53462083844,708feadcc293d97ee5ea83f105090b43cd325d29987df14feb51de0476fdfdbe,30.49582686841182,58.71857412140385,64.69534290040977
26865,30910.33084726425,6644.9026427528515,True,0.7167999030008277,3.3421074021520014,67.00209643674852,100000,0.08097,32382.07063092576,32416.59309138006,893e1c1a86455c9096271bdc9520661717135992858b62283caa74e8e77b95d8,20.21840605366728,66.65857982904058,49.22102250443758
26866,17050.713941764316,3393.128737383643,True,0.9441597870854752,1.5583267552650033,42.24688928670372,100000,0.17142,17185.453702576684,17203.775080248863,20163e0f901cfbe47c874baa696023eed0b01266c4faf221e02464780481370a,27.136612722977905,30.375265856773062,42.20563255888467
26867,19635.3013780512,3564.8058541705504,True,0.98735490913392,1.2038382172431275,36.18342137110298,100000,0.31833,20050.34086102561,20071.716489142764,a4f9b73a779fe927b80cb67794c3db1179adc568a0ac1f5a12a1cb512c0891b8,29.955561979836475,35.865403019208514,36.095082940021186
26868,22854.558185547416,3974.986159447684,True,0.9797841067473907,1.2518049286153359,37.9314122365827,100000,0.31708,23008.122884011776,23032.651797602393,d3bd0b75c9bc9532d4dd618711c2ec3dde6dd0c280d4532218bba9713985e579,30.374763705075992,37.8665880457487,35.49587478096228
26869,23967.382710427348,5599.536957975245,True,0.717925009992604,1.7261596974098838,52.768363892268496,100000,0.12782,24970.94634503451,24997.56782077422,fd7d271b9244f9a19c2504b6e6a6593ad40f72f14ea824376d7d246d365e4455,30.609773585944808,52.57512037215521,48.37529453502642
26870,9702.008217086019,2212.2356830165154,True,0.9943985676806975,1.1197924220415552,27.482514106955207,100000,0.35822,9886.316501217882,9896.856283381354,a83f26f5ee5e226a51b67819bc9dd4a3fd585ba61679330de386e5ae28cbf199,24.557129304554707,27.44225651793135,27.294645358177192
26871,13435.207866860626,2761.3601997061605,True,0.9897465356682452,1.154508168264206,31.47141493061727,100000,0.32904,13636.81047888821,13651.348655147716,a32e03e5068029d0de975ce8dbc5b1bc2992869ee91f0735575681a8514cf86d,27.27625073332308,29.658120515669594,31.517515636082045
26872,25273.663661870305,4264.554328180824,True,0.976613239380331,1.2812974572580078,38.913106739228596,100000,0.32835,25724.09105891094,25751.51546071729,1f24c466e1d336b7ff152ffecbe138775bf44d5cd892b0eed403d15f161237fe,30.419865180422356,37.33606188602744,38.82760430742853
26873,20251.295892796097,5152.846109656171,True,0.6972772539757021,4.614381230866066,94.05451186459038,100000,0.01944,21505.545525279216,21528.472544165892,089b8600f8cfc66beedbb3a8def54d53d06df2d5b2145360877684c7844f08e4,29.908691822175037,93.31971099064826,20.591646365862168
26874,11902.663893367833,2542.212007243438,True,0.991672961959874,1.1909977832796728,31.05396683480592,100000,0.3055,12164.038071606048,12177.006128160485,87f04f54c23e7cd70b1d862c89c3354b4544a1b8e91641b72da1cdb32ac39432,25.97433847071413,28.514152652760025,31.00089609070347
26875,19043.16502434963,3544.7050218551153,True,0.9728893394395787,1.1354832655043814,34.48874533215195,100000,0.35581,19407.32316411152,19428.013272353608,86ff20b4d8796c9014586859b6e0ae3879d57a67aa9c36001b4d6621818ff244,30.44709548854039,34.57294637056052,32.98996684847933
26876,52264.24350215283,9728.188320922993,True,0.6948993962415222,3.3483343141434094,102.21102010722927,100000,0.03934,55852.52677622391,55912.07104283001,00b98f22fa7195a068e9ab37bde272ecaaacf2b41df69ce8d19d63df71dc5ec1,30.60591214880779,46.83839959503646,101.76185058527368
26877,16074.96504698153,3895.1131074125797,True,0.7907952936432624,1.8635656747634572,57.154004738771306,100000,0.06741,16733.224132574567,16751.063389210554,d05903af951581f31804ee8cc9206e8f1abaf83a6e87c1eb3649a12ce58b32da,30.753766221741202,56.735396305626,39.73989391992693
26878,17442.749246332267,5557.420453410954,True,0.585267166742523,2.360393674171912,72.27978214222185,100000,0.03771,18933.126591225486,18953.311159453748,edf4ed472fa7d72b3fd57e93e494aa0167564d04a54be04c952f86779ffb6372,30.73125991227523,71.76803563779694,54.121604450731056
26879,28140.813747391774,5767.984724748252,True,0.7756833285346808,2.1947231993489753,66.4663065528257,100000,0.07675,29963.899002561942,29995.843455100603,9a222a131624d9dbc76abacacaebf331f9affc7121ca3d043eca713d949eb23f,30.141885845184017,66.20667254285372,49.849729914619274
26880,16951.968266914166,3541.5726619066772,True,0.9010897613968872,1.1808280673550002,35.989222605983315,100000,0.27982,17342.4899257809,17360.9787194552,2af994b174437c5231f2c1630e17d4cf6da1e9d7199c4004e9b722bf64077928,30.611926650206506,34.15285846422294,35.98043617468302
26881,25409.247766988254,4563.816675843163,True,0.915834793877313,1.2932136191902655,38.25365482326342,100000,0.3493,25997.56612538356,26025.282078408953,0998e24edff5175341b8ebafc64572f32e4ac3efbe7248378eb8193dca5b4752,35.19971314181636,38.19761919608089,37.98281595854793
26882,45053.05393556237,8006.968163337655,True,0.7647136567771987,3.3809584516547955,99.1755950622861,100000,0.03636,47157.80920928166,47208.08405495457,73d665358a577464ff4846227298a9b4f5ac91fbd013c072ad3c761451ec9a93,29.600137930577333,44.93894151259839,98.95767993641681
26883,12566.275105183202,2634.7181822785296,True,0.9920974455758448,1.1179228842461792,30.292226758242236,100000,0.3462,12794.87250329318,12808.513091168099,ad1635eede2933cd777e1e214348a600375410e94e2897e40d8859f9696c6579,27.20827691493486,29.93723972591909,30.343995700456034
26884,28875.385529827876,5528.78915960739,True,0.8232643137339175,2.0097438855100433,58.48351681601676,100000,0.11083,29476.30732832741,29507.731960361587,b7ed6bb1246d42800bea5ffc6a4924d3b22b3fc49bdb991ff574ab2f74ca6198,29.24175840800838,38.194191279991415,58.3978476019308
26885,15888.592011956214,3393.730365790904,True,0.9005967990325435,1.5396415876334035,44.94114048966475,100000,0.13549,16351.395112041298,16368.827301525474,da59ebd8388d9d269d4437d522c2a38ceb5f486e68f94d447299621fe6649ac7,29.30610015817738,45.13863573595721,29.85469806454536
26886,36989.34340596066,6506.906909744027,True,0.8250759834569942,2.4645136569069517,72.90428673348353,100000,0.07397,38109.22495311051,38149.85312128366,99001e79ba6c0b7ae4b46f4970961aaf998a4b22b5130e3f7a4a3abf4a9924f4,29.83985271208133,43.23352355362098,72.12113521583868
26887,14813.746182306146,3296.252250297124,True,0.8849259919470271,1.6215725506554088,44.255785254751004,100000,0.13265,15287.367615292645,15303.665447199824,b57d8b07a5602627ebf39a7362528e26e03e70808b975c649242525c291eeeb5,27.357336002204477,44.07210645852767,33.8401170453809
26888,31306.005610663226,6354.928942775585,True,0.7558898808194471,2.4069030930010578,71.17620730670333,100000,0.0681,32648.77876141917,32683.585558875668,a34da637fd8fbafc4b0218d54e0224ea06f65a99a0d1dc0defe47e764b2c3aff,29.784184405197635,42.452020129461964,70.74178221327864
26889,15107.801151486885,3254.3946048893795,True,0.9081301333348416,1.4224414066299575,40.34344131752994,100000,0.17619,15382.09113911101,15398.489955576664,1bb1cb37543d981badd72b58e38c7951f8173f2909fd2559fe87bcf85b79423e,29.05594528484212,28.38618112234406,40.2350971147729
26890,26523.44457620788,4619.02884283425,True,0.9311508989978767,1.545797244207576,45.06794962186487,100000,0.22379,27237.006750272445,27266.044068458392,a6f6c0fa90691a7b093811e8cf4520d001428d80f7fd8005a918309c18968140,29.223748582928003,44.96892336537151,43.37350034408967
26891,15453.229676824523,4467.669525680315,True,0.6715565510145423,2.6493402725128994,74.4047525752862,100000,0.03082,16879.12644137264,16897.12124416697,ce310232aa1fa1e7d45e4757e8807d896572a804eda82fa1eeb819094f18f330,29.536652267435393,27.52939514839996,73.91429155977528
26892,13061.679116572292,2987.0857809324343,True,0.8979161237221489,1.3687128584363515,37.36769448311098,100000,0.19199,13319.343544940572,13333.543270339478,d158c17571b2f76b2d2749bec05af5cf45d9858e5dc82a9e1e63a74209a035cf,29.540184261795254,37.395063399968734,27.387162802319132
26893,24905.868289382663,4229.440101082254,True,0.975144638251785,1.3972624735904158,41.258094600639666,100000,0.27345,25534.11037217731,25561.33223595515,ba7d78a08d062db70e81846311698bf30a51bb629860e0bac38f520758edaa75,29.70461937922031,41.09693016860591,37.58153099486978
26894,15869.429853528893,4565.66594377567,True,0.6688892375563938,2.0541477202288396,60.43627858809927,100000,0.05677,16662.008022454196,16679.77135573823,2c68ac85f04958cb2eb6d9b850b3ddff95754048463d47e9fda7db775e8afdc8,29.44350437562307,60.43627858809928,35.677471100103524
26895,13801.564672015711,3211.8675529131524,True,0.8663207425485219,2.2793255301189244,51.07653528052833,100000,0.08088,14329.160042560317,14344.43633129895,c80c15e52e911472442b8bfb417b794dcaf753d6be5ed4e6dcaeb7a044edc3af,29.653320531517668,22.433273185954704,50.91442713632745
26896,28861.35364319033,6173.994731260531,True,0.7369912542319594,2.5833790658374505,76.11932921781407,100000,0.0514,30141.390126956096,30173.523802425938,fc556173d83c98117d3ca128e54bd58ef1447d83b091847e51dbe249282bfb65,29.2973931913779,75.71048516439808,41.92509929574916
26897,11778.501199844939,2758.8433828222173,True,0.90743828477257,1.3549912498757037,32.31164039553036,100000,0.26918,12073.553499338486,12086.425090472181,a2308b6bb2b3cd587b9e4852ed677dc171062613c22ba75e37f0c3eba95f3cf2,29.440195790068188,23.681529410981966,32.26430889104472
26898,31026.22232718402,8154.700728285814,True,0.5855473645105026,4.1791127096829435,122.9718019457631,100000,0.01357,33551.48601659558,33587.25518844357,bedd144ca1dcf32deabeb6d74fd7a07839bccf45cecd91175b104158e47c1e98,29.71468285542457,122.85171229542544,64.24796293064773
26899,6667.20283319389,2127.789759202062,True,0.805102524776246,1.177537509828527,33.307718606295964,100000,0.13915,6836.48984684452,6843.778214937898,a6d4c5d3e9b8ab30db186385ecc769609eb16647398ca5697385cdfb9b802d32,29.233703220125484,28.27415468605739,33.19387386496585
26900,16709.045197865777,4104.91524211853,True,0.7699827919485672,1.6885350299371227,50.12384722340623,100000,0.1022,17111.94557198659,17130.188582788407,3eae1de6c31a122d66fdf443625103bd50621dd9b7ba4b9fd2fc4b9fcf1d0337,29.932356032336827,33.18746915768498,50.246219897291496
26901,15485.369502006763,3689.0481198568546,True,0.8144245428557622,1.7114882291728597,50.38321854112834,100000,0.09197,15639.368401806601,15656.041501045223,45f05a42ebdc817743d9f5722d550734ff2e9c4f75b54d4d7fa2333f5d08c3cc,29.312307076051965,50.26021263648691,29.164699990482255
26902,21150.650577827317,4043.028307018738,True,0.9148007165496477,1.3789561798554202,40.425323526753346,100000,0.24705,21700.046910711684,21723.181287134674,880f333b63ee7017a10ff4092899764e6d979a14bd320cda1a6dd00c9c7c8435,29.35178519740343,40.30688996173356,40.504279236766536
26903,5411.886752446779,1501.8044155990467,True,0.9925899667839353,1.1456870895235658,23.16393674914049,100000,0.33184,5483.794195128006,5489.640457104228,b0061d8c56e366742da583d20794921eaa49420e42b674907b196cc26751fb92,20.16665001158081,21.750122250291582,23.07345262121416
26904,13715.717150372717,3391.215732955045,True,0.8170984494034544,1.5103579312155277,44.20750091784308,100000,0.12459,14311.540414253677,14326.79791874197,2e937d37b6dc5252878ff18088761de1d207f6d95d9c3634ea37ec52cf737f1f,29.399714965870253,43.84054412311489,44.0564010611903
26905,20998.540978858044,4655.6159015686535,True,0.7906174489799401,1.9715878334039758,58.30503895232444,100000,0.08445,22255.28832149874,22279.014639674468,467a177d17a249fcd05e5794f91ce035384f89fd5c55f7c29c3bece3ae973424,29.764608508132426,57.82106157820847,39.714613934810835
26906,25399.89570416907,5226.993252518398,True,0.7994417171592719,2.2254059956444805,65.91710845370727,100000,0.06894,26253.126137856656,26281.11454289801,f06a0e5d1ead9ff4839781a290e32fb18f1627750677877d8d82c2ca641178f2,29.739945415637457,44.98005813674605,65.3860379998566
26907,8666.128408623887,2167.0543594570418,True,0.9415232858900902,1.1120593429475822,28.38475351118052,100000,0.29046,8831.958431630072,8841.374164773424,63de80f24df4890497e265535286d4fde50282349b4aa1938655d58768aed9f8,26.617636288194426,28.38475351118052,25.488067239775866
26908,38943.45157729599,7251.203184489777,True,0.7662379838923825,2.4408124864858216,72.09407585438323,100000,0.08271,41207.10078855183,41251.031595930486,c871e36cbe69099835d30410f51d7b4f69539870bf5f4e62aed759f148e0f884,29.88665546893133,45.463622541960916,71.8652616487907
26909,34107.47222122967,9567.689084655052,True,0.5315899478445784,6.176794320814041,179.13510145724558,100000,0.00552,42188.73090961074,42233.708230889686,c651a95895bcffca28e6aabda7a647ed9d573ddf7ecce49ca2a47852f3293c6e,27.071442334481205,177.0795961426727,36.507086411483336
26910,47975.09352239725,9355.893882382097,True,0.6824582014079755,3.1065285124104207,90.51606075672592,100000,0.05275,52013.33506948711,52068.78638152639,e99ff8b8270206d0c2f148e7b0ecdd432c4633bda74c550d151ec56edfac7631,29.424349340229632,89.9856932132295,70.7598697614835
26911,22503.333927049865,3922.4503473322666,True,0.9827081991391965,1.2352360030073573,36.458782735430475,100000,0.3551,22880.86652656447,22905.259772408015,1e5c48c2a6f548c779ebead4854362ed56f69a9b8685a21bbb60db5fc5c21004,29.720672742578703,36.41427738541164,36.40537631540788
26912,30433.858657020523,5804.006833322968,True,0.8121960797611304,2.0689364139030615,59.02286422603258,100000,0.11553,31584.27537740479,31617.947309941846,2f306337d7ba12aa026be050e5291d9f8bd9a3bed2e0a1af5cc2c09f1a99b5fd,28.805348043906037,58.360009793806626,47.82638827299857
26913,14417.563137286432,3292.265162731367,True,0.8701294996252918,1.4228464147978557,40.21320705048825,100000,0.17167,14842.800107222654,14858.62398660248,bc5a92e5a6a3a33a7280f8211d08b5b55709db61cddc68867c56004c94eeafaf,28.216005142359187,40.24266008299593,36.148688564428156
26914,12000.128838728104,2947.9020215438186,True,0.8598611993161306,1.7051686650304079,44.173963106801565,100000,0.1068,12240.11918603664,12253.168352514349,bbf86b987b7f8f1860a77199ae2d9032ee8b86d007c9643494c945af4076d720,28.600915566220152,25.58121105696614,43.88277731483778
26915,15418.74178432438,3029.5896275944824,True,0.9888557492396194,1.1048719830848381,31.33955487398825,100000,0.38429,15727.252386111433,15744.019178289202,86115b1392db8daaad8cddb1f11528c03b06f7cc41d3b26af7a220e7a9b2ad3e,28.424425380094327,31.431369976158134,31.35485739101656
26916,16545.50874123155,4918.7069386615785,True,0.63839076192888,2.8332840552116054,79.86412926343985,100000,0.02664,18042.83614891066,18062.071580286673,a11f338dfb7b6b057ae1209419836ea5f4778be688e8cbef47110ef401b12b37,28.301460846162826,79.2986849888696,40.439014670989806
26917,16244.33125571062,3281.563564438089,True,0.9452307934459265,1.2717232022392981,36.14720746128211,100000,0.26491,16635.578549357506,16653.31370623337,522f87593cf92b34e3feef463643cba780d750a1077158beb1f70a1d810df2d9,28.460630874666702,36.08543244853089,29.554931100545353
26918,18639.49973549547,3559.323585515738,True,0.9551527275173731,1.3609907733291304,38.32557648675365,100000,0.25266,18911.147496767273,18931.308633127075,45ed0cd3fc5e124efa71c5bc790b90ca686fae327c2057e1b5fde59c692dce9c,28.126631572065786,34.29278267186331,38.22265135458707
26919,53625.44916859283,10086.047294755936,True,0.6818315388465428,3.964165383024398,112.08270958737941,100000,0.03095,57941.778192214944,58003.54980555899,854cd484026ecdec3ffb40f63ce12a1c73075ed56cbc6bcf0392f5a6031a9e8b,28.034359368230035,110.60505667778015,69.36759492285321
26920,19057.976597533052,3885.2461434306942,True,0.8880759573332943,1.6664118784646953,46.86913656638586,100000,0.14181,19412.569224772393,19433.264925829222,30c44205b1ee8981d424c2f8d410549ffd2dd0a233ab51cf343ec3e3e3002d4e,28.10317368336027,46.663168681084365,31.16980664229372
26921,9608.774779293148,2483.948437716776,True,0.8799410075348392,2.177256805658673,36.00247365556217,100000,0.15764,9780.898489442783,9791.32588567565,a5582bd7a29f3bdeeee34b387135e95b2c1df4258c0bffefb684628bddc87fcb,28.53125719871943,35.90578732494421,16.581705700980965
26922,22221.89869178813,5184.224563546323,True,0.737317306517754,2.0091479770166427,57.3112399864407,100000,0.09251,23153.859704614595,23178.54398793691,16d7caa588f72714baadf520de71fc916147cc020fe479c7e7164864647c7e34,28.767556008818865,57.42317600203921,39.02369343803299
26923,7682.647533993368,2098.426517340086,True,0.8972861510504576,1.3924604532213203,31.01525451612882,100000,0.19911,7898.314490032265,7906.734867244875,fb07c0599e4ec2011c434f3a677fc2b1b1cbe739209eecfadc01629e502b7086,28.327164830282694,22.17106084551396,31.00011034888462
26924,15018.957499099122,2966.2989344413872,True,0.9924205172633321,1.1302660894857421,32.102215051118236,100000,0.34778,15297.656468595811,15313.965269428825,b9d678a2907e458a4840941a2814cae5834498dc27bf4ae0ecca347ce45b4b04,28.449961092665816,32.14923978019703,31.545755757019265
26925,23979.71978319991,4566.895359386816,True,0.8805603638125598,1.8826682333484748,51.83029371084237,100000,0.13343,24701.299265235826,24727.63327076541,e678df7c125a083e4e41afbd86faa91b92f01a3dc7660eb36ac44b017d6916f3,27.749959498993483,37.607332253081914,51.665793266935886
26926,19389.09841189352,4743.731542491878,True,0.7357593068997087,2.5692011483538866,70.9757193898183,100000,0.04267,20284.64230274828,20306.267719161813,779c1897a2cc25b043296ee5fd25583a9f3bb2fc9e77946537bab94d2956eddf,27.430313426289636,42.24580172665455,70.438549638577
26927,36063.38542152904,7705.791097490075,True,0.6850325725146628,3.6560322959221843,99.41709418776057,100000,0.02924,38201.0997325312,38241.82584822216,afcd2bea2dbec84afe232580012b0374579c903be1f01faf4efddfcfa67f4769,27.3057204495192,98.68894164244006,55.0483324262307
26928,15770.369144628547,3627.955032190001,True,0.8382691210164033,1.8716481457521188,50.92910436252156,100000,0.09288,16313.067177534202,16330.458505684388,809c4cd1e88ad1a82cd0b419f9fad89e5c686e3baa19a16e3f16c4a826a16219,27.155557599547627,30.06508162807059,50.76746413871473
26929,10627.474253651992,2359.999327767169,True,0.99051020172023,1.1847385775987405,29.106500420485233,100000,0.33262,10905.200032910026,10916.826044760015,4b2de8383ee2f87f1723153f1e92151ac2fa8de4e842ec86a5088a1e0997b9b0,24.62967052182661,29.127818658097894,27.600011629190583
26930,25496.187988815855,6527.183950667635,True,0.6418128981874388,3.079278739449017,85.01325455399771,100000,0.03319,27113.306383942287,27142.21182541617,d4e82b5c2481a89d892963946e8aa1913ae4b863f7708d94606c21cf23acb00d,27.511003152178706,84.97174417579753,32.57526929260239
26931,5605.1213701621555,1801.0876642649496,True,0.8472390282389256,1.1686234787637555,27.293534345095477,100000,0.21058,5692.614259315116,5698.683143942317,fb8afe8c42d6bb5e4ea3fc4f64c6fe289d9bda6cde4af40549049ad2f9754b1a,27.320188187229363,25.854226869865833,23.288794564479666
26932,14643.203447187772,3323.079665534486,True,0.8710319840291062,2.005845561119929,43.198470057194044,100000,0.14052,15061.164095681617,15077.220772470919,b6b7d14324f8bc2b9d430f58b5a69afec3711f2dd64e6ff53e2ab2eb6b086de5,27.663473378911128,42.924261018745064,21.715246544863895
26933,50463.96841466407,8358.232750662668,True,0.7901155279832609,2.895552539166101,79.25417276771599,100000,0.07748,51282.75232466755,51337.42476391009,a099af28e9cb330d9f5083cec2e01a8c72b601945860c0b711e8ef9b59df46aa,27.437113521636057,49.030779734714926,78.36411125714105
26934,18955.186608449978,3528.974400562007,True,0.9742139096232875,1.2959332777224137,35.25188138157145,100000,0.33112,19286.242152122646,19306.803176141068,1ef08d75f21df1a8d2974c020f8366b7384598007e120762c73cf82257cba85b,27.17906284252994,35.062540221807154,35.13999796898345
26935,36988.90973117602,6814.438425169641,True,0.7878346416738999,2.4877848165640266,68.31390447934209,100000,0.09012,38200.03924430245,38240.76422940902,e7d8227830344f3b96327b2843ab151f63e1c846237028da77a3002fe15393b6,27.50235070469607,49.150653442534455,68.4473300740283
26936,6763.7665612142055,1909.9784823138425,True,0.9055547719472404,1.2585846772751603,26.491294900090708,100000,0.27771,6864.618110214136,6871.936465792593,717f813ce176176b281a3342c10eb7faa271a01c2d12ebd294550df385e87b54,21.09084781962788,26.42015128585707,25.43060828788004
26937,18694.812359594373,4088.5975528830577,True,0.8331512184198695,2.0992140607708096,58.259148836333935,100000,0.07411,19484.28712609302,19505.059285460393,235ef9f2dbb15c10c33f16f8032449251bf2c179bcc5be3a08a48c03b63be444,27.920583292412967,58.28759568635168,30.281671843885483
26938,6840.678702585329,1882.7398633994167,True,0.9256069386164842,1.5274369470874762,31.05115059649397,100000,0.17746,7063.970410830519,7071.5012954962285,2adaf36fd29be18f67daa21cfd94b0bbe66df9e898a3ae88de95bcb51d844750,20.346994189694776,23.371752267820046,30.929857039476417
26939,36305.901922132645,8103.044193606445,True,0.6543660167896183,3.090159197603015,85.26875428531216,100000,0.04636,38214.526590534006,38255.26702057129,cc4c1be0e63498784ec4321776e48572f3627faa8c03d1f0272d8320e1153ad3,27.44796204228127,84.99812591477772,49.33763370512446
26940,15074.44594134109,2992.6167920545204,True,0.9861142963664062,1.181862972509566,32.559975904803736,100000,0.33417,15336.808143330878,15353.15868368569,62c9e03c85c4993b00930c007158762298678fbf01e9d83b716923cbcf9a3378,27.6950576299649,32.59972196914066,32.090972345628096
26941,15762.265293163902,3291.956055488824,True,0.923511945169891,1.4745830746717017,40.3301877760679,100000,0.18518,16151.025901257648,16168.24447752868,249857519a61415d11604f454bc437e3afce608c9d9f1399ae961f4e34a833b8,27.352847080546056,28.76085900729842,39.93633828606724
26942,19138.969395043576,3999.1648865602597,True,0.8652212539212739,1.817227173434981,50.211549330615355,100000,0.11755,19785.58072271012,19806.674090575634,0e2f452e3209619b0560181da26a905c47869ca5735a74647bca4f78456eaa0d,27.802684053182524,50.23606668868695,37.2173495526729
26943,13234.332334326195,3781.3084391299444,True,0.7155555886834356,2.1149107403254632,58.26925001891473,100000,0.05294,13925.715668150275,13940.56184565174,41ddbb266d7198bf3324a5fd876bd6f97536c593d78286dbcfdfb575f5837f2c,27.6906970609906,57.99895808767465,29.099060281662616
26944,8393.94323291382,2423.5565494364773,True,0.8241539011018104,1.3505969942032452,37.05233726856787,100000,0.12752,8624.629178110623,8633.823877953257,e73931889658685798379414a6646c8460d43d1a8bb462628ddc143a0db5578a,27.481689604958294,29.553219203225396,36.835233729884855
26945,20567.61905299021,3765.404172512758,True,0.9641143304479393,1.3148702119152746,36.05804792251436,100000,0.33671,20988.333244737645,21010.70886465095,2963b20e747673b8cc2c9377ee0140d6dd2a56e4127548dc7f355c39c0352eb6,27.580533237606808,36.093260859938695,35.61788620471023
26946,13103.110065441599,2806.744573539699,True,0.9576294472168874,1.5525969369289367,36.569718427875316,100000,0.20528,13348.32554959362,13362.556172649478,aab5ae84b04018f2819b1a9f55e673794067d437aa4727ffd844971a6ca7ec25,23.72210494698846,36.658999967005876,29.328985604387313
26947,7674.47574105918,1898.6621804112583,True,0.9909891582126875,1.0903826386795066,25.38498224740819,100000,0.358,7786.260335057028,7794.5612515601015,d32dcce0fdce16b378989470713d4f18a40135f1a44d9a41b3ac46deca3f4fa3,23.352200465877456,25.273427149641254,25.39737725827118
26948,17352.33218802167,3691.551732581629,True,0.8780388541229673,1.7269603559066304,47.302563110217704,100000,0.12659,17814.298408281215,17833.290196030986,3795c9c87a971344d9600755b526381eba33018fb7268d7ac1bc5797cb12711e,27.242858002198133,47.210175291643054,30.67275576678179
26949,19141.358427629963,5990.955821771222,True,0.5776124043014058,2.645050525205133,72.40002009793824,100000,0.04031,20339.682064025885,20361.366158218367,9bf9261c42185481e60f50026c6135b9f4f6c015f8c03e3a7bff82daf0ef644a,27.061628605943223,72.13488330558738,58.86036790188827
26950,19599.162595002756,3973.1754796350388,True,0.8847856189974043,1.5276827481714472,42.04334052460372,100000,0.20404,20161.473177551463,20182.967283608046,7141a49e9a211c8bec9d6e378e7016440d2bab7ef078e5cf256e31deefe4f434,27.652529143867778,38.71764659638799,41.82778628851567
26951,9212.572142522005,2146.5732436434555,True,0.9900542991454977,1.0789473565662888,27.399836085943193,100000,0.34181,9348.543649892013,9358.5101134989,0af3c848d8c27476c1f06cc845758348e4aea3d6901294d5da08c5136cf4a891,25.2993603703704,27.373078433515513,25.780998114068616
26952,19866.223265134206,4022.915415787222,True,0.8817661669542557,1.460345783275532,40.17716561001812,100000,0.23758,20486.27815980377,20508.118539799496,d2f08e880d805a489697f8c3f5fc85b3f852d6aaeca89f6d101ad639acf996a5,27.464859303723323,39.64748618058917,40.13793009672709
26953,14739.680937156912,3097.8274541368855,True,0.9384668907639581,1.2506017325442713,34.41765913697036,100000,0.27722,15027.400055295924,15043.420736309597,883b2dc429cf3343e28463fd9fd3204a52f2fdd79031f55592979832fcf38a95,27.56101610577705,34.568908615599625,28.367679991799783
26954,5048.806254346156,1436.8165870248831,True,0.9905473982836889,1.1399777249797354,22.295529052260914,100000,0.3468,5110.315778794499,5115.763876181262,27b000de2b6fa59aca5b09bda852eabe893577d16251842118b7d92ceb34b7ca,19.622896053076317,22.21932363069557,21.91450194443419
26955,14380.988044188814,3152.3106102098845,True,0.9072234573102177,1.6716906673133483,39.41482697476516,100000,0.18159,14783.800846356235,14799.561826742556,5dc2c4fed3ed9eaf7ab1f968092541c67415ef9d7355bb2f6d62deefd6f28546,27.578831569745354,23.479535600201906,39.385958693289496
26956,8958.411259056404,2211.5913895547537,True,0.9431915429809226,1.484375461337082,33.231381948443044,100000,0.18576,9063.85001187229,9073.512964163547,963ab75b4cccbf37dd187bd6a4eee0cd5c8be5a65efc0e256c561386729718e8,22.3597872680442,33.223268818084534,25.62126567216385
26957,7901.3578183808595,2200.7532982261364,True,0.8717271710196972,1.1119992318639869,29.214217347249104,100000,0.24218,8028.53572974193,8037.094935556629,c7a676b7b8ad72b5fe43250874217c9735475715e43c10ef485c997dae822701,26.232883643355034,29.1143640653005,26.974650880687527
26958,19518.245731203697,4205.2529271378135,True,0.8336540357696487,2.0327441403342834,53.522586330603986,100000,0.09983,20351.088681708723,20372.784936473403,e1c97779b57496353db68ef045084c6224fa6aee9a797b2bee34184ee4a8d3a7,26.460751298699478,53.47031817989051,33.046538288598015
26959,18121.322070810933,3517.1896952079023,True,0.9485966469281726,1.3820869368255102,36.185920867117574,100000,0.29279,18445.499854444886,18465.16456478853,479158f6c46599524ae2ba923da0f19ee6218650977f35e44844e1fa648b2f60,26.25599531666832,36.106410787087285,36.20358977379097
26960,20399.14432392811,3732.3182392112244,True,0.9673421040945867,1.3867963590884274,36.4708331589805,100000,0.3231,20839.596877253683,20861.81392962437,9de2177b92f69f91ab5a19194932132a559805ea3e016fafcb5dd984838c2872,26.3558755250445,35.990016510888466,36.399601062966866
26961,45470.46919084792,8032.6295393475875,True,0.7669717071123299,3.6950795035890964,98.00489789253126,100000,0.03826,47885.45395796204,47936.50454423991,96a5996b3eff7092f4592e6593c9701eb3543401924eac80ca9fe51eb4040c12,26.49912705468222,97.50243137501583,43.2719379488874
26962,22004.895341869957,5588.770974472384,True,0.6794862663489226,2.4874469898624847,65.47199704723137,100000,0.06119,22832.975946490416,22857.318136282753,0cb9c1c80588dee6b2137238e0bb93007bf8646c22968f7bd56789ffc4653cf4,26.398194121948876,65.42404392439403,45.61940419257771
26963,8900.351169119844,2486.354195762554,True,0.8353322003159173,1.3821577563626193,36.08561120723586,100000,0.14577,9107.216320573694,9116.925505599538,5e434aa4b5fd12475d89e240f0e9646dc4b47da327b5f49d2afb58d1ccc0aee9,26.09511240132632,26.139162219694526,36.076801243562215
26964,12268.057987014035,3048.9211853894703,True,0.8437008238990111,2.180760011180543,50.12894143089207,100000,0.07684,12869.695130660068,12883.415486787728,37289c2a04c3eaa7512c6491c8d0e5fccd32e36e265dc89ae06531ebf02b7892,26.300560335690193,22.8921349967001,49.455823320858116
26965,23158.242981110747,4176.244895308222,True,0.9408099551666123,1.4829735445222942,39.2505208390116,100000,0.2946,23685.595940131298,23710.84710638621,1ebf33a6cbde617dddb337023608a7542cf17e0e89a942bf0100d33cd10257d5,26.58226191587358,36.94110298691155,39.30801671914687
26966,19190.32154097922,3770.591343389166,True,0.9193117818903012,1.6977324267780332,44.40525943205992,100000,0.1686,19628.002610053605,19648.927984209746,24da644ccf960f16af2b8f062664e9437786d2b8252587257f0d3310dd558b88,26.213846998711155,44.36189492089581,31.179083527003012
26967,14584.418992829576,3534.7452020538517,True,0.8166803368176044,2.101241746536954,55.10286990943618,100000,0.06815,15160.161152931889,15176.323370285063,fcb81f1fe434c19dfe3a877e8775bacfaac897a17cfe2a67cc747771369cec5d,26.26668786576517,54.90107717295142,31.14334566414667
26968,15716.546623252458,4741.099212549383,True,0.6399948773375352,2.7229221484156407,71.98686032194239,100000,0.03472,17220.855211694572,17239.21433084452,be5d2b66bc3cf2508124151270df651f079ed8a6262182aac149a2f7880b25d2,26.520549859817155,72.00443523901316,62.021882342806315
26969,5499.09218068574,1692.939528821529,True,0.8899590261556329,1.6502097014273787,25.29961355099006,100000,0.261,5619.497356250402,5625.488291094111,ce4d344d7452ea2449815693ee2ec3334d0f41e120fc8a4f5d5dad105dcb5f0c,25.349026858706836,15.31194872873641,24.922837079649632
26970,24560.02189172475,4397.08386565356,True,0.929262778457686,1.5944248514510213,40.65173118689802,100000,0.28043,25048.22229936957,25074.926158848994,a7ad83df4809c155ab29af0e1d7ebea29d65676e2ec7e6ed92e3ab6f2131717e,25.714998902649604,40.69143014313522,40.185268451110865
26971,8611.831283862668,2207.174097291539,True,0.9205439801869122,1.351147561876601,31.379391588352316,100000,0.21413,8796.833563083557,8806.211849675108,1b9244d01a53e123057a36460719b491f52d5da64d76ad9ed7f0c7cfa2c92dbe,25.68728027239876,23.235765304558736,31.387052572626814
26972,8972.191765638674,2146.021080072311,True,0.9730067185196645,1.1430818014816244,27.840176229412265,100000,0.31727,9102.490835774941,9112.194982970941,deb08bda82ad6171d3729c13a7e66de2d3d323f80ec8f4d57af33ec7c7139bcd,24.428123380983315,27.853770065461784,27.180875181010656
26973,27038.913696747808,5088.483023717822,True,0.8561606978068121,1.9843555895057234,50.08706846371145,100000,0.16552,27653.02335090164,27682.504183549878,f69e5775a20b19f1b34df6d15d35530901bdc36c3b1f3cad276609bb43809716,25.434839454228467,50.184894769304634,42.06531140507016
26974,7915.467310431122,2060.3393690635567,True,0.9322442996238438,1.1753345906607002,29.38489205340071,100000,0.23818,8035.129702646693,8043.695938282652,6b14125d76b6b7e77b6fed9a22e207db7842114df109f3249601ae942d8a6e55,24.994375955578143,29.384892053400705,26.228311852351805
26975,23500.753611188597,5557.543019927272,True,0.7139303052287675,2.3905831477297914,60.98107189218308,100000,0.08198,24717.71823520143,24744.06974496191,c9f17212521e08a81c6701e013ff68e208a230b77b9a4d8cc4bb0498bc5e364a,25.525402284948218,53.671085002763675,59.55182801971004
26976,12777.0415730588,2954.351336468781,True,0.8946273863130336,1.4538131055735304,37.30322030437219,100000,0.18927,13062.793428126497,13076.71964596121,8b576ac4eff4580185f9298aff8484b38760276cc3fac38cce24971c31e42de0,25.828108589648323,37.13018290549937,32.27602850554078
26977,9322.897991106036,2519.276485571054,True,0.8503066579117416,2.0431710277298913,45.25698180447064,100000,0.07918,9758.600998275046,9769.004623197363,fcbd189ccb5c3029fd0b236259ffb8566f188dce140d4d714abeeb9f25c35b96,22.186528189301036,26.19733980917966,45.05809858365022
26978,35009.14993276057,7224.076326955651,True,0.7164009872572493,2.503482168167469,63.88621103681615,100000,0.10606,36769.55041085227,36808.75035468688,4406e022da5efcca42007dba236bd47990fcc1073989a9980a56e6900de6b250,25.712016331589705,63.76143328088486,53.857198903839404
26979,16042.964406262216,3546.947574031425,True,0.867266228197768,1.5882112661141121,40.58678669782384,100000,0.18421,16375.045350834715,16392.502753790966,bf2d92db9db857ccf981ea7ad1f0c68d5aa84cc392b6c907bbd6c9361978e521,25.703643724158947,38.634736654007604,40.74532883336221
26980,5391.539154047129,1634.6460689606806,True,0.9096386375822996,1.3974367562177685,25.630778191768215,100000,0.24786,5548.90288213497,5554.818556351624,f0f83cef256e699aa91b418db946122204086f4cc029e13c8df67fb5b51a50b7,25.743413447493758,23.35304302042944,18.34077414064273
26981,5883.9847526001395,1591.8782452129876,True,0.9901218301672426,1.232271889190578,24.23211308790039,100000,0.31547,5968.2530516792385,5974.615794269302,74bb7a167e508e6c8007a6908a3c72f4832d34073319beb3e7d94d8123eedabc,19.73000418655952,22.540124722876097,24.161120569088183
26982,12108.083645458377,2733.6538564232233,True,0.9328050260942607,1.56026080685807,39.98874545809727,100000,0.14664,12467.549238721074,12480.840867921115,c6cf8a0160397b960dd9f9dd31b682095f8678cacd3f18873f43aa697e5c7f73,25.754470341421044,39.920405316933525,28.985982730735053
26983,25447.187153511277,5510.310328558397,True,0.7592787679643134,2.634024826881804,67.3121502154852,100000,0.06581,26686.252074781987,26714.702234514672,950a16b88cc9789cc0a147eebafc0657c1f1689a9f79ddaef5c547cc85e39a31,25.40639263504398,67.50935378056963,51.61803316084937
26984,24173.55405822443,4666.551301383622,True,0.8663932978109519,1.9115424886504002,48.16965237575816,100000,0.16797,24961.320715306112,24987.931929181304,56c59b05233c57e7422d4ced9ef162dd9c9a5ed7b4b1ea716309111f2e0cc901,25.43724562713987,48.19317271383227,40.890107741824
26985,28074.991418039786,5454.013884529525,True,0.819057340220233,2.512341579292362,64.25726413100287,100000,0.07944,28023.42603359966,28053.301751803894,b3136df15913cf9a5f1e4c6e70cc6638930d96680309045bfc1a548f5e2162e0,25.508376825442056,41.180497642549454,64.21020070512569
26986,10486.994515888538,2666.64340441504,True,0.8688668102941024,1.900165424012557,46.105597894353096,100000,0.0833,10854.786301960616,10866.358567833311,b11f677b3b7fe5e97afae1a8cf1061c137cea907da9a4782e639d4054f3881a5,25.585455081509906,46.00429164897976,24.426061384459526
26987,20824.572454690195,4829.285060409517,True,0.7579699918756303,2.1182654040469706,53.43114017300701,100000,0.10702,21705.189081578566,21728.328940059586,b0e848ba38f91044eaef67a8fea44d71c75c7b80f1fc0b7dab8ce98caf7eb6ed,25.385009466960852,42.04310663515665,53.37896132518181
26988,16211.313319310575,3670.5060308655393,True,0.8439246045385822,1.8279578317277296,46.01176267994545,100000,0.12935,16752.836423835957,16770.696589096267,54dc166a80a0ac1de2f6aa892ba09387013abea12555b41cda834cf518a9875b,25.218849418085338,33.2057545121872,45.95559597745529
26989,13233.927803062508,3074.8566190059955,True,0.8799373707394602,1.2403723060995233,31.602658297298152,100000,0.32015,13435.0613496486,13449.38444156668,e8830461e50b226c9888fcbb3c7be4b16a4bdc727cb42fe775029d1fc40cc5c7,25.545996489832568,31.0162808484225,31.67209773203343
26990,11204.928310225048,2819.55415149833,True,0.8588350089091171,1.45721205565659,36.86129677657533,100000,0.1716,11427.32065176512,11439.503295358087,f921cbc709635839b50cc6c2bba193c315305a15a5b5bd659374e2f81d985a6f,25.35114087392888,33.91851258567198,36.6903093159418
26991,9421.243476673337,2182.997288190042,True,0.9881808042674077,1.1377770246882528,27.867054750522897,100000,0.33177,9546.092251530952,9556.269321305233,b3d8c238d1bb9eb703ede913cf68dc476dab93062fd7b82d47f50559d42933a4,24.512939029817872,27.78541298855847,26.921371007768336
26992,9588.729670058636,2259.5074181116256,True,0.9660013565919581,1.11498114611454,28.297535994259757,100000,0.32292,9728.729055245018,9739.100833748875,c2a167f64275ea056b1b07e391867cac1c98afa244c920286fc041b97132121f,25.44429322921355,26.82600885393326,28.325170306754153
26993,15190.832980303458,3496.3283303025682,True,0.8483849865949876,1.566620132694395,40.08159126583563,100000,0.18011,15420.128499092636,15436.567867111364,438fb0346e69c87ced4b03fc24139855e410016f3c05cc9143029a4ee883bb13,25.49134405456587,39.77823937881392,36.32394208466354
26994,10723.841047239048,3092.465206790701,True,0.7604655552604676,1.8208184873674778,46.100746761037385,100000,0.08657,11277.338079276538,11289.360826750257,5e55804600151f808b4232a9daf0803ee0891c5964ed291076e7dfcadd1460db,25.03126484290702,38.41353727915542,45.5942688303131
26995,14680.835936895872,3081.704621139398,True,0.9408642603691528,1.4476600625891556,35.2830586863291,100000,0.26034,15203.895758149145,15220.104600877092,bb0cf628801d7e1505e497fead81dddb8645254d504e95d233f1cd97190c6a51,24.472453546841056,35.35197091032583,31.846061514491865
26996,6401.001646749729,1679.5243878373958,True,0.9926506606485053,1.097728324451259,24.089995365380915,100000,0.35049,6514.799920085761,6521.745335194396,c274e04f0943d7e07c626353bde92e733e19fb810550da38de555b164f1ea447,21.890371765123966,24.072351325806665,23.5489114851038
26997,5373.754888026536,1591.9265277445152,True,0.9319937645567723,1.3028351982985047,24.435306048415214,100000,0.28303,5490.36378956973,5496.2170553773885,07c5cd1d4e38df6d0079634019e49dce8052944e1299a20ba3d8816f53f3a826,24.48899690643175,18.78583465489734,24.095263947643815
26998,31409.636543211465,5417.429956967,True,0.8886541230310329,2.010691450249598,49.184116073047875,100000,0.20102,31800.151022826947,31834.053099955934,f43797f3b5bcd7bfa7cffb93556422830e36a81fc4372ee8ef2b476677712986,24.688120763229104,47.67112812744142,49.23214743640045
26999,25573.59865843353,4948.046554180118,True,0.8483562119611571,2.1386197521582186,52.48872453949055,100000,0.13679,26300.72438608804,26328.76353552623,b60721ef75c129c9767da79fb3d6a6e59726a0fa203151c1f4c02fd653e0ea63,24.604089627886196,45.13312691115374,51.963324708895065
27000,5926.423397185313,1605.8914875624737,True,0.9861955653411292,1.1975384960179867,24.167407980779554,100000,0.32018,6008.965670685863,6015.371816917273,725cf196d1f62703fdbc1dd959d8920fa094cf0745cbdda88f3f720bdabb7743,20.226043593289138,24.002201090285944,23.117164176927318
27001,34029.45758130421,7226.780309177627,True,0.7027097127712948,4.2164275730237515,103.04466412093686,100000,0.02465,35859.873166608035,35898.10330535981,59b6edec95cf8ef21de521070a955133242da4f84e3dc25c7073188648d82ec6,24.591347455619083,41.49711266296029,102.49120156950605
27002,22785.948917720158,5857.092499404708,True,0.6636108141943649,2.3398237642992523,57.256857710006116,100000,0.09412,23489.823315683567,23514.865769136806,53fe6dfd6683b10ff0f11312a2493b15a814ed2b0fd0ed986f2a0fd0bf47ae3d,24.66546030988911,57.28481516005983,50.71481439743705
27003,9590.545416781571,2208.6232973799056,True,0.9883816634688305,1.1354823452533973,27.361025651226555,100000,0.35954,9791.734641345749,9802.173589978394,1cd3d55f7fe1c5d227f1855800b82881bdd3419a138193148333e4a4561e488e,24.201415023045364,27.407785216548476,27.37438552703282
27004,8433.061472015064,2456.598101449201,True,0.8155930631783516,1.520070704904256,34.3141345429579,100000,0.16141,8670.914192135595,8680.158236338712,a040c95ffe0079303b4181fdca1c7039856f5bb49147321a4c34f9ff3d04d1cd,22.619180484859946,34.24711474892869,31.113939378062906
27005,16722.349271177343,3433.117559435897,True,0.9211428302052656,1.6156001819317338,39.60016872713351,100000,0.20527,16948.524403192576,16966.59319101461,f2b1e046f0074a1b0946eeebc9626b2d33110a9f9532393a8e18567f15698b13,24.672761374913257,39.6195047470198,32.262149180284304
27006,6316.730392568364,1694.6532373668288,True,0.9751352130882611,1.2489241212356161,25.31210298986016,100000,0.29989,6466.391165786971,6473.284972419882,62e4c4e6c5059438bcd535a165f0d421bf5f3029a038ff22d2e36c967b9b3836,20.275637184992966,25.349181265724216,23.384032644929405
27007,19149.088246637166,5118.180279883734,True,0.6762915259814547,2.6062411250139204,63.388339148761105,100000,0.05892,19952.906086353454,19974.177839453037,fd92c83afe9f58e1b2085f5e443242659be17fc4f3296f75fcf83553e17192ab,24.265848580385107,63.04787443653632,41.28908419162466
27008,14144.986762484536,3594.6164692405373,True,0.7868644566620443,2.328965530689035,57.25641333164188,100000,0.05934,14809.324919015846,14825.11311056476,e4ee231791e3ba006c2d66274e6a807f5ded223faf2390bf4d222bed6117c05f,24.623333028243938,37.14118413627258,56.851033452096566
27009,27600.884406006226,5068.926390675038,True,0.8713316150031457,2.0879718003077445,51.12008199410022,100000,0.16002,28422.625508393747,28452.9268123562,a9a487d7a7ad7c3304e86ee181a2fa5082dbcbf32a873e8305f28b8c619c3dd7,24.605283606291156,50.70822586475322,45.17936934048896
27010,29095.87016186377,5554.123690630322,True,0.8236754918328477,2.864660584335861,70.02767595661324,100000,0.06651,30367.664294673003,30400.039200578532,b13e3b2fe46d62f972b05aa7eb4178895efd756d57f07e2a8d253a4095fdb0af,24.345559219291317,35.03948287916964,69.56606774107891
27011,20942.33344624836,3941.849725502543,True,0.9321105872946152,1.8130581615489545,44.24157267874071,100000,0.18659,21483.020176576916,21505.923181234586,30b15624b086e32a670f6c750c110c20577bcea0185680ee2216c3dc84897b10,24.529446180034217,36.22710809680086,44.30637966996933
27012,7779.7836707779525,1983.3162168009635,True,0.9573494867938286,1.1395009847719006,27.356124671483798,100000,0.29194,7946.4403591829205,7954.912043287963,f3f32e389e079984d953bae3289a58541ca916a0e8aa762edf2eb6972b164380,24.076862656420676,27.356124671483798,24.23047370804278
27013,10760.53282779963,2533.3372826223294,True,0.9304226932406229,1.3878264002980067,32.56833327128976,100000,0.23696,10883.709549653797,10895.312650542766,9abae039fbc299c8b0e09d2e7f15c664b08b48c7a2f331b01f48cdcdf97961de,23.45619705817988,32.51267449860934,26.461770782922933
27014,18393.976730479935,3661.452374345944,True,0.9203389947653396,1.7153088421431302,40.397714281152716,100000,0.21295,18666.518531211375,18686.418869122368,5ea016d8d38737fe6ef6504f94566d559765f7077f9f1aeb6d5e8dee954749d7,23.71984932767878,35.27896093351642,40.35826338830003
27015,19676.75922647655,3896.8205235018336,True,0.9045017988190561,1.7203031737396284,40.471074115274774,100000,0.22897,20180.321383136732,20201.835583227417,668a4e530e091315077d2cc1401a65cb3e9d51e91f8cad52a4286ea5c9311379,23.75304252273451,39.10754671588319,40.29322271535413
27016,13449.861366231242,2946.9454083763358,True,0.9280910239048353,1.5957401472366328,37.015510518052224,100000,0.20446,13787.162321604392,13801.860787661413,303752e87f4a6a7ed3af6cc4e06e59788cad0bf011dd2ae53cdc07fb9b9f5a99,23.03528718518435,37.14202837626822,29.930510457956288
27017,14859.740408261894,3313.4543563227235,True,0.8821530644002035,1.6925822420156502,39.33447665527186,100000,0.18863,15263.221092367834,15279.493181715432,960445b6d23ce3245cce166e5ebcb580eeac8aac9d86bad65e0eb8104bb321b9,23.364448657782333,39.35368294270119,34.02393818106157
27018,12755.456430124521,3191.1469404275776,True,0.8273094617497928,2.230535978650277,49.33335541289355,100000,0.08223,13127.062621997246,13141.057357090447,67b2f0fd637808b3eb68dc0d504c7bf674caf75cf84f5754b26c5eec0cbe0ff0,23.82357837077721,21.878427760625275,49.309266860445845
27019,11374.462908761756,2508.434088412162,True,0.9750690308845559,1.294248071321093,29.938898985642368,100000,0.32544,11611.643875872594,11624.023026084551,d665fcef165ef2a442797631d97ef656a7df6bb715e65c3e25cd63e1a3666fb9,23.133939279677264,29.171422327074872,29.85118736752037
27020,10620.191205784873,2816.079765802675,True,0.8297120478094536,2.132789015856564,49.93173570789469,100000,0.06598,10920.879172074052,10932.521899422816,22a6b95f1b32eab0b6f3ed913ae5f900217254a4d95698de8805e884ceb96d5f,23.417691478238694,49.70011876979654,23.6614987814999
27021,24408.05965262538,4449.442956940235,True,0.914535675699207,1.848911030999904,43.40974985808484,100000,0.22957,24968.490406481054,24995.109263949616,9f4b904e2426e85ad9da76555e68864834184d513fc87b7ab0bf7e76bb529741,23.718510786717253,43.430946025007735,38.926760553892976
27022,21916.350332087935,4152.910828590264,True,0.9119625574002638,1.8109722039604519,42.454335692563575,100000,0.22081,22464.67749568274,22488.627043236476,6cf7db1c04a9d397e9d0dda0b726edf3d2f2881cbd4860be0d6a95ad1c87d741,23.611078297768508,42.454335692563575,40.93070596922206
27023,28533.25949007487,6193.67887879797,True,0.7290707870006108,3.415225183600086,80.49034149389078,100000,0.04448,30839.788436318802,30872.666672823387,b81613c569d71e1e365655c2a2c67afbc99c1d0b43cef3ee30846b2c982f80a8,23.423947036308057,80.11697321059393,49.67763264076072
27024,26547.49828762888,6050.209585030119,True,0.7113163197445029,2.7737845111324915,65.20672161592,100000,0.07489,27606.81021649624,27636.241781414712,a2185aa059de8e8b1b86537c62c6a976ec80a9163f167f456ce283fe8e113cde,23.68837933703344,64.96792746937733,54.2062712651874
27025,17636.863313436712,3618.794553169617,True,0.9054568582921104,1.9642336807633363,45.457344014021615,100000,0.14295,17853.017583158926,17872.050649343277,c8de810169652687135909b7b383e9d80df8e41fd224c2a9fdac5c352ad0fc77,23.172591382147736,45.15769843580419,30.985572384557706
27026,21997.89284327188,4371.649328261247,True,0.8684794131448662,2.3314967397427147,55.12173639598666,100000,0.10184,22677.875248125747,22702.0520853751,2dcef0491947a2e4c47ff1f3d388941bc902a637ec20341ef8b919e7066405cc,23.651477469713512,54.96024693388904,35.473851840776575
27027,22863.188475892744,5279.71065863441,True,0.7378451032616028,2.349817756169732,54.49757318215609,100000,0.10999,23670.09458809758,23695.32922839223,b9561d856d98d697e338f11b53b4638e1acdf78e6dc04f493cbed2ada27b2672,23.297180332508617,54.417742752690046,44.75826078729813
27028,9994.066635333409,2388.1030213342347,True,0.9395629733475712,1.3320038282700035,31.334105112072027,100000,0.25103,10268.164451900568,10279.111321397251,e793b730b4e5dd645fcd88dae645c0fc65d6b00effacea6d6e2779f05f0bb8b0,23.56942818610691,31.36470482409554,28.388882829809397
27029,8266.173203444523,2013.2219640176409,True,0.9820391429057131,1.2491225739288991,27.917737169927733,100000,0.29045,8402.8638211673,8411.822097408358,b91150de4eb6243301e36f3c6106d06f40f56885fa2e26e93e4e6fa828f39ee7,22.335552906702436,27.897289608523977,26.8885432459387
27030,14347.798266242635,2944.7526156119693,True,0.9696734012037602,1.3768897665471072,32.339732116091966,100000,0.32279,14515.922067097277,14531.397462455114,4cc5482fd64eb7ecaedf2cb3be0f132a8897324bcb99a920ae801d864630b5bd,23.599477366943088,32.41868654020352,32.300254904036194
27031,13932.449509052924,3677.5066560665628,True,0.7614048559940564,3.2032303600769967,48.89796422142645,100000,0.09387,14591.987696101147,14607.544184873283,67cab15e8ff2e71b1b574144cfa97d5a657cd22d471bc16a00d4da3862b93261,15.423869573750729,39.15657291168915,48.92184018051894
27032,25828.88093353149,4644.618346666542,True,0.9097830011368649,1.926306541132558,44.312488673597414,100000,0.22901,26494.03910161187,26522.284343479965,688916eff5846e45ba637388f5016ba739586d272e72167c9d758b6104f3c4d3,23.151544375365834,43.70665386751307,44.39903650303803
27033,8711.59236089324,3357.8188102708436,True,0.6097594837775905,3.578141803547927,83.22924379580189,100000,0.01237,9482.281574644843,9492.390615984672,f8969c585c1c6460947cf9fc8423b1802b7df23b84594196aeb3a4bd4274bf3c,22.94087310680184,35.75240587370933,83.26988307499906
27034,20787.08103856327,5093.191599836755,True,0.717832498773159,3.0924181251206555,73.27823004365047,100000,0.04251,22239.82262655995,22263.532456789366,d2e1f559552f22a36357354be0e8cf8bfc19113ee62c03158d9a8567cb1c0eda,23.427207578652414,47.051207279004075,73.24244965788697
27035,18523.42367263376,4885.078016782426,True,0.6930429137098394,3.2752524279106305,77.26972443513085,100000,0.03229,19806.66868257148,19827.784532268633,9a094b032861542f5fdd045cd886adb82b8f84ceae2f6e64680c77337b455253,23.835521685495074,57.76364653817643,76.77924278588442
27036,20031.892284116522,4400.908910116567,True,0.8105063013783709,2.501490262016222,58.95728913911826,100000,0.07572,20631.86208941003,20653.85767614067,e66b9d8cf463d184735f3d3b544f6f1308eb972d2d092809034b940cac8c3234,23.620339716136,58.68380562016239,35.135435251120036
27037,9229.932414185454,2729.3115192904033,True,0.7796446389822116,2.1309285438627255,50.26881444699971,100000,0.05714,9650.536689475548,9660.825107255323,5550816f36e9343e28696ecf82aa81c59059fe4c86ecceea55761634176cc644,23.698506029579207,39.21114798783303,50.12154252967453
27038,15811.35545507815,4011.593456992911,True,0.7594163531997841,2.7211341338199273,63.184803553504764,100000,0.0503,16870.237839928825,16888.22316660301,1a619c9cc473408221a5ff761a119d72d8b95988d5ce523701b9ef07b2574e1f,23.524615580833682,30.520296345363565,62.39807870457197
27039,18998.7056377222,3992.95012038886,True,0.862328848644786,1.962807736765008,46.27279287093283,100000,0.14816,19517.465013041332,19538.272543287338,b2c915b09a9feb8d5924b3e3e7bc4a3d01232bb835b40090317c14fe7c7cea46,23.68995279549467,36.77195820187656,46.22760459664481
27040,16084.69318398388,3262.8903103004186,True,0.9444018685972173,1.4975120360776466,35.27163794727015,100000,0.28056,16368.841307167044,16386.2920960048,e3114fdd3037dfb56fadff7237295bd56c2c0a7f2a92f26e8f614bec329d7d09,23.620630588223154,35.15108059100507,33.618279918491865
27041,5584.652285461911,1651.1842179995817,True,0.9219046825400259,1.512599005731869,26.499704322644533,100000,0.23246,5751.572780398907,5757.704520586999,060412ee921a2f5f86429d019fdffdb0678a0fae6eae58a1bd8c89cc404d42c5,23.53660261859883,17.558641975502262,26.59027948390357
27042,14466.281120659982,3185.6049585517244,True,0.9012877591739828,1.9018706702521297,44.86318267176554,100000,0.12386,14870.19340624717,14886.04648956806,9bc62bd57e72b5cbb4bcb4d904523afe769ebe64bcdf73b229b04f2d67772523,23.658318987063865,44.63317123716908,28.324265231734785
27043,8637.220954080834,2998.239411759996,True,0.678995926720346,3.9086305147056053,68.24715557945576,100000,0.02185,9234.649347630086,9244.49438875011,b7815b08f70ab114d92c5a4d8bb0a3c0d4c2e7a1800133d75e416690f048b539,23.28500974665269,68.26381748267342,17.307551967324144
27044,17220.253783272605,3434.5532868987793,True,0.9389451667023714,1.5384627347640112,36.22321371353334,100000,0.2776,17542.670166070737,17561.372371497124,05673903a05baf04536a8ca84daf08c0708b6014923971b96bfff4efa88202a2,23.638830628973295,35.16198674926967,36.16130880728463
27045,24137.000028802588,5838.4139598022575,True,0.6917960862051485,2.911840558353605,68.24125088201522,100000,0.06092,25740.449890837637,25767.891732761844,d4648362dede9abc9807812bf7fc6fa1a0d69a655db6c7f3948ebba531956cb4,23.74948806941228,68.47449734499085,44.40013027357679
27046,23438.616116485977,5288.691167310954,True,0.7489001105941618,3.0253321318757656,68.29437236533033,100000,0.05739,24305.596331414155,24331.508478840828,6a316ebbaf4b8f76bbc2a78a649adef41c0464b4a2ee919994e28b9fe6d17d6e,22.784243124322238,68.22767864231731,36.84828196469239
27047,24375.985909303494,4582.424676511337,True,0.8872178066489557,2.3724432067447916,53.31578506361599,100000,0.12257,24698.291563894792,24724.62236292002,6fbdee0af35886dcd32edbcf9fd94fbcdb9494b098578ff0b9a838732460376a,22.72038643274944,34.845301908032226,53.06847063094785
27048,10464.70994809457,2489.0691103037752,True,0.9295340423759547,1.4396555487049734,32.40425445691548,100000,0.23739,10739.494096419705,10750.94344950366,ffed69e5a6ff7bad149cca8468953c308f4bd294091d34d29bd90b9499306aca,22.64183990617483,32.396343261979716,24.2794572578793
27049,7271.852289033697,2283.3629355465355,True,0.7949488945593125,1.512264744653737,33.96916050628914,100000,0.14337,7471.848012686502,7479.81373484425,4bdeb74467548d4c132788f164c5195cd4e9231fee71134cda769838572f7aa4,22.466419875863597,33.83646847306145,32.708586190626065
27050,19816.324269347,4746.159950592219,True,0.746146010189989,2.2618051609894536,50.11274288925394,100000,0.12498,20912.229896599154,20934.524382885873,03ad1bd1225d562d51c2b7cacd994be92823d482cead1bf2015d988dfeab693b,21.99773235226528,50.06380466377616,49.317496725239906
27051,32555.64700775685,6458.629575087018,True,0.7634160766820295,3.228042235164956,72.25232628988005,100000,0.06783,34016.73464838132,34052.999820861114,cb04b5385723c6ce8de05cf541ef263d42af513f20d1ba9939f2a08172be2654,22.42891427675353,72.35816465846875,62.49755665162232
27052,27270.405662723886,6834.673746839605,True,0.64105319401836,4.732966625485509,106.12979500750279,100000,0.01876,29816.736806743145,29848.52436996044,f9ba404c924574ab9cb225ca55b6f6296c210246a3574197745e021705d11758,22.503351309574263,105.66340430678623,56.45918538118862
27053,13348.929119026603,3101.5745163701476,True,0.8774038238805358,1.8286919855196684,41.07299873627656,100000,0.14844,13675.256557393928,13689.835720940506,e9d94548759763ae061d2c0283536e7ad615691ff3c5fca300ad21f8c96d8d44,22.471823771483344,30.1930662096994,40.92258492254508
27054,19423.9709973006,3873.072217343038,True,0.9022368137213974,1.7663977049974158,39.58204553652331,100000,0.23871,19682.516159872783,19703.499650814876,528ef999736b72fa9bcbb3860750c33350dfca4b0855dea941130cf7b17e29bf,22.583798930384518,39.09886626972004,39.56271836585118
27055,11279.170394735103,2694.4287819913698,True,0.9026835341415781,1.5385600880927257,34.24889227597055,100000,0.21429,11446.08047502228,11458.28311842514,d6c183db12dc3f66e00b11760351cb338408fb1cbae407764076c6de1fb7910c,22.20826608519965,34.173638362278226,34.131830632449166
27056,9239.775382945323,2358.1112141788713,True,0.9030132373094204,1.5941439317713666,35.34856719867048,100000,0.16125,9469.574605704851,9479.670100170613,fe2525536cb5d35f3288ef07a7ec4a471d1de31d56c46a8cd1f0ede754841a06,22.31723505267624,26.666765782200144,35.46938749671281
27057,5978.381983275899,1691.5177210661336,True,0.9417378217978937,1.236080887279272,25.298099031649652,100000,0.28188,6067.967267922465,6074.436315638172,1d4c4c6305c7b1cd7d6e03ab76ac7f72e8ea2fe2543c76773ba96c71a7ae0110,22.48170910039178,20.44970847016406,25.230159800851766
27058,7726.458422116765,2171.976144300255,True,0.8701939405809308,2.239602591225432,39.27567198995078,100000,0.09711,7822.582081632112,7830.9217206762505,649693b7bd91301bca4a7465fcd4e1ad9a8c3daeb5521f107406cd185a0f4328,22.533649701265702,17.65775145739608,39.11266260913311
27059,8885.20510045033,2676.193528543929,True,0.7751961012230967,2.3340816161034765,52.942600610260655,100000,0.04744,9359.998815990042,9369.977491926498,d29f81e0b3cdd5e08fffa26d62973b0d1030509c870ab73fed0feda292a89fc7,22.57428026509283,25.844416484427782,52.50313566378877
27060,11203.42383261618,2645.7939054279623,True,0.915156334281414,1.669150731450499,37.333411010201374,100000,0.16468,11393.290596841109,11405.436961060888,4ea98e4273cfdc3b198ff1a699e42b379fc9e8607fde1bada7c60d5f680c3c12,22.421921651634616,37.2787233964169,24.317758929496403
27061,21264.105218807836,4359.566985434558,True,0.8514101915877245,2.020455637799838,45.21134502815889,100000,0.1784,21920.599827716203,21943.96933516099,b169fc4170c151fa8266761f2817ff63e86e42a77429570734e658a537d4743a,22.373876067401874,45.03473821164265,44.085476572867826
27062,30849.816993500903,7018.663085706495,True,0.6777426091119203,4.096163818791734,88.42232943189828,100000,0.03676,33789.10280253846,33825.12529716464,57409def75d34bf45299ed80576d48bad5c89b8b1bf7c3bb8afaac42db78b111,21.457957874830782,88.68137922515578,53.55854475599112
27063,17147.08722812693,3552.827536892417,True,0.9051145985128499,1.786822431521659,38.42680021813287,100000,0.23315,17589.49572585409,17608.24785191569,ed474e915dc81c296e42c71c9f527fe19e92929ca1ad10e8de1b9c16a2bde718,21.680745923853777,37.18843653922819,38.2954586158248
27064,21231.00295610755,4324.555230435368,True,0.85741224923711,2.1089618078630368,45.159740379514375,100000,0.17678,21647.250399558256,21670.328489726762,4e67dc79f17e12eb2380bb90091132e268e400a556a2ad36e36d61cb52301d4d,21.52143877461232,42.215978006142706,45.115639070549996
27065,12996.328902650168,3019.3063214883477,True,0.8853685222097152,1.8123239157346562,38.370856716486,100000,0.18042,13552.033541106599,13566.481336843024,5b856b63c15251b69ad345aa26088455d89c15946f1f4916b3d59a4e18f25a86,21.124580540936506,35.24198314634286,38.22097055743723
27066,10748.677935541346,2633.464371606319,True,0.8943895388007367,1.6562808537581464,34.92437787623538,100000,0.19342,10954.756189587644,10966.435033156733,9d91ff00da7f009cab3692beabf0aa32fdbef57b3a0cabf23944101242241c6b,21.222357552233852,30.234825182893232,34.949957254562705
27067,12459.453922566283,2881.773628764535,True,0.9018969825267573,1.6306794647695264,35.224110393088424,100000,0.21974,12768.636466681153,12782.249084370129,2aac55650715205f750dd3a497d6060cbdb19fa518047be12a5f2b3011a5274c,21.739880633234264,32.91080822127671,35.20691112043555
27068,17199.160744132387,3698.322719102485,True,0.8712661125488308,1.9216382718997491,41.11204243779409,100000,0.19086,17633.453627329185,17652.252616821257,e0536a335914f7949fb922b4e2c4b16394cf98de3b772688866e6dc790173752,21.358990797760207,38.331760270980375,41.23248787462356
27069,8572.801110772154,2202.021039430724,True,0.9199082048872794,1.5117447457743622,32.3020013471758,100000,0.19591,8779.306252487211,8788.665853248143,02e747ea10f8c7ebb28f7adb765d7b9383604a6d7786cd63210adfeedae0fcce,21.35591300003713,24.01357277884529,32.32566003956876
27070,24274.419173744605,4733.016004059537,True,0.8566012745527131,2.1619050446458163,46.390978671784126,100000,0.18635,24736.901651372154,24763.273612534078,7e25e4f0d7b55684286584beb76dd855ce0d261e82569319e594c1e935b5dbdb,21.717456446080583,45.36031972180065,46.26639352398392
27071,21083.622055057796,5013.044051992243,True,0.7362287144134485,2.731836551118071,58.959340484771076,100000,0.08167,22255.41555526513,22279.142009084517,e468a12d2addc5bcfd36799b58d72155f14df0e4bd5cace3480b53ed0f73e9bb,21.74989342590066,49.83330975543884,58.75781930147352
27072,11833.493933582757,2884.9022841677415,True,0.8704857751450286,1.9501989811667697,42.11383074605368,100000,0.12491,12404.713897272615,12417.93853784136,08c2e853e5044425c57df747b4d114ca7effdbb3ce71d23a45305ffe46f13bfc,21.83832434194776,42.10354904909419,28.655089426086818
27073,18119.479387118412,3812.7257847224137,True,0.8750086840109044,2.0075809158637945,43.18734351250774,100000,0.17407,18642.695417241124,18662.57035737818,37fa90adefa4394b65342e78e2f85823f4ce55a778e73c38c7b14f4460299a9c,21.583127971216637,43.15571215739604,38.42155267567827
27074,16701.898685956185,3593.4582996767076,True,0.8793236318345173,1.869983255639206,39.347972585259896,100000,0.21321,17269.90514409539,17288.31655527974,750f748147ef6c826215c4d7f6b8d85f9dec8e226b24772d3d264aa280dafad1,21.172590717263866,39.31915326940155,39.213482444587626
27075,12566.75148892431,2735.4771350668034,True,0.9555785372501262,1.4644941764685977,31.50436001683967,100000,0.31032,12901.40632576845,12915.160489137512,40ee9832e06ccbe60a4eb5ff69d12283d8f276b54f01b4e1ae3cdf8737006f48,21.643864523287796,31.41206208710284,31.33514714565547
27076,14655.743354906313,3289.8911937092435,True,0.8803211927934447,1.9759926555600644,41.93313349182955,100000,0.15375,15073.092908271958,15089.162302344399,ee5b22050039cf3bb2811962ab36cba716e124dbb37ae502eda964504748a587,21.191793537130657,33.384753007044964,41.728381863451474
27077,9561.626201867557,2412.1555691131575,True,0.9031640696955281,1.6470206991096865,35.44716420820106,100000,0.16478,9758.078140275486,9768.481207779947,bf1239e52f561380a501425d3dd53755268376f9ce510daffa2ba83d33a556d6,21.453496111359968,35.43851011537679,25.96227847280351
27078,26523.548885364988,5705.355463952357,True,0.753857347383366,2.5897665392106366,55.04121813756953,100000,0.12463,27631.343844240713,27660.801564410445,eed94802793d71aca95dc089f0478fc3f2e2849dc99378805e982a3ce32e4884,21.292189975336655,54.92027796099772,49.93485512675986
27079,57488.96079900387,12065.281576326746,True,0.5970393669561175,4.890667197265945,103.82961789291173,100000,0.04082,60750.809502574506,60815.57581855606,863600bad982e7512d37833b78805e77487bd97692374f74c07221159e1756a7,21.62905797537278,102.84100580848215,73.61357674829485
27080,12614.507155726178,2804.6815198479944,True,0.9343596956420849,1.5244135897788036,32.40485878758966,100000,0.28454,12873.274458975697,12886.99863101807,f0ec0bbdc15e41360e61303a35de1ae23ab7f8d944cd1a1bfad7e868a0d6d7fb,21.352713346607544,32.25454328051832,32.11213911592442
27081,5052.373128815453,1436.7563280729544,True,0.9910554412599035,1.178121574047003,23.205797118592844,100000,0.30781,5114.315307012969,5119.767668288735,953b97874da6c8249d57c7a17c8ee9adc13a0064098f92dc51ad76cdf41af654,19.687535397243686,23.27378285233872,21.540146641818847
27082,9672.463040842305,2247.872735387603,True,0.9766458837890202,1.3273319695124763,28.57801542286404,100000,0.32023,9937.417033557671,9948.01129389602,a80ebb3537e61ef0fc926e80596e977cd58270e4c325bb94e0474f70177f7ef8,21.607937930812977,27.14074218626492,28.508244877398063
27083,13140.104447472006,3004.8730452606464,True,0.8961702888085626,1.8637268770441562,40.18053077760385,100000,0.15877,13694.013592818894,13708.612753203257,3029bda4a458537dd0c2f10f2a974fee03fd0c47320b441a4466bd30397aa68f,21.65981737230208,39.86662038090382,29.4389093905247
27084,7391.733643529107,2099.3192821769944,True,0.8741175416835844,1.432851603929755,30.92113745910747,100000,0.19278,7577.809125581138,7585.8878126685,14b73a4f0501f66e1fd01f328280d8f1a855424bfb51dc1a2220462add0b4676,21.514951601185615,30.906039247457514,26.784227467019846
27085,11514.549305530962,3202.0735731052496,True,0.7701064851597882,2.2201682833459078,47.840739472822065,100000,0.08259,12023.65259438958,12036.470986268749,50e2b08623b14db1bac359bb4344c05e12c2ab1fde9338052ac597bc3a2e627a,21.671995139604817,47.466983695690644,44.80397378362926
27086,6021.62631677226,1925.7987316481485,True,0.8311557789874351,1.7068090381705834,36.92904370177074,100000,0.09259,6199.884090022063,6206.493773996828,d0ce930d63b618fdda46c28af34ccf2ac0c35fab6f310c630f712fe3e80b653a,21.728270342106317,36.911011942150736,22.28725489032648
27087,9152.954523234914,2277.5334173240662,True,0.9290952425643133,1.4436784504107005,30.74197530187101,100000,0.24353,9407.258505769587,9417.287565166387,6c5ba074eadc791bd234c277d32ff2437654eb0cf397c776013af86de9ba2aec,21.34525824182645,30.681932381359537,26.659056707091263
27088,13045.631397914307,3165.4731227881784,True,0.8466207264342287,2.00673539689576,43.19898192210778,100000,0.12401,13292.067701938746,13306.238348616222,212b9395b2a898b630f99f1581850c959cf1b321233723d147a15d7c736181a8,21.509844636264354,43.23062180144525,39.21235712558514
27089,8833.923942298583,2387.2145807724655,True,0.8656887424668743,1.9052426451296172,41.138459040542045,100000,0.0981,9080.889033938478,9090.57015149693,d02492d67d0573f36dedf43be29c31e08b62acdfe58e9cd376a1e2b5219d1331,21.56354286133881,41.007892642220014,23.080121795694726
27090,13330.849493913236,2877.5861607714387,True,0.9448459485095081,1.552162633696119,33.39512161479749,100000,0.27464,13599.664048475435,13614.162623000102,3de219d9d7153812e134783fc08fb142deba0c69c111a80fd01244ab2ceaa34b,21.67910848968421,33.39512161479749,32.9222414747442
27091,33234.31539386523,6183.59800727151,True,0.8084143871428022,2.7236505682909997,58.435461605699686,100000,0.12989,34460.411218326386,34497.14939350617,d35c5c0d1a98f8dd5c3bd2057f27a084a67e85b90567f43960e5990ec1bd0dc5,21.749233695773718,51.85861888103476,58.20719808380242
27092,12569.242200524677,2897.6945213465697,True,0.9022029747599406,1.7791799534726789,38.32714318635247,100000,0.17171,12853.761501306346,12867.464870623753,bb0856b15e8c7e849d9ae8dd9d99887e789a03d61155d7aa5918963eda92c172,21.66194738193505,38.476858589424154,32.40402755232877
27093,16538.35169304491,4196.032328434265,True,0.7481237595410658,2.8041995926538266,60.49785595783426,100000,0.05833,17172.25103630719,17190.55833864338,56e28f78a7dc86ff4993f57c3709be0bf5d3655fd3ff987e2339039f657a45d8,21.55679218028787,48.12060906021095,60.43877602037544
27094,16054.32506212747,3373.4842437963207,True,0.9122911737939452,1.7106958758376807,36.725344115292486,100000,0.24943,16427.12681195011,16444.63973884743,62d18e172931ad95e1e4b624bde965254bce353c779d6223b67fec263a48f477,21.56358705988243,36.55498729444518,36.671547224498596
27095,13450.536776812878,3064.2304359544905,True,0.8925977341314321,1.7116951625159613,36.81676645760726,100000,0.20524,13618.0283987426,13632.546551464186,78fbb6924f41eaa23c3c917bcf67d35266594eae3166b6799152029f8079db9a,21.617266438121447,33.42811388082065,36.97855888832917
27096,18953.300955534858,4295.771734375966,True,0.8002631776197481,2.62776415035392,56.15004726157386,100000,0.08413,19802.342554935487,19823.453792556676,bddd998d0a055c3c5bfea69b4c4595affcf98c8733772b7d6547268b1576c72e,21.25504108375739,40.536057068475074,56.287132337896054
27097,24619.512782815862,5552.491278802178,True,0.7370821185425676,3.256457315275545,70.22734216955692,100000,0.05573,25663.92289568819,25691.283152336586,bb1d5f3ec61423ab6b408e6025b333cde67b6980981a7b709da0266565a3f443,21.465974706124328,70.33021425281311,50.218721976228565
27098,9330.40920374332,2310.381532640364,True,0.9276857396009667,1.4008741404009548,29.551714853336254,100000,0.27571,9460.539048467088,9470.624910143435,5d59912c2dfd1911615805fa30dcf1a4765e0437360b50fa01856cf057290110,21.24029505083543,29.587788724006828,25.706240239852796
27099,10908.668504006615,2803.4780654783553,True,0.8484666795114664,2.235072483660728,45.233152107454515,100000,0.09153,11262.876521693921,11274.883851730143,753a641f96ba9fa440b2010f4941b5e331e89fb81c67530c862a0c2b45b398c8,20.071106922680322,45.056460107034766,28.43636881755258
27100,13779.12993745617,3418.193119209173,True,0.813146366871761,2.6423571841790947,53.108856167183916,100000,0.07219,14377.824796189965,14393.15296632468,a57ec3d163740e5fbb22b6de426ddd03f2e73511b9013007afb0c36ec153b655,20.181624664116644,53.108856167183916,33.037442752437656
27101,6951.266665210758,1790.788826985273,True,0.9835936461025503,1.218937012740328,25.08090115916356,100000,0.33723,7074.0954303943945,7081.637109323116,cdc272898c57ea57cbccbf372dc0f0bbd28a27c43e0d10ebf2562fe6ca67c443,20.647655934741096,25.025791757202505,24.131794792056546
27102,26645.843258371617,6086.7402569851965,True,0.7087923166923126,2.9958904955556123,61.1952278340264,100000,0.0897,27331.307776989568,27360.445629310674,03d497c35ad1c59785027a739b92326466182d839a9bea12766daf255cc11a45,20.68476390044178,61.015944939981395,61.180287592855976
27103,15108.088896101506,3374.5380320040913,True,0.8758091639137042,2.2564929998500998,46.17458012889436,100000,0.11816,15466.592705371053,15483.081608786766,f9097d667753296a698901b5aebae1b50a982ef57680c864aee137d3260b4ed2,20.56211771364827,46.163307038042575,28.599831490968015
27104,10845.650888165435,3250.7267556451693,True,0.7289102754651188,2.5535643728486854,52.2919163438209,100000,0.06049,11500.124957530275,11512.385217647394,3be682e69ded05d5064f22231b557b17e451739ca5a6c478476151db0344aa43,19.89033341398266,35.24853052375232,51.65358728688949
27105,19996.336131575288,4221.431836677166,True,0.843965374291619,2.401402984947235,48.23930329992034,100000,0.13931,20792.211030301412,20814.377564715844,0ce395697c7e9366459a2239243767626c613b4e31e63a9cc037c94e1d56dbd3,20.14485554065277,45.41278162219062,47.709330485346015
27106,7822.325503414931,2062.3281767494095,True,0.9240247522612215,1.587469405634955,32.53119012210921,100000,0.17482,8002.142353755822,8010.6734216453915,c11a0f6b15bf57fbc5a2d8fd8e43ca6e14bcfb9deb8a59629015b6d5ba112444,20.522606268439986,32.64238071334688,22.214291692270372
27107,9687.324283087824,2348.559933179743,True,0.9357324754750368,1.5180247579978232,30.64194132575905,100000,0.25895,9905.583126880338,9916.14344915472,00fcbae88d5db274a02f52ebf571a5c9f4677368cec0aa6f5077478cf40d12e2,20.31075944810445,30.641941325759053,29.684380659329076
27108,8163.175791953417,2105.8307497053243,True,0.9310366148337131,1.494026769273243,30.216343919116966,100000,0.22935,8412.785016162341,8421.753869369446,68a00bdae1c239b88c2bca9e2655847bb350258460b819f222a6215594204ca7,20.183573477222662,25.199958698169816,30.04667206605552
27109,20457.333261239186,4599.432823386173,True,0.786464621579354,2.603963302592205,53.28521267860047,100000,0.10412,20944.479483029467,20966.808350535495,0e27a1a954ada1de9efa20f402e125d4bebcfe3f5e7c76d9db8d051980455e53,20.664931723622274,43.03405359883065,53.11609457195452
27110,14696.311551619487,3243.66898900037,True,0.8945126688692696,2.1637746449577144,43.43334681017372,100000,0.13885,15126.242999735894,15142.369057014079,c42e2503e5c73318c8001702af2f89f7dc22072ffb52f9c1d5804c00cedd6458,20.12079481745718,30.35880662049008,43.36972374355725
27111,5024.395115206923,1554.476862932817,True,0.9126180455021491,1.8563994179036298,28.246809354277733,100000,0.17395,5212.522360717706,5218.079420336159,9d332064943ffa883879f86c920d5ef3ecca7bafdbee8d96481a4a673b5a0171,20.674788682647616,28.288186516417788,15.233691861230348
27112,4951.547173174236,1419.8393448934708,True,0.9894766083853204,1.195118440982441,23.048215127376267,100000,0.30944,5037.367672651621,5042.738000208958,f0e1d3a14d67d44ce88d18e965371a9f80ea9d707731cdee8c72ee03448da8f6,19.36815343467508,21.96220303763417,22.986318065266616
27113,18715.299412802775,4056.9224711165225,True,0.8402695051158803,2.2499072573971906,45.98679976965042,100000,0.1483,19175.911496891804,19196.354897620295,d8d3492f6d1fa0dd68e0802c26d25a9795756de76010b308c35fcb530421a9fe,20.500951264497473,45.85207281720027,44.65075749118646
27114,15221.178432114504,3320.681777226945,True,0.8944492761625569,1.871369323381415,38.38951907513365,100000,0.20643,15528.37923119531,15544.934005102097,3837d96d2717a2716ee215d1a980432642a4184fd430ee8d62f4661d281a97eb,20.600625714634706,35.82147019168965,38.44575372221637
27115,13023.529843892247,3021.3634767889484,True,0.8859997972870826,2.138496793491201,43.05742273256338,100000,0.12608,13381.524528740716,13395.790545161562,2a5379de695f9be2fa6e9aa97c6fd65785f677bebc6deb974723890ecd6ed547,20.041254013582055,43.152031327434734,29.89631597934821
27116,15009.179192366277,3282.893377580819,True,0.896324584289411,1.6812857496618852,34.49710511637457,100000,0.28275,15433.55135304819,15450.00503114456,e1598f21fcb424bcccfe628dc06923b8ef2101b35b292d32761a1136691f289c,20.61741047970824,34.46341653715936,34.6150151436278
27117,5663.275727765537,1652.4135622903236,True,0.9298448957546803,1.626664977258607,29.902667381958295,100000,0.16397,5829.207143516638,5835.421649543308,82bde41acf7ffc0bd293bfcfd4234f07c77d0c38a3112510f169141d0a2ccd1b,20.594586104615317,18.30954340672642,29.902667381958295
27118,17196.114829439277,4882.0300661972415,True,0.6599391592077049,4.090823007218318,83.84479805556953,100000,0.02356,18463.709429672548,18483.39355320779,b00f2868d61bc82a92bf7a4f78b3eaee8e2d4323eba0db6c868bffb55c8cf647,20.720677937439024,84.1723167979741,35.720012843498246
27119,16926.370607836423,4069.2873184859022,True,0.7834446754002642,2.8902569837673373,59.35514673748338,100000,0.06318,17565.886494588212,17584.613450895795,286edb7e8ddc3592863ada43a8430f3431d2c6e78530f891f0ab159b595eae3a,20.635187732953206,59.21023671126882,29.634100360877323
27120,9807.000664341133,2933.1638811218495,True,0.7553912197079654,2.71244230193301,55.265104044728034,100000,0.0459,10301.037379705895,10312.019294964877,c6a0dfac6bb353342b03f6b91fc4203071a7db1e15f6dddad6a67552955145a9,20.22519310621272,55.25161158768586,24.610241644917952
27121,8272.912252804492,2233.5616226323546,True,0.8856425306918662,1.9888833412746185,38.588606270957854,100000,0.11215,8568.244661613278,8577.379250036138,f2e804d00f8426de75467299ce95c6ffe010f8fbeef8ab44b86366220421dd60,19.412066216139806,38.475553713523404,20.53788126725784
27122,9953.395294503827,2451.9578810812013,True,0.9126101336617584,1.7119903570461095,33.39730949863889,100000,0.20799,10301.303919752114,10312.286119168906,01e0133c342381809f80e92e0713428c5baef18f9d750707d27be8dcce445adc,19.63396515447326,29.27972129140924,33.18531485826667
27123,12108.964971154695,3024.8886686100645,True,0.8430359173677263,2.200186136299977,43.02885887002773,100000,0.11821,12521.28800753631,12534.636927529842,9a991e9a34a7f1ef00b4ac48303f5c4697153e1ba216ae04b601a20f7c022dde,19.69179588668628,42.93431303754964,30.601334445407904
27124,7116.369466060433,1838.2735895797603,True,0.9732990552184954,1.3396259047981636,26.239536707057553,100000,0.29841,7167.9862325289505,7175.628008253236,9457a06a82f1209a81d142c12a0437b92ef8d4581bdcdfe994d2f1f104294fff,19.705277077858646,26.245942843948924,24.324101776537486
27125,16956.14813060555,4279.153731283164,True,0.7458950128101312,3.4653992275608707,67.95596247304563,100000,0.04302,17950.163602919245,17969.300236280123,4f067711d4b88877251e6ad15b96f9faab1747eabab712e867ce9131c5b67d5c,19.80942851387121,67.72369111693658,41.04566678669797
27126,18720.405336762156,4626.745588816617,True,0.736917160805411,4.132653862958867,81.02151735801795,100000,0.02809,19864.066377980223,19885.243419245173,98607dc31e522d8de51e0a08955690ec831d9bfbf3e7249106b502cf828e156f,19.889437427609145,80.56656254863455,28.048953030681016
27127,22685.13679744254,4656.018209521364,True,0.8323328894319031,2.422023060839145,47.21370533555229,100000,0.16834,23556.289344897497,23581.402657650968,a3d67681666965b4524515325467b406b17e791b6db38e0bf114798427741d7e,19.55518825726672,45.76133061087465,46.9255357473226
27128,16880.143511875223,3700.659033248181,True,0.859915561868434,2.5203335970084697,49.346638142038344,100000,0.11026,17615.947274147777,17634.727600151884,e5d7f25849fe8b8c8e462f9a6a12312a62e853d9b837b98321c62640df4da5e0,19.73383624918428,49.117735279563064,31.793402845908005
27129,15808.853285700208,3846.48253417916,True,0.79193086999862,2.761952027001621,53.088081826333266,100000,0.08194,16300.553910542276,16317.931898323654,e59eb07827aee8b13d3bc05785a98d1ee8b8aba79b4b984ac9f14d1894f0c356,19.136853714985612,37.936722535565785,52.76405788940495
27130,14237.729422117618,3184.9776709561756,True,0.8919453026760711,1.9004928310310225,37.07403975798428,100000,0.21659,14674.504201415099,14690.148660867786,6b443c217935494804ac6a45ac013a80acf9d0ed1583b47e00e9f6c747a46adf,19.605070829051257,36.947321848655235,36.313732302009996
27131,10815.661216772382,2500.3752663660584,True,0.9459052743334818,1.6102915011457237,31.432330334791285,100000,0.26679,11015.763126713326,11027.50700965553,57ac3e99af3624228832d7ba9ff1fbf06196c5b8dcec80de5f7db785ed2b83dd,19.691249911883403,31.424656426018146,31.301873885647865
27132,20016.620136635363,4316.723293271575,True,0.8258929242228696,2.342054334706754,45.12115592183581,100000,0.16924,20670.880159419175,20692.91734323588,bec0163a4f4cd18de007ebec431803c6926c97bf69cc8c5ccd162453b5ed9d53,19.465108035616183,45.13217182904329,43.986517479465434
27133,10825.593844965491,2565.852328830664,True,0.922331311855246,1.6785333200346122,32.23385148599756,100000,0.24639,10971.726700071156,10983.423635867382,e322bc563dc6d64719af078badee3fe64d4d3d4dd412b051ad642c405581925e,19.31984995071387,31.163586885876548,32.328286597772944
27134,10851.50033341062,2664.6087254927234,True,0.8895640105899432,1.9604910752055502,38.327425098476496,100000,0.15007,11234.095590345305,11246.072237088432,a3713da759cb5e99dbd3f47044b2a0aa47b95a0a70c63b51ed9640ac179b3239,19.70643487729285,38.22449500177648,29.129217366102864
27135,14291.517118715137,3904.2737364758823,True,0.7294509390934434,3.1298290012198864,61.13698405234969,100000,0.04788,14547.269199346487,14562.77801381905,04d03d9361e209c844d333c0c06cbe3410e5bc9e4dcb4aa605207b550473c2d9,19.590403215016842,50.16635825194025,60.972797815880966
27136,12807.634384337589,3480.3987402637886,True,0.7606199917012401,3.142624832571772,61.1172990926608,100000,0.04379,13291.766628943513,13305.936954647685,11c9d8466b4b3798c1b7adb2a239c4caf8965244cf1ecd912bfa31ac04124cd1,19.636319728013092,61.296353679846334,34.363559524022904
27137,9089.388155964036,2241.3390613376164,True,0.9397225848035682,1.4960918149811215,29.08292346295532,100000,0.28501,9321.581067646262,9331.518786498378,33b054fb3cfe257d2b40b372f1c66d3204f2820589359de3ef444af7a91d1ef5,19.490386939895593,27.726761748740365,29.068722816733178
27138,14735.887007724212,3343.0576180977328,True,0.8694763719784281,2.047397754025819,38.99930983507444,100000,0.18866,14878.731139225678,14894.593324606547,6585622fa619a229a3ac091a797da1db35ea84b8907b3f505be7a08b9b3865d0,19.04739241334629,38.73271299049873,38.3804243030237
27139,8930.00280954267,2502.18328543556,True,0.8318903174667537,2.082212015674335,40.04034412562967,100000,0.10881,9287.044274709464,9296.945173955999,1ab832a6974a3ca4a14d525c4f30379b28006f4a2cf642d9b6206f788846f898,19.291899202131386,39.84483463282875,33.23661377615744
27140,16815.006741206947,3787.3293898072425,True,0.838074082569436,2.320240327463734,45.178697881884275,100000,0.14227,17443.34467378295,17461.94098850152,13a8adb99dac551a7cca7cd28a8ec4c78427706cb4e92c3736e20557135a676b,19.627805879104756,39.167372113908954,45.02427850435831
27141,12278.90407358908,2865.883494961197,True,0.8981150985554613,2.0413721478179445,39.57739002489441,100000,0.15302,12612.609554696493,12626.055832408025,98a48e10e3883085411dc15379d3ca81527efd1608e60f811574d85475862092,19.411859511721893,39.63536471731369,29.180595184370393
27142,12115.60458579434,2751.636953593329,True,0.9270924660998318,1.677166332624413,32.691435181761065,100000,0.26883,12488.060508676243,12501.374004899983,f8fed01b912c87af0588dfb6973e0af331bce23749fe0196617c1eef5903a425,19.66594147652814,32.75528564110044,32.228519351550574
27143,13207.658326809586,3198.9836932545854,True,0.8446743673525191,2.402404423427187,46.19850922493542,100000,0.10325,13535.965746371674,13550.396412264417,4e39c00261a6965e1c3fc04b7492a34d1c849b1a6c7cd603a1385b757281bc5c,19.219301689279774,35.19027069868128,45.927814834945565
27144,10900.006012888727,2656.1121274334055,True,0.8950669983488528,1.915237242393061,37.44838071638139,100000,0.15946,11134.383907950334,11146.254252269153,d454926ccf66d96fc41e7ffcf01d701b5b94914e420fdff5c84e1a7dabd92a5b,19.766454860550922,26.82459692916577,37.32952599242803
27145,13901.817312740872,3101.111278797983,True,0.9016012226505263,1.8150062217250664,35.350939172733746,100000,0.24263,14251.56863066572,14266.76219935598,887a05d36d4964544ceeb1bc99e0b534986122c63c62fa75f17401d37861de7f,19.651877074295594,35.24737196812612,35.16969656467041
27146,5286.023526495034,1480.1334596462793,True,0.9914465578482876,1.1662417130341545,22.970698652284824,100000,0.33395,5381.698489947569,5387.435907897574,456bb1471c3f2aa6c96bcac39ae089926c7702a0c26733b8f50ef6d131486fd4,19.639498701245472,23.009955217364407,21.07516736701327
27147,13395.321611184816,3226.219275994409,True,0.8454585871950434,2.0182662577767783,39.251811723600724,100000,0.17108,13756.047421190342,13770.712715714528,97d5de6d98c6f526e3c3b0336b7dcd56ade3617a2017e134853eb08e8ff15309,19.544450686104415,33.396622035339,39.32847541837337
27148,11111.670257767313,3137.719237542657,True,0.7674609274371921,3.2336149283545974,63.33685397613958,100000,0.03465,11705.447012679177,11717.926166226856,0a4118f042db69d7242bf21c6e7858564ae759e421db21d2d29fbd6904b5452c,19.614941227718028,63.02759199383422,22.290057374659472
27149,6777.0681967835235,2013.973056323608,True,0.8599206384577465,2.4873909022333565,41.21998788657936,100000,0.07565,7044.46171908662,7051.971805575246,bd2aecae2aae4471bfb5f2c8f1ad7434e50e29f19cf0f729c97c5f602994f5fe,19.538234004344197,41.12941662413326,16.55944581722811
27150,10515.612689405692,2749.435303998925,True,0.8442356241980024,2.45811646853254,48.09078964262015,100000,0.07224,10682.644189875033,10694.032935387808,26832f08b22f4cead5d3495831a1d42a4ac880ed446b7bd180e8af19bb602f47,19.507531003714202,22.20794155493555,48.1847169661409
27151,9335.029460164791,3038.7354746532765,True,0.7055617420280447,3.5768082959090344,70.32704203815177,100000,0.02075,9596.225761733296,9606.456278742105,69004712ab075eca7cab688f03d5e468b5ea21f23d3c59066c2dbd5d54239fa9,19.401747437283078,70.56741767011812,25.84038043638145
27152,15720.383730648138,3783.699347393373,True,0.8020650634498904,2.868487216132464,52.80508272878768,100000,0.08367,16379.937966841386,16397.400585805724,5fd42176409d40b2dc8c24bc2dc7529cfe5925373e310b007173fedc3663ea18,18.506273500286795,52.62459660617952,35.15611831088965
27153,10326.554276606357,2655.989357668837,True,0.8634318843267211,2.151349937240692,39.14696427916053,100000,0.13429,10711.572809084935,10722.992395340545,48b221d3a795081f5ab713f6f36ed8fa1a7ccb1eb2db804b7c01a8abe6b261e6,18.25456586259683,39.02271854292296,31.682662740580362
27154,14696.116458063369,3497.350216880631,True,0.829621612360581,2.1918215645378205,40.36203212561483,100000,0.17228,15061.535020163326,15077.592092394474,d0b1cc9e27e50c55aecd362c5f989829ee2fc806673d5358844f6b81344b7449,18.486126041907568,40.48028026660785,37.83940511776391
27155,10840.316500134824,2605.2702361263728,True,0.9091997789006055,1.7656439161773447,32.46846976621083,100000,0.24431,11118.39266873707,11130.24596482788,28d9d9c44633ffe89db8a28b4da7e640186e333d3de01df0ab00ab5ddfaeee59,18.52510103604363,32.389201041195676,31.961149926113787
27156,11010.509598136743,2965.754121321506,True,0.8070255078568318,2.315392790565234,43.32727532239991,100000,0.10637,11503.198060043498,11515.461596389032,b2e94b1acc0bf6ea05e9c13b656d106c41ef787a1647ee65e93ad59aaaba69be,18.807591680475355,41.179951862818086,42.93589124355988
27157,10222.62828663349,2700.519236737183,True,0.843487327427939,2.2777810612289704,42.08795488143146,100000,0.10532,10439.9789193343,10451.10895988959,1b9912691577b4a116b2425eb0eb03f05284423ec1900a5affae1e0a2ac26fcb,18.60871247321103,41.97492570572449,29.96300694195657
27158,13543.910758695789,3391.098886156329,True,0.810288594644062,2.948205050699581,53.869432776951015,100000,0.06983,14513.914205262867,14529.387460043245,481c30a04cffded00200a021e5afeecce54c404c7dbfa46be27f2cac2ba6db21,18.38610034721131,30.117431899223103,53.46172955036765
27159,12142.18215579715,2876.587128642044,True,0.8881188492036063,2.0642671778975434,38.19893201518863,100000,0.1679,12442.84411679785,12456.109407917036,5ba22229f91bbcc662b1af5ad36750f64249d41d4c440f6dda2a7e08127ba2d1,18.69378887315567,38.03106561473126,32.33293391031714
27160,10982.49318702446,2633.2969185114353,True,0.9073710564375592,1.8972204470137526,34.98465348718035,100000,0.1977,11255.23847084672,11267.237657972275,7ee56bab0e595b02b40e9242febe3ed515a270241835dca79bbcc237defdc5f4,18.483103063051338,33.267877278458855,34.788206458321675
27161,15623.824023995849,3739.7188676935766,True,0.8081712464749945,2.3621051541779985,42.9748513419799,100000,0.15285,16129.61101040984,16146.80675630876,de4727f50f770adb3d557b7522dec5ce99e46f187e687575ced2cba825958537,18.28739401588647,43.01681897024355,40.83450230053363
27162,6928.582678013042,1836.3012679706046,True,0.9571274964621338,1.423428788828552,26.275359544997897,100000,0.29049,7006.360682512548,7013.830149562613,3dfb456a4e499e9652cb4cbd42ff4efacba9f3e3318e6bc80a7a08cb76723723,18.56467053789647,26.23687024878941,25.08860624523603
27163,15578.219106662276,4131.796164196148,True,0.730057569551193,3.7977762212607256,69.82344285333053,100000,0.03673,16624.171385116435,16641.894380837413,e4b7c33696b1b53a1da784e6c398b8372c242b82459433db59c05d3f7dd34abf,18.248534075803306,69.77230263639694,37.110750754809715
27164,24916.04423266977,7044.838440171137,True,0.5855974120529952,4.087027479268241,75.89673089894848,100000,0.04515,26244.739478639065,26272.71894267987,8ae40ffd04632f71a8642207635f592f75e0554ff486171f4de303b61f72c3b8,18.91859429878574,54.53224585830209,75.85967194831423
27165,17398.801673090533,3758.1531552946435,True,0.8640175050882036,2.3332615006731046,43.13626774661404,100000,0.17032,18176.432526625482,18195.81038483142,0b3b28cb558b4f0098844446796c0dd7df6655e316aa05b99ef549709e01bfee,18.682553462522776,43.03095459293578,38.83949107654115
27166,8421.029271395091,2135.6017854704096,True,0.9372899646989266,1.5527421256463532,28.314568621844273,100000,0.28445,8585.213267997317,8594.365946617352,39c1db06b5372e7724a83b916747d492b63cb129d1ef50236c10bbd25ab71c3c,18.339489881287314,28.065710108566343,28.21779031112508
27167,10007.849949640751,2563.162844602962,True,0.876197041344344,2.23270985706148,41.26854617793654,100000,0.1096,10241.966825883226,10252.885766143436,4735149066e6a5d7450280e693137ad8421bbf8e44bd4685faa75a0e7737e390,18.54364239269829,41.228244863309655,25.027116383299404
27168,9730.382270163187,3107.3389941271125,True,0.7093307017620661,4.076206747539035,69.05573524807704,100000,0.02354,10306.732891167716,10317.720878400027,5aeb6672e5a032b04c81463c3986417828b5fb1cb78529ea41aec7492395b65d,16.374605190355183,68.63425248899455,21.090997264488372
27169,8568.870064642028,2286.5245655812505,True,0.88564013835825,1.9769083717561597,36.00309518417362,100000,0.1405,8717.885120089148,8727.179239904202,4dbc722f28a21d7a0b1b8213a07876f8be2da684d9d551efdedafc57dc67e21c,18.379509772975354,25.341045755852665,35.83608863912984
27170,9651.629609164704,2579.5924841576884,True,0.8498327294037782,2.084468335679771,38.325213692772834,100000,0.13326,9973.988559752255,9984.62180892123,3153ece9fdecc861aebca89094b0a2e17b0cfc7372178c180b703981ecb0478d,18.465529595382613,38.22228953490651,31.05502545076002
27171,9076.081160392781,2348.3038785707654,True,0.8960427761856746,1.7942071134557427,32.568568661989616,100000,0.20185,9271.288012086468,9281.172113613076,ff3615b5cbf49533330212111654da065655737427fc7348c238ec1c6be16750,18.10513448323983,32.5844712834066,29.40394700000918
27172,10545.780496894089,2946.2335142924435,True,0.7893496924380098,2.9226724349715743,54.12583601340391,100000,0.05205,10973.619255948952,10985.318209395193,4d90708c37f9f6ec72d91db057fdc56fbc4f5520ac3a5df184ae8ac90e726c44,18.506648763860394,25.259163950102923,53.993692859074315
27173,9268.060525272505,2475.5332961534464,True,0.8619351531726431,2.341539175609424,41.027049517454714,100000,0.10453,9597.698626911586,9607.930714138996,4c5a1ff042a7de5c0221e2debd21dd6849d1176ca1f6e1f5c4a8981cf49fc66a,17.62881033953132,41.127213212565685,26.09264257640858
27174,10426.458216649538,2547.864923547495,True,0.9058694134487916,1.84920215512732,32.374160039909455,100000,0.2379,10732.608102988897,10744.050114929085,73196994ce5b2111598aa8055597543c4ac74cb1352b04f3042e0cbdd8198ef2,17.609772599833562,32.318833106247496,32.40577543057343
27175,17009.01552585776,3984.1069665745426,True,0.802797330257224,2.630715844220936,46.202576528165565,100000,0.13534,17747.61745033839,17766.538149652853,fe92e845977d45fc9d87fc8fed334db098670ad96bfb2deb04e79b4269e5d9ed,17.698203753098575,46.0784973431534,42.130523274584576
27176,5420.00815116522,1725.8128919538349,True,0.8646168773560214,2.189505786722975,35.54360649310142,100000,0.0931,5558.395677416561,5564.321471883202,d7f231106216c9d26d5320ede6c654821035a99640850c21403d7309e658265e,17.685026863510906,35.45683011006162,16.23152244759429
27177,14576.041390616621,3468.187502337646,True,0.832034403493141,2.387293066816589,41.01270813496237,100000,0.1631,14959.759265403593,14975.707834707031,00aa614d51d1bd0b69fcc85b49cc2429d4c7d7fc36255dc4a3a3adf1de7d2269,17.387345624111852,39.170340386712105,40.86251511200718
27178,13362.72506557891,3150.7496686569443,True,0.8643047781068665,2.3177346537349393,40.0541960594733,100000,0.16095,13751.508466242769,13766.168921796203,609e549ce2cf72616eb6ec85d94c87b0aba346587231f82e019ecab4657a3ef3,17.401475070271665,39.97596520779464,35.01808498265964
27179,16634.52516523065,4011.882761374209,True,0.7854939243436939,3.4786307831692778,61.19550273909752,100000,0.05636,17172.946108697684,17191.254152049154,7ab8b216e856cde7fd51cb38da69de6ec058ab1d2ca9352dfbcdf6e709d0cde4,17.8387280933795,61.165622122525704,28.55092913437875
27180,6965.999234014438,1956.1438238559374,True,0.9017212200321666,1.7394521974997976,30.383457791797284,100000,0.19218,7166.961680595113,7174.602364046636,b50897565749f3c40883297376ac2052aa52428a3472e404d3507e55ec9b2a62,17.550600863132907,30.368622119047387,25.932755966826974
27181,10634.34299306213,2871.868511791846,True,0.8143167130614518,2.6645423534055417,47.01163748199161,100000,0.07846,10838.763522326377,10850.31870634588,208fa632d04ad58884eae4c6c4a886b2ebaa860b99b4d5b91edb1f01c747622c,17.749877286596686,31.436737075970466,46.72470121806343
27182,5141.143187298701,1569.717037590937,True,0.9177038468174396,1.457435910162899,25.167627886304587,100000,0.24882,5273.845948379744,5279.468384951824,201cb24ddb1cce599a7ef4e70f35e1fe689588e2accb71973a19b00e28444620,17.364188575853703,25.204494528716165,24.17837298159388
27183,11659.74780949472,2858.7032915386812,True,0.8698435500708035,2.313098938675022,40.36683140106092,100000,0.13547,11847.655423284108,11860.28618493269,905ff0206c811cde4a827689148cc88c62c0ff3ec247083b6bf4a25c1257bb32,17.561936903488903,40.24856919969062,31.98992547066498
27184,15669.385713408245,3989.286327272411,True,0.7590846862842854,3.865836777748608,67.02666797003504,100000,0.041,16415.043924832164,16432.543970187806,f02ca92d3b348108694f1876fa7bcce6d79028b21a2011b2e2936e58c037eeaf,17.403042330598694,66.79757291349682,27.491406784584683
27185,7236.5871757160785,2287.850673836373,True,0.7908224354183769,2.6912440066802037,46.92856032930703,100000,0.05551,7627.781120473161,7635.913082603901,6f4ebef7876056e5eaa235f36787aa9cc2f4d55b6d11d1bc8363de7d2fdba73c,17.49509561104781,27.8523755274769,46.493187943439445
27186,10561.847379952402,2680.2975910233513,True,0.8685490844890951,2.0352632865905282,34.981073155327664,100000,0.19185,10918.839728731478,10930.48028183379,0c44473b03d2eb23255b6f5677d1d1865e5c19550d29513a48bd71feb2dc7f9a,17.26421859948605,33.981857930920114,34.904210445757855
27187,8285.021335963453,2336.4945556958382,True,0.847451992639221,1.943273899485106,34.284202711541894,100000,0.15761,8444.641816875526,8453.644632553887,020a87f90ac3c9b1d4b0d1fb117cbeaa2b1956e7fc351079c63bbbad4589deb3,17.70290252317165,34.22561154479854,32.978456709832784
27188,9566.585244312218,2599.575603351589,True,0.8383389334266373,2.2404136838042534,39.16041064335124,100000,0.12561,10029.54494693184,10040.237424653586,87f487bc0f2e4454548747221b967002c27bc5bfe7547f6817b71ec8c2c4a355,17.47208262957139,39.04568287779455,34.29404125432151
27189,11154.898374309283,3339.3682763420384,True,0.722986552321969,3.403172030860747,59.95506032953908,100000,0.04087,11711.094146116204,11723.579320061503,4520f78fe07407ba90e4dc4d5e0092e504502d0d25cb7993a8f080a381c18f0c,17.762564870579997,40.531143079222105,59.64767354562299
27190,28727.213170589628,7587.210996264688,True,0.5978574252986868,7.225445490897463,124.11144230574311,100000,0.01296,32942.44055897798,32977.560428686964,3b3eb8ac37b93c40724bd442a43e1be1844254b10889b0fc8153c4dd1c51655b,17.233491897312348,121.92979585896248,43.54202700033029
27191,5889.399068868821,1795.4262904732277,True,0.87840985546413,1.8765747397242731,32.23962884318448,100000,0.13838,6165.36408225193,6171.936964515757,226cdec081fc6c65dbe138e9cf558760a0c5637336528bb44eebf2af9414d082,17.26898087938153,22.10177680460498,32.23962884318448
27192,18789.850930643006,5031.313232623014,True,0.679336566195581,4.373949769883288,76.87032217205635,100000,0.0327,19748.729352241746,19769.783432935226,d6734d0718681e13a224b17d2bd9b4bfa89868d4a2ba5897d16e19fd1b90db04,17.688056310342557,53.43012871675889,76.13840260059389
27193,10167.730366961454,2805.5710606808343,True,0.8089944307845297,2.9708421846369886,49.079452407556175,100000,0.06782,10660.368386295233,10671.733383618557,03352009440f0f09a1ae6019a23f41cf0ab342fae429f42902fbc8541492188f,16.559522272276034,26.92420155268035,48.7439483383639
27194,7170.703708306993,2336.6233855137766,True,0.7696086214703663,2.777983310308422,45.988628586792714,100000,0.05814,7518.681802301748,7526.697453868531,a23db73e37a701108c3f9a14fd5d130497bd018f4f105f1e8a2be13d3a348787,16.544004937167742,45.483382423119465,26.643314364369903
27195,12891.235229676604,3230.3415929898956,True,0.8230610134592041,2.4842510644640647,40.09233329373791,100000,0.15423,13215.030091499031,13229.118608534765,c4d77367ae23f73c154ec9ea7987504c6525a571d124e85a216208a02f06a06f,16.311980818851133,37.987877322508986,40.072756959121826
27196,20260.7096302189,4921.466742166552,True,0.7302854895555085,4.019171726842822,66.05773852154478,100000,0.05526,21178.60190515916,21201.18037010915,f9ef9d5c4f566bb1f5d590db6451274a15702a424f0bfb3e37ce679e983313d9,16.466052497679982,66.34803131778203,45.62435114195561
27197,13178.72421254713,3273.3185968765083,True,0.8242863215390963,2.4348433625080403,40.20004768168228,100000,0.15761,13613.78147942742,13628.295104516874,c8027253fbbaed6e02f9114dafb0fa3305235543c3ecf33da417b7cf4e81fa39,16.699311799409767,40.29819232934264,39.277487993674924
27198,5039.623148408716,1577.5356986094948,True,0.9010944263287434,1.853215635242303,30.0931342732477,100000,0.14391,5214.450433526521,5220.009548659524,973302df21b0682b13c57ae29478e9faafa9a0229dbd8f6eacdb73ea70c2d980,16.163304541295155,30.12252209968642,21.012295903683693
27199,8917.603801370491,2552.957801425307,True,0.8145903676954022,2.715628179689644,43.98928641735431,100000,0.0813,9201.245075162313,9211.054504054553,3e6e3c9a22f7c9f07b842bfc47fd8154e367801439ce10f8cc2513bb07a958ff,16.367107543957026,29.813051536761613,43.946328129837354
27200,14443.882904365784,3523.6232754743305,True,0.8139866716206003,2.5551605402244184,42.06842582638963,100000,0.1496,14808.65717037594,14824.444650039373,d172fbc444cba27591bba2603389d39bd175a2916aa249668196a2809c1b0c47,16.535684956173657,39.12076024724563,42.01707276751952
27201,6328.4033174437745,1848.5805482946416,True,0.8950387647441843,1.79095466868833,29.40681874256778,100000,0.19198,6491.057001858328,6497.977104689531,52af761ac6cd39b8e42cd86a2bed40dcc5699fb842e0df38befe8c78c7c96b68,16.404926959660003,29.349383549711206,24.87661790600521
27202,8474.348798383653,2331.5105974565267,True,0.862152888460054,2.2043832934174103,36.32973185109556,100000,0.13874,8845.116732946308,8854.54649412826,4d52d43e53bb6b0310636e345fb61632a0501296acdeea26fbaea68ce79c95e5,16.47521409018799,32.13442834387676,36.311992724215145
27203,8410.565584763603,2184.4072528220286,True,0.9155891745234929,1.8935042912702558,31.28242534071674,100000,0.21097,8586.916795261597,8596.07129000863,1d8238a660a23373d2153a004d6a21b6e57b571888ee478f003b8e9db0863b7b,16.57296459701058,28.12821594967279,31.160228366729562
27204,5874.88675980633,1754.772149753622,True,0.8972835889297662,1.9872445596063173,30.995351181858293,100000,0.15123,5987.464311340133,5993.847535015533,831e1e47b5607264f3e6eda76c2d5001a52cc9f4c9194312448812fec0d287db,15.67928897676035,30.987783957448663,24.16971476436899
27205,6910.7637594679645,2025.0641778252966,True,0.8664217871450508,2.0971135716379252,32.20112220746448,100000,0.16171,7179.0206084365855,7186.674147886862,e00efd8b2117e7bb8dfbe1a61b97b6b374a554fec776dc05588ef6dedab8f974,15.510940946124855,32.17753740116018,29.771887158122066
27206,7642.278999701317,2169.7820923426225,True,0.8647354493450139,2.102793885966542,31.815845824122224,100000,0.18426,7889.996104397073,7898.407613395469,9f8400d8205d8cc0472adc359fa5815141e7c81ed70d6d4493074118918e3dfc,15.193309187495863,31.256582909245076,31.590587150074484
27207,11378.759309947747,3142.0953643004104,True,0.7786244490151252,3.5031881836930463,54.85346354175273,100000,0.05421,11896.16210479708,11908.844579321381,8d6dd10108397cd9fd1895f91646f076b74a9728cf8ecd4c6f1e40f2a5c8a666,15.856079305037898,54.719543953027745,24.520676695544253
27208,10401.460590954017,2851.2830280820117,True,0.8081773612817845,2.7506875575500582,42.96725653301756,100000,0.10375,10942.493098628305,10954.15886854075,1aae3957c04495c83d377e9ea03e2510d92d48428a8b601c7a6a05f7659f7041,15.766549455352884,40.690915061419716,43.030196850204604
27209,30188.562499982712,7388.488295150513,True,0.6345855186560678,4.416238611403192,68.89594183082335,100000,0.07383,32101.778546681828,32136.002188308128,73848fdf41e0a406f5861f15aeaef255ec4af2412303c12ec8bc04287af0d7ce,15.970873234464541,68.76137944443501,62.958376531438425
27210,7661.219722974769,2138.5521013083226,True,0.8788125179526559,1.97880713331964,30.227425615699108,100000,0.21511,7899.132254813572,7907.553503843579,ba1434f1919e3a04bfb00f185599ea7a727aa145a9025076e53357d3efd52b8d,15.416282253709824,30.16100793246149,30.08721050664191
27211,6940.584030348863,2018.3073510245745,True,0.8718213500505765,2.19422738828892,34.03185906213078,100000,0.13496,7072.57225817192,7080.112313249796,f0d8cb511a50e42f1c1c41cc6c7d725c2a409230a20546af5fc58041d8355165,15.474691773246718,33.915539231352014,25.291254635040545
27212,8796.648633277657,2485.7822927351995,True,0.8290216351627594,2.8894268940965855,45.31838971523936,100000,0.07527,9314.523164327462,9324.453358763023,6147d6bb9b83a4efc5fe08c24a031c2885f6f2113f7d2e676aaf2bb8ffa5c73d,15.771817514422292,44.99753197555628,27.01843449331409
27213,18136.25039740129,5410.184989618467,True,0.6170263035191542,4.772437159483132,74.00771012677428,100000,0.0369,19887.150873148268,19908.35252474714,43e1303a36c8f5ded882e8519340f460da1f4e5323a8afffddddf08516db1324,15.791684240918144,73.37532002559335,46.05606765457706
27214,7932.587525734799,2348.8812731410308,True,0.8189039655131418,2.3801995505145728,37.152097666736694,100000,0.12073,8231.52916949638,8240.304786209445,73ea3d50f00622bad1eced4861a4fb751724df737bdbfb6ea81999bd0e7ccfb7,15.678076371326753,36.997901948881584,33.71444019220222
27215,8644.688571789016,2616.812721058579,True,0.7784147385875846,3.3552373057570115,52.279086532530556,100000,0.04716,8959.279179363597,8968.83064890036,61b4bbf37770690fc00bda73983d49c5dccf4ba624ae12c2475b69394da76f6a,15.526735538775249,52.20250583936766,25.201429775019918
27216,9156.769298248173,2563.5153340528364,True,0.8256761116945847,2.198588830791669,33.20214604942426,100000,0.1921,9348.482799863867,9358.449198598659,cbbc10cdf89a4f52a0489be62cf4107597380ec7f880d29d5004dfc6d76865f3,15.178471307994855,33.21835803479996,32.99139023954021
27217,6685.23429909218,2043.139000686673,True,0.8399703682419732,2.3927839967662785,37.17186268951035,100000,0.10226,6983.354077950798,6990.799017705953,2a0ee0059314ef48ffac3fa39a417ede16884257c47cb775e3b9cd02d737a184,15.654654086768886,37.12648688056319,23.441142902100886
27218,8629.60598337801,2407.1560010475164,True,0.8452279809782626,2.521778896191292,39.164905681330055,100000,0.11248,8984.25074420072,8993.828835872599,91b04af4cca6d3805aeb110638e8a72079ec40bfd562423c0ad81559ee63d072,15.590424490578286,38.79199764383692,27.891608855576116
27219,6521.526218383141,1965.3228173293278,True,0.8589140848797707,1.99186626895288,31.202916116386803,100000,0.16473,6653.858343495758,6660.952008510266,b2ff71075711825e28718ed05440c483f1964faba850c3ca41a6ed8187bdac9e,15.620502806799596,31.279095110811575,28.2243174343782
27220,7210.480521555347,2068.6099986831805,True,0.8725325625317568,2.1489134702914536,33.215519773092154,100000,0.15253,7431.795155040418,7439.718176927085,4f09d420ea800d13ea2af0a4a9f0283562b2de45a1d4b067c3a4db0353e37561,15.496791573823025,33.06955313346431,28.982487223884608
27221,5768.448499574976,1836.1344771403685,True,0.8471344021264129,2.4232095482140896,36.8565715824036,100000,0.08991,5985.054406619759,5991.435061100581,b102ac94e01cb2755875bfb7beb6a4f5ef7eb73169dd03a95dbd8aa416def7bb,15.251925984417504,36.76658971818874,23.494264746497997
27222,14489.502283336516,3973.984782995644,True,0.7232585390506173,4.546505811346946,71.25038036339555,100000,0.0325,15630.044841643055,15646.70800105292,7f798996a8d370c0437efbdec417563218322f7fa73c4ff3dbfdef2b8fca60da,15.629508485476293,70.72852699159333,33.41601090773507
27223,5994.372712911822,1780.940441538533,True,0.896046518866422,1.946687306300049,29.92771456016459,100000,0.1711,6097.979645004698,6104.480688855334,e3235916097fb6f43bc57c3835fc42f4b17eb3fc0392720b1c314e885e0b2137,15.475317245710109,25.609531136078346,29.90579484735197
27224,10872.34077084407,3002.764342251436,True,0.7903963241315569,3.3527788769098206,52.069261486300576,100000,0.05938,11145.504944301096,11157.387144734425,790da49f71f3d9548a2f87d695e60a922f19cd0658520b31a28bc1725ca84c3d,15.591540335192295,32.87380620204425,51.47178705030055
27225,11823.2973773017,3338.8743510724694,True,0.7516975311925418,4.063364574620625,62.094110620144875,100000,0.0391,12446.386758026443,12459.655825948326,a33ae8a786a445b67497a067830e481f035724a902539447f7b03060ab68074c,15.205174060548167,26.87055934428877,61.77575702565683
27226,5417.564261310814,1734.2047814938637,True,0.8601742936346519,2.0549036290044076,32.08986007633901,100000,0.12711,5584.682537548818,5590.636356384237,dbe0b12740586e16e671c9d97ec3b8cbc1c032e407e2eec987c83930b1c0924b,15.723718059866307,23.229110138267863,32.0350190068726
27227,13177.128696118385,3446.228181070026,True,0.7828657380776951,3.389330606788215,52.07531009991368,100000,0.07296,13699.216249112173,13713.820956037967,0e3fc3893f340bcf39dc90e6ec99e78692478c77828a3a56dcd44d5e253d8a4f,15.51706933030875,52.06259640115882,32.330935933613404
27228,8559.237965475148,2355.5607750604095,True,0.8590396531422203,2.2848496886982264,33.15478856960593,100000,0.18333,8883.572034213628,8893.042792515018,7b81c885928460c1c65dd79884275e5df543fa76faa583b4930659e5a0f287ce,14.687344692272937,33.09812755398404,31.00976440677742
27229,11828.045533955135,3225.468030243587,True,0.7783352649400337,3.2807012920494305,47.055027866526885,100000,0.08909,12341.341371157958,12354.498450403904,a00ac4d31eb4c0c24b06d7bb0ae1555099dd731feda4b2cc152b01b444d7b1fb,14.285382605475142,46.7103865491451,34.9581176264261
27230,12534.829528613229,3717.8637382117263,True,0.7018908979601696,4.058370933553463,57.85879452820011,100000,0.05133,13218.881484865826,13232.974107864298,b6e8ed33fdf054aaafeef33ae93d4463c57ff5321a61cac200e9ad1154bbb93b,14.422321585276443,46.06384984288587,57.53390383626929
27231,6492.764146988698,1981.1338725045673,True,0.8495521680479867,2.3053124102300466,33.24229496797227,100000,0.1362,6652.201649164213,6659.293547980224,0129d62c99bb04caa23301a0c246cdb14dd1e44f6b143d5fe119dad833c66b53,14.547561945822828,33.274758146651926,27.772249360449486
27232,8227.581514969526,2283.397899928492,True,0.8631454583063863,2.3667552758195036,34.265183217300546,100000,0.1604,8579.833116716089,8588.98005956765,b2bc3a0ae825e2cdaf9d8eb16dd8eaaca6cd8886ff6357bb8c3e2a91e4b4df93,14.63966568121971,34.31537635677901,30.22463548928391
27233,10896.667696850645,3029.9754587956945,True,0.784466047241492,3.0333008835566324,42.94025012923262,100000,0.10694,11257.687554045919,11269.689352134155,5bafa73977a74cb83e451ae5b46cc018e609856859e66a27bbc93f2a60168795,14.273230114978084,42.8983162912158,34.92040360851412
27234,9888.60884061675,2703.6247216223564,True,0.8240644533436426,2.5371863333520555,36.11588893736524,100000,0.16288,10201.827802162923,10212.70395029056,bca090f37ff6baf86c07d7e0ac2ca9e97a45e7332686e3f603e6e8c4238b3c33,14.354655075691067,35.6044823069045,36.16879307155083
27235,6998.501471397413,2067.3740239889885,True,0.855858118805299,2.2144424995962604,32.17346343941588,100000,0.1633,7230.942875999604,7238.651769675032,07621edc5fd713bd57af7ef870feca252d3f85e67ecf60d904ca42cfc45ec7d5,14.507906975732698,29.17291094091567,32.22059253625096
27236,8257.89668207048,2435.086697580369,True,0.8113644831617343,3.2169152179965517,45.85891359335956,100000,0.06738,8640.076628867286,8649.28779720614,5836dd62caa446a6fa6c61bebec6cffce2c282b34eb6d8ce33d08533958d8d1b,14.129382069047793,45.67977721213549,23.22055341616888
27237,12554.40006344614,3487.677711903157,True,0.7489941421708665,4.11892925279982,58.270480649092136,100000,0.05132,13500.434639029818,13514.827425280393,7d16ebe55436aeef5d68e9ff1ee7d93bd96ae4c364d28c18f6cd7d01d09d7386,14.236861208393297,58.18512349970382,31.596371465242584
27238,6604.603539816104,2022.6737208270529,True,0.8416330752665357,2.4433780684498365,35.12170148490405,100000,0.11966,6892.724846707843,6900.073166821616,15e4b6064ffb52a5e8e931334f16ef5b70ba4d76486e4fc44c54a14d8e46c108,14.521142935714117,25.02935708848509,34.993081972630236
27239,17370.253186370155,5145.051451603786,True,0.6304226885952899,5.467000686341536,79.09500998249979,100000,0.02774,18250.258235184643,18269.714798830188,05987baaa5e5025e21d9ae607f846138f8661f64dc6e4b18bba6736d539283a7,14.849624676890222,70.44399326566389,78.97914815147074
27240,7472.727739566889,2187.8509641939386,True,0.8448621022413123,2.519339319324751,36.72730222225779,100000,0.1167,7686.935621590697,7695.1306482162545,7f0514c58b6d6c6fb0c2bc3250bdfa322615e4ddf0e9174a51b381052c6463c4,14.709750804593241,36.79903523441064,27.276477871120164
27241,5675.618922540743,1786.8623818956767,True,0.8611295726689004,2.486750180293186,33.86622497759974,100000,0.11436,5905.950677087401,5912.2469992410615,859cc2b94dba8687f6cf6b8224202cad021e71d47976835d499582f6072572e1,13.799494503812003,33.899297462929425,23.0845947601217
27242,5449.467816061532,1755.8454091236206,True,0.8529048344379855,2.202560580485962,29.864545614286,100000,0.15847,5612.160641798268,5618.143754985435,1ed098d97fb5723b285278835712c13268ebef679b66a8f3cce1686cc98a37ea,13.630802740700119,27.7574036019499,29.820798721296324
27243,7406.188182599178,2375.4091784673824,True,0.773527080856578,2.851070310772664,37.92193688212322,100000,0.10676,7740.97027649308,7749.222909355689,7f8b23b48afaa3f55e95cf1e69756e7709bcd0b5619de1a5d9c32f28b6acb604,13.31804350706403,37.968228308981274,31.765177110001165
27244,5777.659237462198,1771.6423646803614,True,0.878906514549533,2.079519220335348,28.066826629302668,100000,0.1987,5841.079331082849,5847.306494024838,3247e1d8e867b2868942f03054bff68b0c50176d15ea6156cd910463fbbc8f75,13.605147527461043,28.01886086113735,27.792736525500885
27245,16506.04811811594,4573.705325257732,True,0.6854535267278761,5.413237761016705,72.96953807162313,100000,0.0335,17305.52980397157,17323.979194534262,3358795d1e82dc8360ac700b70db279c33a246ca813941076c2f7a77fe69e4e5,13.80203848168702,72.31038941228474,31.02452406048137
27246,6363.907565131155,1981.4657384449872,True,0.8381340135957676,2.3480988339822693,31.014147771808425,100000,0.16529,6556.037616587038,6563.026995121075,5f7e3129961594a7ac1a37265e4e2a3808c78bf73f168673fdd7694a1244990d,13.326391620698931,31.04443502549183,30.037383840518558
27247,6791.132360016498,2283.95127863956,True,0.7593210143201417,3.7888626085521837,51.92895935951775,100000,0.03831,7132.738664795253,7140.342863158377,f22dd4ae7de375f6e8071c7f79061a392f395c3a82361ac4ebc06aaa63aa7e1f,13.869697641433692,26.62373404662775,51.94163732811138
27248,8032.310331079188,2436.874398712604,True,0.7959356647828297,2.6946120954065775,36.801895451284054,100000,0.12644,8379.350375906046,8388.283584510335,3d099650b019afae2429ef3456f70652488a95f491d10dd31c8267b6b740b74c,13.832157726379833,31.02464477375094,36.882758991094
27249,6467.034405556323,2076.6435488743914,True,0.8083366711336614,3.038798170262892,40.9307352232685,100000,0.07497,6835.203511970394,6842.490508704749,cc74b07ecb6cbc515394f100fb738ea9c3c4a64f05f6b9b6386626094a888ce9,13.445386778053653,41.010678065501445,24.062795512116832
27250,9307.031771289418,2844.9210986304756,True,0.7521215447199131,3.7558780894317905,49.9120778791316,100000,0.05955,9844.96141215244,9855.457105738524,27ba73c3779bd8b4a88299a686dee28c770eb203a868f11c6d9f3b8cc84d85d0,13.050741066540514,49.57088203425473,29.793708597284372
27251,13077.723924976337,3486.9557747613508,True,0.7698257999260423,3.3137648933206942,44.98788277161377,100000,0.11175,13528.495384658207,13542.918086413332,c533287645c51ebd0fb93c561c33423205d3adea35752d9aa77fdee8fcf54d8f,13.762162381062517,39.66094841022883,45.053782990517504
27252,8911.97598540731,2717.199644081573,True,0.7650302017348793,3.3561112589737148,45.963372890708015,100000,0.07296,9419.672396525992,9429.71469034679,96a53d443956074c19b345d4931d2d79f369bd155fd35f7b7d82c69c03e1e0f0,13.85297456874488,27.212201967765367,45.50329030073755
27253,6739.9542470594415,2096.659716302232,True,0.8229892056746734,2.9010127800324983,35.89681854576173,100000,0.11393,7006.825119192285,7014.295081377361,98e4f7ceb5154826c3e044b959eea8453293e28dc1810ea78f3f3599e38ee0d1,12.29571201652923,35.826707572039545,27.045308113335132
27254,5746.251930893984,1920.4048779983161,True,0.8078816909970022,2.5346830147789126,31.89846561478274,100000,0.13879,5989.393632614118,5995.778913135056,83b0798b84681dafec2f0aabb26139a6b8c372f29a11641d68799d19b265c8d7,12.584941512082253,29.72569415322894,31.843951635460602
27255,7368.440700465221,2361.0292719654663,True,0.7755916917091036,2.9524759624970667,35.886138475774516,100000,0.1247,7662.349210496453,7670.518025598531,6aa515d6c6cbeb70c0bdc882b79dcb4738154da6626a9a9a21bcf1abcb0d4e64,12.125589758415998,34.475574927288264,35.92994479715608
27256,8316.863094145481,2469.499787964299,True,0.8038620006597729,3.040995281143593,38.1221529516522,100000,0.11781,8678.201224339795,8687.453037233301,926b3ec4be2c2489b8f38e703657e77696a7b58544cdfdb2940ff098de2eb8ce,12.65774609722827,31.011477938209257,38.08492428666035
27257,5818.194662488968,1904.947915431725,True,0.8212206292167854,3.006038864164108,37.983952037269006,100000,0.0822,5989.458578930296,5995.843928690369,7b32350acb0041df71bceead04c2e0600e54bbaa4ae38d8cf7ab3a93eb1f49ba,12.709230045673134,37.900491205155866,27.653355706820356
27258,8614.538907312899,2747.776478547397,True,0.7395895181107571,3.6887067715463364,44.925022193881134,100000,0.07529,9076.480935019083,9086.157353112132,b6dcf67c45ed8a443abcb9e9dcd7b323f822124da6419eb3b29df0bce1507ac4,12.26773372164454,31.97178703495203,44.82630998691216
27259,12404.18012314933,4126.236227838659,True,0.6280228027646814,5.874073656437149,66.00218991302131,100000,0.03434,13127.76000852563,13141.755487101209,c616ccf701216a2a1a5533db1f4d7714bae59eaec05f7326e30cdd40d83d8484,11.203130502204122,65.96996228122785,46.53670030976698
27260,6456.679618784474,2180.822631238962,True,0.7689001351894962,3.641982306631408,40.85194657106781,100000,0.07467,6768.613544488384,6775.829549792163,df589983bcd676c323acc82e443ae2deb0fff2089a2607cd395d6b4c48fceab5,11.285150767862117,40.97163000828774,27.806451914095966
27261,7045.062907931492,2312.4827565602977,True,0.7685324420363506,3.1625108308107697,36.77175595229821,100000,0.11188,7396.237812894319,7404.1229271699485,345350c01f6f4ebcc39df865fb695ebeaf4c8724f4a2501279e18339f8d3584f,11.7964080374316,35.84707556580243,36.574251403726294
27262,6544.239404890817,2256.874108434119,True,0.7496920566566926,3.3127460805462623,38.07380564432087,100000,0.09269,6801.8499903693055,6809.101428981275,20bf15fab4117fd6bf2594b2e7cc42824a06b26238242bad50b0b67f0ab92125,11.554135843723351,37.9715566545534,30.98144389954137
27263,5864.426718727639,1933.4263760725207,True,0.8134050442691886,2.7628523265403886,31.964669146891026,100000,0.13934,6050.646053185939,6057.096634789408,ac404175c37f182edba59dcd3d596a90733e1fc9a9323a247b98904a7604d5ae,11.713615329463728,28.741669059570228,31.995884644104784
27264,8747.413371883275,2888.4464668166174,True,0.7107871509638031,3.831964552072811,43.84648380280203,100000,0.08185,9173.56832736481,9183.348250131818,c25b95595d9f4973e08823371231f75da08631cbc6e89d020fc1ee69df1d8aab,11.566436950421778,43.803664970963354,39.80010419404735
27265,7022.384134846109,2399.797947047674,True,0.7389796890224065,3.5221390416698584,39.83164581662865,100000,0.08712,7320.115320903028,7327.919281142851,2c7fcc6166c7617585bc868fad9257fb16d843a3b886be7e34b4056dccfce236,11.436038935633619,39.909441999864256,35.786244288377304
27266,7360.120989464563,2501.5390149887894,True,0.7314761091823103,3.5682050262033234,40.87494646405494,100000,0.08352,7583.634224339707,7591.719121553154,c73f46b33cad5e5db1988146d1ea7dac31566c00e08c038261dcde50b1b67a54,11.590881425292924,40.77515411428918,37.8312797961993
27267,6878.383045229367,2313.1353824657135,True,0.7561488759547065,4.1185036304599345,48.21357798239595,100000,0.04922,7334.406853550376,7342.226049964447,9f40030ffa422600bfbae206e5650a05b4e6de0c9ffafb2bc9a1d1734e1fcbe2,11.835632973949977,48.17826530320961,28.803375322979218
27268,8504.38016261917,3292.956453580022,True,0.6118710620538137,7.361350809165102,85.94131792297901,100000,0.01131,9545.175869477522,9555.351962298739,9e9225df4760ba073b41848696c44bf5832494df2829123313344b6bfb031f4a,11.71831690917573,30.612398156647064,84.82928426821391
27269,6517.566615952625,2238.6874956175066,True,0.7537274003583734,3.419542444893508,35.876942437483635,100000,0.11018,6764.946106143289,6772.1582015984195,53a496c4ddd370bfa4b08bb15671c53c9286d6db51b61fd9bb4fab027dd18f6d,10.48016641270732,33.8623680330351,35.77183420768632
27270,8437.04607075142,3002.5594917410135,True,0.6675023265469048,5.457896589030266,56.00937420066552,100000,0.03895,9099.235901708604,9108.936578825935,1f5bec2327838e165fd11a8b823764e55ba50df96a8b3e71c184e10ad4df94bb,10.45389808994355,55.81793590994059,35.18362300251766
27271,6877.818874147694,2399.188145460003,True,0.7289878790640762,4.3477391181373894,45.86346809185551,100000,0.05537,7102.160803459936,7109.732402826511,30bd4b4d96263507b31df45d6641d49e3a054f5a1dc7625355044721d5256d50,10.65127539608827,45.59473683350478,34.867880771005375
27272,8025.465798009677,2871.23211576241,True,0.67514333846833,4.911170817415758,51.01704883408219,100000,0.04738,8364.81529285104,8373.733005632483,0a1ca01f5a19661b68cb666d92244e04856b7658439a60c72bc73705a3525b53,10.43445621600399,43.50648231871316,50.96722749733016
