instance_id,mesh_volume,mesh_area,mesh_watertight,mesh_sphericity,mesh_elongation,occ_scale,occ_n_points,occ_fraction_inside,occ_volume_est,occ_volume_known_box,mesh_sha256,occ_extent_x,occ_extent_y,occ_extent_z
1,7442.123167069028,2801.996116292146,True,0.6578817379367394,5.242413599640219,50.13575990117664,100000,0.04665,7816.453620743662,7824.786726247957,f76e9c8339cd2bb7cdd7a25fcd48f9387e66783887e153e11733b466e78c40d2,9.577937529948908,32.62006839273334,50.0133581436054
2,16203.333530945318,3626.5954001510627,True,0.8538624841812154,1.3925586827600493,41.03697606388498,100000,0.18327,16839.637343284478,16857.590046830654,fd09ab7421194dae6481f6c6653406890a6f664b254f93d62ef2aac5ac8166ab,35.206038546995075,40.906731755088465,29.395138616073858
3,39440.16129839994,6826.551828604095,True,0.8208085171478396,1.698291417645737,61.576445184265864,100000,0.13207,40998.06122995598,41041.76918068112,785cf1c587bd17febe43ba032a975e99381fbcf1dbd606d03b72166a84bf03fa,61.8169781732669,54.27025564335932,36.2002148446563
4,70614.8126576975,12255.171965337078,True,0.6741583567302274,2.7679665364516195,120.09461970970096,100000,0.0327,75306.7158109598,75387.00014941848,1f5360e526df1a76098343dae4ceddd4447ec04a022693d2df8c48e9253e7c0a,117.71970169298082,43.08570401938613,87.72536674107064
5,60821.143281662924,11585.139806166697,True,0.6455837126026426,1.8311046885256397,87.19363429136814,100000,0.07335,64650.18307100266,64719.10650131292,74cb8cc5854ac446da0e2c77ab8de0c69a8f3d5d1763e0751e04e503897c3a11,47.68401875309196,87.08719674950856,51.02615756748277
6,21892.783723095956,4203.393309418693,True,0.9003639276328973,1.382226050477641,40.47737320479487,100000,0.25232,22248.66417239841,22272.38342858209,b6c1d43b151c47656dbbe564cfe782d79f40a280c1a722f916d1dee597f9a508,40.21055458259529,40.54654840314291,29.369812784338464
7,45143.757379832125,9127.949292865283,True,0.6717010715325668,3.4296660351226227,114.05314932619535,100000,0.02485,49018.89762602284,49071.1565743185,d76f8a56ddf17cf6f3bbc0952d0fbc14432f92b8d0b6c404af6f1163e7823703,113.4684041758413,32.968488477103335,73.51081890164934
8,23298.856746432317,5042.460509374449,True,0.7823444864421663,2.1715486881861934,61.18738346189039,100000,0.07737,23565.331009728412,23590.453961782594,8beeeeac002d57b738f7d6a4be0e91267912bea42ae017b2fcedb4ae9e5034d9,37.689396600182974,60.81392531087788,27.867447228553836
9,25012.486239368674,4470.463998494198,True,0.925201009275506,1.093002331635831,39.1715032479612,100000,0.31675,25312.942949674674,25339.92902730764,d0404f1f901c90bd98f1007193522944b2f782890e256dbf4f59275b915762da,39.15237653739091,35.862582319300415,36.799791137244796
10,18853.704955086625,4612.406055169739,True,0.7427130619647486,1.7530293080492403,59.27802542134516,100000,0.07234,20034.337794123636,20055.696361403305,1b26251d543e99ae0484134f8800f1fdb2ba301eeffc32a2286b1422c1c3334b,34.009609311562784,35.109494548872895,59.27802542134516
11,53523.59818671667,10115.599508958865,True,0.6789785153345456,2.5682894748238043,85.14343629403209,100000,0.06874,56412.89025732123,56473.031926308926,a5c6e6076fc6566d097245e086ec8698f4298cb8733bac9094234adcdd1fefc8,55.563575491686464,85.2889450962924,32.718693536817995
12,130526.69951110163,21468.75792276711,True,0.579620107664497,3.862600678918341,231.46672394852504,100000,0.00863,142295.70513636054,142447.40630177935,a8c6670180b007347714d2b436a2b08dea392af0eb86463a2ea6cd346082eff1,232.3143804082975,57.0896625656732,94.06161181941405
13,59867.907160420604,11363.244740399077,True,0.6512951062093764,1.8159969261937783,106.87358578291273,100000,0.03878,62941.08847494617,63008.189842940614,cc6432f3fd2b9f40ceb163a3eff97559cd80ac611d75f1f28cdbbb3a644e0e40,73.03202309725896,58.107293832652985,106.03863589398374
14,18691.53930929603,3678.863697670484,True,0.9258354503783828,1.292099560412629,39.274691537282024,100000,0.23515,18940.81372800943,18961.006491478773,d94cf1c3f51065c54f9a78d9cadaf51d70381f6e71f5ed3e4a71428e81122ce6,39.504816683008286,30.299810853957815,31.479202225804904
15,91282.46419705103,16397.846457161733,True,0.5978912705593904,1.7755867040126514,116.30553027624586,100000,0.04558,95343.41857313781,95445.0640001639,5e98f02e5431ef07fb9ca5a160932b4003b56b228eec263c402417034a4f61f9,111.73395059497741,65.64902001920909,116.39071499080366
16,13172.523475632921,2997.7033178607835,True,0.8997906239218237,1.5232568893371892,39.62309647556104,100000,0.16355,13527.298881411247,13541.72030757665,e73f1071fd10fe137f009a48125143e0713c2e15f6247d918aa1c990cb4fa3a4,39.67146451325094,26.234823642998425,26.041351492238853
17,101402.74472444679,18942.296583243984,True,0.5551597428867282,1.9814180640741603,131.23843022673398,100000,0.0375,112701.48810797815,112821.63893806851,5526b20fe16513964a3df49101b5f76ef4578c98b31a7c02ccb1779a74c1c179,131.3345521238727,66.3561496580972,125.15071007461496
18,7074.695481032864,2007.3153868956765,True,0.887851524800301,1.4991846891171432,31.33647704238086,100000,0.17589,7196.2618961253465,7203.933816477795,a9aded13a4108b8483f2b3702f78a8a3d5982b146195c2e0d1b424e52ec20d28,31.344127549471285,24.85649753679087,20.786427764684767
19,14806.54292054047,3878.980100667736,True,0.751742353735109,1.416916976457855,48.34683722241188,100000,0.10262,15418.833449129568,15435.271436498135,23f15573ce2feb6807a99dbda5042d0eb7b5c89834dce37ff01e69358a2b7415,35.65815313694,48.31142694124311,34.27715217135842
20,28388.737207679074,5812.731031279934,True,0.7742263475447673,1.2798137717492515,53.14193400593075,100000,0.14711,29354.153728528603,29385.44813285538,57fa4359ceb14803b0fccf7f609accedd1bbd3dc66bf5bb89ac01a895b336175,41.530110047115315,47.18681981923099,53.03814116607541
21,6363.497503072972,1959.2354408530728,True,0.8476074169254992,1.2013762037616391,29.918961071552772,100000,0.1821,6484.324993185202,6491.237919035479,b7fb3f5c524f1a994e1dde2d273422ac87dc1b2b29bd4d086c6962bddf063a97,25.295254441110167,29.85322116685454,24.776639637379642
22,31624.81786001405,8033.2798731010225,True,0.6020186082388805,1.3638936737003922,75.44437949626251,100000,0.05926,33834.33318101036,33870.403895652176,d6f93363c8d5b375614a57b1ab97416c62b4cba2717fe5e0f1db0a772d3e1ec6,73.74982800367069,54.92557120553096,75.22335104070706
23,33608.89644145728,7020.065106386079,True,0.7174293718374558,2.116383513083218,78.68769299558917,100000,0.05377,34831.78860951738,34868.922709387945,665670a0e8457fcc814511b300d2b8e459495f138efe0c8ecb8a8df730810a48,78.78374730832793,36.63511487856165,53.214089257271006
24,261999.10092267473,50588.42803110927,True,0.391410802319974,1.083418827807754,179.58094907240397,100000,0.03697,284672.51584920246,284976.00464653247,68aabdd6a3177a0e749bba67cf8e6384ff5271591e7505dc21133003965f183a,177.78338586147416,165.6827164415563,170.2423889765978
25,19230.310704349107,4060.9649193124096,True,0.8547630776335732,1.5953851867649018,48.23572484800026,100000,0.13075,19510.27660420087,19531.07647089864,ec5093ff57cc2689b2b446ed8b1cdfdbff6277b376a8f75cc82c5ea4bab926eb,48.01197514777761,32.06686493191033,30.371077730222822
26,34744.65801884782,7332.808633337643,True,0.7022188245744844,1.323043784129469,53.52360036445255,100000,0.17582,35844.253115461994,35882.46660170865,efce465d5d42cd2339f7cdca77cd6f329be5743609566bb8312c705a5a0a0042,53.75881149886665,40.325642266772604,47.90466770900464
27,24139.849336130428,4616.1815162064395,True,0.875032701369495,1.9173915206030485,56.134007572991706,100000,0.10636,25013.34521645024,25040.011893541607,0e2ebf97f415736f61b91745a47c9283124840079f65dcc6a6a04cb8c69535df,56.31216726499582,29.547099689299344,29.17707571359847
28,15193.133534872773,3506.4103569357276,True,0.8460310209200832,1.6655202024092897,40.53901293911119,100000,0.17771,15741.520482623058,15758.302485989861,bcaa6881399ffc7aaddf65ebbc92645918aa0179c7a4bb78b13e927698017df0,40.63798513866956,37.1541637142147,24.17890835211148
29,21384.499639262325,4913.452413811465,True,0.758280868460282,1.7804069185257982,53.67870776756469,100000,0.10856,22324.991038034495,22348.79166613631,acd5360e18c8f95aa2ee0173ed1a22dd1e70be3d1010f50d8592e388e87de60f,53.835969606727474,30.023906126828784,42.97179755123159
30,6554.071355532903,1981.2780159865756,True,0.8548294596816042,1.0980145556172065,27.427494277935494,100000,0.2439,6690.914824183582,6698.047995037714,02358ac6db7f6c2a5619a4b644ce94250367fcbf8cbb839b8dee779bde935262,27.507848265077882,25.01687466366382,26.98554734865235
31,260814.45529338848,45967.872736251236,True,0.42945482862425777,2.9818303512466953,277.1171720044322,100000,0.01072,303319.54934692185,303642.9177092075,173bdbf05c81a88da570d9a0aff4551163eb7a7a4e4fe7dfaf5e7fe58cd90e10,92.1806999160251,270.0809938090071,244.3718811718772
32,28660.010259305214,4954.74536669267,True,0.9140718727011853,1.2975031906714054,45.11319638225845,100000,0.23734,28973.23818830974,29004.12649934423,66329611aa52f5ee07b8d93979cde1e010d8b6e620e0bb46fd28213cf4c6cb14,45.31144773354768,34.760070259376874,37.921077916043906
33,7434.211120071031,2152.2036279568,True,0.8559019690357119,1.3266230325061061,32.06435797641694,100000,0.17383,7619.1702368879005,7627.293018972939,5860da55d4bafc76d823ed5fe8a6c42f75f36039757f33ad8d978df6ec79d95a,26.091431917821694,24.165691668261502,32.05652976402036
34,56958.5975383785,12850.41979454504,True,0.5571083495287255,1.953948478338077,96.17494919822616,100000,0.05113,60475.15512946136,60539.627570869445,82705e66e1b986bdaa6b3d4650f23369b017be891cd688d24ee5c1053c9e88b6,77.83690346487298,49.003202875170416,96.15146898601957
35,41296.074376535755,8574.468928383705,True,0.6738285476392719,1.2253875570476251,62.98463248404738,100000,0.12956,43041.76180185153,43087.64853765123,71c29a8ead79927e3e57313a4c9e70f3f5b100b35ea4e57563c2bcb6719cd691,62.78473008602672,60.83183742844029,51.63632711949002
36,74777.18749283969,12800.151767250154,True,0.6705766443035133,2.386591333354833,98.85941554325694,100000,0.06113,78527.86917097053,78611.58757455603,e96c2e1bfcd56952a78c2893103d29fffc9a7b55d223f5c15b38d418f8ed9b6c,97.99053396133378,41.13912934411168,51.698454124427826
37,11479.344569745122,2837.6376031171762,True,0.8672385779361751,1.1838344275035761,32.14683348660046,100000,0.26337,11633.119983583738,11645.522029430977,65ff49a62da5ee06427aa49d11d50819ba4cdc62efe5973ab9f44a6dfa6d6081,32.22531696679235,32.021259918293424,26.998317186012102
38,128180.05259240547,25480.55367333591,True,0.4824906415392723,1.0381501291121606,141.8442935048954,100000,0.03728,141457.77112294655,141608.57896859688,eed46059083f43174fb7391943a0248bd39e3bad3b53e37176208efc5508ea9d,136.8922100158329,136.75369019795704,140.38983541719873
39,37032.64419563587,7879.029994815204,True,0.6819217130820628,3.7899474044705714,110.46084006164963,100000,0.02248,40284.37533868541,40327.32243031544,519bf8301fd326d53578b53eb39916442852ab6595cda89d93332d260725d382,110.3799361260576,46.128727276721605,28.120859612862585
40,69686.76934518204,12456.6442487882,True,0.6574306545836027,2.8438578868164233,117.09030380906503,100000,0.03609,77030.90180983496,77113.02429952373,de772ffd151a39e33a71010ad2d0f37791a3265083de4b9685e6acb5eef05ea4,40.692882683643575,117.31899580869211,71.60918238322947
41,24386.6239238863,4947.319591510691,True,0.8220191697084127,2.2382498810667704,57.95923108403434,100000,0.09676,25048.343314860096,25075.04730335389,e92bbd0e3236229b3f16dcae9e6bd022c42aae78c8a8a3caf9669e30ab4582dd,57.84602946082333,35.89906476078983,25.774594584855606
42,126845.06177721529,19742.037716288134,True,0.6184071801640879,1.6974045119315775,124.19002852000938,100000,0.0531,135229.05189541186,135373.2193160052,33abdd69741a6ebe4d722ea7041300819451883320374b63ee39b8fae9a7dc93,72.91919399185122,123.25011375337846,86.92695599777024
43,54822.96989673931,9189.484302115805,True,0.7594537951427186,1.692091038560685,73.22261817997855,100000,0.10869,56733.640360618214,56794.1239806467,1d8f439b887bfd88bb7a87fc05b7269ef29432d1be7a6b5013f6b10a3beb42f8,72.47180031778151,57.240923684641444,43.24353353939651
44,132027.4453352288,21429.4792640073,True,0.5851249989035384,1.2893799386646108,138.38673008214957,100000,0.0417,146938.19455652422,147094.8450705887,5fab984470335be54b6d43a6d0765e946e6d19631c7d7e98bb053e2b852c0996,138.5556591960194,115.44615641862917,105.24283794089257
45,97506.68615837848,21016.14103453773,True,0.487476945807869,2.3928371929181944,243.00903219545972,100000,0.006,114481.1015148466,114603.14958721532,6fb4ad6eda4fbbd4edfca4e86abbff29fd723ee2b669aee2c77e844afee8cd5a,242.00044978644536,130.16645913985317,101.74816655644858
46,12051.145135385408,2897.918674907656,True,0.8771694050834693,1.3600992831024463,33.89267096276993,100000,0.23742,12289.946391830117,12303.048678991836,c25185a1d5a1c6af97a6559c6c863739f59eb4418f46213bd118fd3db2dfde66,31.054490752752812,24.749262414464074,33.619609893001524
47,30324.997747658996,7920.333352396614,True,0.593755777743595,2.56999267074893,101.32799761591562,100000,0.02366,32727.921387323175,32762.81255857418,c7cd490ee756bc9a85f1ff38ca34db24aafc0b4377cab326e9f042ec390e9c40,100.93218512522846,39.4080811040414,54.993197924848744
48,128879.88109182617,23798.872953321756,True,0.5184630595360333,1.409401702414069,141.65913314095818,100000,0.03683,139203.69399026595,139352.09876881284,762a9f9c116812958eb577fa7724561fc784447085ee426d7e70e45c31d3a4c7,140.7599296591064,100.0882644799641,106.65936684734254
49,172306.7552317902,30270.1674130126,True,0.4946949812134793,2.3614955302013265,262.60299948090767,100000,0.00813,195751.40787102445,195960.09805375326,a852092dd211384f62b8f17b0b1f6ea5806b179dc7e7ab3ce9859da3a5377948,260.80786178914366,110.91386452684823,174.96181288657155
50,17115.193872694203,3479.854328162036,True,0.9229487990206227,1.1461329350044298,34.98259727238077,100000,0.30604,17420.059984317733,17438.631475275633,770d29654ca4f0480f65793377148646de7084fe105ee6e8036ea66a951d6127,30.353552418467103,33.009701771912034,34.97405659921857
51,72649.8761927027,15621.304218593199,True,0.5390016400620052,1.6079358992169943,125.38068173605177,100000,0.0299,78357.10294536191,78440.63929541734,9de6fd40bf47cd13e8dae0815bfa332b6d4b4b301bff903ff1559f4fd98ce845,125.4419027720557,77.84254727899895,119.53407279767632
52,80369.36756630785,14625.708863574353,True,0.6157828190890888,1.558296726672872,103.34386093025341,100000,0.05867,86096.4883639474,86188.27565725161,aa8d4e919781ae8e99b90fb9fc97229a8e20ffa5384c85328dd7a7fcd166a494,65.5991304733054,103.69708701741736,70.59475656319557
53,63139.89858451489,10719.597393027361,True,0.7153329607898167,1.1923459656560502,88.47976671258104,100000,0.07349,67682.35409042888,67754.51011217225,c7fee6446e509cd9682ac195932ddab80327e3f09d185c88ff6af1bb3f14352e,88.37175918485572,73.59632939203213,76.27491607962004
54,48249.89813837376,10318.89068076446,True,0.6211293436497861,1.401224093444546,78.31190356819467,100000,0.07868,50241.54603083484,50295.10844213897,47debc05e78f7d6541e2f44e34563dc99aca484b7dd6b42c00b2a550c92489c6,77.9295212265531,64.96675984490369,55.44543953802845
55,41130.85988447912,6675.094080933208,True,0.8632539866091057,1.4670654365239681,50.21312703703559,100000,0.24928,41961.84176204978,42006.57719726427,1979514eae7fb53d0a43f55e4759e5e67940e5d55bccf85129606055ea104999,41.91374056143181,50.151831715945455,34.239566360947364
56,22524.951681970808,4493.593131878863,True,0.8583537116559221,1.4584518579490715,48.30680002510776,100000,0.15268,22883.49007834551,22907.88612115235,efe8bff887506b42f7e57437d798edcf3b93698be07ba4da6244cdecaf9cd292,48.36576828685716,33.09298849376279,35.82911583893491
57,16870.304420412092,3731.327649007182,True,0.8525162864710782,1.0717751319986872,35.91543510240098,100000,0.27725,17077.734315999023,17095.940854249544,4c6c603ffc2f8b6693deb5e3a1619a453e44cfff7bb79b1e4ed201ca06267726,34.0214570794228,36.05572977076973,33.61810990786263
58,66723.99417960068,11418.455500920192,True,0.696730439104489,2.6466691150556834,122.75628710789937,100000,0.02838,69800.56299467017,69874.9772346716,454d870ed0b97bdfdfc42d71a9e90cc4b35995512a66031914f6f8facad0571c,122.27677036138411,46.00363786880506,51.24835228381542
59,40904.64091312851,7448.350689229323,True,0.7707953119394093,1.4571360942323541,65.9299931733974,100000,0.11121,42374.85593424726,42420.031683041096,e0d675f447ff237f437fe6ce25e06dc0eca865e9ba9831152431cbe67c21cf38,65.59197318886584,45.37515887592951,48.62658920332851
60,25624.923132436175,5292.718371818464,True,0.7941704431493447,1.9052412215241306,59.23558327657494,100000,0.09707,26825.53170595806,26854.13035142579,3d82939f89f72ecdb1a7ed96ca4e619f2e2bdca4deb573295927ddb1fd931298,59.23558327657494,31.23751461850632,38.75765702666524
61,39370.84921849895,8086.091069015801,True,0.692142235406011,1.816157891825417,82.2524717227025,100000,0.05655,41840.2993973636,41884.90525650722,9212ba6ac073f38c5b872ca8c43ec881b14c8278574dc8746803e98218e06fee,82.09182236386908,79.56159496224299,45.22279451160303
62,126875.6977990147,22325.655918787234,True,0.5469305634828227,1.8526568279130111,154.3547601353987,100000,0.02825,138131.8522353258,138279.11432553065,2f65aa49337427cf746703a69335a62512f528fedb3dd8ef6a40a659a17ff268,139.39410589375973,82.86770447698771,153.4880219803415
63,206776.2100475075,39602.6105195185,True,0.4269994908475584,1.286922801760977,152.93045910415182,100000,0.04749,225839.26312622856,226080.02991100782,5d38de853b3014ec050b8a3e64e4df60fa1da827af0057a90f58353dcbaf2632,117.75944043322629,152.37041103614345,149.79418992330494
64,86188.55590666518,14995.307842182963,True,0.6292576074249367,2.510730757338251,158.39663424680037,100000,0.01749,92415.10437079787,92513.62792793493,feb7914fde4a014e7a40af28718a71ff1714c0b133244b5a6c8c7f9c8e572180,157.77789739427385,62.337737892051315,65.54743531453286
65,9961.437025226795,2461.2535535280167,True,0.9096530167749073,1.2954225591409538,31.16704221356808,100000,0.2545,10244.478514059978,10255.400132025905,8cf03cbf60cb33bfae24d03a20c917dae2d7a1e436baa3e17ddce7a326f0bf2c,31.121387366575547,24.082931788560295,28.99843698142284
66,14239.622774271833,3426.7446356519886,True,0.8290894188010901,2.5752302664597195,48.91290524041969,100000,0.09413,14645.821521783531,14661.435402689085,8166215ec264df83605be7bf5c0764139eeb06b1630ed475ebab79a62e9f1224,48.7218392043243,18.90956675981557,31.000464356476932
67,350937.9405910079,69905.96651331226,True,0.34418353861731565,1.4327691613385813,224.85640877130692,100000,0.02697,407673.1026283444,408107.72210417036,a0f79a9f581c89171a46b8ba0f4c46b216f6e80238871ab43f986f42b369a88b,182.5860389583415,155.02795370365496,222.6605454043996
68,40841.2715964825,7673.683354949693,True,0.7473885155670654,1.0835320664614485,43.887934575525904,100000,0.3717,41777.58113128416,41822.12012661029,cc1883d2cf8b09a47f94b3ffc9199d35cd22e7f76dea804ed5a1b06893a32f92,43.90936423108036,40.566337964585216,42.60215524225855
69,137040.12320928904,21685.90151255583,True,0.5927503289885134,2.417043868603741,146.23813570066605,100000,0.0354,147197.51872973598,147354.44570878055,cde3b1077e739b5d1f2ec0d8c6070a87cec5846cf74a5901ac9fdc12c9261805,60.391066049237466,65.96068254564955,145.5954876433877
70,20103.530557920592,4312.296424084372,True,0.8291321226586502,2.055080168276215,55.78990457001002,100000,0.08959,20684.341235355918,20706.392769998634,170d7e18e89d082de4f8fa313f0a2028f371b00bcb451d11e45a6d1d7eeae5b8,55.17697837234145,34.13317891905398,27.016424735013402
71,17959.924755285872,4564.708337216543,True,0.7265643748808711,1.8931868675645351,53.9029639540567,100000,0.08962,18661.999789216028,18681.89530970527,6ce76d642b44643aa217702964d2e41f7f9a4a223b0954759cb59ccbdace8c96,54.06088279376585,28.149033178156078,40.04558576957875
72,30207.950756537623,7024.041091003205,True,0.6677971952830871,2.5673470725908603,80.93150775465523,100000,0.04464,31462.438648689073,31495.980691334375,9505d9dd04f8de9bb57eb2f1eebd9682a1b76fe3ed7e90e93827a80bcda5c328,38.193506955505015,31.268093511167457,80.16091966812408
73,13024.069324790447,3004.363997426879,True,0.8910376222657371,1.636817044359279,34.75020180854483,100000,0.24047,13416.776899558663,13431.080498461224,a77b4e31b65e5ae46a7831d2445ca8da25835f327a0d57176a375d7cd619b1da,34.919880528313115,21.311647202896637,30.44036232643038
74,354516.9209673971,61017.18327802286,True,0.39699948932088786,1.520855895214898,273.1417651970201,100000,0.01512,409667.42115246854,410104.16676726704,16320ffcf97be76f8ef921a53c461f7d27f37f5e9ed7af9f72c7f3865f4b3e2c,266.6733200739462,214.392279079204,179.11591340800686
75,7658.926718326872,2074.3607749296216,True,0.905826681858215,1.5301947054461136,33.062329830280945,100000,0.16252,7809.4864835268845,7817.812161380185,97e3489f190688b73a4f2c8606e0cb3b292a4ea2d9b1d3e269229951a87e2eaf,22.940220062904896,32.941251962250135,21.68101023538443
76,22723.56264156633,4557.946594294251,True,0.8512017480621437,1.7824389084280905,55.983511038760554,100000,0.09981,23284.652090322314,23309.47581114431,baf36e9d3cc18bad3bba2734a9837a0bfba5d53669e66ba83ee7893820de5f87,55.88783609313767,31.231035821183564,33.212873980514686
77,14972.49169736798,3820.735655353813,True,0.7688940859972441,2.2514009647689885,49.91990610955243,100000,0.0947,15663.418805324065,15680.117544649576,7cad30357c9b7352c08af0e869016f5e9f69ae4b9a7433ea14824e647312b9f9,21.90699004685559,42.94866922120673,49.481156934761444
78,56947.49441366829,13523.437016351127,True,0.5293140909570047,2.74214180765355,168.1151485734947,100000,0.01054,66585.00838152907,66655.99452521643,6b9e5453958f2acdd50bf0c03ad53ee00d402e3ef3314ed54886ec42941587b8,166.71966150037485,59.985422275430295,80.79459715989364
79,71048.93077260054,11372.930464101792,True,0.7294296932461722,2.387740491998817,116.1215020966857,100000,0.03603,75009.7121508578,75089.67985431108,cca52b7ad76b13e3ce41a03e4a60ab7c6195f9232c89312f62a3cda3673d085d,48.06738447386,114.9308031005771,54.800503797093135
80,44483.94839413249,9459.396205985657,True,0.641834307029208,2.07258288423635,95.40158168379082,100000,0.04053,46790.601748197296,46840.48511473357,178bb5e5fd56bd10a91fced24076f257834b8aa3b59959ece518e63cb4171258,46.105329820083966,94.74942243399929,72.29651111974772
81,66672.56830366437,12962.698037851802,True,0.6134137547683971,1.2145106142100046,101.33118462769667,100000,0.05043,69764.3623944033,69838.73804101744,c7236f4fb93a61df680d3e0701dca8c7deee8dc1a01efac88496559070db00ea,82.50476092123252,101.00957686398573,87.10622584817384
82,42056.11577292663,9707.435828339996,True,0.6024657594165824,2.659991485008021,105.03126778963548,100000,0.02864,44120.877200071074,44167.91437862921,206c51a83cafaeca5700ef54776579840913eb0eb029c0a0bd86becb8014b253,49.93857275886599,105.33897658198792,39.014910630354095
83,66418.35882213795,10526.304245808335,True,0.753471736487716,1.8045241091849922,89.33246517260059,100000,0.07163,67895.06508057822,67967.44787308095,df08081045b61f1e4cbd6ebaef5b1ddf3abe0e2a64368a95effc3decc5cee38b,89.1143683338003,75.41788685714181,48.875501575145975
84,182205.7123060619,32396.27087851304,True,0.4797670618874093,1.214376638047313,128.14231113644195,100000,0.06981,195303.75676058477,195511.96970336384,c3e7205ccc81327deda231405d8c404109cd529c0474b155bb09da27ecc1cf5f,105.39830229948069,124.26300288914732,126.79706714746075
85,81236.97485542655,13479.526869294355,True,0.6729435539665626,1.561749112305582,115.99012259577003,100000,0.04114,85357.68173077985,85448.68138381648,62b315f4c033d192a465bc0aeb960485c01516f6841aa4ce05f6036b97faf7a5,73.8814037725498,114.60254544557651,77.53441300469197
86,5680.520164371756,1779.0965362417082,True,0.8653862973142259,1.6215778139712484,29.192648927889852,100000,0.17548,5804.481625559899,5810.669771761546,fafe2cf99e98ac8fb308764d8012bfef79ca0ff425c2be5615b80fb462bd1127,17.874795779088807,29.064360919905962,27.161422134811577
87,237191.54775210013,36428.315013568645,True,0.5086798255632191,2.7941699044302943,293.2116068679465,100000,0.00845,283214.4999729469,283516.4343824798,7dc746eb5ce9feaa569ec07c5c2ee236f05ba5e55bc03372834f950b836e2f78,292.28100362349255,101.93684770018453,129.46122827653352
88,86264.0709496112,15891.689597184366,True,0.5941106675675187,1.6777612002138973,112.07502052633862,100000,0.05006,93698.49778222395,93798.38956249895,d01d34dd1254360ad15c72057130810ee91024d1fab5529feaa760553575ea83,102.06050453204176,66.4350951752808,112.29391705080411
89,160926.61580084547,27699.905783981376,True,0.5165246889664743,1.2989822801715318,171.42924686867377,100000,0.02638,176703.37493872957,176891.7580518106,e7e87bf2ac59bf413de25da4585ffbddbe218a6d4e393895b084e7834b90f34e,136.02174128984126,169.83883881666947,131.41792850772356
90,42142.89951124843,6910.384534981243,True,0.8474840202312851,1.5170836217149328,60.92098472872303,100000,0.14553,43749.04477404492,43795.685542800544,1ef40f495fe7b0540ab5588af0142f6af9c6a217e12a1c7c2b5c2574862c803b,39.89015650450077,60.340926524518885,50.01886514714246
91,16960.24450695344,3499.1545905288413,True,0.9123099273487216,1.233457757716489,37.209862365343724,100000,0.25466,17444.166660249037,17462.763851285716,5559929a917b1d53347d4faf7e85ab848337b67ca5f81a7001b292cf46b3a3ab,33.757775524808906,37.17352460912757,29.987733317382723
92,20824.42384949188,4148.5002059245835,True,0.8823515878429137,1.0638217016160798,37.39058353309217,100000,0.3063,21288.69438516785,21311.39021948963,988f7422b88e837c89544bea13cefea046140112977c31a4b72118201d49aa66,35.14495766660275,37.31755504962909,35.875242501233444
93,20483.39205721102,4565.092959418862,True,0.7930533743490651,1.4855611808715665,46.123456070337355,100000,0.16203,21138.601875788678,21161.137696787697,e3b3d758ec16d0a8baa7fccd425724e36ae25a25e17fa8deb07e58055c3946fc,42.18224278307708,46.08967424216084,31.02297887543443
94,53316.59788277951,9223.80916730185,True,0.7427034390503463,1.9246153972149889,79.88950344989595,100000,0.08015,54336.041233396616,54393.96877781167,090f54c570889d2aa323c5e0b71fb402d29496361a5bb6af82dd22ca62c65068,41.75864914214532,79.14834106437446,48.85820462450913
95,22396.925699243173,4512.1523890408025,True,0.8515810173605902,1.188470868857059,44.26173000859083,100000,0.19806,22834.80096159,22859.145097027267,3a93c9f295c75ef948afbc4ab9bbc2dc9982c4a74a2a86a0d29a31118acb03e4,38.177903349695164,44.369790872869615,37.02165210191215
96,56884.587324305634,8542.858987845855,True,0.8372926803102242,1.1108696469690975,53.482579905638104,100000,0.28911,58805.163447703686,58867.85551433433,81d32466a9166e21531522ab229ca4b52103111cd87324116b009b005e3d900b,53.130033602549176,53.4825799056381,48.194385359304256
97,10012.939855274317,2494.997027099279,True,0.9004407969321169,1.8397385503615036,38.642404382064456,100000,0.13501,10357.946459171084,10368.989045085373,e29fa5ca76a06eec7059cfa0c99b0a8c7263d87bc39c999fd3aa9c0d0b122bb5,38.651838562821794,20.972183823566724,25.160960079825657
98,6400.341140952711,1797.5101870928,True,0.9274307954287773,1.1328573480547437,26.26647691440868,100000,0.27167,6545.795911928716,6552.7743718019965,21f6b7c18eb3e2444716553bf72fe94c7d3df929d74bfafe3abd9ca292a2bc66,26.39473119621732,23.162723294639683,23.425644572347387
99,28721.71437112676,5166.031760550757,True,0.8779449638218028,1.2774474960935098,44.91780470025364,100000,0.24559,29592.492642907666,29624.04113987233,4b63544b1eab5eb4b9ea18699df5693634f27b538c81125513a0a91baa2758d6,44.87393965660105,35.103001182986304,38.45867702240955
100,157715.76060211027,26527.77700383059,True,0.5321490969463515,3.440738307188866,276.0624809162695,100000,0.00673,188257.60338246505,188458.3044352812,45de35d96b4551f8d0165e2b82decaa7e06ba1ba6c22da2039d40025fe6366fd,144.56885292123977,77.44037855781096,272.75997565140204
101,60102.11510322507,10592.041981253999,True,0.7005367690171773,2.4196954044388104,113.2943284543241,100000,0.03245,62741.44421287512,62808.332740522776,a60b27791b13d3c92074eab2cc0175d375799cc4532661d3db5884fae486cc1c,113.57092593590204,49.62158819508238,46.63433539404065
102,120688.0695429123,20406.60440464276,True,0.57874813708143,1.2578310931839456,119.57168533585906,100000,0.05669,128856.6422583043,128994.01606578374,d167524600202aeae20feffbca07dd75d334390d031addc7afaebdfa28cab115,101.09295564406247,94.43710987829688,118.95864691006486
103,49892.09975532958,8670.901417893734,True,0.755859479121269,1.3917354923859813,68.30279035633434,100000,0.1217,51560.986544103886,51615.955608288896,5349a3794e4a2c2933c187749598db4cb644be3e614e1cbc8455b71291782737,63.016661317526236,68.30279035633434,49.142657026395824
104,78971.10262587717,15214.972203102607,True,0.5850483548537699,2.6461484163158318,152.41489404941967,100000,0.01803,84877.63184936118,84968.1197221835,1f80a12be934a11a1f82fcd3bf623255c0188a5ab918c77a9e944e62c9bc9237,152.26605137944952,70.10489755593423,57.434665274726385
105,69766.70959717622,11510.802419990257,True,0.711995669697835,1.5802017741619703,79.42797597425411,100000,0.11065,73720.31923425288,73798.91231850769,7841b85b5e37f53aa43cef62756424dafa36a8b207b3daa2dd4cac9950fa39d1,66.280474091797,49.642484983908815,79.2728432086794
106,43576.5698762237,6911.826303227797,True,0.8664164116128011,1.2328752535852996,54.04686180745216,100000,0.21239,44582.129865166804,44629.65878426468,c2e682333085cc932505d1d5c846cfe077af7882a59e11d2c34739cc3b4bdf4c,54.20520222290368,43.451249006821286,47.85839057022193
107,22451.96736132927,4140.282037136645,True,0.929587908904611,1.0872117143057094,37.11849592471147,100000,0.33438,22736.66195175532,22760.901461391328,289f48b0d9d69121957782a25a1abe6b3b198f0c5a31603ef5f9337fc6882f58,37.11849592471147,33.99206011074041,35.18826163956412
108,25684.92885087819,4583.425665066648,True,0.9185007393817202,1.3993650612343926,44.934751679172805,100000,0.21798,26295.351944431583,26323.385366320505,8c29bf73d1614f4a7c59bff1d8a83160a58c36e7c682fa60b9aef1def69a34a4,44.9786332726095,32.06647440386282,35.07236355427624
109,32288.39166552779,5595.117032838455,True,0.8764071079898927,1.804459776203211,54.33788123887683,100000,0.1546,32978.651396691275,33013.80987070162,a90b83be29322afb5034c04104371479b19ed8797a18209a264a5de64b21e1a3,54.085825637426964,43.63215121940085,30.153809583976333
110,37806.91279444479,7880.967904548821,True,0.691223841597478,1.1825928963094494,57.38447119711765,100000,0.15491,38920.45487633033,38961.94789509511,d9863b53064aafd3fae644eebabd38665f11fe743caf5f3f94f7fadecff1c992,57.58060952640467,51.164084182586336,48.51621673721152
111,48431.02611381721,9979.3404242992,True,0.6438698170323828,1.1868940720290844,57.341462542581525,100000,0.19949,50008.37347865021,50061.68730516483,c5b2e1a5c9b1d5f5dd4967c34dff2212b63d3fc735046ae97b7b662a5cc209e6,53.95361246072001,57.20146873754592,48.241865215267566
112,110980.2434316525,18616.66809861854,True,0.5999005826501942,2.8718504462170347,167.47060781310873,100000,0.01923,120090.97629229457,120219.00504089505,0e11538a751782a56693e2faa0dc752821c61a50e03f477589f1fdbaa20968ea,167.79769884399371,58.09954436094422,112.4375418667112
113,143284.10194236625,27087.462769439982,True,0.4888562077161137,2.8591084828872697,255.47554843668473,100000,0.00733,162505.21278343577,162678.45926436264,379fdb025cac98fb1a4dadd902c82147156d061e8a3123b875527ac4c0ba4534,254.60234099573904,82.95470688984148,174.3296283888022
114,149684.35372520963,27128.63699152459,True,0.5025436093114749,2.312857996266878,222.31508094774836,100000,0.01175,171656.37684592447,171839.37936447666,13eb275aedfa0a1c14203e32931e3655cd7830c12026ffcd8e389fb76cc78f14,222.42363323336735,95.20035448787857,100.70938298304372
115,18889.475160261918,4769.887894270217,True,0.7190998751349399,2.9752485539614018,51.15697832838465,100000,0.10896,19395.32444700745,19416.00176344133,8d604f8af432f6d33b3b006a26dc2e300a873f4cbfaaaab4d39ee637e2b92d07,51.35681027497991,16.710946534027997,42.464288651491174
116,13668.150847284973,2912.52302670733,True,0.9491931578587433,1.2096228949270498,33.02935029889525,100000,0.29112,13947.213122947129,13962.082218841964,853676c71837b8235a8be3f90a5d34f725d0582cda900648323ae1634a5b5663,33.12611597359905,28.247513207282733,27.24760123534352
117,41164.15497611925,6824.012190859947,True,0.8448711236281349,1.759355591898391,62.148114074542605,100000,0.13319,42508.010895402906,42553.32860043336,07c492d8c507d1c13523ffc5164a5a76de4cae7ed21bccd7452935fefd851926,62.02673103924077,45.73105854996861,35.534883584613965
118,56552.34641921179,11742.963486274797,True,0.6067458762532044,2.162658496781346,112.35474825440772,100000,0.03252,61325.36355137299,61390.74239827186,8a85a103e8571abb99de74edf5f8a523bb7e2b8bb93582ff1957abf3f732c05e,51.40449175506838,111.88843216057839,63.50127983617038
119,56949.40864584619,9520.79560886954,True,0.7518600832640674,3.026844241295202,103.11333461687522,100000,0.04169,60770.34367057459,60835.13081189339,90abbe65a044ac2acf26ac7bdcf727e35937602e10bb3725c0242a7bdb6341d3,103.51612108022238,33.620082612509,48.74974914198703
120,64524.359770857765,9855.975938991529,True,0.789345176158194,1.6983959670537594,75.13810046892308,100000,0.11775,66413.57404882909,66484.37742671871,98c805dc7108b2f1d3a022a2919a6c55c35d4286b00bedab91ccd90539d88e6b,75.0647234176839,44.19132910879779,67.96549371029298
121,74505.28208925293,12248.480269706573,True,0.6990795957773116,1.8847658230788604,96.98406723924344,100000,0.06439,78097.09983222923,78180.35899348801,50a03c0f921ced8bf95983a72d96b96e6d5e250f0bcddcd1a94692890702931d,62.248806829094484,95.91856845365606,50.954519701868136
122,31900.804272352572,6328.649402359841,True,0.7686126166517577,2.4055198808069163,70.29761385583764,100000,0.07247,33473.05216924422,33508.73772292508,92573a8a5fb606f3d8d83c0cc593f77ff5a44c762e319168f14c75b523ec55c2,70.17747633215822,51.161422584045894,29.038955723651682
123,78066.84555807947,14132.784133981186,True,0.6250299377958102,2.0183543000034203,91.38864937236502,100000,0.08271,83936.35376637054,84025.83814451931,eec4b6da75fa719af3bfb523d024e362e0baf630558a8f5691af1e9f9aac9400,45.18115600074198,57.69800958909569,91.61176619212179
124,14962.512413116716,3461.01657587798,True,0.8484315195716166,1.052943287531599,34.98278209234235,100000,0.26891,15306.831058200585,15323.149640045154,d29f7aa83ce93a211876ddd621a483a9fdb505adf9666e1c57c69fdaa51dd402,34.649694079256086,33.351504900048056,33.103824069804425
125,84199.98165832456,14897.896383182986,True,0.623591958855307,1.5931840469713852,120.57531536435448,100000,0.03868,90152.33641518108,90248.44763994578,72a041bcc618ed75a0d7e36395181d2f54e9d0cf0fe423b4f5ab68dd017a6a38,92.78647315147592,120.57531536435448,75.44788410127943
126,38665.48026907618,7192.9335525384695,True,0.768765140503089,2.3442620166491435,59.57514241680954,100000,0.1415,39780.20429386422,39822.61388975605,d45c3facc53ae0d8d73264bd11267ac12ec49e238df760a746487599495896d0,59.836947241883415,51.19738801444569,25.627783432231055
127,6470.6822235865875,1828.3003682208746,True,0.9184805397119651,1.3735943745900945,27.500642145867403,100000,0.23719,6559.038516001948,6566.031093788826,6f04042beee3653b23991c74c2e679abe6fe1f985875e7cf26acadb929905b4b,27.55435433755855,22.478552222745137,20.03464750079793
128,89271.82914768635,17167.798202096295,True,0.5626597043373428,2.0644498766599826,81.45554430586613,100000,0.12885,92589.4863426305,92688.19580803737,3c73be60b4510c9ce22afff7f2b332364a608e1d5111a6913671c626edbdea0a,39.74338508185387,80.8390594734731,76.06627367430127
129,44000.16215518379,7651.540350472876,True,0.7877192093324834,1.806491519900071,66.07988258136177,100000,0.11995,46017.53398768006,46066.59318822967,810ff89aa0e540ac451419ef35afef19f32f8e4be378f8ba137767305b73bf20,50.043895451021534,36.54075538251573,65.7733596885283
130,12133.07439323487,2845.0953949703708,True,0.8975001546566266,1.4743672960027303,33.62879970205684,100000,0.24688,12483.469653877006,12496.778255799672,681e2b9ad9f5d5eb78dbe51f21aee6b1769bcc0cdc0d4ea6bc474c35a9812a5d,33.71090126382944,27.972002095924722,22.906335734555316
131,14446.893475331482,3115.5479630463988,True,0.9207307831647804,1.8440953014300885,39.54315297853479,100000,0.18172,14939.357305246169,14955.284124060858,f73f9de0f6f1279e556e31ffa7a10b57d0d7050e3dc2222327588222c61d2d41,39.56246115870009,21.45138816364851,28.112710320677078
132,18120.711269478776,3699.220111319295,True,0.9018980431448267,1.49543803565183,37.43815870710843,100000,0.26619,18571.649594229344,18591.44879255719,b7c22dc2b690bb7d1a9d8f189fa9d9b36a04f0622d36b74bbebe7da956c0ad6e,37.44729888257403,25.034940600285644,36.32305730030491
133,8552.242294125652,2634.265224625857,True,0.7677349117536111,2.6598812527969784,38.136247931599385,100000,0.12126,8942.248873243163,8951.78218680478,a835a4307ddaf88e6e01306899261b10ba973fc22d424ec4a4ff60abfdfeb818,38.07107367976316,31.35812574063152,14.422130870617053
134,47876.97063747844,7386.065003517725,True,0.8632874771272965,1.3924882208716387,56.02822737465425,100000,0.21003,49115.35431050569,49167.71609107892,419cb75e58909a947b63c41b5540468465f2978790641cd5dd56c47d88c9535f,56.06926367400092,46.22055183079998,40.24293089263496
135,80913.39569199689,13453.0797587492,True,0.672474817741669,3.193743678738999,129.12853230790483,100000,0.0304,87027.30396697493,87120.08360092383,2aed9b745eeb8386108f0f822ec9a60c46f2e3126b55b07327bbe7bb339b6db2,128.30886877274722,65.60460833319091,40.147750462430864
136,134967.13740081675,23750.03820740266,True,0.5357619126876101,2.2691078374044955,168.55304279781834,100000,0.02372,151021.8469878599,151182.8510755786,6b5f87fa1fc30b663da32f05b0e75a38b32942fe99a919d42fd8f665c2fbf104,168.635344088247,72.48686154500903,121.35325273700349
137,91955.26610530379,15596.610647609003,True,0.6316913998348194,1.4390490229016286,112.53870423007498,100000,0.05199,98523.73109328302,98628.76704509859,efa73303b99fe30c15c237c6eca527a52a143bb6dbfebcb34dee3efdc35b8c70,112.53870423007498,77.53521077570107,109.70875146257065
138,111833.75369129726,18284.245930800236,True,0.6139349231203649,2.7065306522108825,155.27817468156778,100000,0.02439,121411.08873011028,121540.52484792905,00be383e4d9a346d46463c06446fa2e2a6e20b42b3ceaa34fac5d43f438cbf3b,123.66147602814308,57.186798463658434,152.96568233401513
139,77529.15813211775,14500.887194398818,True,0.6063633297332076,1.6129295182543142,123.13673541223454,100000,0.03364,83509.17535158698,83598.20431568583,35781f0119c2bc2c12851e82cb7e222ade3450e0fe3a51fd8e458bd6fb7fb541,87.7228989093995,75.8180778099745,122.17472966682648
140,6823.891365144659,1948.611484022706,True,0.8928536321255656,1.5636739518021314,29.928070088108626,100000,0.198,7056.943310033397,7064.46670312106,464444397d686be175d51eed87abfe6f948c83a9de1f9f9ea2cf996a802655df,19.223816504349074,28.81745811218272,29.84039019527237
141,9399.186502343497,2539.4265194708605,True,0.8481551795240443,1.1824142000357145,33.07172048261813,100000,0.2021,9719.6803206222,9730.042452288262,6bad462032e69850e15729f2c799a1838aaf456d5b7a986d6b5eebca08619d66,27.871967555175246,29.850134429745914,33.00712727855052
142,45365.02244809148,7669.054263798654,True,0.8020899360039596,1.6078113210702432,59.857584106484126,100000,0.16227,46271.23499100075,46320.56466168039,69ba1cda80df9217ae1834f1011a7b2c9368c4304ec075f8d8116abe8791218d,59.331492058673234,45.08316576379481,37.279467054599856
143,103658.77154264729,15848.914576631942,True,0.6733207084020144,3.7670788415331162,152.38351355519856,100000,0.02236,105196.44169195369,105308.59140713514,0d29f080aaad5dd893244e976aec04bbe324acaad43289e3817c4abd1eac1e11,40.12344222882853,76.80560638054381,151.0814083368314
144,22579.501919349208,4254.542356921506,True,0.9080452922586263,1.5228711816614124,46.35314610374026,100000,0.17413,23058.260963892084,23082.843329588944,0c6957e9dff8634f61f79ad5e9bd8e0099f162a1e3c2efb4bb1305f538ee37aa,46.35314610374025,30.46451887482148,32.19597184207545
145,69589.4410707408,11953.448081308963,True,0.6844680128899356,2.7693803650254005,98.20918247580227,100000,0.05842,73575.48639441819,73653.92507267345,21fa18d6f65b4c9fd1ea9396df6232e45a787801c986fc1ba9a1e25a2fb0cf7a,97.96941396389845,79.26747003540095,34.93427218438572
146,26019.275190647048,5281.545132936511,True,0.8039948349197615,1.653800521057412,64.4631589168893,100000,0.07446,26519.97341539546,26548.246305783392,4aed2a92880181715152cde2e521c3acc813d71f7b019d65fa4db7a03955c271,64.65201582777863,39.691427438572944,38.65271442868167
147,28104.503566829706,4756.437740037287,True,0.9398378262808103,1.0834573800327367,39.058261305664644,100000,0.35912,28450.743076460443,28481.07435650572,9a58bf5807bcb6e44f9c4dfd20fecc944381dbfb681ade19b85e85c55eae7147,39.12501126395069,35.97822751617986,36.38826297422273
148,6587.747025497927,1931.7437687134952,True,0.8797498744687845,1.8416142505121713,37.16449475615504,100000,0.09957,6795.610956024164,6802.855743214152,32ea98ecf38fb98bbf87c2a144ca6dc7c759846a91326a1477a3677b652845ef,36.99210085958107,20.179159262131055,20.387846610615327
149,10647.050101448202,3149.149028627735,True,0.7432081147210045,1.8687858042197663,54.45754675897808,100000,0.0519,11144.404799200229,11156.28582677108,41d2a98fc5acb38214e85cf2aebd1fb539b5790d2e2fba0ec485f800b621fda3,54.49743265748319,31.057819635979683,28.837504619195183
150,110780.89364408837,22634.81531072649,True,0.4928148039723003,2.854320783555645,250.27500899017008,100000,0.00608,126727.63725529835,126862.7413348205,dc0fd9fcac12a7e53375991252c946869dc009af36660938fab887dc1d9d0bf9,111.72555027796045,249.5417814247692,84.84053954659453
151,29776.422983554145,5609.748100867635,True,0.828175631791413,1.5144766613737637,56.14491134826616,100000,0.13195,31049.59197590819,31082.693883544907,4477304a851385e87d8fb5d53d28028631f815679a55dc90824ed594f94e97ce,36.69431828108118,56.25456937824325,43.45199437841889
152,8091.405274696682,2278.8621157367534,True,0.8552939079362172,1.1944365305476732,30.18523786858574,100000,0.22572,8254.089067998026,8262.88873577357,f5c999dbe66ffebe8fa193f33d67fbdeed911fe68de47cfc3ebe9f06b7811244,25.27718893780495,30.229454525619804,25.940438793315874
153,100683.43886712361,16092.069755986367,True,0.6503955757873626,1.4764070860021223,97.8985899507812,100000,0.08494,105963.6399212932,106076.60754496591,edda8abc5b6b23b9f30b6dd183a0eeefc5a126c9f92164d90c7c923b4108a0a4,71.84647494923054,65.94292228374154,97.37276744616275
154,6767.836246991678,1929.4035929014824,True,0.8967972536540528,1.1267598617876269,26.23722940002746,100000,0.28694,6890.651933819988,6897.998044005492,df1e6fdeb713590ffc0c281f8e634bb2324b648dcf4ff3dd1df7f566288fef24,23.239420962719635,26.166768090603554,25.205932053004894
155,30071.751808597448,7407.104427837345,True,0.6313567226921992,1.5031830548592362,54.51984190277133,100000,0.14752,31785.567425203764,31819.45395478863,f55444600b37edebf33dea9f22690d94ae4e625a782b1a759b0cbca9d20dc702,36.164650988727956,54.3601158034468,52.93589141780312
156,40111.72415673145,6239.354093255021,True,0.9082220563369281,1.218150191475641,47.99864173715369,100000,0.28106,41323.889091340345,41367.94440649401,9e75706e027e569b6b17cde0d1ff94b0a115c9f6251eb2451cdec66fb3aa4cc7,47.89317597161795,39.44419631036604,47.55334183822501
157,17625.815180770383,3744.365830905548,True,0.874725913012175,1.960631731375419,50.559081664239756,100000,0.10543,18116.614331094108,18135.92841724194,f50d3f53ff4f29af5eebd8aa01ee43e14a7765c0d12b22aa37fdc6d08d617afa,50.70720397380296,26.217648792686827,25.649846606027886
158,17152.402025831205,3407.1409316163645,True,0.9440115866227061,1.200979821223943,35.48740647569785,100000,0.29194,17347.291976757177,17365.785889888375,974b3de2180f15eaec76ff668f1ea38798d19709e46ac51aeb31059696817045,35.62602915724355,31.35471778211683,29.526631169232978
159,101977.79746574316,19095.73621867169,True,0.5527789154600116,3.495184412636284,162.3195773820213,100000,0.01946,110654.95029402885,110772.91931426659,e9fe7178c685e7fb774f884f2568a4e8358366371ebc3fe029b3a935405e392f,162.51772139738023,99.94384134703557,45.69200994176528
160,29590.280154171993,5315.979433860448,True,0.8702957921079736,1.412264930083743,47.496873941400835,100000,0.21221,30232.6508129867,30264.881781290613,e8a25c380448d45c5e0f373c497bc12ab9da9f9ff0d75d35fe4c9710be7b3b9e,47.65921677225524,33.52379457143306,42.9744665104569
161,40657.859779326885,6353.570140803513,True,0.8999726363589888,1.3086199347431884,45.13030889491242,100000,0.34136,41718.900075233985,41763.37651080415,f330bfb6fd2c899c696e3cf6b0768ca7e9d2c2a33aa2236e62489dd06781a48b,45.306599164033166,34.530856464027224,43.1800977927641
162,34282.52671524762,5570.564804722726,True,0.9161504001724998,1.6330407215189433,46.41177649891314,100000,0.26296,34953.4114496466,34990.675211382724,7fd813e1fad5113f980c9e0d533afd37fa301a5f5dcf2fe6e8b4842caa5800a5,46.38911449866953,44.7007954805206,28.531458306704906
163,12264.873016569234,2713.9034432672433,True,0.9476873928359165,1.345157508610812,34.12039166161303,100000,0.23757,12547.260723820265,12560.637333274457,918e803695f12a158d385517284b42e9c88068d2681b976c414b511f12daa744,34.08707096663099,25.398699750063017,25.415360097554036
164,41224.271168018524,8247.421656516417,True,0.69973658822383,1.9298203881497265,74.26097433998767,100000,0.08002,43570.82446528827,43617.275233730725,853a6a6592e79da335bd140b78b444c9723695186ea501405e7819b66d37b087,74.47853578824935,58.43337897895026,38.29081489405614
165,32921.41560683754,6783.27422284424,True,0.7323135743721446,1.9347769535110124,73.17732146779309,100000,0.06584,34303.201175778304,34339.77174964754,a0cff5fc126244eb6fffeab20425b97d5792af99d4b203fd6187f289270e847f,72.9808003408044,60.85008713850178,37.428341912848275
166,43576.671468762484,7886.882142516506,True,0.7593024648652759,2.3067661045554386,92.15933592462306,100000,0.04497,46801.114926083275,46851.00950069736,9338bcd65992ee192bc885f4033b98de594a81a6578344790806d4dc204dba4e,92.1143362488786,39.408466033197584,44.4371797976393
167,51904.32590466648,9635.860261059734,True,0.69833316514264,2.012360459976266,91.2167422369159,100000,0.05405,54542.45381949178,54600.60141995022,a942c90e815e9166f54f4a8b4af1afdfaf7f317a5084c907a35b390a1e5a50db,91.14993309953536,73.84636651797197,44.984819169572795
168,62794.85171868917,13330.287422174817,True,0.5731398913996504,1.1847127897637493,83.08895425720888,100000,0.08454,64477.38629677071,64546.12550878703,1b2ee125d345d8b25a037b6735e9efcac23966532be6a909e7e32bc0929b109c,83.21066659254659,74.4879492266775,69.88316587306753
169,18487.579105612218,3980.3911035658575,True,0.8494641879987124,1.4341808445290318,42.28438003738228,100000,0.18947,19045.643862393892,19065.948385058924,58376368d27ef9d605a80fc85ac9b34049dcbe8aeeadcbe544a7d68f87cc704d,32.52882849067177,29.566031354263394,42.19147002265171
170,15097.677541999,3295.4963728324838,True,0.8964031695382744,1.5783836826237978,40.173287924757474,100000,0.18088,15592.580078901434,15609.203297203,bb56f87a7e628f1832d28bf04083719487f6f3c142cf960fd45702e2fd99ecdb,40.10463240340169,26.530455038200436,25.41235083326334
171,15324.357150744181,4008.047201647994,True,0.7443996160479023,1.0832602257278474,38.547146194404206,100000,0.20765,15813.351695159414,15830.210277637607,9feae1239e74566b1a9b277eeca295f411fb4d669958ae08ee150256d9b1a6f5,38.58478989185968,35.51682854923864,37.94484703511664
172,24032.12854488961,7411.981566464626,True,0.5433478498568083,4.8874235641977215,136.95419391554793,100000,0.00759,25922.870230651464,25950.506550533515,b505d74815d1bb24a8e195fb20cc1f579e883e64e276c757a9aae265cbaa84e0,134.37961556313167,25.89624589540817,63.210913964195164
173,30236.383330827503,9762.106805809177,True,0.4807955779559431,3.7829308616905184,212.03680911837716,100000,0.00301,38151.84783689045,38192.521445234364,f67bbcca40d67c4b25f44a65f49bba54db877a5af29f60815a871808b3d85eb2,209.6555363597235,56.06344342656311,77.83138244860353
174,28492.325874827875,9785.571338588325,True,0.4610165740315074,1.9033433090964607,127.44417666898912,100000,0.01223,33659.04165622164,33694.925492920986,43f390d611fa8e7250cbbec8ee67b14132592ba48b8d335e85814fdb8d9bcb37,127.75531967843489,64.53106015905357,86.62221382970354
175,128863.8744389846,24170.28673968342,True,0.5104538045218737,3.5115478351004725,127.4113533980773,100000,0.05003,137584.71586979125,137731.39465901587,3b272391396697d9155921747587a29ebd3fce14eb1c7b3cd6a13e8edfc12fbd,107.28558541747279,35.67891170595573,126.72701507416184
176,49478.31480018976,7735.8750543103215,True,0.8425285198425497,1.5423627100303334,66.84522414670055,100000,0.12845,51010.61528314626,51064.99759763545,306b18208ece13cf5b27e0609d542d9609ef01decdb52fae557b0828e2626d82,66.43723327666453,53.7079181315409,43.312310763023255
177,28648.317008987815,6080.436880882444,True,0.7446440935704525,1.3118228031329264,43.96628603702594,100000,0.26367,29794.44938569828,29826.21318834076,aff4e5c12baedb19bf2bca79a328ff75e37068a12efb871dea81c68f427bae7b,43.7838087756418,33.361136963641755,38.137747629285435
178,282122.4948313891,44950.82941721403,True,0.4627767786664925,1.2565999910783656,210.08829999149364,100000,0.0261,321781.75013991434,322124.8010173809,3de76d90ade527ee52f4bd62994987ff46da1279dcf715ec7b45522588c5cf95,164.28535763494972,209.8318445471681,165.00343287906128
179,22045.866446349024,5896.727241853367,True,0.6447992638804034,1.9061746618690791,91.2381911582986,100000,0.02364,23872.218100976657,23897.668224742396,c3987e2d27e32a5358cb53dcb8c34f1e6cc227100d3598468a3f83847b04bd46,91.10454146421907,52.301580283126256,47.022417366984456
180,177106.88194043384,32611.931266634372,True,0.4676610828532486,1.6501728349214284,207.0507072062704,100000,0.01651,194846.4643486617,195054.189772919,8b93a4b91d34bd0ee3f8f3b8d14741c1fccd956a50643e08f1ca610cd3a8b447,200.83312005139462,206.49466282656607,122.53196149121081
181,19680.061776524748,4099.449573211719,True,0.8598899651902522,1.677734919560687,42.83636265208399,100000,0.19338,20209.921073236084,20231.46682949693,dc18b5f263bb8618f7607991fb3750500fbda87a323c9655fa89cc74b52d7007,42.344832123605485,42.66903311047429,25.643252251687
182,26898.049208365275,5366.008635404607,True,0.8090585399904962,2.013611869767392,53.28281553930563,100000,0.13988,28134.060806706962,28164.05447242058,e7bad548d15910916f94d26034c06d5f6771f67b55219ff5bc867bfdedb71627,53.41290053818089,26.329203772352194,50.512005063262635
183,8350.91386683993,2486.9722203904203,True,0.8003916080250116,2.0209631909025014,38.11137291997785,100000,0.11791,8678.201365158213,8687.45317820185,1c1e65d490171ea6fba554f4e3306d5880668eedc08ca7808c759355d8934263,18.61372107578508,27.346026614212622,37.9531958351049
184,23694.25005611067,5258.858231374619,True,0.7586147912910944,2.1165332648823685,64.52801511304625,100000,0.06859,24503.099502813046,24529.222207974028,fe4bd91362ef816ae44523dc391fccfe0a0fcba7d906208cb30b15989c169d65,64.51226120310655,37.21073527759161,30.208122309391158
185,34163.1723041753,7027.171883018643,True,0.7245622037620805,1.459767146421815,70.07333741664158,100000,0.078,35683.571151244534,35721.613334771886,edd534600b4176a197b1e591147fec4a409ed7df8c9d1a50ec159fb7d372f0d8,69.95358317789243,60.835153284564804,47.86748000287186
186,30250.918009907735,5199.215581964434,True,0.9030365695805036,1.5492128890573476,51.504809364542155,100000,0.17032,30940.28445942638,30973.26983453935,89f2eaf4c9c768279e4fadd96d71daca6f67d84b0d38e2b31df8444ab5c5af65,51.56768144628598,33.334777740576484,40.01179282177078
187,49888.45867812209,7511.14273255003,True,0.8725255783071101,1.5401814514599732,61.74700150807212,100000,0.16552,51809.97674834631,51865.21126048787,3a61f02bd928e96f6829d37cdf9531a5230283a9453fde80b52be977243dd236,53.681902434141804,61.294752961870415,40.0089213873104
188,35394.158772963965,5696.842705000177,True,0.9151050653407979,1.2949137966415247,46.393546276652586,100000,0.27247,36174.84724046003,36213.41317243929,f36f74f3a228995fe3d8eaa27f24af1dbcfdce852ce93957829c985651b12053,43.210785899763096,35.7239367569732,46.34824007911679
189,75577.92955043273,12827.058575769654,True,0.6739386651093122,1.2232115979735154,77.38395973993248,100000,0.12679,78118.36588087097,78201.6477138215,95ca7cbd5c8d72d13097dbe617a1e7562c1b4df44f5ace350ebce5d214e032e8,77.11946378379014,63.4412443375716,63.214533518021014
190,49718.01853843862,8658.82918818618,True,0.7551516227748567,1.4529140540832746,67.50967887720861,100000,0.12657,51777.87328035199,51833.073567050815,8798eb2eb4ba3bee42ce75aede3f2ac5917662d4be498b06ef6359c6ccffdd15,67.69097928434955,46.46234979366482,57.09314639420181
191,24604.106283658748,4767.788574005516,True,0.8580360447031674,1.487382334465348,50.37920295599659,100000,0.14684,24963.964385422387,24990.578417708984,9c1ae8e4fc2a78fcbe92ddbd46a30cc02bb8d7179167fd285dc46aff001d9ae4,37.181721322260174,33.664032834610026,50.14551036415969
192,102693.99491277333,18762.25140763818,True,0.5652352081020987,1.9261351349879825,117.3518073809121,100000,0.05091,109392.55018789494,109509.17336591534,e3eb29d6810b28571c9245d7eb0431dbfa35b79742c3ac4e04cdb7172cbec0b9,89.79017683881312,59.87921812160799,116.75015016533614
193,52302.01905695128,11254.249141514147,True,0.6009613876885983,2.0935251530930805,101.61232214149504,100000,0.03995,55727.71222452353,55787.12342658675,6e9a4acd4367b859802dc1b947b95a3f8d832d3dbaec850fce3958e2f3ffd7fd,87.47193551535926,101.63712983733036,47.70519909133178
194,58046.4999606227,9801.9952954165,True,0.7396398925722705,1.73151680868982,79.91724342409142,100000,0.08961,60812.557069570474,60877.38921450917,3323782289e2eda8c152b88c0cf2a7365b1a831ba294278a4d7f27d77ec99534,79.81968819530225,45.4412255699973,67.9764834202965
195,59909.482670687576,10565.437649965597,True,0.7007993321705057,2.8563500349995454,120.95236710664781,100000,0.02694,63380.55087000521,63448.12074797626,43e04260cf563235089bccf314974adfa66237263eaf2a21cc9a05fc78a50250,119.23966268961031,43.12766898419413,41.72502312541342
196,20543.70835770991,4507.209677994785,True,0.8048141246259407,2.398750634651413,63.205701559786974,100000,0.06421,21556.921495215825,21579.903285920853,1691b1a6bfbf011340decf76d9519086d6c51afc1c227bc98dab2cefe403f899,26.988958014664895,63.113115082892755,26.379430375111284
197,39768.3318208023,8226.206399150411,True,0.6849246110244971,1.9379145676277747,95.14515753229213,100000,0.03655,41856.484698538225,41901.10781279892,1c6c484c3804165b5647cd99234307b8bd3534405d554c938b2d96997abc0f6a,58.76885951091287,95.21484392696911,48.548188291623674
198,196138.0665423364,32228.297701181185,True,0.5065488702039493,1.8651647546247268,223.90725587153258,100000,0.01467,218952.5047443933,219185.92956989506,d114c8d10fd714348270290b622d0f13c595416a36ecc35814f9761ddcb6c9fa,165.19719903412388,119.88003225739038,222.04865072025524
199,22611.71650131948,4554.670413159718,True,0.8490166159196579,1.7054128782593712,53.46938543317785,100000,0.11585,23546.53010215811,23571.633010602505,85b6cc9df154cbc69ec6840d6175d8f092a9470661832f7f12129253bfa65478,34.671554616826256,53.391061138109706,31.303609928896606
200,144051.89296738966,24969.87098593601,True,0.5322068652590225,1.5013209487840624,142.42955013370118,100000,0.03952,151821.24385538592,151983.10017849933,4a9897de0a6c43ce94adf9bdfcae9f60f6d8f5964b877ee3b16fb7c42264e0fc,132.93656498074697,93.19120956013651,142.04704890043195
201,228368.57036287218,34437.394193925604,True,0.524660132636755,4.686646843046093,247.34374107965135,100000,0.01302,261956.42901686043,262235.70023964776,f054daaa5278376dfd1a6e9f492778193b1de78629383a219619c4280215d2e9,246.73987452428108,144.50526670009904,51.61549382027148
202,8230.36063914683,2252.380737240551,True,0.8752287268939906,2.048583648933135,35.23199687596852,100000,0.1438,8361.53407647738,8370.448291160643,e5516b904f5a92f9fb3d472197b8e0e72373bd1705fac6ff39ac92f417ea7bd1,17.30634221544157,28.94425524600441,35.26640312291771
203,39530.30060504258,6772.552177787889,True,0.8286131911214584,1.2815934591151166,54.157007871492794,100000,0.19337,40838.36859918337,40881.90630191562,ba95784a24ce694107536a2f604b0ded1f9209da88f2ab122a716a34b9646959,53.90579128224515,43.12992179609607,42.283718548103984
204,68903.43006764857,14943.948330935,True,0.543891988627679,2.410152013197501,85.44712361699857,100000,0.08738,72480.25044312615,72557.52149253369,f0b8e700887a226a79549feac1bd642fa692fd2389e1ae19a66d78a6c7c1b62d,35.74551912053883,60.87273113144576,85.50970695949147
205,7328.039782937839,2144.2302893501765,True,0.850885736384268,1.7998249987407977,39.08090819394114,100000,0.09407,7465.5255926005475,7473.484574438944,c8a169c1d1e9f1cd16f2ead1feeb9ee430419bc3a59a421aae5a8c9ac9a6c116,21.74447992529098,38.80421231073208,23.118418103984226
206,55239.55813137322,7852.4706571663055,True,0.8932600947997581,1.511991108212423,59.9336069363104,100000,0.19746,56520.459009044076,56580.715356861925,5f59dc23e2035df5b9011f0e33eb3e4c5898d88bc0df8a1a2e0aa12155fbb8d1,59.9336069363104,39.69723525835208,46.31100243003476
207,17637.087021263975,3858.1962614961253,True,0.8492802938113547,1.5691400322444382,44.18586027641935,100000,0.15812,18136.44035695316,18155.77557958734,a2b4b9cd2b778db8ce287c4552984a7af38d916245566dff10946cd91d25a359,36.343301579896675,44.29373591185983,28.0260900874359
208,86044.10278446643,14895.754963522908,True,0.6327551354213646,2.5961532153324853,123.33043401470695,100000,0.0368,91785.46232620088,91883.31462321896,13d139812daabf77957c334f9f92b4cbfe2160796e57b10ec211d3cc32e6fa0a,123.17988416849761,101.8018060067686,47.01671697118283
209,29845.473084160487,5650.340946804306,True,0.8234965455438019,1.4835616696251748,61.446985116123,100000,0.10168,31365.52611852438,31398.964842915924,9c589fbde51132411a7f560a078ea6271391fbe228006cef9f23e45a60decf1f,61.5369953482267,41.80975281216671,41.41970847305069
210,17585.939826866328,5348.950133032381,True,0.6114007455004749,1.4436142136381664,79.64069051455556,100000,0.02735,18368.66877065181,18388.25157153136,817d6e42233f7ec1e92d212ef976c285742d15832d953eacb31f5424da893d60,79.25181995540245,54.927966480375844,57.5917298105746
211,97416.17246535502,15721.502567844476,True,0.6512445693327447,1.9168945145456067,134.80819889389605,100000,0.03266,106385.00076636662,106498.41760198983,10aa53ec1c31ad3e1e9afd279978ff6103c39e3a98f86f23bab4b328847215c5,133.85374631383672,69.21426813326742,103.4758245416038
212,149464.9479425424,29841.59105235032,True,0.4564098971492709,2.0988010420097676,205.99171672612152,100000,0.01527,177461.28000601236,177650.47112016322,17a7a964e910e82ffecefdc3a802bbb1cc8c739eed07ee5d8b3f211a98e63a97,201.41524059768477,175.7165669533859,97.56443614469623
213,46385.728419079845,7260.327551772143,True,0.8599057057654852,1.6113011899560659,55.256367356452444,100000,0.21082,47290.52130853869,47340.937638314026,59ec7ced35dbf56aebfb068db9b56e9c64884379c5518fbc3f79630377016d55,55.36428994894551,34.359855384981536,54.05572851496703
214,20041.983887315455,6926.468606214999,True,0.5151488406407987,4.5630292412205105,115.81436170084282,100000,0.01063,21955.120243729736,21978.526553320695,de2a985d031bd51a0cf7f789098f9ceb303b19d20925c7ab7811fbb2a181d0df,58.35958070081533,114.85301201875573,23.758060893343064
215,68879.31658602704,11289.818999056874,True,0.7197632992155516,2.0750874377129165,86.21781615075878,100000,0.08325,70939.90433338248,71015.53322289651,aec5e56114ea99e67b643f506df377bb203f4d5b77a0baa7f212576b9308f747,59.148452974519564,85.69158436272924,41.81437787682673
216,18269.022651554445,4506.469561830512,True,0.7443740512447311,1.4550335465515498,44.42971729549414,100000,0.16183,18871.003071120354,18891.12140958861,25194c249a9497168fbb2084b71a8dbd0675c0fef942fdc658de71473c48a39e,41.164740511816476,44.40802309759596,30.71898422383775
217,18607.251725729027,4815.838779975147,True,0.7051264517210805,2.166923435638495,58.048422767204414,100000,0.07559,19658.524543013908,19679.482456541467,8f0df9c42a5ef2b0218eca16121adf4ba3b0f9e7f7ce3f538b953446192db4d0,39.92246263066768,26.60080310889714,57.66577935540888
218,7814.381990359598,2326.143941712527,True,0.8186733072187528,1.5764090178366983,33.22537642487519,100000,0.16415,8005.084462342389,8013.618666808015,c092c928d1e5c632204a47ebd4559513b8880a577a5998d82bb6b8f8e951317e,33.111813126547986,21.00109852636765,30.913552137499842
219,66110.7541316595,12258.374366682037,True,0.6450093124268184,1.4722024370586688,80.910046042116,100000,0.09851,69374.99512685198,69448.9556698043,535d00fd81ef356a643e18c7f67ff0b1822c129fcae37a581be9fc4a8d4b3a1f,54.63798519347971,63.98135720957366,80.35695002424997
220,40744.99510376756,7363.96590835331,True,0.7775981198855513,1.2833437653405053,59.97336088279519,100000,0.14642,41994.35021686621,42039.120309279046,b8b4ff9fba90af74beea13b57919bb9aa6e27ea8743c5afc8c9ddaaa26d470ce,53.12093586005395,59.51946093470763,46.766336586828096
221,25688.16389862871,5240.016357106533,True,0.8034771384057142,1.5166634822276233,61.11619504159334,100000,0.08728,26491.037279607477,26519.279321239166,d0c9165227fc5b072e48b21560391f02ed16a27fb72b3261589ba0b2438e8d95,40.167186780265936,61.23556261003395,40.778945568524065
222,32592.041734774964,5588.140666292929,True,0.8829941776546674,1.1894105003300117,48.946368736230184,100000,0.21593,33665.86047955662,33701.75158578983,8a53c38f517c3a58cd27ea3775fd4b799b8aa1b618226d81f84669eab115d7e0,40.736858159621264,48.89856954801121,42.03938603858832
223,44887.387521683915,9669.476549970697,True,0.6316803683534655,1.4942432572710518,102.26578344142456,100000,0.03354,47694.621781172376,47745.46892164992,81ac8b5317518e97164ee519b546badfb24b1dae356261caf70992df4ee5337e,68.16054413942604,101.09232352400588,80.89383260503311
224,64554.75569897034,11644.360194932477,True,0.668324406564823,2.7396612779183944,116.3075339973434,100000,0.03255,68091.01965028912,68163.61134956498,01505ee23f783c999db473e90b201ab581dc4d89373fca5119d6b668b156fec1,115.51246296415843,80.44415132189303,41.79802003029528
225,24224.23811155421,5197.454697112716,True,0.7789809367871932,1.4098562864514883,55.10829072425331,100000,0.11383,25329.280885782497,25356.284381256337,2d1d3533c584e4544574cd377a336ac8a107285a3f57a0cdf26b3a70f825fc0f,39.15164209169363,54.987203171392395,48.865554665646485
226,83359.72757030018,14347.956490804172,True,0.6431786175411511,1.6233316635112718,102.22163863339796,100000,0.06176,87710.40259841026,87803.91048243798,0833fb68db95a4230d6e0923daad0d588efb917265c5aac1eb57831563272a53,62.316267496971356,68.23094727141358,101.54781435529696
227,16347.822889551657,3671.6313685797604,True,0.8483954594466764,1.5003687269769628,42.20164941781127,100000,0.16831,16819.516128432013,16837.44738079145,2ab3156def467b67dfb461e7dd1df6cd5db88949c457220bed3bffc08336d876,42.19134628074637,34.227021329582286,28.05544222770998
228,25691.643761108917,5569.974454422847,True,0.7559484521030851,1.7727894504380532,60.081571687353886,100000,0.09214,26569.743657636867,26598.06960798008,13b2a3d77836d37b4075425cd2e396f56eca5ffa2bed299e3ab3063414043792,33.355833500254576,59.920219810263816,41.144728657965736
229,30762.910955669853,8460.881519916225,True,0.5611601162821962,2.8401073508260617,133.96249468225386,100000,0.01058,33818.21250216428,33854.26603058275,a2925c70b150f3f29e2b0c4469cb3646a49d62c92f2a023437a2b807483b0da8,93.99614495039005,131.6076852054174,47.1452480674973
230,16407.734179309617,4751.057634429573,True,0.6572433994776375,3.938263760477386,65.21078332921616,100000,0.04744,17491.14472686748,17509.79200112663,e4bc21aab1913eaa13cf07cca2437e9109eb16a7df19b49dc6b125d69033de42,65.22670393061489,38.67114079752589,16.81215507706354
231,655049.1134599297,105700.67470320433,True,0.3450819740838856,1.1856630384200821,375.2345072656113,100000,0.01136,797998.2578569939,798849.0021967696,ebd0bd26598f3bf262eca558103a8c9c9ed274766ec19dae50390b5e6d675040,374.59323735573355,316.5125055182341,353.6145503040184
232,30422.987642539985,5875.9752287077545,True,0.8020573239290678,2.5381900441672456,66.42257370590235,100000,0.08017,31237.357173191438,31270.65925692783,08cc949fb3081dacef7afa1bf195ca319ba9347cce427e85bdaa6dd87bf75faa,66.27662566797434,50.22234149589346,26.14091523777212
233,32300.62462748699,7329.210745126755,True,0.6692178690292606,1.9512125790746653,86.10964727537515,100000,0.041,34806.037931539875,34843.144578664396,21d4f1c03a52e8a6954963bff78de4a5142e63f7dffd6a904e266fd198941608,85.81532719191438,85.03748125705383,43.874715298756826
234,37469.0809269879,5821.468260538831,True,0.9301799002472219,1.3966390030240041,46.12440995455816,100000,0.29422,38386.62793376314,38427.55184069674,8bd02d45ed577d9cba6450bbb185597eb6976eca4ce3902aebc3887a77f49ef9,46.3496268000394,39.8521208079056,33.028050389823996
235,34592.38974326601,6642.11227858957,True,0.7729741233764723,1.9538309681462027,70.25204200607921,100000,0.0772,35588.48159663233,35626.422405376514,826bf366cfdd730a76c7f72bdf86e6a01bf438de5ff7147bc30c85793afba0c6,55.81058219916547,35.460472863175966,70.02907409932163
236,71639.41644512884,9925.19212821665,True,0.840452606535981,1.0373127787502616,55.50054730400187,100000,0.32382,73605.58480113656,73684.05556724274,de8b5e128c59a43152bb76162925215eeb56c36bbd45d7b37578a03ba97b64f7,54.90435001850965,53.657755694298686,55.39214779754874
237,131481.03970186494,26105.971595922318,True,0.47898254046742317,1.9842052461729087,222.4166435390307,100000,0.0102,149216.66220715808,149375.74179100804,1d01d05103c15463bc7d87a6cfdafcf95a966ba55d278c091852eccb39ad2334,108.08601781358414,151.98832648089524,221.9279350937545
238,14091.303376502294,3478.3999419298157,True,0.8110956135466727,1.3658387391850104,42.07109149124689,100000,0.14762,14615.438205919898,14631.019695233443,4ec89691eff58e65a82bfba99efd9c62b71c47e88ad18e3ce58f5301329dfc3f,41.99919265324915,30.752160137888964,42.153261591815735
239,67938.48084963333,11149.190427956322,True,0.7221897921643118,2.248211452415345,87.69687382747932,100000,0.07944,71237.20532767067,71313.15116917754,6002354a25f5f5b9f26b40638b9e13f153a174af486db75e4da7db9e8ceda793,78.98285340565704,38.35667711472881,87.14020421822286
240,45998.58991730696,8110.279832581729,True,0.7654990060177137,2.6541090695442917,80.11351394778453,100000,0.07068,48320.251509108784,48371.76563218254,fcf6536c37c9c9a9dbde32707ad87ae8f7c07ba02a48b2bbf93103a7297d36ee,72.73978475874283,29.817639651708376,79.52674504679977
241,104161.31927401356,17423.08597354957,True,0.6144643524449585,1.2961067218885274,99.0680629639271,100000,0.08651,111836.25821337044,111955.48662360807,31c7a1ce543f9e0869a75a8c130a5cc541892072f0384203d80715a8dd8979a5,75.94573186199489,92.39257825249061,98.9229437310698
242,7277.448470085805,1935.4953440512404,True,0.938306560534082,1.1126356562487365,25.891427547723183,100000,0.32115,7411.245794979014,7419.146909234197,73c80a60b269bdbbf95056f4591398da9d0e653da9fa45241f2b5a75ba3493b5,23.24918713880026,25.84717950259768,25.916712144937755
243,8580.66108233098,2240.5074064257424,True,0.9046589962645974,1.7044265166886226,36.869380743093515,100000,0.13069,8708.737283866967,8718.021651192203,21e2058676f303b192d9a841af5cd8790552857e602d3e3f4b8814771f08f327,36.71635841090783,21.846188247921866,21.693165915736174
244,73704.87362121776,12040.71502344126,True,0.7060400179514056,1.6536027679153966,91.8203342725379,100000,0.07437,76547.26736311354,76628.87425109014,ce21443a3a54be1bc11d5f9fbb98adcaaed9f3597499612a6164e8a38d3a9b81,54.67524299089843,91.12540498483071,62.83505785300873
245,129499.61898933577,22038.79313102662,True,0.5616623463162367,2.660634418598269,114.989775474429,100000,0.06628,133990.9540218365,134133.8015087738,42e8b66e01e958c3de6dd1d34cbd39b2d3c755490f1b9e7ee584fd44f5667baa,64.62560135306043,43.036944775952065,113.36150228655865
246,168124.7014162171,29505.141575462723,True,0.4992760944170689,2.0361377913980037,220.1014237265157,100000,0.01366,193657.6049173556,193864.06290096126,08428a06055a98fe21ddfee3b04b85a8de6e5375959afe448056b5bad88d8209,215.4264179002933,106.1011379755872,137.99327542228815
247,120460.01812960493,21361.950297131072,True,0.552168770680348,1.0743263986207034,104.29611187268841,100000,0.08426,127098.70088061395,127234.2005503217,e4e06b0797ca301ff28dcaacb06dc4831a0b9294f3beeb73a2a31632f413b895,97.0646431783907,104.42342646237675,100.19658208472384
248,110352.85053015768,19383.397079572344,True,0.5739974140346732,1.2452349053364913,88.0377126665353,100000,0.12669,114938.06706841389,115060.60231084135,66825f5983e27c2704ce1d4e1b01e31690354256aafbd966fa9b4a2a73ac17ab,71.03628915109843,74.96961469259645,87.24245012535809
249,40383.37026027807,6676.48022949784,True,0.85258613243044,1.1409782852803814,49.275558221892496,100000,0.2583,41089.83208929475,41133.63787674868,169cdcce5c40a56a270d99bd22c15762878191b914c42649a7fef047af7ff3dd,48.950743751191546,49.05901524142519,43.24844526555262
250,7266.978534622525,2055.771100070434,True,0.8825621258457512,1.8005572961779712,34.0926388684,100000,0.14283,7525.1747976174875,7533.197371353534,9820d0b16ad819479195e2b7cb104d1c698252f2cd90f5959fcbe0419f1eb88a,19.018964798411616,24.445820399533886,33.7097625529834
251,26301.563102342418,5930.323361874204,True,0.7212073144873864,2.2559061655516297,77.20664618372004,100000,0.04492,27486.479042205356,27515.782322300613,66f5e009dd9d8b4c55fbe0613b3cbc8e167d42b0af13bb5a8354cf9ac04da0c8,36.14349220148516,76.60346926040972,34.20201647958008
252,19021.62999235864,3995.434021250394,True,0.8624858542174442,2.094084732152314,46.3607451754165,100000,0.14835,19654.141394821196,19675.094635483274,a92464b216b7ff233b49d38a9e97dd6d9dff2dca58851caeb11bbc331c93eebd,46.49656767104761,32.38234666671548,22.167363141126273
253,246385.17783480254,40488.96885611916,True,0.46941517636502733,2.8712285671328943,331.2955909421811,100000,0.0063,304581.00782607595,304905.7210267126,107efbc05d536492a73a704f94b03ac7fbfc398adccfd5338d0b204b24f3c030,332.58971434429895,111.82035021424937,118.77626350063304
254,23248.96598170749,4558.5058901181255,True,0.8641663785428649,1.2999600290883395,44.260721507612686,100000,0.20699,23862.730355193915,23888.17036409292,e8894065fe48c5ce0f7cee479f77b719ee6f97568b5a50c8be834842c4579eaf,38.36073275195923,44.09863390443539,33.95194994553688
255,58169.849538217364,10068.19430649178,True,0.7211038756021917,1.966930728210612,82.81224354375875,100000,0.08052,60799.87968742117,60864.69831702823,a63e94f2280c9be28103377c0cd43623eab0a8f6e59658ac4ab2710bfc3fbc07,42.2957064193221,82.52919388320879,61.64417250120128
256,111402.81474423032,18548.50138535374,True,0.6036326749855779,2.4058194164510707,157.0090492484734,100000,0.02444,125773.90776206841,125907.99507249364,44ea7443277c381665abf3b548785f91e028f486d031edd47751e5508e90ad73,70.49307655467348,155.3607608896637,63.91908926314194
257,34161.82248425732,6650.459472170473,True,0.7655845508971275,2.4989282154374477,71.20907231210418,100000,0.07482,35920.22012079706,35958.51459531549,e39b92febc445cf4c37042a94325a4dd0e1cc4f41c47f56c8734c5ed95b0913a,71.20907231210418,65.07215763286277,28.39844229048393
258,133353.14294688,22237.334767301116,True,0.5676363876599779,2.336473454761806,183.6360242914271,100000,0.01747,143840.72118543813,143994.0694893635,b59f2c20da3059633405dec1b102d4dfdaa168eef6a0ea62c77939b5cd71a6c5,130.68823506091553,183.86018936014221,77.2696991861022
259,36809.45634621119,6168.500776903766,True,0.8675158856801402,1.1535992808271625,46.284129660148665,100000,0.28442,37494.86017269805,37534.83336781286,e25366a2a4e9b83f1101dc338619af90b37a03ffa20605f101ff05f600501bbb,46.13723178769213,45.19934537123892,40.06921967160331
260,18784.770500551043,3641.6345578185155,True,0.9384079790067387,1.6455464438391265,42.94533068682789,100000,0.17894,18843.89121211233,18863.98064668216,d9d367d6ac8ccfd407072d23d7f8005ecea7fa31b46bd5fcda10cd3e0fdf754d,42.98726948632674,28.67565415734235,26.1383567876616
261,25084.127957350516,4317.8185080864505,True,0.9597373854715938,1.283911413343226,40.51625607388196,100000,0.28681,25362.81845771194,25389.857707523835,7e5a5d9f0ad0bc793bc198148145950cf449f9f0ba8a56bae02c5b5bbbf6f884,40.71408935549272,31.663216721800822,31.97974997237802
262,115653.99261270843,19507.511823329365,True,0.5884677482416628,2.901558857591085,210.33184812771157,100000,0.00978,120995.51433876398,121124.50741355888,07359554ca53a1589faa14c1748f8ff05b758c60ee445877a590a25f774e4b2e,208.94538330851034,71.32591236557406,78.74606667574358
263,48106.70596893495,8189.276968439144,True,0.7811042097493316,2.0839337168231302,77.76522482808389,100000,0.0796,49771.951030127115,49825.01280714422,56ebfe83994303306c639d26ddf6bbf49d95bd51a5507013a3c26db016fed3ca,77.51841137037758,42.641771231415134,36.91759757768778
264,13382.131921223607,4285.563598294302,True,0.6360526278533007,2.133991670816046,79.03074495305665,100000,0.02216,14543.645653071317,14559.150604488483,9354649da1f759d00d1eea7093b1cb8f3b5b33556d46770fd7277c13c6c43a7d,57.78737332382927,36.679064002871264,78.72203110558377
265,70196.03425173204,12285.086484188814,True,0.6698552381105164,1.8018594123266487,107.35950740451949,100000,0.04508,74168.71239187218,74247.7835071717,6dbcc6e43edf42c68e20bd9bd2c6e82f34ebb0eaaec014db54f4606e211ea18c,84.00566924596802,59.73445248410643,107.67403721136867
266,33618.504860010544,6756.72705482586,True,0.745532669068856,1.4882483632275751,52.44511619578762,100000,0.18135,34781.47675867176,34818.557221179195,53a87e61c5736c17e32608ae1583f01a39e7a34ea5b524ec4fb4f173abd01fd9,52.67558789781988,35.10852260958244,44.058507038502256
267,54676.642509248246,11721.400063584782,True,0.5943457947434965,2.3588744584675387,109.14516497794523,100000,0.03381,58448.58173138272,58510.89364696188,e95a8667da304b189930355e33b22d888e539db61f628b9e8c60be2a3bf8a838,74.1579575521537,108.31911514534846,46.312084163005075
268,24715.100278418442,5122.498348011737,True,0.8010209633641171,2.6656637111246653,62.66877718951946,100000,0.07757,25384.157584636127,25411.219584048376,2ed30f3f4d0bbeb7839f884b2fc9c77b4cf4a21a2e2594c4cd93ad2718a9fa81,62.76057715610567,37.133086484122,23.48549145163876
269,96584.17637065779,15017.254576981903,True,0.6778978166607629,1.5990929766581767,107.50566704059798,100000,0.0626,103415.0412311495,103525.29179887795,d01e8e525cbbfbd19699d5fd82d1430266f0a3fa7d70507c0bfe54e100e40b82,88.6344330068602,107.29569503465933,66.92857689295042
270,56944.288293019774,8975.142363606623,True,0.7975224025757894,2.214439582547386,78.87778801803627,100000,0.09043,59005.4330163559,59068.33858997143,ac0f317ff72f2c8ba26cc0c67efd689af33a015dcdff9a9c7d5a7bc134a7cfb3,71.13636448696923,78.82001620064025,35.568182243484614
271,20278.395206515364,4119.296701947453,True,0.8730050826615622,1.3478969775541867,43.40408747607465,100000,0.19069,20731.709304136206,20753.811337781906,b125073c817592fb10a0fc8e464ad7740592680f3617c34870927e86399b00f8,43.53124788860221,32.341131586176715,33.35841488639721
272,49702.94200890203,8093.72809518248,True,0.8077127000510922,1.3255833984785446,61.42682137035473,100000,0.1629,50200.785634469314,50254.30459119674,a7c41eb92d212246b64a632485a8d9bb8a166107847394e8e0340145f667abe1,51.09403818574184,61.27685354474352,46.20508707081615
273,28165.73800820931,6269.830169885964,True,0.7140179075593123,1.3676455264931642,56.11661461789919,100000,0.12538,29458.99703467987,29490.40321224475,798a600c1298e741cf08cd3b496e85dc8994a6599e0da127d66a687aa06ad53a,40.88183057124297,55.51379942180847,56.253618071556176
274,13414.190211076822,3696.181986222523,True,0.7386529192521338,2.7000600142605027,52.073062436463246,100000,0.07489,14059.778880967506,14074.767982990863,763ae33a0c3a3596fa4b9f4bc3c82652d5c0a951d847c3ea263adda429dfd61d,19.120577613388846,51.89507833633862,43.300988930320756
275,16560.924147540518,4421.331523680864,True,0.7106472652494356,2.495379757787347,53.88740524943756,100000,0.08321,17312.215135658706,17330.671653440077,23ca685483d0d1dad88f1ae02b7f3909f6468da9e1df4aea232f9d6e9988ab00,21.62863628663949,53.82162472545143,50.99306219404785
276,44465.91545761782,7615.900578494571,True,0.7969804786269378,1.8026282640467755,81.1250742909287,100000,0.06457,45836.49602879305,45885.36222513834,7afc41bf4fa544631c2fcf6f3c1e7b1325d9b439b03f04e49ca72812c22d52e5,47.83131211244941,80.41206094266859,44.286051297489394
277,85979.22685819714,15350.276091521575,True,0.6137105989045711,1.1159886158946073,120.46110382836014,100000,0.03964,92127.53746502647,92225.75444766285,d23fc9dffeebcfd3f53a8c92160b1410d56e4ebf097d961d57f881bcf3fa3510,107.78563123313963,112.25586750802017,120.46110382836015
278,16072.417562328517,4150.753821052706,True,0.7420126102632775,1.533221258523007,48.00060850499034,100000,0.11322,16648.636879723024,16666.385958058654,b442b06c0b62588deb43aa7017b8708e16e668a67f33cb5abcdaec08dd0e2a95,31.277740258744924,47.78966833089615,36.656714698146914
279,90605.70874590795,15380.850679033174,True,0.6342699601627182,1.2470985767409282,87.44003386631846,100000,0.10777,95795.28546275753,95897.41262416705,3bb2c94de1eb6c678e301eb326a65e4ef17f47bfde815e332a2f93378189c6b8,83.31993461431664,87.48272919535475,69.78551530981325
280,76357.37410623765,11371.907457696094,True,0.7653935490006338,2.7133791295622327,100.78306282687049,100000,0.05956,81064.86212262731,81151.28520930257,ae45807db046f2a22eb5dfe9e59f480968f2751a1fe86672520dc2b1d22eef7e,35.92365032403099,100.58622090728676,44.191010946547706
281,24397.212856340473,4754.235718171861,True,0.8556514502857427,1.1583266320977355,39.7153955933331,100000,0.29971,24962.795197760355,24989.407983578334,e70412ee889e6cf002aac1b1fa47633a00b8ded445887b9eb5a7fdb7a0f855c1,34.28555635205709,39.56025732929665,39.72509173483539
282,33409.267315371624,7382.6335805389535,True,0.6794916303086989,1.4825183555877741,66.91571320575375,100000,0.08721,34742.88842063428,34779.92774419205,a9f89e1c35be2e3ebb31484f6790250deed724ee092241c9216f2b34f17951b3,51.41204820764332,45.040679030337664,66.55630263677753
283,108211.85292408468,19704.750859560052,True,0.5573094390840649,2.1747012448294547,141.97944142546854,100000,0.03009,114502.21264934629,114624.28322825307,d317babf3a51625e49b06de6a99ed9167109a10b8dd5571cbf6febef0d9649bf,77.71433292868663,140.66224934193147,64.16111964808161
284,35558.4892499038,7832.143320597617,True,0.6676758979844248,1.371913946691299,63.1559102063662,100000,0.11205,37529.18716854782,37569.19695960395,dcdbeca38a5a220c63b7b67e5efd3722360dfb958ce83cd44f507ec2ab20e28d,63.17132912975643,46.65766217882425,45.51666184794752
285,115281.6209827485,20454.504097840952,True,0.5600178706760557,3.9583448447586673,219.84164644035684,100000,0.00891,125870.1962734012,126004.38623681494,5c1205d8241034767fce846276423d6f4f80d1f99a4d62983ddd6f5b2103001a,136.0055498241856,215.54786428331863,55.33611754883005
286,265688.1651118165,54389.833540617314,True,0.36746377687030224,1.4450256594612532,212.11705485502483,100000,0.02355,298836.0440438421,299154.6325501304,ea083d1c5295f72bf399fd70a5c79147e403b363cab1df312b7975cb98f1da9b,212.6349187584795,158.9842183605777,145.93404799352052
287,75282.04124160392,10540.740224471177,True,0.8179760822778339,1.7830404054579725,73.21036575631788,100000,0.14978,78142.4201453518,78225.72762250542,4f5c54430480d3edc5eaa884502e7a5a6c2877537156747d2a7b94415d96f966,40.5552538821009,53.29914811653808,72.31668453370656
288,22062.849379214098,4388.115778018697,True,0.8669228436710769,1.6909505885364857,46.05192520194356,100000,0.17502,22727.221936066984,22751.451381721232,83bbbbf7927d111d09b1c049f8bc14c7705f3b8da4386452431c4c0e705fa50a,43.46600166765474,46.051925201943554,27.23089913064143
289,60275.841807582474,9907.057256476986,True,0.7504152325873271,2.37993879038573,98.28864654094,100000,0.05018,63351.37171864013,63418.910488776535,ad34b54eed7287caa9d1c45a0c9f6ffd8d65d0b183399f71da02c2d24da2a6fd,98.19266153455236,45.91682743068572,41.225560243489966
290,5884.11590243666,1874.7486967696063,True,0.8407403216628722,1.6935275614974012,30.870966967788267,100000,0.15344,6002.118847535161,6008.517694382162,af8a2e80782a9352b455a1246e2e9ad0950bc0dbde66ab5aa9a43ea06f4d5f81,18.20151006523649,27.818539813990842,30.59964010967294
291,16087.484425854354,3391.3616763205273,True,0.9087312072048127,1.1233315399891939,33.1826344415353,100000,0.33756,16398.30152461227,16415.783720928655,3781f82d598e24117dc02adfcd4e8b7a19ef380412604380e228863c40d37030,29.642397319721113,33.12592583775338,32.907192651737404
292,69911.415699719,12574.121144567354,True,0.6526873797953247,1.4013728228951712,100.99666340132947,100000,0.05409,74088.93672622535,74167.92279284798,7a36f029f8afb38f5a7a97021dffac617088888e00a442572c057a7fcc58a713,72.12286143771698,75.5748958313171,100.97200601280375
293,46975.78720638548,9752.17781014078,True,0.6456025312007351,3.1030029064682974,110.17284118090743,100000,0.0286,50851.642222710885,50905.85505633968,3d9540f9a72a7bdc2772468bdf038f5d0c0d0bb28258108160f9e827c8772efd,109.76937618634844,45.63189088462145,34.321422203817846
294,21973.099755259096,4231.234890342894,True,0.8966257509027861,1.4324161171560161,44.55102528087947,100000,0.18984,22319.072163273144,22342.866481274465,6ce40714993a08b523a62fd810ad2a7cd37b5f41b831825c7e0982b7d78d88fb,44.638039002131194,31.020391626237366,33.16310451206091
295,6896.691792049468,1894.5389827415358,True,0.9248567217997735,1.162857042996222,27.011124653377095,100000,0.2674,7006.557750686732,7014.027427830786,3b23a06b0e4a6d8ba20824f63024ef852aa8b584ffc76e589bf47f8628681119,24.360130485736082,27.116636859054353,23.192901710431457
296,66276.15639052352,11001.789662629402,True,0.7198781571547603,1.8611026397614394,84.43242616916405,100000,0.08599,68816.25861935718,68889.62349444121,e2eb895214fc1b776a146e8060ca956d5f881100352753532919b684a16e97ff,45.576194887700616,76.76424683934738,84.43242616916405
297,52696.19085271797,10252.924800747038,True,0.6629628120530389,1.88388211807335,96.9940012105738,100000,0.04623,56088.499389297474,56148.295225832386,9cb6ba40901418a8b95148baaa3f2013c25fba025e8872e186b9d682083d4aa4,51.17286050196533,62.34990361021504,95.64423117419618
298,8516.22529893523,2256.760537488406,True,0.8936416608313686,1.0934463399640812,28.463538155257808,100000,0.28367,8697.518522763465,8706.79092979002,a273e18b066bb671653baed04ad20be897f7af3c1ef6e98529bf8022aee86ba7,26.05219837501502,27.282190136118693,28.463538155257805
299,17107.143757741713,3611.2842799510017,True,0.8890798830823516,1.3045904850927605,38.27061676387777,100000,0.2333,17387.07087126964,17405.607192600382,89d1b3fc3073819399e148eeffbe573f96ebbca16ca7d2ee632a437a500219d0,34.33704018731709,29.394375082802597,38.242586526990166
300,42755.38629719193,8885.96807963945,True,0.6654364693604564,1.6831467135027294,80.64306887607806,100000,0.06508,45379.947115501716,45428.32658596761,6d35e9e2cf9d483c156c4eb384c82560ecbe19d5360ea68265602a692db53cc6,56.11151032637267,47.62587490508614,80.30836863904355
301,64935.83573311475,11359.769292950845,True,0.6877610383194747,3.124004697777938,123.37269463435732,100000,0.02785,69534.0703227751,69608.20045547426,74e86122308986fa66e1b01148e61df1c578f428dfcec92a303868b44d5eacd7,51.17436723236647,121.08355283938391,39.41239524635169
302,52772.27572461785,8793.57936567735,True,0.7737291969801918,2.420989359474633,84.95380876058223,100000,0.0671,54699.8814756112,54758.19690937762,fec2c8aa62f04ea497ff744fab46f9f68a01e405b8512ca384a7442286f8432b,34.948039004292255,40.9524646967211,84.02047834206998
303,22510.447651253166,4217.486955465477,True,0.9141549128066047,1.3482321474627907,42.222642304021946,100000,0.22884,22902.530225614428,22926.94656708402,ac545d6983ac8393090b3deba25d872c0873abb161b9629d57d52309505f7d6e,42.20202577945944,38.07872086695728,31.244342974484994
304,19887.005695203363,4125.308242028567,True,0.8604797454798138,1.6264052509423232,47.642182395634876,100000,0.14243,20478.197079157773,20500.028843929653,ed5eafb6e5f1b059a89759a66e279f1035db4358032d18786b29610bc85a143a,47.653813787821306,29.264582741068693,32.02122268925362
305,86026.2184159622,16038.515476333,True,0.5875892546852908,1.3575730860925583,83.41408799681003,100000,0.11654,89930.81574951316,90026.69081154118,9d55e0c55f0ca1f29bdc31065683d2d8724e13dacfcb6a260afd7dcc501da54d,83.33262892650063,78.26180179974145,61.72561052693632
306,8703.413614542582,2317.551631482874,True,0.8829059729652123,1.5525553823393001,34.16382826602536,100000,0.16877,8947.673787930928,8957.212884983197,5868a6eed17a04b39d1045e519a4b0aef2d05b0f70583943f6ec067c384f4201,29.2427690187219,22.12808505609504,33.99701269832016
307,127025.72658627997,19109.124054921347,True,0.6394959570059686,2.791333329670407,168.23902064654973,100000,0.02066,130805.44226049472,130944.89367974194,1bc3934cde79c19df173b4420b31457debfd6724635bcc8e95f6041e42c5a4fd,99.1115128955382,59.02330875710254,168.3211686058498
308,32648.721628653828,6621.821223763566,True,0.7460205549839656,1.3898151249497075,69.47939490576657,100000,0.07763,34618.876575573144,34655.78369035199,79c9248f9b4ebf664d828656b0c1834e81b299870d8debced077ff5e266ba3d0,69.6150968489419,50.36238366094261,49.98920331721047
309,22937.30110667874,4441.985209906271,True,0.878891424123076,1.5429690800518292,45.235830902259295,100000,0.18988,23369.11364191052,23394.02740702301,7e77043c7a9d1316291f40ad37f77b22c40dcf44aa8e85f33ac44d0e3df8a781,45.136435765999444,29.321565196654888,35.9589515180069
310,34806.353499723395,5758.076222784668,True,0.8953216079623845,1.1648977555621467,44.31202004611043,100000,0.30598,35397.532383325684,35435.26962149709,b8672b68fc6454b86a6e12aed7f3a4758f7885eca0442210518191011f468125,44.398566960263,38.00491367724267,41.35860660065434
311,7681.5436988840665,2149.819280455597,True,0.8757520743223983,1.0364638105436623,27.96904832020789,100000,0.27195,7911.110169454779,7919.544188115516,9c289588de80ad2d8b29b9c6021fb17b7bb6914ffa85b715a9352149f9a854e9,26.835537084574465,27.135985845826696,27.907592891769934
312,21036.049950019926,4154.006096205652,True,0.8871419658884367,1.4048532490650156,43.31649274064489,100000,0.2013,21752.988612159883,21776.179429624444,be0b9b09ff3345807fa6fe5f3acce349d029727c391d16fcde163471b375faba,36.08297686305673,43.33764337186591,30.689565901697136
313,128727.52480962493,19688.342274286853,True,0.6262137309346215,2.8999713673508767,163.04705566558252,100000,0.02328,134164.35883731695,134307.39119077972,823a7c76f56ea6830eb2a6e08fdee884d491d9f05450c5ca5a414adffbdd3327,60.14748562272831,162.48976592453806,55.3110067986638
314,26668.790246122746,5509.70251495378,True,0.7834744729330182,2.366682145492573,69.54279789310074,100000,0.0631,28216.3698621389,28246.451277371176,1f488d0de687e4fe0f57199c0609dd2ba62eaae080243e84888b6869d340dc40,69.62768900381009,40.83262425119807,29.618508526492736
315,11273.306968293693,2577.2296755403177,True,0.9434058312745824,1.3743934833280298,34.29112309629278,100000,0.21315,11427.356240467796,11439.538922001822,64b1c951dfb6684c0c27863f2fe441a45e0f80218cea81c4d0cb8bda6745ecd6,34.17391710914725,24.906272268425543,26.15367884590299
316,31726.724701066374,5737.582371315865,True,0.8447055566504794,1.8223703128444244,61.161403226782184,100000,0.10871,33068.69983106615,33103.95430553151,1b2bda4ff15ad783fd09b3ecea9fa345cbd62b455a4327efbf97eb6dac37dc3d,33.656690154581796,60.877695545798574,36.25485523306327
317,21810.432416958636,4492.516111898665,True,0.8403057432984706,1.2693513754806505,43.23713443423172,100000,0.2075,22299.961437305465,22323.735381400216,972e4c49969b0602565ed1a7ad055aa5fd62831bf860266677cc875df49dbba8,42.97323590863216,33.76845533571955,41.53762792937056
318,23382.345754918857,4391.3485508223785,True,0.9004886997424704,1.8434177598827204,47.08556707773923,100000,0.17133,23780.01543786143,23805.367264553224,068ad1a2269183676296ddc0c30cc168d1b1bcf221b2cce9d1b6e731a578a0e4,47.13154907683858,25.692441996764444,35.11875181213216
319,99780.28692871552,21326.432320853397,True,0.4878231594745552,1.7396060158207987,143.23477233685702,100000,0.02803,109517.5666488086,109634.32310662678,37d64a4db8a8786061e96f7e2128aa4f902cf4cf8a3987e884ab02ec78157523,81.0591314152428,97.4248231763876,142.2905978121756
320,6423.2823973047925,2136.1908641310783,True,0.7822557217811018,1.7224565469540454,41.20694381534396,100000,0.07164,6664.722868285296,6671.828115947859,1085b7de1df22c961e28375639877acfa60d4c816ea5dee7ceb6a3406c66c8d0,23.81270410422831,30.160746474219046,41.02585861303044
321,29329.611497652833,4861.476777514774,True,0.9460631264114663,1.1391419623988348,39.21852753068502,100000,0.37017,29688.644706669187,29720.295711155894,6704992d4168aa9230ac618b1490a771f2b6a4b8ef966f00f20c0657528440ea,39.44832359043512,34.46940896251613,36.51842382862126
322,57164.82909513002,8699.716584370246,True,0.8248942813821407,1.758510959506275,68.18146969185584,100000,0.13963,58842.77084999294,58905.50300979965,99d98eafaa4e3ff648a3f459465bc8e31b25b3120841f13f94d628daa0fd682a,38.40201430154087,58.97630544879035,68.03165689223994
323,70212.7913051304,13414.17236261347,True,0.6135704015639779,2.5637184404951,143.36260929227237,100000,0.01946,76237.00526520268,76318.28138337992,e0a46222befc478bb2b4a9051888f711f433552085214eec963fe9d976b1eae5,68.79375209081087,55.021001417834995,143.01260292192993
324,98539.14651566534,15661.21991675737,True,0.6587658345967885,1.5215256999347568,123.46730313706979,100000,0.04093,102426.6414427229,102535.83827942231,951dcc700395639b9045ff0939b192d8ba391ae8e71a563898293a6d1099a123,81.26656476014165,86.6923739800324,122.98500898419061
325,56056.94141906694,9541.24852290035,True,0.7423895471492803,2.805601897145532,82.31975301953557,100000,0.07877,58423.60123137469,58485.886515292936,6f15fe719b98f45f58946079c8d3aa249099925b416a551e0522f1f623d740b7,65.7191387631546,81.83741071668672,29.432929271755334
326,17617.37662422285,3543.12429969609,True,0.9241133165598704,1.3575399293388541,38.042663216915415,100000,0.2457,17985.942299753773,18005.117076711475,96f9fb511f9ab2cbb8365e48640268face3732a40d8a49c6b558373fc9f7ca3a,38.00551217861764,27.807552165880068,30.389549327575004
327,11800.069143909981,2885.3924727734493,True,0.8686982195421988,1.4804545021534568,38.90167169789851,100000,0.15536,12160.720515469067,12173.685035183573,1c3dd275a64ebff79816de1fd05a3c6bd459de203f908fd25f30e269fa423964,26.26052789176987,38.80669691347981,27.324245477259282
328,27828.22987070256,5887.325103982126,True,0.7543215131571611,2.463061682954099,79.28468774577496,100000,0.04496,29792.679491684685,29824.441407446713,b1790803e7146ea0c56a1f39dde69eadb01711b7c03503e424bbd249dd95c716,32.170691170282716,36.81627834288672,78.3168570848158
329,71782.06530035059,14140.44151727434,True,0.5906974838560922,1.3461461885612573,102.2402543071311,100000,0.05359,76149.10824637912,76230.29065772114,700808fdce08bd4774e9962fd9f217662352624f3df77111831454ae10b1135a,91.78159548030298,102.34009830547791,75.45710175059992
330,106460.60926849938,18840.95525904838,True,0.5765546835525861,1.8891100653585178,150.16597799164117,100000,0.02555,115032.57796319915,115155.21396350168,8e38e3f3ae7bb0cec32b688a54fef9bd74e0e36bf881b88fb301eb1c2adcd529,78.96912026220582,130.36870550250882,148.91948305714024
331,30101.523456629195,5085.890887401628,True,0.9201163259253967,1.1550523311251835,42.0016929424002,100000,0.31117,30655.853251523487,30688.535395097042,e10dfad8dc469b1bf57780fda9f6659574d3269d6a39d9094cc88246880c8c40,41.97092998370215,37.51030097248534,36.41308877892166
332,19888.5519291684,3990.58594683355,True,0.8895756734486717,1.2122036664870692,41.136382672479996,100000,0.21889,20259.07074240995,20280.668897034393,6f3f7b2000bf278b0d1a74dd8914d2c6e3848c301349670fde27e8157169fc78,41.19664104553539,33.835076470601834,34.88959799907117
333,11981.604021928804,3047.8661039843428,True,0.8308033048861297,1.54535015482128,35.51862041540494,100000,0.20667,12312.91858595772,12326.045363729452,83c47253fabb8e25678daec181888bc1138f908b1a6cd8ff46f839c08f168fe3,35.52729195359229,34.07914507630406,22.866846200054397
334,11806.688279656568,3065.386476869541,True,0.8179955707815407,1.774930344340825,40.86163011261593,100000,0.13206,11979.361176471399,11992.1323493589,86082ae4c64e24e060accdf0e5a0a6c6d40704c4ef50d463506c29de690dfd21,23.02457087400331,35.893590123337916,40.74191830564537
335,41182.331812193275,8527.048315695025,True,0.676331097085435,1.5500425198402206,88.28505377645797,100000,0.04694,42945.72556941294,42991.509921178156,740240f914be700c8b9bee0f2b2d6da42604d9654a40cad732e13620959158ca,87.89708234872938,56.061871306779096,68.21830937560779
336,27800.341887352904,5211.008862280565,True,0.8516524575719557,1.5180666566700782,53.773107924740074,100000,0.13772,28471.32835622963,28501.68158220033,07a688fe6859d7581315513b8247743e4b2b039edba3da543a169348b79abcb9,35.446140477733934,53.221723517308654,36.01065308534229
337,66300.28929160097,10255.972139941292,True,0.7724153710637414,1.2751922663061441,76.36196208052532,100000,0.11618,68782.49262442146,68855.82150164612,8d671f2dfb3e8daea5a092959a81ae98a3d171d35ae805aa6a86d3c3cc4ab7ac,76.41789125197101,71.10461996462976,59.24763561814196
338,36485.10034520462,6083.737273384613,True,0.8744279625808588,1.4483722340624217,55.530920829679744,100000,0.16597,37787.61840346418,37827.90370754077,a8e2af9fbe18e8994cb103956ae709a59b91a516de9f9f90ffc265b65e38d556,55.69360907429795,43.27507306844183,38.08260659437754
339,46546.58077312177,7439.125963069623,True,0.841177023129404,1.2154664431657844,51.3521487507351,100000,0.26887,48409.824798640235,48461.434415618074,1402a26f2a7a57275736e187f9d7ed98f3d350c00f2c8223984d933ad9cd8215,51.20170300244193,42.32540385314495,46.12415899754747
340,32297.989975817956,5436.548109616499,True,0.902148197722934,1.3547209179586994,48.03609189795915,100000,0.22311,32880.418671576736,32915.47241987616,195ce88b801b1e6b788babace0f52ea918649a89ffd404f3fb4d46fba1b6c7a3,35.52278377903278,35.95670355447821,47.89536115997685
341,97677.78967034379,13411.78508023543,True,0.7647651482192037,2.63232136320362,100.23154752149699,100000,0.07523,100720.91686196091,100828.295229111,8681c17b538f538d4751c4a978e70aae020d1b1d68e088e62ca6cc131aeb9812,52.92989191625927,37.84377154345583,99.6197827050816
342,19278.94855727852,4522.759801871284,True,0.7687813348923678,1.917461747637711,50.8615268703841,100000,0.11506,20128.335013633252,20149.79379115983,8d1519cf8e3a956e4e0edb93ef1afe0d108f50e0ecd628b12bb16f3c613ebe0c,26.622830471216673,50.91119633021846,43.63462046448479
343,15861.90350465448,4079.2352307801175,True,0.7484145872733098,1.688338840135583,53.11821911002683,100000,0.08347,16633.21622772053,16650.948866130035,9fc8fbfe927e356aa678b471cd2d83370dfae013b8acc691aa278714611505ff,31.370354498817115,39.838664332520125,52.845884490566235
344,8769.967084533951,2194.7009902861337,True,0.9370744005974847,1.5839708033200033,33.58731264226856,100000,0.17733,8933.533827951602,8943.05785042094,7ef286dfcc3f2039e5f9cf6a6d96efd539e6bf835553ec77b55243f236111c28,33.4725122572608,21.443071913948312,21.180671033930587
345,36763.54525040115,5668.771730050661,True,0.9432064144255178,1.1340860772186516,42.423474834201556,100000,0.3668,37236.02751005769,37275.724764190774,20c4e6a95c04c5706fadcc08b7d8dca02f3d7830a5d73c565541bf85354f880d,42.6720498820582,39.0469971008154,37.50376034537203
346,160850.00000848583,31879.1051269463,True,0.44866829303967104,2.0261473140665527,201.2730887833176,100000,0.01674,181479.63184584747,181673.10691682325,61f065f1912442a46bef74b49dcc8772b984384887eb9115a40c85c98a39e507,154.14884753741876,201.61706134715627,97.56536078595632
347,136363.8225168582,22632.391505832424,True,0.566091267050798,1.5465695909436925,133.34089797681813,100000,0.04579,144336.46736952072,144490.34418745714,88301e295213aff892c8b2de0ffa665548dc0930e297047246c497d27adf7c49,132.00618683984314,92.58337740382586,85.8447138586107
348,28778.322247181317,5854.111040816619,True,0.775770896622217,1.9208184121234617,70.10530917451251,100000,0.06577,30129.773739251443,30161.895030513693,51c588314146f34168170883401cb2dbb04209b2f4855eac50f8f52b10a0c25d,70.27646471448935,39.1090408847073,36.40478335307327
349,69717.47142583848,11116.941317132163,True,0.7368739940521569,1.4946342536034862,85.44611268755574,100000,0.08903,73846.27678260594,73925.00414995012,152a3381b996dd36ec0fb6019aabf375a62972b662a019d4a6b3790eafa6d6d2,85.15406054458072,58.99453288095889,56.72069833922462
350,14122.811657725515,3147.4602623571177,True,0.897713963273338,1.4742226977876463,35.53052542535005,100000,0.24236,14453.769850415247,14469.178985419732,4ea26869bb693b5a299ec8b00b4192b844cc6f20d74b30a709dd356bef5ae824,35.58257209345359,35.3657109763555,24.062909553203383
351,41876.25838037235,7334.960010952983,True,0.7950570406837243,1.7824319515051976,66.02901257950799,100000,0.11174,42768.92918325889,42814.52505275194,9fe1b67f246129c3bec65dca0fc73b5d50aed549b67e261aa990b9bd550dd16a,49.53787979903029,65.56152201192847,36.931754838782425
352,77805.35226218622,11191.145423456492,True,0.7875580363738992,1.320315388693532,81.35677812254548,100000,0.1125,80546.94040141845,80632.81133278713,5cbc99adfb2d0a9bbc43efbc8fd12391f59d3252f1f117d40b3ca180eb521267,72.47824301005089,81.55540306913373,61.692908410309144
353,62284.20902282535,8996.064548375303,True,0.8446631167087011,1.2572568636652395,65.96275560596807,100000,0.16825,64204.68872264817,64273.1372123285,75a15227c55a1bce054923886090656ccb2971c3727e401b71397dd52a23f56a,52.69290438054872,65.73729696864297,61.32474935242344
354,198038.8894962798,29069.33546541491,True,0.5652180324929011,1.5688278898552026,156.04260450580847,100000,0.04219,213134.81606938498,213362.03866867625,d0420204776fb3c56995eb8e90e7fa24891e3493e54b64f3dda65a4a795c5f6f,141.37551399439826,154.51875094618143,97.94568754502772
355,33637.09188206,5253.251206120378,True,0.9592568664431957,1.2224411161227755,43.19826266217822,100000,0.32151,34459.4728519677,34496.21002675702,666eb9d1b3ff42c59b88c9727bc750ff246e94b433a32a67270bfc80fc26ca3a,43.36700587570236,35.4044354875323,37.20787858207148
356,84654.79898604068,15371.999207705467,True,0.606533546801184,1.7422366516841052,146.20267014996332,100000,0.02196,91245.9401953716,91343.2173089297,f03b2616fabcd776813047aadf0f50d72e49d291763c0d276fc9c38709fa7962,93.51830951975192,145.20323783448507,83.02427020723016
357,45995.10598048076,8542.335605808175,True,0.7267447626956351,1.344884651413688,69.32479526902182,100000,0.1081,47885.80389454915,47936.8548538937,49eff2a896e4bc7646d6111c91d6d2731acc9408118592194666496139dc85bd,51.536621482952,69.37557026555675,55.53092121036635
358,36609.1122266138,6157.498666133866,True,0.8659096832594888,1.5036777474103276,49.798238743272066,100000,0.22975,37723.56867768497,37763.78569847754,c1a8da262546b1dd0c22e00c133b1e009e3c508283699dd0fe5079d8b9531cdb,45.33633600431189,33.09345846171547,49.56724105378912
359,39365.374294563,7025.017422844363,True,0.7966110180674095,1.693326518903131,72.97203112977168,100000,0.07863,40623.08312470031,40666.39131202065,e7dfa427075412cef3904e3d187e4d4f3e1ab8582090f5c2c4416fd66f113326,72.88295394333397,42.82831123925076,50.98778151694495
360,15463.301113881158,3370.4556643612596,True,0.8905609495261472,1.2127718909683556,36.19224519256032,100000,0.25115,15830.515618229243,15847.39249913135,a6eb4b51dec96ae7aa83905ecd2021f7df9e73a30a2e447500cfa3301299cff8,32.55181427963677,35.953673263800766,29.856835084389974
361,26461.885836063782,4597.82138037529,True,0.9339978789683099,1.1790123468665306,39.375991794016045,100000,0.33044,26822.696321191674,26851.29194386139,04f367a8a910d9ee0b59f6077bc36c734ad68d97fd6967e8e8413c923c70131c,39.36637851476946,35.09808252928529,33.473438336612276
362,26214.746714605353,4968.158358368804,True,0.8589854444167451,1.15805424424643,44.35299371961182,100000,0.23234,26953.06158335995,26981.796188173797,dfb063a50b8e9d29f6d2c730534ea017087820389c56243c751eac8747ab04a7,39.09040706245084,38.25662275668665,44.52624760132905
363,66486.34142590185,8617.726343283675,True,0.9209719064419044,1.2686879791370633,60.185024921056026,100000,0.23638,68515.89955576022,68588.94421864992,815c6a7872c1cc82f93e1795dad81929d8d4f065c49bee73b4e72cfe21814491,60.420122674653896,47.284035692372626,48.38605641236267
364,31548.03568332068,6957.100746164638,True,0.6940179678170484,2.5963924543669457,89.43848248591144,100000,0.03515,33435.9676683167,33471.61368628562,88fd98c7697fa3d6fadfeb57f21778726748dedb018b4820803cf6064378d537,37.92837990186234,88.89259331058238,34.598455932355144
365,59634.121438433365,9841.51223751193,True,0.7500418641942947,1.0897155534823717,61.52711690043829,100000,0.20025,62013.68247736031,62079.795139683556,a8b6d265588c5b880b5ce90fa164a279f0c5a2d461d709f0db9076b0df5ac9e2,59.49924561587794,56.34477917322852,61.737414663281584
366,45123.100148414494,7831.2639694922145,True,0.7826811624637223,2.458520977844381,89.10806617164147,100000,0.05064,47638.71679069755,47689.50433097702,7b20f561dc606e180e67ecd8d181be5c694fbcb43b84609378ffc4ce5a8513d7,48.992032475228655,88.56419369744933,36.36331362448699
367,36652.120237311836,6227.998299803243,True,0.8567781339289694,1.4012892473951244,49.36287078845831,100000,0.2355,37662.35216420425,37702.503922194795,ffdabe0a4e9b453e4a1a2040bc8c0ff6adb9ccf42824b51b60a76a0e5300d8eb,49.314664859953965,49.04953225318002,35.15417336180002
368,22255.07014669573,4492.159950867537,True,0.8517553912905329,1.2174833576961588,43.29930860795798,100000,0.20933,22593.819775834658,22617.90700171386,583680c69c2e8a1ead008b7e8611ec1572bc8c48c386e94dda08ac38c12262b8,35.635246415387286,40.22311261066409,43.035030601317615
369,28912.495286847265,4730.9749155160625,True,0.9629207138613082,1.4678599401709904,45.572920785707666,100000,0.23526,29606.289740521283,29637.852946543982,0c396891bdb822264caa8286cd0393ddb4117f54ee9b0213403be6648867ea3b,45.59517318843506,34.44671942200951,31.042101804717866
370,20528.758277792942,3975.894553373094,True,0.9119220579924255,1.5223722263458732,40.150019745479455,100000,0.24268,20883.658244872226,20905.922270978426,4b9a52d4c4dce50b7de2e93249f77f17df5b1f2c619ee94070ec506555631a1d,37.49360974767063,40.10100849090733,26.46607746894398
371,40387.34202801623,7462.525228009696,True,0.7628312811646143,2.5818408383122042,73.03500567846734,100000,0.0837,43354.47801591086,43400.698137838175,341073d443ca703bc401d2e74d87ff53ba3e05626b1217b549ada305c2685434,60.96354599967769,72.60706619207006,28.092444200787426
372,35825.75088290702,6894.679270259802,True,0.7622549570527881,1.3965568957457404,61.476034764064266,100000,0.12072,37291.69048015273,37331.44707646644,0ffefc8aa8cd85ebd83897dab5c7cf193e84d32ca6ce5c5c6ddad2a3217a8d0b,61.476034764064266,43.600556882228204,45.58171815880449
373,28065.01268343853,5103.381536648524,True,0.8751239742916913,1.4512115517768847,51.425580950165084,100000,0.15962,28862.917488758703,28893.688187117008,c9fcfe79d7e4afed72e92b8ad39791a0aadaf6ecd191ea809fcf6c4a8d07e953,51.62646212575166,40.992314893136964,35.4178622706093
374,8414.268682838881,2482.6022208678824,True,0.8058506651822321,1.3634375012414033,33.106602043195295,100000,0.18019,8693.402990351804,8702.671009817524,d52c4d8676ae3ac10c4bbacf57d9f364a9def8f633ed023685eb69c2240b5086,33.219759374397626,24.21566887729812,24.280330209413734
375,90078.89961419988,13478.184151610069,True,0.7209992066788078,1.8996487240927422,112.65118357973864,100000,0.05019,95398.11082372608,95499.81455805068,19440a4e851bb4a6a0e531ecf096aca1c5f3902b84f2cbf53b75e4962f48b3bc,58.52581021916109,66.61161294680834,111.52357163472661
376,96848.24161565932,15603.476303620948,True,0.6536178721284042,1.6571417367240178,101.25218554525304,100000,0.07441,102697.48901244799,102806.97459919742,bc94d2b9d1fb278432594a8bbf47a3a07adfb2b8f5753a25a9115662ee3986df,61.03311672637445,89.18893687677563,100.60947147685056
377,98688.49214682421,19087.130268126493,True,0.5410712970515488,1.998773187840684,142.35213713218243,100000,0.02744,105242.55510273133,105354.75397932739,7fcdb0e5896aa1aee1696ab623adf90db664cadde48749ce4811eb3e9fd30722,134.1849612957413,141.83082803623938,70.42885886190618
378,109894.1852586002,19826.217773814395,True,0.5596210748830971,1.5264971017068631,140.5380416125481,100000,0.03269,120645.71854548379,120774.33870368604,78646e45a7dc45207eb3b5d1671aef30663e876249d00259163791ce60e98f07,140.29786429533917,91.33600263003004,92.15946771760358
379,34529.916186262795,6065.136727443282,True,0.8454875396844082,1.3078656468866638,52.44131790847692,100000,0.18572,35611.86915240311,35649.83489457351,0cabeb8b6dd6941cb9efbc7c7bc82e88b95de597058aaffe5b8a3151d421b22e,52.620560694296906,40.12477791141764,44.09372531171741
380,41214.19891430889,6584.667014883115,True,0.8762907257668081,1.6800651579243278,62.19321533488859,100000,0.13403,42869.29577824217,42914.998648360524,1488abefb8ef6dcb1efca56daaab74db23357da495a257a472b62edc13f53ccb,62.10211199211287,37.07906050971629,43.2285361470771
381,253603.1365148086,41650.291769301366,True,0.4651958410793679,1.613353737547727,178.1656272738481,100000,0.03719,279648.9826005374,279947.1158191616,6105f7dfc31b42f157c5deb3fbb47121a3f4f67151fcb3513d7cea10968291db,108.48268418480886,138.0609621501938,176.730210843175
382,79603.87977331819,18372.431282616875,True,0.4870874981460672,1.6955616512674319,229.1686310895741,100000,0.00593,94893.29055279745,94994.45609924523,1656e1bd9132e723d139bccc48b1375a37811631954ba91e1cca56713fd3774f,224.35698502665824,165.88989042494805,130.30608930850053
383,16964.798660300887,3495.1683484451087,True,0.9135139116681557,1.7616012204710192,44.976254928481,100000,0.14386,17402.242940176588,17420.795436419514,5eac9303b9f4cd4177012509f39f1f0ed2211befa242108df016681783737bb0,44.88841068057381,29.87802481943281,25.518754017038532
384,11158.860366083934,3019.0567973080424,True,0.7998822688706526,2.2319647740431754,44.7479581675469,100000,0.09528,11351.067868141216,11363.169218794745,8eef4fb005f8f34a96147ed11979bd264ea3b2970da2d372abcad96e9d19a1f9,38.018284771255665,19.84488916292699,44.496687894633425
385,36753.36674802721,7142.80736694929,True,0.7484221038747301,1.8249314876719045,61.13429641763473,100000,0.12603,38286.352449513,38327.16945295425,a04b27da0becb0fea1a9c7aac48a12f3932b135be8496bde94dd6301ff35543d,57.17907460350553,61.07459495628938,33.776101756129734
386,110716.26194054847,22564.60046919481,True,0.4941560147660325,1.104288610417701,106.3789607061995,100000,0.07348,117612.01170259184,117737.39763202271,a02cd98498c01cc92291b7750bfe93aded8fcac95f32043f1c048961da026622,95.62679036138344,101.98978972003064,105.65176077949698
387,26940.885198674776,6238.0889253797395,True,0.6966914336173978,1.153769389394176,52.165497884518416,100000,0.15084,28469.63476956579,28499.98619000715,283a3b2f3db25d32122400657fc559f4d1e2fae3aea67f2d91c43e9554d31f31,51.885312104865235,45.14811767593207,46.95658952642075
388,37253.04740604697,6066.957524362189,True,0.8891077042150171,1.2847619327104347,54.95121100782896,100000,0.17188,37920.35985316849,37960.786672637965,8077f894577d41aaa9199aad9d5e5f5c2d328fcf76c3cde8ab1ff492cc74bac1,55.0048742998288,42.93063359986638,42.662317139867206
389,20054.76819795374,4026.9007535473515,True,0.8864582700229584,1.404413764407339,44.139639008044554,100000,0.18114,20711.71188146032,20733.792595893876,24c7bc45227369afa99a631b655dd399f69f9fc628635ccba21681dc9dea4cda,44.20429668237274,31.499063676883356,36.003548321747274
390,133094.76499219195,20567.425447912407,True,0.6129308891744019,2.3931704856301996,158.9310717581041,100000,0.02708,144540.7812901182,144694.87592671494,9473251f54545bdbdd122a953721d0269cc140123ed5c1f9896fa0f81a17d628,67.26245431950035,157.10739979212977,153.8480711720905
391,35817.666942896736,5605.7660209899095,True,0.9373764107330385,1.4734430003648527,48.94149340491917,100000,0.23449,36548.64496644815,36587.609403432216,b920c82a2428a88985832081b8afefe40f0b6e780d871dac2117247315ab2a43,49.037082259225656,41.98740425412255,33.31271572580924
392,109435.85503287679,22313.294236265738,True,0.49586127083674475,1.3375310852904951,122.95432274030063,100000,0.04888,120803.05149460357,120931.83938514689,ba5589c69858e5dd08421a815081aeeeb92e2fcc13a3aa92a27b3d4d846240bc,90.08445374600637,123.2545041923033,120.07258080107482
393,37605.44057656111,6301.728925344659,True,0.8613735415320664,1.8059228132970775,60.21171768716337,100000,0.13277,38535.26119241599,38576.34355696807,5affd7658a42e0bd99411994365343ea0e2c3553bedd6e0ec66ea85a1cab3d5b,60.16761730799797,34.4129958754027,33.53098829209464
394,101783.85345182718,18878.416489665105,True,0.558433102099451,2.1445400783969935,129.22192473978876,100000,0.0379,108733.44001668954,108849.36051868033,42450ad92018ff364080060eb5e08a82c05290e95a2f1a085cb5d0629cb6052c,60.39926145369277,108.77861242743936,128.6540549533346
395,19020.81629573809,4232.62614737325,True,0.8141297931631835,2.3865329241562643,52.91448986299639,100000,0.0999,19679.072715999086,19700.052535892588,b5e40f1d47344ba67bb1caf220733c4c6d008bf93dd40a172be0b61ccab21b78,53.04367562926347,22.019713860223963,42.2566641459622
396,10054.648794825684,2653.0580268839976,True,0.8491452396631233,1.4572264659345586,38.995581831858786,100000,0.13164,10378.853672463994,10389.918547516374,c5e6952c5d3cdd87864eebddc0f26ff3dbef74e5c6477f0bb9bb9e0c5cc75dcb,26.657136017872215,38.61476560303204,28.047115253089842
397,27104.962021404597,4758.866303163629,True,0.9169517621098544,1.2387717733972643,41.173458205989775,100000,0.29839,27691.826526603545,27721.348727239452,4846cf9722d6932fc8da93bca267775bb2124e7d13099faf4598c7d8a983713f,40.12803836872831,33.26244462979008,41.25387511654834
398,37591.46268468697,6449.519599796593,True,0.8414266064329112,1.6851949510237048,61.0434868424357,100000,0.12773,38630.133792385575,38671.317300425944,ca0a7cae50635195fe5312d353cc3e0a76db20dea04650e95712d953919f76e6,36.408505458025,61.088196427525375,49.35938193900074
399,16482.653877920256,3487.5011814215204,True,0.8980927428173453,1.7293954307882107,43.325093178613784,100000,0.15584,16850.49865445119,16868.46293721938,4cf6e1d53188271d73715516b413beda951ed66cf8e9bfdf4afd9a48e7ab1e52,43.46259957786232,27.099338067287235,24.930967925291185
400,23780.843012713547,5157.746111242007,True,0.7753700021760059,1.8039702796890023,56.39057338560549,100000,0.10341,24654.56653937892,24680.850723243337,4d1c4e4a05c83821b616568c01c89b0fe9038f4f8b2cdc763ee0b8cc1d11eb20,56.26666831713126,46.12021993207481,30.632086372795957
401,17948.704158987137,3726.0296831475316,True,0.8897333720441553,2.1194691474467335,51.41663852012425,100000,0.10314,18640.324539979927,18660.196952529488,9f97df83579330ae87d2283068a8efc52ae07234b3f9570977b8c9f8d01b414d,51.50450875197017,25.582790357425104,24.158037312494905
402,61968.84210301086,12047.75385532655,True,0.6285796151758111,1.1693536559238555,87.09382443675372,100000,0.07539,66220.29782565015,66290.89515214648,f5b238dd533ad212b97e8e513df30a6f6122f54e207b93a249f9df16441f9b73,87.0087718738272,86.51971963699972,73.93194032387517
403,16595.67915588929,3576.790286125447,True,0.879671794462943,2.179605468073204,44.31637344059202,100000,0.14654,16957.589932623396,16975.66838518814,269eee696803d86cd95c8a5d28dd12930c907515bc436312f3d45c96551ec233,44.21899859660634,20.394620101444325,36.07196998313813
404,35003.41939873076,7338.529508780672,True,0.7051508936712586,1.4638663981267634,90.81344555671618,100000,0.03664,36485.5777195196,36524.47492063842,97d2104f090f10c2e7b420d85e2afb80ffa232f5d6b3529244cfdc347a316759,90.37002052958377,66.44724031579062,62.168188803962934
405,34532.89106746176,5355.428797535631,True,0.9575875714044891,1.3045850341190008,50.31115254388213,100000,0.20829,35267.649889096814,35305.24865980204,80884d52304f836a6078194dc043f59966c5398a0e73beea9dbb29ca1ae1f10e,50.53224647595974,39.9934357135938,38.23696725319948
406,33585.02410189687,6578.0569104272045,True,0.7652739688795849,1.6563486467830724,63.40706968143253,100000,0.10317,34968.884704375305,35006.1649621172,5c80033ef15bc9070d0103c5630d18a71072c67c731bcfaded9dcc3c9dfe20c0,63.23678702359665,63.29870799008243,38.1587955968582
407,150815.25711868305,23950.44916567715,True,0.5720938965732837,1.9234776380665002,171.3252541115539,100000,0.02365,158128.66361610554,158297.24426675623,a8c009dc96368b0d6dd9aec14122b781271263440e6e7e5d697c232f07871021,171.0742893838514,106.74366418278457,87.71217233201381
408,73725.82702527622,13412.262242900286,True,0.6339600000544731,1.2261155450192824,76.3989942459796,100000,0.12949,76774.05094315785,76855.89960465362,931551a7834269d8e93c937a372c0eec91377a35dbaae8ef02fd12a3da7e95e9,75.93269179086498,61.62653246794838,76.49225473700253
409,32024.823464022633,7555.630723880677,True,0.645462818644558,3.7051638118306327,103.40089253473016,100000,0.02388,35101.242249306524,35138.663613161225,e747c61f72bdee0948d19c4fe6c4a0ee30d474cc8dd0f7ebb5a3ea21b792a68a,102.1639189668098,27.79403874041453,47.131217373618455
410,63090.12093281242,11337.795048668577,True,0.6759736425617884,2.604776111117937,94.80278883930049,100000,0.05819,65921.48752114114,65991.76628657202,9f62918511665b536a90330acc8810d7323181d0065309f8da181b1e51725bbf,35.60890884503511,94.22415853632626,72.42136872025665
411,79043.15509721446,18488.214895041023,True,0.48176138741209285,1.7866974424711652,159.45141499567296,100000,0.01669,89961.51717499815,90057.42496775422,65602629e17368fcb31c56040d6090d4284d57cc6048757a39dfe8bdf074fe9f,159.99641494927147,87.19999257575866,150.69248716998294
412,6646.530860833377,2090.9801935418686,True,0.8175811862629921,2.2493308261451466,40.128060573718884,100000,0.08053,6918.588679009183,6925.964572502619,f0bc272ea0d7c97f67b6761baf984fb5cc710b460d1d2e9443e31fa5a647afaa,25.364147662440963,39.794966320909694,17.771558076349134
413,14160.751090094049,3216.8261494927738,True,0.8799285184269612,1.2674250513331662,36.44469804336816,100000,0.22397,14414.78670502263,14430.154280174113,96a7ddc004d0958fd44d1cf3e3d15ed991715161c14544dd63c5d9b2f73cd7aa,36.42690278065168,33.24155075440026,28.570294291322057
414,29020.051571213717,5488.867769101349,True,0.8320194444977179,1.875646996155299,63.04988946758053,100000,0.0898,29925.72129557759,29957.62504693951,581a7d06c9bc7f37a11659df8695027cf9a480092ccca49c8b8cadd48af312a9,43.593087639694346,62.895959073372566,33.77232848922648
415,38112.17629489818,8681.838831083756,True,0.6308337266938802,1.9302403452702075,116.00262654395522,100000,0.02006,41634.14959687552,41678.535680130924,d260ba50bf2625a69744eb4e5c0e80d8bba6815c75b6d6aaf669ab457d6d11e5,86.26562511056827,115.32292365404922,59.247435236805245
416,15715.905959301424,3529.160646016634,True,0.8597502505199398,1.5832681133304578,44.90513036258234,100000,0.13491,16242.292545544957,16259.608421002138,3d3332685816b441e8ff1c92af9951be4660667333f4b3a694ed8827f1708d5f,28.350748808017073,30.444713627170696,44.894167195989915
417,195174.7713700592,33539.859405528936,True,0.48514549870579193,3.98834292544432,264.83673966743316,100000,0.00899,222028.99424217865,222265.69890695435,2148199033b885f46d26b86b8e4a41cf68110dbfe75988a9bfaa8cda85407699,65.64343260433631,263.4142767102351,119.22825877606121
418,6835.912154763383,1985.284274164851,True,0.8773894421598277,1.6657480000376736,32.2083485515719,100000,0.15705,6976.837609168671,6984.275601729548,206eb049366fac1da790fe634bdb7919e7bed564b9e3599fa2aa3cbca326f791,32.12971488811591,29.605574291178762,19.375334675554974
419,12448.103860442216,3475.069713914324,True,0.7474624931964571,2.8114429487987165,55.0039870082943,100000,0.05948,13160.390437015314,13174.42070282516,4feb9bc4e5629764a77a8dd07e2198d3de512735332ce1fef22d828b0817b1be,19.57905592238601,55.084559254888475,41.46784958047188
420,86221.29984383726,15923.353385644888,True,0.5927332656249806,1.5275891792390355,110.33539323417756,100000,0.05273,94171.09372961737,94271.4893434826,d9fb45420dad7e2c3e38a854eccda37c2a16df3bb2959c2b8e817621b09df09b,74.67033936648932,109.85052090062894,72.24597769874615
421,12348.975255204028,3013.8448716193366,True,0.8572691134879012,1.6881258695231478,44.19642897487216,100000,0.11118,12761.55251601892,12775.157581522337,5cdb005a235b50d8a3ffd8678327027d48f0fc82cc39e5474e728b253bb904ed,33.8378909338865,44.012996530396364,26.09056769073264
422,50280.12578507918,10157.800778029754,True,0.6485577757587083,1.729310051565347,81.83514257367145,100000,0.0732,53339.128167256524,53395.99290465422,7d307a14b707670fa583bbdea4569742d3cdfb9c6701accc09e1676dde500de8,61.71600473878689,81.15584695660483,47.19106610327441
423,49416.11282576877,8134.780975933913,True,0.8005417386766384,2.327372461621743,84.09193066158204,100000,0.0656,51865.9230780062,51921.21723441743,2316f14c926b9322cfef6c075041dc75be56024bf65f2ba05f411c7cab62a6b0,47.897088435905985,83.47602296630677,35.886888378038435
424,48314.07693719206,7981.724703209439,True,0.8037170305732694,1.9150975629883593,67.58543626117496,100000,0.1203,49378.772929393825,49431.41554002753,f22d1eeab41a3b1d1759cd30f3549232450f240b9c23300fa3f94def8e95a10f,63.262344390953324,34.83224022151864,67.51943485857615
425,56991.81925425956,7426.856617964815,True,0.964319092079195,1.003899895969182,45.501415083557816,100000,0.46289,57978.61147338408,58040.422354615206,1d53f26a8713fc8a2ed2afc93fdba61776dc148cb9028597961db398fdc37852,45.52363257139159,47.656511403433356,46.91222556100212
426,101174.81397322414,18426.44846466028,True,0.5698459036144167,3.4552606017152696,181.41190519866606,100000,0.0141,111926.20205831518,112045.52635750524,65a5b3d4d5dd0e6b18a6f0c59980d782b55094f5d4fc5228a3e161a492268c8b,65.48278853423528,180.48181486439555,52.085058719148265
427,9421.857387759543,2545.266714666571,True,0.8475692211716759,2.1317705264646913,44.97101653197787,100000,0.08049,9733.19316874644,9743.569706432734,56fef7bc52c09cedc6e7291eb6cf62d930210b15ecbbbb00c0abc5ccaadbaddd,44.97101653197787,23.06740862638806,21.11859138165513
428,24821.343428609,4889.776652396016,True,0.8415474808605768,1.399741600012364,46.33724264542256,100000,0.19172,25361.403453505776,25388.441194784533,c7034cbdba0df905a5668c000fd4dcd68093b4a5d872e4197c78fc17856e6693,46.31461703866209,34.345671062378635,32.897632229709174
429,27293.11305595137,5602.7787980293915,True,0.7824369726663997,2.2232257862448668,67.20558070815053,100000,0.07121,28739.0429647097,28769.68160068675,a750fd91aa7f5e89a0701435061f31505e52f25092521764452f396d2da6d0b0,30.354083083515256,66.94305890850933,36.851497624635286
430,7190.925228456588,2424.7120610977413,True,0.7430427488523906,2.2970263187345954,40.91307695458602,100000,0.08305,7562.0817274210685,7570.143647560843,f259e3ed9f68499941a76cc051793ad0cad7ff55b73942593ba195ac82f2e1d6,17.764625821223447,41.0329394847264,33.30180629067134
431,12441.684874092876,2803.9379065577514,True,0.9260516233743529,1.3658861008821053,35.28745474130912,100000,0.2162,12630.833016451006,12644.298722158504,3363f979baaf5f298012f2b11ff8832eb0fc1b381f70e6d79d245adcd65aec0d,35.270224538798715,28.335068028360766,25.85391886686247
432,20868.344931713742,4436.32125729461,True,0.8262658573180168,1.3085952774158078,47.55351595516933,100000,0.15118,21615.11453124321,21638.158361427042,75e3fdb296266909cac67cd66c00dc6b05edb9f19976ab34f93ceaf2df166e99,37.75489108550065,47.33293079815073,36.1295267706267
433,57236.610640966355,11133.952749344222,True,0.6450856130277977,2.053195899249996,121.60217154078646,100000,0.02705,64670.551216132946,64739.49636088181,0eb6b32239e656adb9a814d4da64e69b0c26f02d8447e1f583d1548ca721cab2,121.39435532965717,58.811987749584475,62.70111970071801
434,39062.03369103173,6298.1016036519195,True,0.8839839138470361,1.2261172813756358,49.45664123612036,100000,0.24805,39895.91123657512,39938.44418740618,78435a154e7dac06287e6bb773bc84f4296044f74858b4d7cb0a05a9ae6cc99a,49.456641236120355,49.11855872767032,40.26804163146031
435,11020.670603382698,2727.10352934244,True,0.8781887049985452,1.2862326184645485,34.88151923724648,100000,0.19889,11223.141163727685,11235.1061319786,d51ab405dc0083cda5e0a6fa2d47bde5a0d0075ec8618c28448ee37245cb54fa,26.893515075982517,29.899661631340912,34.72823131091092
436,7414.512321744842,2518.6406376940085,True,0.7300842490310436,1.5206667194387748,43.00823300598101,100000,0.07285,7705.479289567114,7713.694085559853,86cf7c39dd6a0d9d3fdda176dc02a96637cbad66b2b65f78d2149ac56f19bb2f,28.17165262574391,34.89168903292845,42.9242325508912
437,17695.530607240624,3484.5506000295163,True,0.9424241549892356,1.283792382748975,37.29551627785801,100000,0.26078,17987.029746474414,18006.20568275688,28c80ed2a4f5a244f1f080ce44b7ae01410effb4bee2980f39128cd60252ea2f,37.38656978439576,29.228175598614314,28.964120429654866
438,31567.832279846887,5668.58180214256,True,0.8521307023455441,2.171566065225807,61.59280226109051,100000,0.10385,32263.515914315074,32297.911983824135,79d12d95edd22ed14d0a017ef5e4946f68c2610e63b2224f23a141573302775c,61.562727650611464,28.307727113404027,43.15706603743402
439,73017.18308048461,10691.480433752498,True,0.7901866022866282,1.783447977392614,73.40895981524054,100000,0.14389,75682.09143531288,75762.77596097067,06480a01095e0eee55707c148098a37eb06b2fa6737ca775b5e1f86432e9e92c,63.60556601178922,73.44480403390031,41.29253989607281
440,47204.44229026694,9103.015296810896,True,0.6938848934316334,1.7967117799269237,76.11198632192172,100000,0.0855,50123.40713262596,50176.84359628802,219528e1c559787975f58f029dd97a5a4ccd0ce43e1c928ba6268111a68c0f1c,42.4041876920472,75.53594345669234,46.547979916116674
441,21036.066885057586,4250.458031803635,True,0.8670112926101611,1.5121198780829181,45.92809550023637,100000,0.16781,21615.65747041592,21638.701879426128,32f5ffbb652211512eea64e806235a73af3ce3c87bc00f25f4ededc611ea0439,38.617275611038586,45.6253468238432,30.431848434482788
442,45065.862109306945,7868.110048242975,True,0.778356974424327,1.4794335192868853,62.494148647554766,100000,0.14306,46424.96559626049,46474.4591588296,2da557adf95cc1b69d6afb6a225f8a15b9afdcc90d17739403a64c322527bf28,62.5551780895934,58.069514099754265,41.91196932002758
443,45377.556899007024,9290.599301722708,True,0.66221823420136,2.5152870751905416,79.02710097539955,100000,0.07232,47457.173760152546,47507.767757771835,83aeb490fff2d9d60bf37e5e0d0af6db745cb0c6832d9e808875b65e3852e58b,79.14286333034397,75.95939856937207,31.111132891316352
444,53902.98672357929,13111.707875919981,True,0.5263000520005146,2.451766237714569,149.32463127745012,100000,0.01306,57816.637671432785,57878.275872718994,2389a2297a171d49e90a0cfee17ee3f7992f0155eca31ac0db1edaa8ef5476e2,60.626675247656145,148.04866396917112,96.5360409235078
445,31264.181827264023,5343.890205625539,True,0.8980998897293491,1.4113841608820483,46.74155872934321,100000,0.23786,32295.81803068573,32330.248537416166,f832dbccff307f5b04789ff6f7eb55986b47142f88cb5be1a566aa60533bc226,44.10549914280067,33.18468085569582,46.42203635521684
446,20081.757263937227,3870.6089649947457,True,0.9230799159267501,1.5483257545138165,40.36055183897875,100000,0.23527,20566.15671870019,20588.0822570671,e14b0f77dad2f78c984bcfd4d257833f93fc884817275fa915c914e9432ab5c4,40.59703944741027,33.049143278304385,26.181148983439098
447,59799.53309858536,10347.359457318664,True,0.7146934198393391,1.3721913401405763,88.02860304804022,100000,0.06883,62425.85525887516,62492.40733777285,a65beab93924d9d29f3984d69ffe2da47418a919c17b4047b6597c00e55a38cb,87.38386230305946,75.60659802807753,64.5170572144084
448,30721.371305901634,5787.063148714003,True,0.8196962871739326,1.7645546988233691,62.58827631264508,100000,0.09669,31519.247137752485,31552.849743813855,38c1b59f239a3e221c24b2ced8d44d99cbeb777e8d077c861c6b48a167e64d46,62.71051903981821,35.526792584692345,43.105841669426695
449,5890.291267071295,1810.0365337585808,True,0.8714075079914027,1.3869716471793239,28.22533399965637,100000,0.20227,6047.335248403843,6053.782300364985,8a1a5ca22d7d721fd121cb9627d5031cb810b1a3156dbaa0074d70f4ab016def,20.307631664303543,28.15642449282127,25.069278586608853
450,20291.448519847396,5555.009360137234,True,0.6476514812464786,3.1314702035446365,63.010861332478214,100000,0.06439,21418.052341632872,21440.88608421219,fad16667509a2079a6d5bae5316e9992914d47ae6be736726709102831a353eb,52.21163656309352,62.65704057792573,20.16009125395818
451,158964.94192898573,19601.841783380194,True,0.7239715202873394,1.4830505151327078,127.5077410619327,100000,0.05981,164853.72297735678,165029.47320028406,00d56872792900c0f8927f5ce82f09ade797812c4d4a24acc4b83e8fe33c101f,91.95748708421613,85.32683551043885,126.94740430921914
452,138357.82017074848,23402.4510264525,True,0.5527879746069612,1.601921854799875,123.92032374110642,100000,0.05884,148872.87783359544,149031.59090961536,9e6bd0332877fd203a04f967a9666596f7ea46c846eefd28d18e6063896dba9c,121.98406868265164,75.60470923560177,120.01755963890848
453,21096.3120567486,3964.6351294994633,True,0.9312906876470816,1.187131041193472,36.914247463193405,100000,0.32195,21532.07029215002,21555.025589037363,36a5fecf466892ef8de0504ea195fabc6f1896974e32db49f1c5c7330854c762,36.86017385851099,31.06528589004582,33.21921780989524
454,37731.20888709687,6696.521683867839,True,0.8123976497944004,1.3124326330877456,55.39620385889951,100000,0.17411,39353.10746863974,39395.06173746413,282efb1bdd4ff6a8e08f26205ebf31e08585f17b3af4a996aac6ab2c1438f213,42.290998404975284,55.38267939506677,44.45491261821354
455,11350.442255550317,2779.109569086706,True,0.8788612383968152,1.6784301657762137,39.066158725418404,100000,0.14722,11670.359804622949,11682.8015517686,866f2e29f66b0d1071e939b74eb3b7738287c5f57aacf6eb0e57341252ae6658,39.11384690745627,25.522715026664947,23.395822107776212
456,17747.681528104593,3939.5359149628766,True,0.8352185763128498,1.814305512960004,51.12466650086759,100000,0.10403,18482.69786294528,18502.402230011085,5ef8bf26d2d7556302cabbd9828943f560e0ef483c7274ec784cff453338efe3,33.825157767907996,51.23700097315953,28.121062897083664
457,25404.643776918634,5591.303770164752,True,0.7474459216140996,2.6778980072169665,81.16507859056927,100000,0.03791,26951.114341964603,26979.846870828325,2d8c03e622a096b716cc1b91bb320c9e0d332120c2244ce0fc8787180a348dcf,80.74894903724848,34.756725548793575,30.28828677384891
458,24057.035600291372,4170.561402236473,True,0.9663126808868433,1.4131074773225119,44.42805950534468,100000,0.21098,24599.63279020161,24625.85840930637,8921da51be61b62131a0b595542afd4fa2dfb8a737a63faec8778f991bdc778d,44.56906653014191,33.277657852147826,31.390333058707885
459,65797.13955023703,10572.74358669063,True,0.7454773176183269,2.054775330770569,95.36477985218156,100000,0.05928,68357.71360991235,68430.58963108287,6d35c54e86e945f6e7902587ffac44f599f05956822ad227f023d1d93b6dcae8,46.50662786980777,61.67512251670628,94.31707108915711
460,60840.89973483413,12087.996478741203,True,0.6188616225148103,2.70934679088082,152.17840629899325,100000,0.01404,65787.21539825707,65857.3510164475,f88454840701d25678b67b0661a1ebf920cb910832ff87f546711f7f65efbe14,149.3547835258674,53.92747967358122,130.2953298072679
461,55603.31690570128,12164.472938365103,True,0.5791503113050721,2.1998492623250328,88.93770396099356,100000,0.06267,58618.23484668738,58680.727629111956,c07d55ded552e836e7d145def88ef01200596269146d9ce4f3e6feeb18927000,64.05425456175074,87.48291241670972,40.45189025374292
462,41760.510971676325,7240.061232040373,True,0.8039932845048189,1.5463937134535932,65.30415113252432,100000,0.11663,43186.49347635914,43232.5345103063,8b6bc29078f861357a3db5185789ce43e7b57eddfdb11b56cf07b025fa5c002e,44.99226428124601,65.62301905797611,42.09056615963482
463,43666.641118212116,8218.144701847516,True,0.7296986316187656,1.9635358727869165,86.20022158818449,100000,0.05334,45424.84558672871,45473.2729233646,d0e435acba50125ff833103176112cb9e7bc16b70d4b9b408e325ac5756bfb5c,86.20022158818449,43.27899308986851,60.54639587627119
464,5814.905848958886,1698.0638984990687,True,0.9209270310278782,1.1728631433844319,25.038072022553653,100000,0.28566,5961.662504335873,5968.01822075665,d67c402605829a21135f6cf61af57fe5db7ae499f6b34da053d9cd0619dd95c9,21.41928817554394,25.050297643658414,24.34732443013457
465,62398.12862801121,12825.3814845956,True,0.5931914408683858,2.6521730019658833,136.22772153948458,100000,0.02044,68705.68468303508,68778.93167546767,27ea93234dd35e02da917038ac9b1dbfe002e7cd675ab97871c5e43fab8a832b,51.78382871996521,134.96389013848346,86.57245096857382
466,16827.749599674004,3653.1129124321224,True,0.86930408941626,1.7202230602114872,43.56809247492208,100000,0.15607,17160.912202572763,17179.207416601093,922b0d5db3eb41b46e0cb35063ea9d63471ceb961d35628bc4fd8ca62a689085,43.631912922883394,36.00536939150665,25.30480761666007
467,19238.1407100392,4602.099335678225,True,0.7544611254577729,1.376079473039314,54.02155428194118,100000,0.09478,19867.043011483944,19888.223226131897,c08efb52fb25b47aa3a2e0d70f033b71c497422811b062a0aab415207f1f2172,53.296167200518624,39.59294578964537,39.09176926066251
468,45682.357038677,7147.91984561009,True,0.8645765524703997,1.2995248430977469,57.28533263784796,100000,0.18963,47397.19760183897,47447.72765899636,f5afdd5f3b6ae8059ae44c65cfd830dbd37ec6c460cf07c3c04fedcf280dd98c,57.15946154562612,44.01292524690125,45.32757887677374
469,38742.61093602413,7301.032338090128,True,0.7583897289669134,1.9520863084080775,60.209003432741326,100000,0.13912,40372.82946950464,40415.87086190586,fd08886f7acfc50b485127b378d05f90620975d6ac87dc5710a442e59ab51da4,60.35599807002829,56.372443399551514,30.692480265518526
470,46828.80652891452,7870.409676360409,True,0.7982927376663782,2.237284547795932,76.21246509916193,100000,0.08098,47661.872605231554,47712.684831878374,e3cc2ae5268a8cbb476cad4463d9eaf2793d7de185a1e6a988d24812ed86ef0c,57.30820129526824,33.80811745243585,76.10082574598934
471,23353.07229259078,4345.402545760069,True,0.9092503129262102,1.1920114767766004,43.0547065218033,100000,0.22467,23840.88026953403,23866.296984100598,b2cb7c91a92ce6a836ed7da3e4355c3d048fa5ce062e5ca0b420f45175ff6d36,39.48082951559892,43.075729327722144,36.16973758338017
472,80918.68395512232,13357.005483909154,True,0.6773413059943163,1.912472854610351,92.10478791228775,100000,0.08202,85208.25809068553,85299.0984434796,a380105bbf8479245179f0798321f383bac2a007b04af1e109736f55b22d1d59,65.59318025882405,91.3177596952638,47.806342554082946
473,38915.46411744639,6531.45763396739,True,0.8502673185362192,1.3365069992950285,55.06858974818809,100000,0.17876,39691.50000859126,39733.81503702277,be44278dd607600fa9daf175a288d4b3402099b0dc4eec394ff83c0a6883df07,50.26891041710822,54.5845884711044,40.911552393490325
474,32510.829552128733,5390.765342001858,True,0.9138026174768016,1.1899542651247688,44.9924034635026,100000,0.27483,33281.050029583086,33316.53089016852,ad959cf4a18f4f3c06bc54a8985d0b60cd372d57dc2e6777c9f641a8ceb7e710,37.65477516427903,45.14618609252824,40.082343808183836
475,122662.54756124238,19670.06107936352,True,0.6069502148571475,1.7028013253320793,107.98697153057276,100000,0.07601,127262.40291076856,127398.07710288193,0ccbaf56f1bc7547459fef5992c7b9432d4d535a9cbe4c10e024b76de913e08c,63.58998421185095,107.32787136253948,79.46111625809236
476,33924.163999173245,6738.29747076756,True,0.7520961767479338,1.325649446463507,58.12334934436073,100000,0.13471,35169.56811307972,35207.06231900056,0b6bb4fd30b7c368e6ac3e580dd1bed81619d5ce1e428e1cfd3f6468cea1645e,54.41968865615806,58.009827177672534,43.776985529138884
477,36566.834468232606,6702.531381320329,True,0.7948835553142538,2.1670180317174754,72.20638107917976,100000,0.07667,38376.68895062663,38417.60226163028,a5176121b756af792a884cd03e7e135e53f0d238c572ee818d695ba20fbe86e0,33.38839984471838,45.09373115247603,71.99483894711186
478,38816.990769401724,7666.094293956583,True,0.7231991003281695,1.8543039043704588,74.27268255999071,100000,0.07371,40154.02107555645,40196.82919676839,aedcd8228c7eb29445d2fd2d5ef6f9e25235cf452278d76b443f7b7db17b8719,40.30961262960433,74.27268255999071,60.364687559133074
479,55850.331318389006,7894.461957251369,True,0.8950461403169461,1.115847712980333,54.59376391484787,100000,0.26446,57214.27608251043,57275.27210731663,209038b9f6aa9038728f813f9febcfbea49a684bd11fc9dfddd688f6e06a01e0,54.72704947128061,50.67516855572549,48.74252798745085
480,134740.67330383664,26826.372180138584,True,0.4737922884193704,2.212192292587654,255.17744448513588,100000,0.00715,157960.38910028906,158128.79035381644,422f6a443b6ca2ab6488043d2d66f76538a8501eea566f23307b46eefb0a18cc,135.81221410585846,251.06569855349062,108.05792906725296
481,15013.344327905806,3181.5261545723483,True,0.9250536550209311,1.15514926545409,34.8957572974187,100000,0.27156,15342.600780862082,15358.95749673613,2f7e3f38c5d514ffb584f92c3e91213fb1c58c7385517767d51a8060aaa2ba6a,34.836120993443615,31.394254306881813,30.056697203440713
482,49001.34912520985,6590.609105563954,True,0.9825709697865881,1.1492197330687146,47.44828108110063,100000,0.35051,49782.55311429734,49835.626194175136,ad0d069bde465a280ef7c8966ac55176c7eed54f40a19a9344d23359e3a527e1,47.679962141066945,43.03475688874239,41.35506920398663
483,57383.86171079829,9181.585584130415,True,0.7835973378585035,2.0261584107864508,69.51143882419098,100000,0.13064,58339.178277399915,58401.37355817651,7e1e13ae5e43e1f01497c3fea02afec04089bdca468bad99868b0a29367a18dc,69.30779203076072,33.71202959576547,64.60694521574587
484,20599.78558649463,4197.679100200275,True,0.8657317718181402,1.4296271350488308,41.92257516211484,100000,0.21592,21152.028807704304,21174.57894312848,c83624ad7a093e511a080abe956e21b4a69b220723696fc34137f03c1d0a5785,29.34375561274005,38.381263881330725,41.91234015841315
485,13751.68928283175,3089.1804924731878,True,0.898555433700037,1.5035335552916935,39.211831791915884,100000,0.17573,14086.808267480443,14101.826185478467,d7a3c45f69149dde167dcfc8f7f4fe56f870ab8df146118f3960fc2afb445035,25.675325406718358,39.30756380312661,31.10333044236687
486,46216.671336883795,7213.9114283558165,True,0.8633344956959983,1.409667004823038,54.20325657850695,100000,0.22534,47712.23182528259,47763.09773979276,c4da6516aa71855ab6c21fc8ce6c35576842c6ca075f7fd2ca61a384652870b2,38.495428072967954,46.88528761173099,53.832726504239815
487,52971.01793028944,7751.199140413199,True,0.8799826486952034,1.6155175208086228,61.343405842637594,100000,0.17632,54115.357647822166,54173.04992190992,3e30059c943757efd1e2f4177b63967eaa1cc359cfd726b549ca3a4f5dc55047,61.043877493796586,56.49104659141332,37.98019463303929
488,54637.343176060145,10159.775957114285,True,0.6853720276761595,1.7975810437015802,83.22342725747798,100000,0.0742,56866.43422673291,56927.059418035366,395cfe46f05ee9037fabb5738bb0091930638283de273643509f659303ee658b,83.2031090379327,80.56174049704595,46.28490412415402
489,35130.38085322506,5677.765090963796,True,0.9136123106299848,1.4696187876577984,46.27718508203661,100000,0.27131,35750.48231580008,35788.59583318556,926606634ddaa70f14530cacf219ac48d751ab70e567d325f317e3e1fd8f473f,46.39016649092831,45.26035240201139,31.6573907714518
490,48527.60171513646,6934.8574147454,True,0.9277674695982101,1.1943910143236904,50.435646561994886,100000,0.28953,49388.02393427586,49440.67640738729,e4a00a4de76601f474a48fa47f9565f0c191df5173b422d96e35ad4f3cf13368,50.435646561994886,42.08716795627405,45.03006823174202
491,65391.949755290196,12113.697914013854,True,0.6479729997381157,1.4575091275589873,80.35885867896266,100000,0.09832,67835.7219304096,67908.04145729911,3ccea480d20c4c819d9d6756836edd86cbb02f99aae2d08e80fb53e223305de5,80.37847754094483,54.38348541457141,65.74280650224705
492,25903.1316760449,5145.3567948442815,True,0.8228174204252855,1.9942033723357901,66.26454628190575,100000,0.06999,27076.65311469981,27105.519480196974,e26c6cb0d9b7a05013c7602503617e0c96785fcc0de9b0b335b4e5bde6a53edc,65.5850758366323,33.285962884526626,33.423474760355774
493,25735.386093023142,4872.636954213781,True,0.8651150393778375,1.5904146127627268,53.43372346013493,100000,0.12869,26103.961362883914,26131.790743658294,a039ab304e3667d4775f556f45489b02cccbf44ac0d7543ab2522e5e37134031,53.08149920881079,33.64393867277538,41.914685907571666
494,17802.217685780208,3721.1035604364333,True,0.8860572276250492,1.2493896692006101,39.47260275715564,100000,0.21841,17859.739188143634,17878.77942021755,d0443e3e4002f9c8c47b53eb0fa122939059ef566d6e306a9cbe3f01a3cd86d3,31.560735847090996,39.34732350035803,36.22497894632521
495,43705.26453188118,6666.787486880488,True,0.9000293699995447,1.3577401880516116,51.49873939135742,100000,0.24422,44349.2544642596,44396.53511536036,015d6dfa362807febaa9bb77681c501c2caa6d351a3e051558d3c6cca7b8cf07,37.970261953588725,40.44713003466718,51.59932286673117
496,46237.045413372056,9970.079508063449,True,0.6248544769752582,1.8916407857610107,116.36139816019636,100000,0.02456,51448.23223119514,51503.08108823362,08c598ed5a4d2152ca65ae359937fe4b4865cec89f929b145aadb7c9b48eea56,70.62364155914261,116.13412980441474,60.87951080500508
497,17126.29035268498,4022.214229047775,True,0.79884243755493,2.0993233670573725,56.91365723358369,100000,0.07216,17687.290470195734,17706.14685503785,5d7625235249060545b1cbb017851bb0aaad4d8d12c855aac3b8c98d20995a39,34.473335838994416,56.95534204112782,26.977017948975273
498,104244.41384261771,15341.038445730002,True,0.6982290181316363,1.7323576374393639,102.30577313625383,100000,0.07781,110777.39344809602,110895.49300473437,0bca3645f34ba60345830af2e78fd0096026f25f093329bbdaccf117d7e01a93,85.5212322310872,101.85618721915115,58.995663122029185
499,219937.098377327,51760.77054637904,True,0.34042051076281776,1.5084965170551743,219.03276430171263,100000,0.01846,257913.604442804,258188.56561843376,8be1cd1de1f486b304fd09a1c8cbc8651a2a3fc0407e230aaf112d0c7ca8e34c,144.5958483085525,219.30013828157314,167.85738455641504
500,17116.175202903218,4091.1432008418196,True,0.785073995420144,2.3224320584654254,59.185130158373624,100000,0.06538,18021.794740771507,18041.007739944554,1f5b70b8ec29bc46c9c8e16ab6318b2fe87887feeea337611121ea88817ecf7b,39.01363560244355,58.563801887668035,25.5178075829316
501,36073.83966238166,8135.886895666617,True,0.648944370201608,1.762129424948244,64.43886907660257,100000,0.1064,37853.03087529503,37893.385915476414,782f35507b3e3526c69cc369d484c57df4b4fae0aa15027dba97208a5230363c,61.717207858279274,64.37594049351995,36.48284604214877
502,20779.617213820035,3921.141107647749,True,0.9321733483713674,1.2886836989542694,40.2016416689485,100000,0.2452,21182.00821773615,21204.59031414913,b9d8c99d27a700b272564218d8f2f7b9307a41bfd8a25c42102e9d355aa025bd,40.250715938563914,32.39883280009741,31.279939452865932
503,15590.282568871518,3445.9827477160584,True,0.8758041863674475,1.7087373420154748,41.272749609371544,100000,0.17008,15898.595392777508,15915.544853390502,ab81cd425d67d141214597b1ae7a469af7963146cef74eec00ed2e1927d37355,41.25259689960134,31.972274050423806,24.304167982862342
504,45588.44712476151,7556.1621520668505,True,0.8167441919114145,1.3488456040020846,67.90837681706053,100000,0.11491,47845.72897091083,47896.73720645983,1d5242c30ed5d2fa1e621d20cea1c7cf5112240e36dfa14f81f8ada1fa0c0918,58.95561229528009,67.94153520417824,49.93653099926424
505,40585.07603633941,6030.133539263392,True,0.9471122139078597,1.5013314297876845,51.42580720328779,100000,0.22777,41186.52729953651,41230.43617355985,17e869180ee6d0f1935d8592ad17001e51069c9430128fa5574337442c50f8ea,51.438362331999535,44.219163322748926,34.13739496722155
506,34897.12329418878,7112.099539362509,True,0.726127219160376,2.1828980083355622,93.9943754502624,100000,0.03384,37363.81865787234,37403.652149891415,b95573fec27b9d12eb266b063f9501beb6c9cf2d7f8891697d2e10eba2c800c0,93.30594008319503,42.85510159994263,57.231926848865825
507,90283.47158111173,15174.36063003563,True,0.6413757814185022,4.749811681750098,200.36048622590295,100000,0.00918,98173.48627569692,98278.14883221596,987cc3ea392269c268337ab8ef2be94169226c24b3e7affb3ae365ffc7f65663,197.1809374942907,58.62598699749626,40.91834636913277
508,36099.60342566689,5557.541968665479,True,0.9504654342800871,1.3268361554178505,50.2377115733312,100000,0.22118,37286.42109540229,37326.172074035494,bc64b0dfb1693721aa8808d8305fa2e67a9f039b926c26dff4ad113ebb5ab53f,50.090530777706206,41.84840622270656,37.788669276717144
509,48829.592266643485,9268.031557526592,True,0.6970843818968095,2.048671107081577,88.06426528433599,100000,0.05513,50061.33680731155,50114.707097924445,3706eb99a97bdb8abf99fcbfbc0db2a6bee662e49f82f0d2583b44daab220f6c,87.03226217553517,42.462627914200084,73.83122240879145
510,54801.66505389629,13066.883503363912,True,0.5339590371597247,3.9599239393609214,124.1058938920535,100000,0.02344,59573.09038785748,59636.601139856524,1e8b0410595f299e2234cf00c81f231d2e8ab156f3bad757bcad000274dd11c1,122.86362298151293,62.4619873677901,31.344616023273765
511,51889.25446506288,8771.951476676331,True,0.7669602532330186,1.2479412952131932,71.44677362812739,100000,0.11127,53956.187496825805,54013.71007993526,58f80b5ae8ca11e4cd2eb47828c18798b407c0963da1e7df843dadeb013ed9cd,71.58631810786983,62.49848386464366,56.95159079488181
512,64470.742463953,12008.683429805991,True,0.6474861892215731,2.7913484154802735,126.09968302367298,100000,0.0256,68249.15074251288,68321.91102502856,8f62619a108ae603db7f95d1f5ddb85bf6338861e1e47fc0b9af334e87458669,52.05921972486108,124.96059897292203,44.77831761668271
513,18677.358485506837,3943.5011277308063,True,0.8632682959665331,1.5958424158532065,45.03861471449051,100000,0.15904,19318.648520270362,19339.244092652774,21659fe39d977aeb0f2178e56a79e56f2e89cfd6e82a73279b84bd40638d80d4,45.00562744785391,38.65008074253764,28.270087507557392
514,17414.33768257461,3774.4677155384124,True,0.8607949633620327,1.8801893248541917,40.432388777199904,100000,0.20395,17923.681291169327,17942.789691790837,3953c80fc72a96bb2bc935ca52f5840f8f625df4f76d665092bd06dbd211afcb,40.59032779586084,36.21739121668614,21.578418424550534
515,7110.539886140795,1944.3482888532872,True,0.9196977278361325,1.1337520100313354,26.37316212667892,100000,0.29576,7213.422213378581,7221.112428310783,a7b7f26be11c16572d85172a86c1dd75e18160cda4e073ff5e702f2a660375d8,26.29589700326092,26.366723366394083,23.276118429673907
516,44106.11517043805,7419.494609818459,True,0.8136588245420582,2.367839796116528,69.12204026031748,100000,0.10486,46044.18613663054,46093.27375098261,f58281f243e4949f63d94cabefc412a64359280e1d95549007db9031a8e36b52,48.24704909771672,68.24451435857516,29.354928963091368
517,31743.338362150374,6714.878146087641,True,0.7220174946693827,2.262084286755897,70.99724056800572,100000,0.06941,33026.43937379307,33061.648794469824,b48b4c9e69fdd535cdc90ee53f4c69822f8aba012667a3a210db6e76d032f8ad,58.517256874410975,31.104626025216376,70.54657449018146
518,85781.6296438767,15834.929388362078,True,0.5940151502798334,2.512981055759143,153.1275617386653,100000,0.01972,94141.76016903752,94242.1245104527,11d42235fd4ea0e8361b9ed4060516f4aa52fc7b01fe744c5e6ddafe0906b75d,108.15381740965788,59.79676147485233,151.78171402807158
519,34684.27968168121,5277.437101236439,True,0.9745770459321982,1.2809070397862055,47.944490298697716,100000,0.24018,35193.97004327887,35231.49026404848,5eb793991a1fe4165aeab987a5b33309e93f0c8a00b6885ae48f0cf2b0d8137b,48.06154227696602,38.17065011329426,37.234234287147814
520,25353.896978242716,5284.194221174561,True,0.7898328033670258,1.8594431461604415,58.007625212466095,100000,0.10097,26203.717961040613,26231.653692123913,42d6677b85e57036c7b4732294ae60cfaaabc4a023b6e9b647b9586dbe2adfc0,49.09971596963378,57.653574765612674,31.085629233731225
521,77572.97435281295,15197.502501703631,True,0.5787871272448175,1.800948639846645,142.19977371328946,100000,0.02199,84069.26429640318,84158.89037020103,5c78526c882a7e1c70280802c8709819510ec4257111f6a1913b3302ebca2a06,78.49455282366883,141.54015562233428,110.53810534743985
522,41353.90503988663,5996.6691824794825,True,0.9643878223615924,1.2529458993304365,52.055995730696395,100000,0.22336,41892.18154090068,41936.8427114933,481a724de0f056622435b85efa554a4e0f4c73ca99a2b057b882370cb788316c,51.827234030707984,41.60921143122559,42.13027974786585
523,78496.06476613106,11783.777952244349,True,0.7523700472608414,2.2996507861899547,101.29036951542162,100000,0.05883,81286.53596644457,81373.19537915949,b0b5677ff793291d98511e977c985770e7296451e2301b9507f05bafe845a636,44.05488117473721,63.75160464129807,100.79578763302209
524,13706.552151294998,2905.8726110215,True,0.9531465965894154,1.5310957872291295,40.52401631648513,100000,0.1579,13971.237528806258,13986.132237071926,2f2d764a76744f2329aff6d601475b387825cab7f897b2a5d72fe8acb4ae8bd0,40.45476140578801,27.642602926821155,26.53452435566727
525,157098.72918765832,26242.548095896145,True,0.5365290447688675,1.640997153425873,176.28932604068933,100000,0.0236,171911.66910645156,172094.94379156982,a8621b65570ef7353c022f8c435dc26d77d4a058050c6085664561f6f406f111,173.83608102498638,107.77062314596827,124.68510193844654
526,20085.462914523745,5061.767317009972,True,0.7059433380230594,2.7754220108841636,75.26515384722352,100000,0.03747,21241.288413318376,21263.933708228793,f6d6f7bd2ca1dfb1b4ef72df0cca4a556d6593d90d65d4aa1d933efc90a66761,27.039227022995462,50.80765390321608,75.63265948124317
527,81363.11061601918,16148.21800021009,True,0.5623126883999429,2.6294909786124276,171.0273076349136,100000,0.01414,94050.4955160354,94150.76256038737,f0fcf229595da03e6e9a10d9fee817fce3a3c8076dbedd8927dbec95117cb3ac,68.99966451823602,168.89781723223277,64.32313657509386
528,33407.610952846626,7139.376815680815,True,0.7026204180927779,2.2865759343836505,85.00117480939937,100000,0.04329,35349.043918912066,35386.729463629,6f70affe469120f3b0df92be7e691170667f329121ae21787ecc85d74ed92afc,84.23334193148243,36.7314647003508,62.02844519172234
529,12355.815694741746,3601.1018314046823,True,0.7177331459697753,3.3954057262335864,72.00867407117968,100000,0.02577,12793.346497690502,12806.985458693905,eab3d1ac2efb4c58233b80ae99386590a29e0257d8bfa3272fc794f3a149cd2e,71.09450145113541,25.08700632313804,20.718316013888
530,8422.096313232083,2213.299351074943,True,0.9044629268469152,1.2606826385847152,31.964853646264757,100000,0.19882,8633.6319743168,8642.836272022385,3bc758fb95013f98bed40eb269ba6496212cc27d0f54703fa956980568fc2055,31.925834049528593,27.383952989439216,25.253483007644718
531,33085.754067235954,6108.543780933227,True,0.815906622918963,1.736095309053611,58.040846150020684,100000,0.1329,34549.47784248568,34586.31097141461,545f899161c3b3e7aa8366ddcaa08e6d9d4775644871141f4a9d3cb5f9844f6a,33.69656546502665,58.168377306112035,54.46997377946276
532,16802.606810292178,3425.7549486521693,True,0.9260738207200063,1.044466001965988,33.31000797465347,100000,0.34878,17139.221243729808,17157.49333307049,10f060c33e5c289ce98b604a146dd36baa1903905ac7f9adfb9ca789c9ba2245,33.44012519330447,32.15521765912593,31.919380200321015
533,35062.51675958556,6693.582383007164,True,0.7739642528125703,2.2238432824571435,69.27257079114389,100000,0.08232,36383.50871706437,36422.297102624696,2972663b748c697e042356f105a3c7dd9558eea3f3742738d71cc647c9fbe723,42.48356880550621,69.01888706021928,31.00860804335018
534,28107.453630106702,4574.064855509991,True,0.9773785605014002,1.2960670914549193,43.45807082447442,100000,0.26282,28680.38934245266,28710.965447920826,73e9a32a4aa56a658863269e338ebb433a449f4d83b726b12aebc7035f03d137,43.330752257605845,34.53516126310162,33.6333214144492
535,23392.839985470753,4231.116823160446,True,0.9348696796320761,1.33312593509252,44.39325935169147,100000,0.20562,23918.379520271144,23943.878856633255,1ea96891db1477c87355161a276d270db5c05d3a6f0ba8dc55e9c3bf2fa9b82f,44.43661214402711,34.51966089725032,33.08901875017433
536,52988.721251153525,10447.866374057783,True,0.6529984359773292,1.2665150344473273,86.39049907275347,100000,0.06501,55730.5612013882,55789.97544073995,397ba335ee2f275f94570f8a63a4b5ae3f73b444e652fc39a11b9f7af889df81,67.26057166577412,77.27900112367399,86.3483162118781
537,44108.80285227433,9268.41797100346,True,0.6513714127633085,2.4552484042414515,94.29558156643043,100000,0.04104,45750.58838892399,45799.362999307,028865815336c6757fd84125a8e5584dda9112c12df7e59d41afb36ee354b902,93.4898331887876,59.85559376775369,38.18096240916134
538,38145.80270812891,7207.531547738101,True,0.7603182435244861,1.438009237638583,73.44554166044551,100000,0.07626,40170.609094651,40213.43490031679,cf1b115dd25a29daeee2550ab6a4fe1e2cf4246e0b3a5fd1bf0f0569f699355c,72.97933460888996,50.870361740889635,56.016570348445256
539,122000.856601147,21598.497205978012,True,0.5507686049914573,1.0564485239081824,115.1117885399465,100000,0.06495,131720.64916267636,131861.07628216365,0f18122fd67e04846c089b6e67470c349b68a89590552afb8e05d91e82dfdf78,109.63161306013949,114.18437422797916,107.8048879002038
540,33138.04947587267,6090.075522076186,True,0.819243003074423,2.265234208298482,57.540224132253456,100000,0.13525,34258.4116144674,34294.93443827528,c15793e15b3f1cabf800ca72dd60fed49063b957e8bd40805c4afbc5b78873eb,57.821182257899224,25.31432712068377,51.612007681127736
541,24956.77067427317,5496.0079205791735,True,0.7514424064106194,1.8598254358375714,76.23860584574955,100000,0.04307,25375.523527465655,25402.576322126886,ae0b64f231dc472b5f65af366d7e03bf6474ff263f67f75c8b0dd85c597c546b,75.82912114638273,40.79956640963941,58.854119063540054
542,13325.641778907777,3723.018054277567,True,0.730097853777603,1.0790635125099912,38.054165637754366,100000,0.18821,13790.010882635188,13804.712385537397,3bf12ddaa88453e52928a06b944512cab2ff350b1f586a8f61c6c61cf70420a3,35.266995302957895,35.935916183309054,37.896225985449234
543,45111.18372269722,8909.081791765959,True,0.6878715176177637,3.0342132379156674,103.78073224169893,100000,0.03115,46293.8760426698,46343.22985092914,0c1bc1692ddacafc033e55612725932a6bc7215e6c7ae586f49b625816e6c935,103.17264201372024,33.9643729418939,68.35947646193938
544,30048.342284556464,7338.900994822059,True,0.6368934376301426,1.739488311652655,74.81994388207052,100000,0.05548,30896.116099305018,30929.05438661797,b96bd4cc123075ef19cf7f8e38e843eee1fb9e9a20326c9a86e595ef18bc4617,42.52461654234868,69.4313004628296,74.01621401614983
545,55213.624299642695,9956.152647294846,True,0.7042984756573137,2.7762058601241884,120.29634757121426,100000,0.02571,59507.91073010162,59571.351994198456,4ba75c3765d3e12425503269bc52bafd767ea053b8dddb079506e277bdd2f15b,119.26842467937037,42.629430786039435,50.48569860227474
546,31758.45850460963,6028.226248936451,True,0.8045150825562165,1.0975107758821783,52.96108061966726,100000,0.16487,32563.228236129547,32597.94382834286,81588a2c582b2f995011b7e38ae9d90eb0d5116e5bea17aa1d1c3dea991f174f,48.15113872745138,52.90936081437461,49.54757347035276
547,9527.275665210822,2247.3963477118377,True,0.9670529958596519,1.459327889254793,32.704456661025006,100000,0.20925,9731.988415214244,9742.363668515218,2978bec875e113b4050266078824dd06f74daea36f0052c0d87b122423a886a2,32.73639460698303,22.436407035517647,23.386560927769104
548,36664.630509860704,6312.610617330391,True,0.845486475310877,1.3368237234801357,55.45092441806116,100000,0.16609,37651.74932645414,37691.88978078064,0335c153fadfa98b1dc57e6b90e184cb804519ab0d1a8a603fc07de4259d1a3b,46.353507130723,41.222672083251034,55.46446224140542
549,9777.974603218123,2509.0210550828697,True,0.8813446149047421,1.700507068897365,37.190141634533916,100000,0.14664,10028.852652627103,10039.544392295282,dac730b38b1ef45141a8a616ad6b31bba8bab6bfd898343f7c72574362b7b2bb,21.736620867449755,36.91775290185911,27.774571108408026
550,26856.258617035444,5506.894579419229,True,0.7875431687097146,3.0388616327055287,77.21291929630013,100000,0.04489,27474.818064506744,27504.108912857097,05638165c852dc6b81e4792092257c2b723d29bb79a8656cd99213047c19755c,34.336751098195975,76.57199174354764,25.354339954473552
551,13884.95385280239,3948.5353607070824,True,0.70752923025517,1.2404870397811991,55.113705548336085,100000,0.06581,14648.259575402706,14663.876055512326,5eb217889b58f2ecfa04189bf42742cda7d83865a0763b02428584debbf1734f,44.349309933426696,54.790773679888815,45.910147297588566
552,29637.277406199937,5031.303638704269,True,0.9205113198186332,1.683740707047106,52.736731753957415,100000,0.15592,30405.82301132395,30438.238598160653,4f969dfdb21cd0719bae4a7b0258f845fd006a4f6b6b31524b1ea6e478f2b236,52.42772746633658,33.03770841812859,31.415435908119157
553,14522.351911200562,3384.5261844058664,True,0.8505063304442058,1.1614012454188123,38.312841066447476,100000,0.19952,14918.831602871565,14934.736539276179,4dcb03b4b7d9f6f87dfd474d266d47d322eb85943ec3a4ae0a71d066974d7278,32.86897546569737,33.21506314134643,38.35025595030143
554,19011.37316115793,3865.1353431066073,True,0.8912408335316552,1.3960108056188185,42.496906105455366,100000,0.19028,19416.921927767948,19437.622269232692,665175e1fcc30b7ec128074cf69a960c0baf961837d0854c6880d0321a3125e6,42.725160972232715,34.518360989465336,30.409773387473066
555,17322.045592434788,3643.1303608087037,True,0.8886734342053392,1.6290032244356882,46.837852817868026,100000,0.13036,17809.453218252216,17828.439840554653,d2c0b887c03be6679fd0f4ed54bb421fc240166b1aa0c51c529f28d11aaa6b7c,46.849287840528646,28.507511492906488,33.58466155421836
556,132722.20013924417,22420.812587350996,True,0.5612139929727404,2.65909610247049,179.3285672421883,100000,0.01912,146605.95981857646,146762.2561378542,266d65ddcb9303e7e80214ac26e347b8c2eafb8be504f67caa731b803f5f0ac2,178.80319058034593,101.00366323919151,66.35069425183994
557,26877.416531472885,4455.571787604352,True,0.9738805529891906,1.298428672149599,44.443333044604884,100000,0.23355,27259.32125909633,27288.38236673531,2a26ac4796b9e170b8ffce3b4cf6c126e6239b7a32caae395e0abcdb292ad7a8,44.323978390432366,35.44833228923929,34.341589132366806
558,23466.687523293338,4319.2655537461815,True,0.9177169341844386,1.521696787743563,46.84744719189412,100000,0.17447,23850.300411535234,23875.727168896265,e48c2f66c621d1022660a8adb8f1278ed51b4357442d04c598b777aeee9216d0,46.68732408137496,40.20233810534859,30.663575664420932
559,9280.006103965317,2285.019595606537,True,0.9346012774043072,1.0246692396807753,27.1489485016359,100000,0.35633,9480.401506134183,9490.508543136748,88ff1f4daffae77152c9d8d0b1276610e4d48f606a56d898672a383f00337c35,26.592182956192197,27.029641599040815,28.50109339771347
560,58018.88191623636,10858.470273397419,True,0.667464821406651,2.0352574570809208,117.13928798773927,100000,0.0284,60693.38803370887,60758.093132777794,0659adce90505b607e0d17c0fb24946853e8c3f7748ab463d778cf8f114667d0,116.68171264403716,56.95383106142157,61.65827756385885
561,44602.964331049065,7789.778564431452,True,0.7807910517373794,2.472802687468979,69.49305748229284,100000,0.10142,45254.64548024464,45302.891366888856,13a9688677151cdf479ba933361c775f36110eaa69a1ca43b1f1a631e78f1702,69.5609217962404,28.146724209747024,63.84335334615918
562,16925.7684715715,4511.713043352473,True,0.7066020918221126,2.371981986367919,62.33047015653622,100000,0.05655,18207.44971514574,18226.86064071407,f49d90a051461a6bbce1e08f3ec221e3f8eda330352285992e00db5f61cd4c2a,33.463062469292765,62.3000353566551,26.34892799708068
563,62788.187685495104,13177.287262095855,True,0.5797535404077999,1.2328623673354029,88.07801909453022,100000,0.07358,66846.35038491535,66917.61514478757,0c5ab3312bca14e3280632908c34074b36010492edd80cbba22f809e2dd25fad,82.65915659164409,88.07801909453022,71.36985971063132
564,11919.501848679645,2777.6584767617596,True,0.9084701905208511,1.149656885585259,31.48373198802105,100000,0.29421,12207.629830685775,12220.644360327007,0f9caa0a1a607e2ea2ccd3c37bd87f95555d8c85c343030a72c2de66efb98782,31.491418446025932,27.30998529136689,31.575969484079703
565,38052.3747074621,6608.207238656164,True,0.8279198842980376,1.6521920168797108,63.4671363540958,100000,0.11412,38790.35682412818,38831.71114562086,322c3f8e58ba775bbf90c693998ef31a7b28310d376e1623e021e888f03b544e,63.83901410617059,51.3036348799832,38.148459400337856
566,137644.1211696519,20784.44932667315,True,0.6202746705466726,3.0414815897977947,156.23960733011435,100000,0.02914,147767.27531466522,147924.80971006057,cebea57bf8318488b29c44e6dcf37153527e8c1da64ea8399eee98212964eb68,78.2723814065905,155.8963074116644,50.73209905982716
567,168786.98667173306,26312.91680403772,True,0.5613164524866289,2.3490804564473122,193.32401482533257,100000,0.01901,182622.73205995566,182817.4257877735,77baf9f61ee531614ae479bf869cd700d42a910d00a722a55d1a45500565b8dc,193.46560956275346,81.72376261476157,128.61521982398222
568,21702.330855087093,4127.815619635338,True,0.9115239577665211,1.4383396083864288,39.289475655828994,100000,0.27546,22212.7609834958,22236.441963361907,59dede0dddb31517881fa51e75cc5410a6d0991d68242c3ab79ead7462b8f00d,39.30865997011407,36.24876184164496,27.27050275623092
569,35876.55459012217,6517.168023787293,True,0.8071712642660709,1.8626053398033848,73.41315126290598,100000,0.07081,37250.447615259145,37290.16024263743,f3d48576e66546aa0165ec23e792cc5b553b59ed4be6a369d020b878aab2154a,73.43107439553853,39.1978910673768,53.088318857599496
570,120746.05443057104,21774.98327205619,True,0.5425522806066823,1.721360014128427,140.37724359614987,100000,0.0347,127624.75103238411,127760.81152310206,063937ec93a2963e684e605059a0a359f3757566aaaa72faeec51089c02eebad,140.54860253608658,86.63908003199876,80.77860428616339
571,8286.157904556441,2198.4126759567207,True,0.9007626606849167,1.344902472649696,30.125461566428513,100000,0.23336,8482.870688440826,8491.914259842371,1dc5de6bbedb5e36106345dd8a22a20397c792eccfa2cbf6a876e43e4bfccff7,22.44699919451656,29.08107300626424,30.08868732135231
572,32666.336581200823,5041.755687837058,True,0.9801727308488402,1.185133784636433,43.41298704088608,100000,0.30597,33285.351989500086,33320.83743639638,59758d34fcfdbe8b1bac2b09073aade85f7ec947758c0fb180cb563117385532,43.709755506985886,36.31174160206927,37.61540307815056
573,7868.197971164712,2196.190650749044,True,0.8710924945937557,1.6194383134494346,37.4100348002611,100000,0.11453,7972.58024075658,7981.0797925368615,316768bdbdd8f01ff04f0d5fcd36d643f5d1f549a1ec5ef74afd6331eeafea70,37.44656803737074,27.116795244622857,22.805873265686515
574,28351.701610421485,4614.899443648663,True,0.974334248126246,1.2747868609525044,45.12022654849309,100000,0.23765,29024.646228291534,29055.589345334185,15c4610eb4d3594915f6c6c9ffeada079355de51897e6748b5eb6d6fe4fb7d29,45.16428926973185,35.48150627751374,35.294239712248995
575,68177.42476534231,12971.294254583943,True,0.6221969457551253,1.2484479107507538,83.01363108655839,100000,0.09355,71155.3117117648,71231.17024665224,39f88783db476fe17fae00fcc32a377acba50dbce57fbcc5a2e4c9f02723308b,76.71059415591395,82.44615509280263,66.2122882714322
576,67700.43734074193,10674.037536055748,True,0.7525748746350819,1.4835227639439152,89.24487977181622,100000,0.07435,70266.15686804829,70341.06747674289,34bb8d30d953cd34af0dd692923849ee40609b64c068038926c8398b4e9882f5,59.896038694512406,66.04033949911498,89.00520846383526
577,54231.186729358604,9292.126240725107,True,0.7456501252876009,1.4035318665877368,79.36745529618636,100000,0.08566,56940.42964804401,57001.13372571652,0294933f9f3811deda958e50643ecd0392d77f16fc275b3d68fc77ca86611249,56.27028568850713,78.84428115238826,67.08255132700127
578,5821.083477061831,1802.671491529158,True,0.8681006580341516,1.9784082011308168,32.010934208757234,100000,0.13959,6087.859981746366,6094.350237044325,47e5de284275ace7ac57832f7ac8120f7a1588ebecb7162f66667ff5e402db44,16.169585663554372,26.884183026885964,32.042194886695476
579,11043.84687054379,3271.0453919023457,True,0.7331808918166279,3.3104157504174148,56.12206137637247,100000,0.04947,11626.742526585973,11639.13777343912,2539c0bcfbba1f7fae89e628ec449801a900d8c6a9020b45644885d2f2cbbc32,16.92156879878418,56.25907812777963,26.896388301225386
580,5498.574254896824,1720.1946877692083,True,0.8758033159953151,1.4304953660908093,30.29192291163707,100000,0.15437,5705.040536645561,5711.122668902059,7ecf3f4bbdf072848bbe78ad08d5976fac5fae1cd02b49942261ef021d80f4cd,30.269736444660772,22.16428050932038,21.062352649497647
581,38468.5601143451,7685.461411040846,True,0.7170533439227414,1.5340450257321923,63.03063114026148,100000,0.12094,40266.16171644256,40309.08939056651,08d7ab24a33dabc7a54c89c060c214fa7928cc2b5b0950b237b8d3786716bb1a,62.43048597071309,41.1484149582664,46.380449769713884
582,25208.604931007136,4676.942819609023,True,0.888971706787751,1.3947582602742137,42.933562726744654,100000,0.24524,25804.615679614122,25832.125928556863,4218599245f721d61575131c781f18178edca0005b2cbb959d545bf857a22b02,30.46018879001952,43.080308302470826,42.011161965037246
583,7682.299319221939,2017.8739835482997,True,0.9330771760263403,1.4321566862663078,29.417524726675353,100000,0.23322,7894.04275310213,7902.4585762245815,62fe1cd7511f0c90623f6f79fe8a10b2805c3331323111df49e0207e6026381f,20.62674097046182,29.395978688057177,24.792308436641434
584,91134.8336167436,13868.483485271976,True,0.7061735076421273,1.3256268851029738,99.4173937498071,100000,0.0708,92498.71100736878,92597.32369737313,724a9daae252cd9de51591162ebf98ea9d31aeffff403edf1d5d147d230944a3,74.68440443558507,89.32031469709233,99.00477273082598
585,33180.02424110158,5616.940604244093,True,0.889000678250943,2.2518981081728504,68.44220589089903,100000,0.07998,34093.273041679495,34129.61981158665,5e978cd2b4b7493e354af971eb0ba5185b60cefa41899501bd7a594587f97148,68.60930112012485,30.361203150332898,34.388198174675345
586,10141.881673019472,2685.5061039924194,True,0.8437303538898597,1.311153064898218,31.973938630664975,100000,0.23935,10402.486111307278,10413.576180855243,9c9dddc8b7a88a44e9ec39ea0f9485a033d4164cc4832f978cb2cfa661cf666a,31.93490794385997,31.903683394415953,24.42540380257585
587,63681.13849662169,10325.568346383054,True,0.7468683198569395,1.0447297471992398,58.02824530156761,100000,0.25082,65162.20621754722,65231.675514705516,3fa98af2fe61c8a8c4c0ef432b116207dc36a358de93e119d6fa361e6c40ec37,58.02824530156761,56.512370729480764,55.46400887588799
588,49945.532087966334,9091.306718259622,True,0.7214212166733004,1.4093121756550928,62.076228712171286,100000,0.16264,51727.16073293944,51782.30695509336,3abec32be96ccad8485bb0b0de9f82a83eb49793c88fe596454d29f61f4c7de4,44.01107621585581,62.01560739506955,57.120436039104874
589,25254.3513320184,5009.05375505707,True,0.8310348643327803,1.1575478663467091,47.2848165593868,100000,0.1829,25709.529728116642,25736.9386061175,3f489fe3b7683d7aec2298a2ac98d46c6c20ab997ebb63828359aef9f20f15ef,47.365625572061525,40.82009554540814,41.7089946848302
590,66298.36285039272,14457.44370028302,True,0.547933454631904,1.4075878135108637,80.3863240322962,100000,0.09959,68782.43431327026,68855.7631283295,ebd8cba2ca45f321afd92bec3a04c274119872746605e55659327ea9dd5a81b0,56.61976192216176,76.75559406501719,80.11156608882644
591,104522.55557978353,19987.675409529133,True,0.5368609919992695,3.5400809183028783,217.32470047067937,100000,0.00905,123506.87977231752,123638.55020875657,eb1b49e59176e4f8633370b8cd4b6afd133cc64c9647e64aa43f0b27e146d7e2,100.22616191140463,209.89661012256045,61.54703431298537
592,64863.97857001459,10250.699084754251,True,0.7616106857450676,1.169457267469658,70.56950506167897,100000,0.14356,67081.06760756069,67152.5825989925,5ec5715caad5db98e89766bf68b7eaed3610a2a1a321c42e2fd4532edf8a534b,60.45615069859167,70.37998734789028,62.12735235654647
593,17275.29267090687,4000.4894333984926,True,0.8078324095056569,2.201073809048066,50.96313521301286,100000,0.10252,18042.317122816265,18061.552000859603,4dd09859761f270c953b75e1e6b82bc76bfeb2aafceded581ca8ce6e1965e391,22.937143497360644,50.55254354747834,40.897418321575515
594,41809.186336940715,6235.4231798000565,True,0.934256228394386,1.1639921545657483,50.26753075228706,100000,0.25327,42772.211814723734,42817.81118382358,7ba5a14a2535a926c4b94c4eddc7c3d34daff43a9033e8b0c1b4ac82cadb2d97,43.407289128622885,43.06366343012091,50.107990249411145
595,21919.676424632125,4269.956186394895,True,0.887054149103351,1.5407955308793104,45.68999254262408,100000,0.17835,22617.868607152308,22641.98147144228,d62e8e22ece3ce821abf79a4aa2b682a4edba575c87e3f54f1a934076cfa0814,45.77923080930889,35.37181795719262,29.627104539357802
596,10958.654921242063,2584.513098534373,True,0.9231598076392877,1.177482483129965,31.048465399543545,100000,0.28048,11161.886941140805,11173.786606388065,747d4ac823cd8ad5d4eaf6c8344b723ea406701122865491f995a323d247803a,26.401807858059122,30.934762523324515,27.20530818334028
597,82758.68107568084,14937.07709293314,True,0.6148382472299077,2.5424892783181257,105.60653638523436,100000,0.05616,87945.73810803713,88039.496882779,74997d3c8f3d179d33a7b82640b8b558c485d662adcd1b00798b927bf5740e11,97.02084873477463,41.56194742504829,104.70413678233318
598,84883.83830029686,16023.963510346088,True,0.5829046458851962,2.1639538342798796,153.35348640467967,100000,0.01938,92928.7372745331,93027.80841467703,cf9a6565190fa8a4be0cc6f597a1759cda4070876074a616ca446882a8eccc79,117.29894358053255,152.979088244512,69.73165733122946
599,6460.98827887822,1735.9938247840396,True,0.9663517792504618,1.3048844285770511,27.588868860727672,100000,0.23337,6515.71398753493,6522.660377129032,30668ba831a50d88c5d39d53de3821f6703ae572945b6e23ee3fb5bdadf87f52,27.669695624968085,21.22376117679514,21.29111681366215
600,35111.851030153506,7476.722271440022,True,0.693546140440823,2.882448221377793,72.23854138482257,100000,0.07296,36568.490346070284,36607.47594017372,7fa7bf7d5125b2f4aa9ef01f4f872a0a44be4a93cd846f4370a9571ab465d258,71.83290504403865,60.68672385380236,24.53218043610552
601,14193.650345216096,3858.4190504262356,True,0.7347463988887412,1.8132405388894832,56.88808426436833,100000,0.06096,14921.902113551949,14937.810323421829,133026f299091a3928ec88a33bc359242ff5edb80a3918f00e01c759675db9b2,31.652330087523296,56.59642172297387,31.319001468786762
602,45757.33469589195,8325.8461262026,True,0.7430697080262915,1.4679916102227313,79.34468575402548,100000,0.07118,47274.48633111714,47324.88556603528,06ee3e2317a269f7f222108fe81edfbe02774ea14c31c2a1e07cc320a87a80bb,57.57138819847748,79.09285935881007,53.75524974790544
603,12012.952948455451,3750.806174219307,True,0.676279183478254,3.9334280225912943,71.96220986686876,100000,0.02628,13021.293770191904,13035.175745324652,25f480099d6340c007fcc871b248cf52cdb396941eec221dc1eb82e012f6ce7f,31.316562277268936,71.80408977682926,18.078396961183582
604,40566.64936386371,5905.369087294276,True,0.9668293749538264,1.1162920833199115,44.494610873673835,100000,0.35355,41408.39354915368,41452.53895434009,5eb4275af64234e2f24b8542cbe265393b4f5a2d75dfb4576e6759c97c48c58a,44.75532148426177,39.66060163568925,41.09450999392288
605,23721.22036962125,4453.77984061471,True,0.8964238403647999,1.2900188776254122,40.52524211764364,100000,0.27031,23919.619607339937,23945.120265756384,1f059d557d9603982e9196205313eec1a11e86a4e3f141b401f4d1bc41dda5d0,31.541619109142562,40.5450298335214,37.82421890032999
606,36785.974864987984,7549.166270278708,True,0.7085545864031824,2.2765292904409513,61.03359713755903,100000,0.1253,37876.7993063688,37917.179686026815,ffc550a5caf0ac32e0da203fc6293932e32dd8cd222115a10a9972c7826cc3c4,26.79160343098905,60.407764354410226,55.65441535858959
607,27326.307386756456,5382.993432511944,True,0.8150437235853891,1.916895357168012,61.05149051128021,100000,0.09388,28403.84907781618,28434.13036426368,6c412574634dbbc94c11214dd68d4e0058456c75eafd950c62708bcfa631b496,39.558265580307044,31.852303521143995,61.28997289608989
608,32231.724075858583,6575.8692503545335,True,0.7448234007044411,1.9536063773633572,65.27311998274787,100000,0.09007,33304.16736237448,33339.67286830199,cfbb0e51d8ef74c8ceda5f3e7244d5546fb6b1bcaa1ec0ce50cd6867b24ab501,33.369607725555184,55.47259049315071,64.6834946313412
609,25029.957353604972,4288.971498498816,True,0.9648009091127439,1.2691327412514388,42.208271320598485,100000,0.25564,25558.585055204992,25585.833011393246,6dc756426b4fe389d528c41812ae7a24d4d17cbdcfb5147d42153c5621aa7da0,42.239185581819626,33.26374507394823,33.42862113379431
610,14731.502882021727,3564.681392633902,True,0.8152574485046828,1.5133923022560805,45.39054001770654,100000,0.1211,15057.590902453796,15073.643769868979,64c763fa2d0a1dee700eecea1e038c0740c51f4a41d420a0eab5f5e7a8771f9e,30.131073805699238,45.31296829404347,29.942685333946066
611,14828.211459758755,3288.789357957058,True,0.887511344695145,1.3573899469751032,36.09494982048187,100000,0.24475,15303.026463313508,15319.34098908711,08d0e7495e6dfe5ca7f326ed188c43d0fc4bee3d4ee838cb97759476d4b35ebd,26.701098133803733,35.196100972413234,36.10376206409039
612,72325.53974159007,15529.859835752897,True,0.5405605867702236,2.982346359258134,154.87268550952228,100000,0.01614,79715.60002394562,79800.58466500773,627806f87c2b7e28aebbb4e4cbc582415d419d4da3e2cabe2db32b91928165e7,51.38476064634784,154.72144265257936,74.92193025808555
613,22981.81434317502,4045.4726872690476,True,0.9662831187485266,1.3891173177446234,41.88184304978989,100000,0.23792,23239.330251219297,23264.105654519666,31fbb06238b20b368ed6bccf820f53af6009cfd3ca7b750c44c01865798e75bb,41.984093643173175,30.102574692036484,33.773370994496105
614,34662.7833364176,7515.346691668457,True,0.6840860373861386,2.3492091725668938,85.14922906594782,100000,0.04366,35837.78781020622,35875.9944038039,be0faeb278c440ed28f16d63f77c09879ac54276a2a3276016eaa1dc1d553ddf,36.17179164422588,84.4840007138701,44.42478088719007
615,107716.45021632011,17005.234081002665,True,0.643807747430784,1.5473990016623291,93.49100857751648,100000,0.10388,112864.3481012866,112984.67255608861,94055a3abdbc083b45a0f6025a24d98760cfabf7356f869fdc32f2e601d26493,60.69155073428133,81.85028241185893,93.76490801670843
616,18137.246066159467,4232.665194289834,True,0.788710769416701,2.0298272225960816,51.33391981715144,100000,0.10541,18958.78051013231,18978.99242795198,fe2e5a8a79d1988d9f59b4b1a4ade0bf26c0a8b7de43f8603833c807a915c701,51.509377550901476,48.62685763929384,25.422572350852462
617,28112.466927667625,4616.9959647983505,True,0.9684055457784728,1.2459908943518496,43.499862911168336,100000,0.25973,28425.03983677873,28455.343714651823,d0a9a792b214088cae072bdd7bc8663ffbd4adf932c7a09553ed51b7e078e53f,43.31932148795303,36.06580430818546,34.610852838744535
618,32476.152458856814,5168.942071705663,True,0.952340324350403,1.1266468575797928,44.05445337825205,100000,0.29148,33135.4988573964,33170.82454616952,a1551758879f6b09d1ec79a027b48e7f7a271c3cc61d56f7ab081eeef9e6f45b,44.15125271428825,39.08542079506053,41.4838932324019
619,5336.537130276396,1545.2681762412183,True,0.9556964089046037,1.2951068398594454,25.459203604475366,100000,0.24873,5457.301076758465,5463.1190944744085,d148f9376fa592925ddcb09f127f9c5012e0228b3c9e4e8e86603b52a817e792,25.39083171979538,19.63516215491643,20.113765347676335
620,27626.825923381402,5574.212695552298,True,0.7928443138808549,2.401296524056404,55.24102307257664,100000,0.12899,28910.55865941429,28941.380147928947,ac94ad2ed11a4235c73cadae53f26ac581bf6c4f684cb653c11dce75ac09f521,55.09267071569228,48.87535830444769,22.94066900548166
621,190351.65141710476,34961.02377147817,True,0.4577247703153563,1.6372842854872918,221.44481011399398,100000,0.01468,211952.1744543428,212178.1362417838,396cfbbacd12cb3a852ee113948ddf4be47935071408106bbbfc6fd0afbc6378,134.45635809411692,219.98509090669955,179.11295310245654
622,40029.239254165695,6479.833517058779,True,0.8733168391931195,1.5735534226738805,61.21525068138692,100000,0.13447,41012.81730384579,41056.54098599164,29797981e342ee27dfe810c11cca3a661627fe2e90cd13b2d34ca90332cdc6ae,61.21525068138692,45.76198671543134,38.423928101036566
623,19955.009731058828,4814.74660057724,True,0.7389447793992766,1.0852407554301637,54.23091101701097,100000,0.09863,20915.34512009492,20937.642927515157,f6abd82d931181c5a621e4644b7b904344678746c6dd69d545d2331f1702db90,49.345362636816375,54.072031394890814,50.28540040102725
624,175490.1021583958,29397.551801872924,True,0.5156338002850696,2.475327207906229,188.11591717231903,100000,0.02062,182507.4493422246,182702.02016736867,5b0201543200d99ecfc0d6f3f1c33eb38201a034f6c0a9479c89d945a8e8c0eb,73.8042673085734,102.1410644021576,187.84035674677364
625,35480.87780857541,7743.434227989284,True,0.6743418005886161,2.6215796265992712,66.18712341197057,100000,0.09812,37826.25626259206,37866.58275841264,9c517b25471135f4803595da26c45a1cca8867fe2839be89f89e6b11ed838abc,66.41334893144509,60.967777498380116,25.30494024979148
626,26663.15019714538,5778.2485430718025,True,0.746956903495157,1.88696920541128,74.12945862171696,100000,0.05178,28044.637642607646,28074.53597446563,693294d879dc6e8f4b29c5f96c5dadead1c68aa2c3f491137e3dffbc98d3ebe4,39.94231327591048,74.14755663407578,39.16409874448132
627,9404.785376199625,2386.710126133092,True,0.9027836979344028,1.202607493344316,31.20522756118777,100000,0.23811,9619.99837311625,9630.254234058304,4ae131acfb638afdfa16a62de9ad300d852cf7e6678bc899d5311905ad4fd79a,31.357596836388886,27.175060232118355,25.92563217546923
628,66400.32484577422,11312.768026194979,True,0.7009634586664569,2.3071778693838274,108.34786701359312,100000,0.04134,69911.21855602661,69985.75076569966,71a3a3435f34662245fe725d9012c72bdbda7c268a0e213e523dce572b3bffb6,108.18915431777242,84.72612745227997,46.02668178800098
629,26065.06202073141,4890.883423485233,True,0.8692325647179681,1.1699078103573537,45.814706841298886,100000,0.20983,26828.575764769535,26857.177655502248,b18067a2a1962294f98d509b9f762479379bd26c8d0317ebf83ed342a436e45b,45.635743142700065,39.09238291268057,40.98268697913064
630,13675.563617338741,3040.388979256779,True,0.9096028189745601,1.469760584918121,38.218737742212056,100000,0.19028,14123.341573043064,14138.398439124767,02b7620827a5c43fadb00f98a144f11a5ad75bc3ce0f5af45f593167edca558e,38.27472222132663,26.051444281312513,29.811735128507692
631,63216.818663014266,10057.75051526276,True,0.7630242784312057,1.7461100633396613,86.40406806122718,100000,0.07718,66194.61291175938,66265.18285562062,57ee76be30e63731f363f32d8d201e788a931e99d40e54826fbb0a9f3a044786,54.88852175178543,86.82596292480738,49.108562120736536
632,30584.030668244824,4834.280304492911,True,0.9783226532131154,1.203320989993121,44.570022069661306,100000,0.26397,31074.09015738464,31107.21818248342,be22322c7c0a8b01405201a9150f57431491294fdc2dcfef1f188599998004ba,44.70059830619353,37.323040942123605,37.05100711601483
633,132266.58984081875,26294.747608252954,True,0.4774360652373088,5.16350913002306,263.6073508395572,100000,0.00652,158794.4967549869,158963.78724900962,de7968fdcfb1c61199fef777c3daac50a730724a385854e1d3acc670bf402577,115.03860830705776,49.36202101902842,262.3845628351745
634,19942.961267226212,4081.28791458914,True,0.8713915051044568,1.1302668927148818,44.14875955557743,100000,0.17898,20477.42399257416,20499.25493315998,b1156f5a8619b25c9b3dd117ad9967e1768011687d4db44c0144010c7d498ff0,44.12720254407568,38.74872817438985,39.212203921677414
635,32459.594606333558,6442.910159614326,True,0.763772662894263,2.554626080553651,80.33569169579245,100000,0.04879,33633.4743001632,33669.3308795556,b130adca9f4910031592248e7e94b6fd551f4b3a6c56fdae48993db3be359683,47.718930150357195,30.97905884607035,79.98265398814493
636,67564.94242964873,13715.965438244677,True,0.5848870643779777,1.2961135153449117,87.31376048426034,100000,0.08002,70820.97932199284,70896.4814257911,f19b16ae20c68a24fd08675d4d650f60cf86ac5dbe52c11d8f887babe2beca3d,66.78564736259463,87.39902782848326,81.34504638865661
637,21537.474604991916,4536.668358234594,True,0.8251703432820038,1.9573709342543337,56.96722131646631,100000,0.08978,22068.357563508653,22091.884595178766,27cb7ce16ff0009801c54089d533fbc2a5572aaef473267faaf060d38648f60f,31.65463762604427,28.37930056060779,56.64733701708185
638,31139.974862159343,5919.487674159335,True,0.8086219182314166,1.1688420416283647,46.22766331696678,100000,0.2456,32258.895142295838,32293.286285609127,406692aafebbff5456accefd5eaf1518d7262daed71047a51d9bae14535a8dc8,43.4400088151868,46.126088861436344,39.30931429028206
639,65598.04136097652,12472.474430523162,True,0.6306553492015445,1.9146255694745367,100.9685864769651,100000,0.05087,69620.29645894493,69694.51851715468,0062ef26617f6e3936eeedae30749d9b604414b71f0f44344f3fc5b60d68de7f,100.69743060507872,51.61821779364378,55.21719572959029
640,111174.24824615828,21864.60971004734,True,0.5113817158157911,1.970878663014385,140.42876444123024,100000,0.03297,121395.46778923442,121524.88725359946,bb424caefd9c5a572f78bb984867124d47b8ef7fbb77417ccedfe1651cf80604,139.5373709169451,90.2364521507124,70.62579461643904
641,118350.792544196,18587.006555669344,True,0.6271750687266764,2.3848842727417248,139.28706298188771,100000,0.03526,126686.38751398333,126821.44761723914,bda75d9cbcb4de9a74f3b65a554246bc599241fc22975f99347cb69b56ef9630,80.45732202518221,138.4709278472282,58.693718434262266
642,17011.634749870598,3603.45654837083,True,0.8876917860517892,1.0991103603052115,35.47657969139314,100000,0.2921,17340.918084808498,17359.4052027463,5f442e82ba47da53dd317b074441a7183e55f8a6c7bf2324f46775204e70c06c,32.25458563738966,32.42781112416404,35.56319243478033
643,30054.221823240205,5412.916880754409,True,0.8636207953101874,1.6156185450418137,54.16731787315314,100000,0.14694,31050.40952295004,31083.51230217203,9db50f371e1b82b2043aa7bac1a762d3cccac53371a5bf857eb47a3698f38086,33.404942614156454,53.96895123055127,38.443455336244185
644,34213.470692133815,5335.210843952553,True,0.955279868430551,1.3293043436291978,44.512684172928175,100000,0.29883,35042.15830428609,35079.51667886571,6d19b641dffc47ddc18b5abad35f1d2697c47ffd9dfd5d5caef46d245bec9120,43.154264856127384,44.469214754790556,33.460584611436985
645,56701.44163402457,12363.851225785682,True,0.577288741634009,1.5547224236434187,117.54511084492574,100000,0.02774,59901.192445358516,59965.05298630198,83320b8bc1bc58bda6208606877284541d2d095cb0d4ece439f217c27fa99b30,74.87187358261994,117.08595025568776,82.30453562090992
646,23745.661901578762,7128.680464196337,True,0.5604426303961328,2.3852820310324865,91.02226008927528,100000,0.02552,25588.145778613372,25615.425249429463,a651ae9a2b1a87f40d6fcf151afda063b132ef3f59bd88f306f7419a218dd86e,38.24446035489325,90.73337108020287,65.82224960557456
647,13884.116072991232,2857.135760143795,True,0.97775956115459,1.3525450146201403,34.547998280574845,100000,0.25599,14034.823969721963,14049.786467364564,233f665d2665675fef6d22c00c4659fc10d11011e13a7eb096cff7453517c7f7,34.71668967842922,25.556746774936958,27.597912688974827
648,21942.96883371369,3887.6263542748666,True,0.9749818501115249,1.2713698702605236,39.90440693565283,100000,0.26476,22368.159763363645,22392.006413556814,acbcd2293898f2e3ca6f933f0843ef5de57833f943e585d4cbfaac7cb7fb1d20,39.71930348551186,34.15645769443331,31.45784423711499
649,27982.691176510027,6256.385263645287,True,0.712448746049734,1.3793260892017993,61.01539738364366,100000,0.09727,29377.34542577685,29408.664554725474,950cbe40ed82acab01bf1a3332b85f3b141e4fde010f99c3feace432867a507a,60.74726331311007,44.1974326262868,46.29781617879993
650,11020.164732055122,2622.6699133152074,True,0.9131298668399443,1.1579797158353067,29.61123056475266,100000,0.32603,11254.91535911558,11266.91420177237,d9d4410cc7035c5e12d7374d8c0ffa6b979be4e3ef76a494fc37164350aea92b,29.683523608123636,25.60619596200047,29.502790999696195
651,37213.160476251716,6052.168759132521,True,0.8906439707055471,1.3457207132992017,50.39542193968404,100000,0.22528,38336.3883869576,38377.25873361128,2e6a848bcacac42128cc343f8b1234c1148178666b0b17204dfd223b2ab05789,41.04470888446923,50.40772550949353,37.53819148876367
652,14243.891348183317,3182.628151512207,True,0.8928612862052969,1.4218092519035135,36.28030989611574,100000,0.22935,14562.200627971079,14577.725360809702,45fbb3cf734e67332351cd669db6dff6566829051de22eff6a71fa4b88a264db,25.607025368571925,36.24487990598281,35.190837699528274
653,50770.10079843601,9856.905936891835,True,0.6726908639621522,1.6051332398081557,104.14342446107617,100000,0.03559,53448.9098824909,53505.89165795469,7327ca04926ff69829856f303b3d2a83334cc1aff7cb63677c1c27849771f64c,104.32140394623913,64.58112747342126,69.4628504950342
654,44092.87916187063,7149.976428144324,True,0.8441607458202379,1.38689165106532,63.12868615136557,100000,0.13788,46120.79966718686,46169.96895906997,f2046bd040d1aef91065f6fd9ee70a21caada81d64f72fef8441135d24178c4e,45.40456772507885,55.83867918124938,63.05162476690345
655,31696.813520866202,6631.4209366747755,True,0.7303896295916343,2.3428599379231643,91.52387527175347,100000,0.03401,34667.70842991067,34704.667604231356,97338c79b3af147410d85e8bbda9afbf14bd2710ccd343d0a6af0ed5c68c7212,91.50153057564219,38.46639435554775,44.242498300310515
656,14591.089647660381,2979.316376728039,True,0.9692280725711679,1.0069261160337948,31.453445656978264,100000,0.35986,14888.589723532621,14904.462419130423,de70d6e84af67e995045cd652730e297691a0eb3f94cb6961aaefba77dc6d205,31.507199104145947,31.476482848621554,31.200036548902027
657,35029.49602599137,6712.860270044348,True,0.7712569842768066,1.2645865979897546,46.06165112387694,100000,0.27455,35674.283106253555,35712.3153878148,e67d9b686aa648d51de1b2483e950df90af5fae68402874efafcdc1ddda5b404,36.514204394342876,45.58933927153251,45.1395184597759
658,32837.85013108563,5489.1947760801095,True,0.9034247012124927,1.3213129210470709,45.14357433307197,100000,0.27346,33450.062826993235,33485.7238717825,e8171b1334f37af53f359284d52ac4f1dabeda4038d8e07b98a28aaac9e81a4c,41.892267099610976,34.067086978399765,45.055403289452684
659,24853.149563682382,4623.90494413012,True,0.890696028588155,1.7894029711592823,50.7752068077247,100000,0.14746,25665.198887271206,25692.56050425168,63b41841ae7907b6fd8b4be01abf8f7da2234279f27ed55017ad07006bdad0f8,50.762810517000155,40.84577793736642,28.48667608499789
660,73675.54149563482,14954.235197814172,True,0.5683320421321456,1.1311527314775975,134.93381394253927,100000,0.02484,81138.93090648565,81225.43295774265,83b7d60a484cfc02d71d1bffd454efc237b0d0b9786f236b0c9627a41f76a3ce,135.32912785057405,127.55462099255666,117.93531589704361
661,11532.249206762835,3710.517303329222,True,0.6652614261099926,2.6074604386294036,73.2637327978262,100000,0.02361,12344.63960555609,12357.800201043105,8952396441514bb876bac507a60ed91ecc839f14c27022bf7b5326b30bec8871,29.065811962028214,72.61981327128281,27.464956472427275
662,22416.44141744838,5430.709015999333,True,0.7079545399107635,2.238314940680806,72.1445242331067,100000,0.04855,24238.997679190565,24264.83882592788,17a76f8bfca4b6c1484081dc1ffdb9cd9b594356181c17eb0b2175253592508c,71.98600354997731,32.06521151522723,49.81072132110004
663,30904.59128144885,5805.852057256637,True,0.8202888889729243,1.5391600870401172,57.11734426289408,100000,0.12949,32081.565390748277,32115.76748316964,7f2098826872c35e1baa58bffc05749df6211a8807cb9216fe340e7554d7eb23,37.09280657697711,42.25233230384987,56.908174300993835
664,32434.41562433327,5784.117540413992,True,0.8503239270865619,2.2690720586298467,65.03814495458153,100000,0.09259,33867.55327349472,33903.65940401041,8d9dbb20af0d02bd10955d5b435e0ebba619127680046dfc35d4b9a784a2671c,64.67294052734633,44.697846202916736,28.017530950282982
665,7878.868912717793,1958.1367954463722,True,0.977875756789749,1.2546539810618484,29.04360480115436,100000,0.2462,8019.64060602957,8028.190328770738,2a4a801e2f97ad4237781a3385dc4a7567b661230ed89db85c9e4f75177d9ae3,29.071967696467983,23.14412257591988,23.62629179625154
666,8292.474830963523,2031.0025756050175,True,0.9755055809180806,1.3228206800704931,30.16353276788786,100000,0.2326,8487.340521522901,8496.388858204518,379763a81ffb1e11701955a3ba33160b6c9b3c5c86830ecc719246bdf923019d,30.251902492793782,22.82884560069638,24.345859211581363
667,62005.88558672999,13617.967234316526,True,0.5563231289757576,2.7913930135061773,183.86960644731292,100000,0.00877,72484.43107843453,72561.706584809,4838ab2b19e2890e34ab4398f8815c8ae76e9405b58eff66bcb94bb6b548f817,182.02911478121433,63.45207243976485,79.47781694701357
668,8092.727864469732,2268.2005012797144,True,0.8594078311346055,2.124079680144836,38.96323720672156,100000,0.10608,8342.839910931138,8351.734195802057,80a004a47ce16607a664620913d50e3f4749e9f7fdd5b6475e90501f703971ea,18.46378013140785,38.573224334291,24.780086162966228
669,18662.79290126948,3885.345974372585,True,0.8757339475227515,1.7536442551529698,49.27940664483555,100000,0.12033,19146.3338950148,19166.74576312134,17f4729445f2ef34537b46019b3332e0383d93652bafc0d51398133e787e823d,49.24331332942184,27.852008394236883,32.8689792367409
670,30475.556050471132,6457.974785547015,True,0.7306154835177856,2.299264102080223,66.8938725861257,100000,0.0801,31879.15737123298,31913.14367687131,35c5cba2efa9697428f934fe22cfd7330b3ff018baf253dba3737d614bb3daf2,29.315063792015536,67.05718770474417,62.549690430874364
671,12357.26939425649,2809.5867098109957,True,0.9200046611266386,1.2810187268284754,32.16152446078712,100000,0.28493,12602.693035886738,12616.128741617478,8691b77538b0a76b17c148208efb35681cd8912bae64c84300a7fa70dce40f9e,25.047671638161844,31.015141997096954,32.15367252610431
672,144017.23905317567,20732.956144898508,True,0.6408640096100235,1.6948781712390344,152.93516948027698,100000,0.0325,154568.42039981106,154733.20548232022,608a2ff1771b5f95d2c47dcb0e85f30c7bc9ba5893e86247f900778418986a1f,115.37345549171286,151.44166196582114,89.98382774596375
673,37128.66285962463,6375.861266153081,True,0.8441471111284803,2.0125837542988547,60.27251918753531,100000,0.13225,38500.7344231504,38541.779978783125,43f1b4290da78030c89dc418c42bec580cfbab68378ab20587e721b146b96e28,60.62567847964978,47.352775084347805,29.47408592105303
674,10510.351771325892,2393.392098078087,True,0.9695013974942864,1.20276840654917,29.400060694742454,100000,0.31593,10674.581320307747,10685.961470011473,850f6eb0555b4445ad7b8739b8bc88592dbee2cb5a8401f90b2dad6a28f14026,29.41441619312856,25.193899667613778,24.447413751536327
675,32040.018179851806,5600.427793436909,True,0.8710800983484307,1.7416376111124372,56.53683674568083,100000,0.1377,33085.96146828698,33121.2343453491,47238cb9f163146cc770446a33dfba42640453deeb02e72fd1688beafdca1194,35.23890239544022,56.28838384982578,32.49211760237614
676,56694.64790880787,10835.059987994777,True,0.6586896600670783,2.2582553291296077,111.17422116447665,100000,0.03224,58900.993707877344,58963.78793895585,21d9bd56a906319fb1bc494db82a59ca9dd645d81f186eff3ffa3f1bab7d971a,48.58443747178057,111.17422116447665,63.8926065969673
677,7481.856525463806,1986.408009450532,True,0.931297814926776,1.7802782083154858,31.149203500577244,100000,0.18967,7621.751482535532,7629.87701648138,639fc352e6e338fa8fe99378c6f5abffa932d58283e89200485229c7e964d5ec,31.255670504729608,17.53663654109647,24.974117259740154
678,38768.35309090642,6748.304351642587,True,0.8208699636461714,1.2566215372952212,55.4816314025706,100000,0.17443,39608.11284582001,39650.3389753648,675b3ed0e84604aa4f9a894d9dc0fab142bce8ee425004ae23eca7b107b64389,55.440995442070665,44.26610630459001,55.03463583707138
679,11679.263957306262,2661.2944694373027,True,0.9354089241683261,1.2180092995002272,32.00650825426213,100000,0.27266,11886.435122896928,11899.107227505365,9f4795de451993ad08d0aacbc7b5791001a4f0afcb389aa9bd02c8e898c1e629,26.122499290526925,32.04557869890844,27.489964853147995
680,12878.392150266809,3735.3869453597563,True,0.7113057040726583,2.8359753859862895,74.02589200429003,100000,0.02569,13855.760050885672,13870.531648844075,8137dc69010e4861eb57e92a29b4a7383046b60e254e17a843c7fc3900188d9c,72.5077828909208,32.72067321136892,26.015691293988155
681,50205.43397880354,8914.11512947865,True,0.7383116181944075,1.7733589482279895,75.54272805925217,100000,0.08973,51431.70982193639,51486.541064467536,11bd802ca8d56dfaf9b9ae32e9df850a75fa22b34a90b3dfcc6436261f9e0725,75.6533863523077,64.42156960716989,42.19769575184789
682,78523.4348570076,13440.679597448683,True,0.6597748479071994,2.0600899095471252,115.48349414047249,100000,0.04066,83261.15344158967,83349.91799002847,620cd6f96d38f06200b98bddf255599ffc449bf457d5ff591afd027e4b87d81a,114.60947355493667,98.34141297899612,54.82364608304413
683,6494.858440310764,1762.7735823767302,True,0.9549941640554025,1.0754989611506127,23.29543186241314,100000,0.39309,6607.232592966476,6614.276550361998,1a9bb255ef7132b2ffc367405ef1faa2088c7089fa67b9299f50b00099feea46,21.691595977354417,22.692571565192488,23.37505492053662
684,49281.64964202028,9520.369818806012,True,0.6827899658520948,1.6511313307337,76.35862394651096,100000,0.0882,52210.53782808252,52266.199377586585,483a8f94286a430c098baea6535db84871c26ea12f0c7f173b53cc3c9d0d7913,46.28868731913738,75.87392564997549,52.23556257278411
685,55275.145651382336,10256.200084797942,True,0.6842018384648386,2.060963989666286,103.12741673308975,100000,0.0404,58914.077824946435,58976.88600497589,36a3c3bf151258ebab8013a59f9150b5050d68123200b545ffde8b1f0dfd520e,102.37208897381419,49.85163211218695,71.83166990710572
686,9640.755259358435,2290.7037092019755,True,0.9562891847092966,1.1519635230837935,28.8442545718629,100000,0.30858,9846.027308042603,9856.524137978156,b8cad3da5e9adf4ae722389b202ebdcc56e35320ab5e444e008cc882599a852a,28.703413485086227,27.252750291286482,25.076755500586863
687,226100.87775434283,33194.094129663215,True,0.5407021986073293,1.903618322288033,215.4305607106939,100000,0.01885,250581.26168033542,250848.4058600744,b2c26bd01c2d593d7b0d06605ab1e620100cc324bc27aa5bdb29af67c7b60cbe,211.43331397875718,195.12875494059432,111.76512243901966
688,52483.48637025458,8371.793810451833,True,0.8097433412538699,2.2915786156435076,81.19607907709613,100000,0.07654,54476.4668585301,54534.544110422015,a06867fbfef360dbc1abcb3bbc8a500610084ac1cd1e1f50bb3388ec947d45c5,81.27537212306984,35.12681936636092,56.555765040760555
689,14004.572903968581,2947.766780721619,True,0.9531712108120506,1.2554564351616866,34.31363972404479,100000,0.26391,14176.581193387858,14191.69481812187,0f20054fc99d63a9a45ef217327338f804091f1b9e383147cf0abd61d5aa6422,34.26337560335527,33.06541406025508,27.326926948201688
690,87330.0016087751,16906.969030180153,True,0.5630245681315866,1.6074189748971053,123.12842534823687,100000,0.03616,89746.74366604601,89842.4224891956,548182f186caa400e7948d284af6bbf0221d4b29825ac926ad6afe5976f83226,103.94973018901442,122.58733363528076,76.26387087609302
691,29905.802808334887,7849.450863267361,True,0.5935835081785352,2.6978813059555073,121.03426891296951,100000,0.01363,32131.88553641287,32166.141275040452,c6da23877c05e2f23f53a76fbffd681e91549faf2cde57fbd30a708cd428e5c1,43.821733593245554,119.97049115885162,46.02316255662843
692,22691.998639434245,4555.527578300587,True,0.8508649035704707,1.2444004802695348,47.143849793213164,100000,0.16736,23315.35873113069,23340.215188240774,d55a56d1edb0c91523ed40c3b47885394b2304d4ac94e9664639992e8d586352,46.902145485191326,37.61379421978042,47.02875250367896
693,82996.65143179974,14431.465653984274,True,0.6375986637544188,2.6561960500603763,122.75561824098207,100000,0.03605,88663.46596303822,88757.98990600459,4a70b62f3e6e1f4338405e84ee53dba2491dddbdea0fee38a70a984a7b3d78be,122.33604337394749,45.568827523294246,80.52840483728487
694,11572.706661022043,3160.8020475158714,True,0.7827867330658927,2.780373861670716,50.50313687983558,100000,0.07014,12012.575367929509,12025.381950399802,102469d870719087c8b97afa949bfac02353f624b0ca2f4e3c13ea0dcf0a6f74,50.2072200621803,18.16189468359321,27.803850992194633
695,49411.80775825641,10397.37332785292,True,0.6262979380107174,1.2486188285279118,81.63624047637826,100000,0.07161,51800.978597957845,51856.203517189366,ac484bc16e2837f0b63af8afd44d04954cef52b1160a0c0b6cfc504375259df4,71.39184897128587,65.17346346624925,81.55651758528805
696,60555.25287304993,11162.894553903612,True,0.6680493054697193,2.6679515975456765,105.22529073869552,100000,0.04124,63884.33249836902,63952.43945692212,d58c35f810f1db831a580ceeb9bef42e02d2d54bd91f58347d7d710a91da7b8f,105.071152129215,39.24112099691343,100.57544268603343
697,98756.13921076611,20283.591794370277,True,0.5093879472506855,1.1161237277814238,106.07715742160144,100000,0.06713,106536.28995538295,106649.86808010674,2813c67b4ce8f1d78a4d0136f3fdfca27c6d9e98bc9ae187207fea8ab2e7ede1,105.14483865520063,104.85996347657817,94.34547961105812
698,19959.818416718423,4634.243051532528,True,0.7678499748557143,2.125214308521389,64.24367960475155,100000,0.05915,20852.650924791375,20874.88189405593,8b048a07390cb95b990c32aa3e2c83606109c6feea9bf66927d470620fed194d,29.643690051997176,64.07115019175052,38.12900027323023
699,19811.1307525586,3886.4502712575286,True,0.9110394548554357,1.3706892223706928,41.55460791863669,100000,0.21224,20248.837982579145,20270.425228078875,ae04a158f71284bc73a4ebf40993974a6ed9f384d7ea8969a51f3584c9cb4c4d,41.71693060581886,30.26303599152667,40.79372032247025
700,41417.541726198506,6210.277295544487,True,0.932171908568497,1.470277043006813,55.045677099696505,100000,0.18925,41968.24846754546,42012.990732935796,b933fadd4bc9d59aa13fa9f91cc220670275bffb6c79961e24261b0dd5c342de,39.37593601125751,54.965043783632495,37.225714249550606
701,36478.10795012513,7764.217551842816,True,0.6850800144755655,3.6187869555858505,87.78195749984968,100000,0.04343,39058.98151083927,39100.62221257086,aacba86dfedf008de90babb83c80ac9b2ec3520f379ee34bbbce86928f9c6a23,87.22474780868852,45.905506094892104,24.36720841731667
702,20789.272010417335,4250.831970225396,True,0.8601411146250822,1.6483553559394324,51.378463415765594,100000,0.11968,21581.429951581522,21604.43787070264,5ef179198f76faa422f1d3b56f777db69c63333a33569485910b6a5efa1b308f,39.9512709910189,31.15822830194378,51.17776629304777
703,28703.524145302596,4633.639480240168,True,0.9784050786171461,1.1246890251037962,42.07506301582994,100000,0.29304,29021.277943725905,29052.217469847154,1128ae004826d73d2be018481b24c4006a30046f9d6add06b86722fe254d6e54,42.08533524801154,37.904536750100704,37.33956398011275
704,52165.2567755653,9475.202804944362,True,0.712551912155986,1.0671493193529347,62.07112302351146,100000,0.17031,54153.216772906795,54210.94940853172,be632258138f17001dde1f9e357252ba3ef365bd57973ac8c8205e658e504d1f,61.586192374890274,60.1010922634879,58.024982924078465
705,31602.3509639543,5488.052470585994,True,0.8808030249214306,1.7519880734652096,58.180740225660045,100000,0.1245,32600.35882708136,32635.11400414311,26347d034aef7443701a3e2d914368fccf911056b1b76320b3e70085f30f1636,39.94244177601466,33.18120340994675,58.16653594337839
706,28878.70712292766,4955.006938652654,True,0.9186675054561855,1.48693830970778,49.4153179136312,100000,0.1849,29664.49736276496,29696.12262381683,e3d8293aa92827e4fa8903305e5a04a385fe8111c832edb3de4c3755ec0d215e,49.29467504763112,33.09233814382089,42.044038801026545
707,109175.86667988806,17783.789178642008,True,0.6211706423471565,3.4516052569079587,156.0664716175076,100000,0.02386,120590.91114665807,120719.47287480251,9d6b421c7cf605f14c16c7dca5b61f36b0cd3744608e98acf46e40c094298174,44.31281896756869,86.2633036479583,154.1232611554732
708,9932.356203500642,2656.555454280241,True,0.8411370492883468,1.8419225674101283,40.96977360539023,100000,0.1133,10359.431040075175,10370.475208698186,e48aeca6f2e67a5fa16b90009c0ab734df4ee0cebd205536524c3b27da62111e,22.17529005936283,40.999780763792614,28.46679093772964
709,78364.76885904133,14498.224097623177,True,0.6108246490572908,1.9601581571610114,106.31679281951514,100000,0.05087,81279.80266275888,81366.45489711226,301c5ba541ba323dacc416139e9194867ab3eb1e9914db7e2ffb41eedaaf643e,106.36870531600906,103.40969301585653,54.456208822105175
710,149076.8079188577,27348.74721010738,True,0.4971491991090518,1.5417794179661595,147.36799152382346,100000,0.03868,164592.96196589142,164768.43419202816,bd09570cd56182581006f0018dd81df2d6c675827f3275fe12f2688fff21954c,95.45099646306241,147.2960344967122,102.25093552507478
711,27377.23094869148,5196.918915774737,True,0.845274686583728,1.2993449476769563,52.32735297314969,100000,0.14791,28177.28450328724,28207.324249696947,b6a723f1d7eb1ab443f151a2341911308cb6a674e150d2fe47f7519460ff66c0,52.42955483442536,40.267533342619096,42.975882666424695
712,208306.6806438039,40027.72162865535,True,0.42454661840436975,2.8179346894006443,251.17358283057837,100000,0.01124,236811.88489022217,237064.3495650236,7022f13c57c96e5333c9f276f9ab1645b5630ade19205648888b46775186a58e,157.22877597109448,245.89991873794415,85.20646810134001
713,30693.44108445557,5636.994774260861,True,0.8410081658138567,1.345290425987421,51.318352963399434,100000,0.17511,31466.20574757984,31499.751806321714,cf45c8b93f7aab10431e8d2bda0e240881120e8beed8bfaeccfbad768540f9c9,45.116550054004236,51.293295173866525,38.12542677432238
714,43283.63557135681,8418.055316819798,True,0.7081982301836411,1.3353698438296016,63.214361508098705,100000,0.13453,45183.691626276224,45231.86186915926,5c9ea27a4adc71018a6645b7e2602e452264f064b681eff6de053aa2c2598a17,63.029163183367956,62.51986779035836,47.41077113107403
715,25037.362011529854,4279.2108940978915,True,0.9671922616588922,1.0846093662575167,39.10663726956619,100000,0.3206,25493.545505332248,25520.724122987023,c35b02439a2ff3cac3765088f1523328ca1d15ebfcbe8720b7866e16da73b1d8,39.297587646859,36.09916882720453,37.139848383450314
716,33529.73644058596,6521.47384265075,True,0.771066427601531,1.8485228939012774,74.99931873595258,100000,0.06268,35157.35908849843,35194.84027840266,10e3830496883513b0c0dd5ebbcde32af31d5168d2188d98ec41d5b18bab31fa,40.77721748656407,74.81621493044489,54.98607279396134
717,84061.27568673687,16949.319235134855,True,0.5475147823769484,1.8858637910770488,175.36281663269378,100000,0.0124,88909.77761081417,89004.56414613347,aae5be90463c288b28d8c2bcb21204bf613ee8f56a6f85334ddbc672c054c224,129.38145309179703,174.46373969194997,91.62022158055778
718,42558.51777162804,9224.789416329448,True,0.6390261926991836,1.572332757090485,82.50891958453603,100000,0.0602,44958.7775130237,45006.70797542239,9fef486d2be1921863c2d46e9aeb224c68c39c5cdf808cb331fb03cda20d19a4,82.4887758053406,51.910518986657564,78.33915729107926
719,28433.828063435358,5341.196058952695,True,0.8434690666284566,1.7906042457710702,63.48897773908614,100000,0.08481,28857.41120454467,28888.176032664425,2fdf84e310d0c81f42a4814a8d0e1eb7ace9d310acd251d94de06212237db274,63.426976784262806,35.170041623531844,41.7731433122161
720,10996.372876055773,3013.0097435899906,True,0.7936881453231865,3.3849094277291263,61.10449897599196,100000,0.03864,11721.197445714333,11733.69339076704,0c0a6eb8f26ce1a8cf3f4c71c01a7eec49f6ed03ee2b46a9a8f57170fce8e02b,61.164171338273206,17.260230789849288,23.182712746262574
721,51178.289234606644,7867.0539780655845,True,0.8473493567079328,1.3896696695244637,61.251716762867844,100000,0.17343,52990.049176584595,53046.54176157151,920a4c6cbc3c45e1d5b667ab97c009b007689a21342249b3b0d594b04fc446ac,43.69568271022945,61.221808698042224,60.59373933670423
722,71266.51032619715,9736.466156945731,True,0.8537677807250019,1.1991351614918704,67.16841276785078,100000,0.18121,73011.74348250107,73089.58115557034,486562c20cca2414208ea28c4dc90f35a01b3da8f3c2eb724b5e6de1c950d573,67.18481130612417,56.542159966686896,55.44345790236902
723,10786.888146507763,2418.1112302592455,True,0.9763494832212548,1.2434112799212194,31.597338469830333,100000,0.26041,10922.560683064843,10934.205203069101,b0014159556e61d6a32a7ad4c6a353b9dcabf7a21fd79d32daacd3a39c872886,31.481625560394917,27.207962105246967,25.364269748242712
724,11592.681650021286,2639.017065781598,True,0.9386374236537693,1.1509905956927264,32.12240815938448,100000,0.26902,11855.6169311719,11868.256180568043,d2cb53c3491ea7e0aeb92a221becb7bfcb43bd9bba33c317b6cc7f442ffcc7f0,31.683234610330388,31.926348539271046,27.895362749738915
725,28153.099157989924,4737.135005809298,True,0.9447549347701507,1.146854188440908,44.99261710366582,100000,0.2373,28736.694227045355,28767.3303590379,6ef0e690e09eddd7629ddce1649ad537abd5d2aa2752d7c54d8486c99d01c806,44.97064805234567,39.63216858154938,39.170818503826254
726,97852.98203962606,15465.449961996776,True,0.6640043753719342,2.063146931679975,134.93979607531125,100000,0.03252,106239.49240853266,106352.75411798792,be74cbf1e60b188eb0da6c81c3a3d4de523718235a33338c22600c3df847187f,64.8343551455597,102.98383850864818,134.90685178916004
727,30548.43737216218,4897.484981173267,True,0.9649474843840162,1.162690711442511,43.51545036872858,100000,0.28601,31334.802924546908,31368.20889500307,7c6b254642524ff7ca72ee2d3b2464caff148337b7f80bdb69707be67bb5b3b9,43.64293703973071,40.44514637542717,37.32172293587489
728,76950.03009363647,13035.013202284834,True,0.6711895380615885,1.1401970672504962,72.31607063991311,100000,0.15868,79788.80384422651,79873.86652773438,7b7613cd15db12981525b232aafba51a5c0a78ed170744e43cf5a95d50016dcd,66.82527523732205,63.10000890308824,72.43965767469811
729,309756.9145552097,61291.6048132659,True,0.3612133599437433,1.3956880208791478,179.08080391563954,100000,0.0453,345908.00262664136,346276.77445342205,0bcf895d3649fab025ff668e22c662c61f81003b5e6c6d81b3de833108a5afa3,126.65944554287299,159.62500368554686,178.11894412898326
730,24809.673164572218,5300.725719174073,True,0.7760615267948324,1.588712771493485,51.16506505435527,100000,0.14492,25808.586467143054,25836.100949334406,003d5cda3ea3fa13b30df8800b62463aa64f0e61e3477e356e1537dd7684c4a9,47.117828463141606,32.028131542814194,51.12759064147367
731,7331.453032202823,1855.6453335489969,True,0.9835184736511937,1.2073739366716132,27.168171055132476,100000,0.28004,7466.491576704252,7474.4515883763615,a746a862929b15b546aa88b9497ad19e2fa79d2ce78a064b33801e1af9dd1fad,27.340625265931656,22.551704489123633,22.498641655031584
732,79364.77385755446,9704.880720452198,True,0.9202640243109853,1.6904463176543743,76.10160380918428,100000,0.13807,80908.85492509458,80995.11169280995,7b4c7255e2aef33dc30f3d7d1023f857412850581dea8d70c30f85f83caea86c,52.8772374123385,74.80103929096092,44.99953233052841
733,47304.72424410039,9087.559938022034,True,0.6960490519636903,1.8786607357859573,99.28974134639475,100000,0.03816,49663.44085537171,49716.38694990952,386001b90bccfa8aa1848d13d801c865baa79dd5e0a01239aaeb5cec302016cb,63.53476857150895,98.80492815622682,51.26899486025999
734,47890.177014769964,9294.704575273161,True,0.6861401430531046,2.3585769993769032,102.22328574605942,100000,0.03539,50262.648955205346,50316.233864294736,ab4e648e3da83391f69a861a12faa8bb16713b9340ea98a0d43fe7e25593965e,70.07885409544306,101.05031347309438,43.38749567127058
735,65334.60258247642,9999.549978123305,True,0.7845112424054721,1.3125498778247875,80.26060393870969,100000,0.09936,68302.11540062686,68374.93214865815,a0a35def8c95e1e7ffa0ac70746a084ae6cb26449afb2e782019cc2d7076c57c,80.26060393870969,66.13269977859991,61.33195564652376
736,32557.129107390512,5084.010390854552,True,0.9698586185899599,1.138498793158174,43.44815060826875,100000,0.30158,32887.56535724613,32922.626724612805,4b5aca84c02fb34a29851812f6746799dae8caf475ff5955e99a5eba48b0e087,40.42502489455864,38.101991451391925,43.38450585640116
737,86766.72587894059,14894.016491677456,True,0.6363671712474567,2.162875338556989,113.32734121206707,100000,0.04712,91185.26885655489,91282.48128852055,78e28b8b0912035c05a789ef9979a451945d1bdce1bca2c67611516f2038178b,112.44197135884778,51.807970317284074,84.66349221409308
738,11653.138730707615,2694.9591548776925,True,0.9223460275506885,1.5501084302681347,31.549547393845927,100000,0.28776,12015.037380560523,12027.846587777529,eb03d35ce6ade497522adc55993d55a8d833e27137ccce35c09c1499edf77508,20.36547932356656,31.43400950055792,29.724048679895372
739,202503.170642601,32139.929527141212,True,0.5188722237005846,2.825848465930125,207.23412091942558,100000,0.01953,231100.73910144312,231347.11513519095,af5a41787bbee7f2017291d2996e9eb473f8033dce59ff44a0462b45efc59ee1,127.5987433981424,203.692522173244,70.6548949863227
740,52255.78698264703,10151.513917617434,True,0.6658497462480338,1.3437431593776328,61.00861842052137,100000,0.18072,54562.604172105755,54620.77325481464,53ffd5f7da0f613a1e13d414900bcbdb66798cabd6d5b7c45d732315aa785346,45.26493930174913,61.038407784984514,60.055358757700716
741,7457.094062693759,2100.6569500871083,True,0.8787029208646298,1.7009066741086873,29.423362463312774,100000,0.22557,7639.651481816352,7647.796098915478,f6c44194c6e7b867453f65b8b76c4b3feb735981dd33b59d2a2a64f671669cc9,17.32645270056407,27.886106709614303,29.26532682508209
742,35835.7471112597,7116.126506442815,True,0.7386716645632365,1.9203760023306777,70.08584581394224,100000,0.08218,37615.98124188006,37656.08356392343,8b4687834d1ef5fce3fb3488e991f4487d27325b7bf203fadc477c7e1f9ca47b,36.58289510503137,53.4028136682895,69.98318100073823
743,8476.087615583361,2142.7433443434793,True,0.9382334834247743,1.3187434059243526,29.20163945542795,100000,0.26022,8615.444276043401,8624.629183880392,e2be1f9ccb8b9c26d17386e22aef06fc46b560b0a6bec28253f3272cb67ce8ab,22.1008501737858,29.101829164320534,25.487270764930404
744,11676.933172706305,3432.1391252438616,True,0.7252233359637406,2.3183163910211735,54.308332131218094,100000,0.05693,12124.277877380062,12137.203545671307,733561bd02e107ffd61c252654388cea84b7e4aa23aa4319b60e4451f78206c7,30.177188459631928,23.36875863800583,54.20226117002431
745,13285.681424078779,3451.0124891179116,True,0.7860680592740213,1.398835952947386,41.217542312102495,100000,0.14729,13713.074679120291,13727.694160490475,fb66e26dc6d4d9a59acab0d0f0c39c63efe34c3f2341c54bd00f0be4f6ac82fb,29.45403963562598,41.217542312102495,38.872892078040024
746,9524.570056501283,2767.381664183523,True,0.7851970375635564,1.2676186467818673,35.119115604106554,100000,0.17164,9884.723360682316,9895.261444401864,9342bb4f13be629ca313b8bad98b7a928c66928bc8f2fe0da6bd6002b01d280c,34.235993312304075,27.548271102537687,35.18770762677083
747,55579.54252869584,8305.301474838667,True,0.8480185808180545,1.1319982981974535,56.19027580498272,100000,0.24431,57628.86108308747,57690.29909613002,9eabbf1f616385b491aeaa145397473379cfd5c1d4fad7f2a09de6489adbbb31,51.33398731988411,56.19027580498272,49.56432287192445
748,16503.875571720444,3438.6198386181536,True,0.9116411504161839,1.6989400671813253,43.06197170930935,100000,0.15886,16865.98049429369,16883.961282220247,095629f8d296bd28c8a96f5ae07daa2f67e1fab853aca1acbd5ea4a94b15177b,30.488212391844996,42.778115938764586,25.410348052099778
749,50289.18268450403,8744.41286067219,True,0.7534767487144624,2.8483519871798593,81.38179475448439,100000,0.07184,51482.94894081812,51537.834809270986,092a708fde0d5d53fadc27573600423874e6e6e8aa2ea7fbe8f339a3351f858a,28.839276144075704,57.59907787921149,81.50100636789428
750,15412.00930981389,3517.812509117695,True,0.8513685649806167,2.029118123698091,41.32588043114055,100000,0.16902,15860.604782396373,15877.513741295958,d4716d270c369982c80c2a5448c6dd2792860decc1b2e2f2bdc04fb0e6c89e1c,20.511600321413262,40.316947803427155,41.0736472742122
751,102154.36371612876,18285.46263710292,True,0.5779400445041724,1.1591041064768253,100.1333467831613,100000,0.08248,110103.2528357883,110220.63369247397,be292c78d50b217f14167370e8d3e101a31446f7fbd05987ba1076c3be5ff6a7,86.78549342778874,99.49773471861974,92.55489524439665
752,33013.08955512425,7390.518461166277,True,0.6733900035012778,2.4707476811342794,91.39376706102163,100000,0.03444,34956.51907572866,34993.78615049872,f46383ab7c7a645843306b65a2fb215140fb764c22ba7c974e7b7915a0abab33,36.62667691178393,53.86341642707673,91.52764464948993
753,10740.491602834365,2438.9664422428946,True,0.9652231722437146,1.0544496925948368,29.62442616341268,100000,0.31556,10908.049220811148,10919.67827017464,adaa09b791a2d9095541a496ac8e2e03875ecfe80993f4de222eac5dedf15787,29.783541733626322,28.387664231297546,28.098363194545477
754,11807.598358153795,2709.369891473476,True,0.9255293713829605,1.3934450937102671,32.84348812505873,100000,0.25492,12007.899271515782,12020.70086880908,6f49c76d2324752b1d6c859c83b72fe20a6d116179c01969bba462ecec01a64a,23.64634923847612,28.20081731831825,32.7873591170325
755,28658.298962351004,6775.815592931278,True,0.6683790352965697,3.4399102167067515,87.52356027681901,100000,0.03454,30790.203657940572,30823.029032212544,fbdeca753a4aadf1811580edee1b584de91d39ffabbc3c35ecd9bd40bac408ac,25.566879851370597,87.05346302923843,68.29230923943202
756,15229.980637866996,3242.73135459494,True,0.9163035893052559,1.4539786976431166,35.2234632403611,100000,0.26839,15594.727674336102,15611.353182184834,06e1151ac8e431bcc80ca6ae476587f312f99125bf72dc7fd77a5f814916dda5,24.34512315270075,33.47776913933734,35.23206271869127
757,13007.073007971761,2955.9139049324162,True,0.9048544556851903,1.5573514582425494,36.50512265960613,100000,0.20293,13125.715694069218,13139.708993205262,c7339c7062e5caa20190b792ca549aa4fddd7a7325ef4674a1bba9eeb307ae5a,23.430656121119267,36.51403504306795,31.32702786828993
758,121084.32934476453,20957.238698185283,True,0.5647748622663072,1.891866932094843,144.46184707946495,100000,0.03261,130715.04919629765,130854.40424768071,10f909a9704de00becf90f31632b36b8cc1d9659ce9e62d87abaa1bf5e7c1bcc,75.22878901867645,144.07388801748397,82.8468942357576
759,28530.569371797566,5116.32692010704,True,0.8825367451987971,1.9254774814694908,51.994957439797815,100000,0.15619,29191.217424783896,29222.338123044567,8bc6874f42b13bd4ccef0c8faa294e3396f3e956130a8d48b98b73ca2d2387cb,44.58161389857665,51.77915805589241,27.152640127863165
760,14577.199519622664,3259.4209560424233,True,0.8853732635911141,2.137319474885146,51.46521907763059,100000,0.08191,14845.46156849656,14861.288285254914,00c2b54942560c6130ce23d0bfb5bca842d5bb9fd64ecabff9831ec5dbb035bf,27.30320338273713,23.860461676860467,51.38983057312234
761,26424.706387910115,4323.573289869858,True,0.9923116259331839,1.0303400205732474,37.5855103225808,100000,0.37781,26671.663565919847,26700.098172872556,698f56e82f2b74be282ed571e49a7bbe65bd8e351bd9b4d9f19b5c24ddf67f66,36.53025307475444,37.08082207362037,37.567158022618614
762,17197.622975648355,4680.028782914552,True,0.6884639689386495,2.747252211902982,62.0496380299021,100000,0.05673,18019.628878796393,18038.83956894836,9a21b7e417e7bd8a72ede26f399950b4b997211e310143d8fada1fcf3dbac07f,36.448102807603625,61.32249383423918,22.6550863461227
763,58186.259601918595,11945.293173819784,True,0.6079029788683782,2.0074771128657436,96.02964108268114,100000,0.05211,61355.32936037227,61420.74015375996,4a94fc238f8a443ce70e2a0678a1ed174e0518941cfd1f57a62a6b05340f9c52,95.74830424357172,64.00413089739246,46.79569423853309
764,34680.16461016767,5991.8665905242215,True,0.8583072008478543,1.736820733610491,59.22617200343218,100000,0.12954,35781.63531049288,35819.782040023434,950fdd94189e967e45b5267319874dd55de05c76f9f420336948c97d3e837264,34.19675214553641,59.28401006202928,42.12056617333934
765,50112.753394297986,9048.263354425722,True,0.7264700852567736,1.7567145199493006,89.49297274217366,100000,0.05547,52861.595988025074,52917.95162932571,b0d3a10c951f61e7ecbbdd46134f73e1fbdf10d06f4ae0e7d0713d2783733ffb,50.470890389262976,51.41039181209341,89.75515918575425
766,45508.76379026731,8052.916484523869,True,0.765469025244046,1.1003677552063071,62.14805551546638,100000,0.14687,46873.89377874492,46923.86594274765,373f0baf7f4f7828991404d7c9ea71d730068eba56868d701212840deed4296c,61.981153999189495,60.23627451084022,56.15477379461453
767,46738.24406292501,7994.891426846322,True,0.7848496741187804,1.2956086845417445,62.22506088038702,100000,0.15112,48409.79428266472,48461.40386710954,11f4b18a51a393bf8a3a0667d661fc5b4acb50857398a83b9aee619edb246df3,47.5802955755303,61.81488591852899,54.781144905926666
768,6807.3900524542905,2011.2068691774425,True,0.8636699407300491,1.5839065404576642,32.47077834280013,100000,0.15532,7070.022250618305,7077.55958713825,51f71ecb0861cfa4c4021374b5c2130af0b96d6261ea20fb706fd5c4c419d008,32.51041552339437,20.516204675577818,26.311160478455477
769,38125.13235927133,6110.171095943511,True,0.8965441059599304,1.5716688224722084,58.880325462399355,100000,0.14492,39332.74284392144,39374.67540206035,6914bba8ed2f7d5a5b774ead1f7f4b87750a3739a3ba9a126378604784de9062,39.790219941387065,37.51895738692927,58.794074985647796
770,115053.69353439834,18828.669707205678,True,0.6075726244980015,2.1060364147127033,160.1059686882372,100000,0.02274,124087.58421432387,124219.87373860212,36a057cbda3dfc72d424245e985ce185f2d34ef0af606196d5f0b001ef9b402e,75.0105844513494,159.36328963426345,120.90033231267523
771,55166.6889913502,8310.324912127746,True,0.8433038182107093,1.3688815227827826,63.48775033420337,100000,0.16541,56279.065582155075,56339.064580925384,d7f59f473ba45071827ebe3d17d3849d8e6b26afadddc4b6278079ef3dd001b3,46.4068175050305,63.534250151342675,56.86927636137504
772,47295.279935447856,8881.30909634916,True,0.7121186168516496,2.390714250704497,104.11060563516435,100000,0.03457,51868.011658833195,51923.30804187626,3d4a0bfcd7e986b1c1cb745c89ba100e3a3478cca27f7d2ba997b0759f44d974,51.3054827818797,43.89624412400607,103.34807678529742
773,12121.129628821573,2679.3216214693175,True,0.9524042826138464,1.1663884578668018,32.1732745721379,100000,0.27816,12316.740042044667,12329.870893863059,f86d4928388a326301a7c68d7fb201042636e4bc3b0c6573973db1241ed72858,32.346080246109345,29.89538159705978,27.66461744215568
774,62267.56238966423,10543.891887582515,True,0.7205394383150201,1.3321794597528616,72.13937860369816,100000,0.12844,64111.035231483576,64179.38387736509,0dc210995bc9dc88e6eb2ff5a8e7ff40fdceb1c3ac8852fdd53be7eabd776d42,53.593781516370484,71.82235985006864,70.27249038787981
775,89959.1162864868,15661.752110674164,True,0.6199270197824733,2.770811953169839,177.8889410150523,100000,0.01336,99992.77221297931,100099.37430658174,4a847b61a868bed584c9bb9b666b9763e705b843df599303dca725810613317b,177.41121192541226,87.42442340412605,63.038524873864354
776,62808.16981021565,11949.858791261187,True,0.6394384935558206,1.2553749008247133,111.07864065557985,100000,0.03787,69008.45047581117,69082.02024624731,3ea7b127eace81c62441d4161e31542872d94cce85b071af577c79ff443aa3b1,110.21083877545811,99.09212718639861,88.51579177241518
777,21906.554650697028,3993.098556163917,True,0.9481785972030047,1.179382508503818,38.077461906597975,100000,0.3063,22483.62200899036,22507.59175325166,19f68f5ec37f02dade3f71c4844ecab9a3db87d568b314f6336a014d00612930,38.086758161946264,33.08537278456596,32.22082103717494
778,47652.2057124417,8903.087518100376,True,0.7139462013848766,1.2247350453381187,53.33042649551993,100000,0.24055,48511.62622016282,48563.344367431644,0596ffca42dd2c655e507e677ff1a03c0d6a2ff3b179c9dbf36afe8cf1ffcfb5,53.343446619176056,43.64345449535713,48.512980742750784
779,17261.100375110083,3582.890528301761,True,0.901494132178084,1.4347070618268383,39.20672774299035,100000,0.22003,17631.08304627496,17649.879508495327,4e14bc7d087cbd24fc2c7e76f1ae37ebfc5deb2a351d25ef99aba568c126507e,27.461938939120927,34.2867428650858,39.28330338311338
780,13159.859101130685,2976.236917787122,True,0.9056994791573744,1.2105518915888094,34.19501905256031,100000,0.25157,13374.042578990004,13388.300618919246,68b480f4f93917c025027eca86f3eabc2fa0ef5b345220e5ebd7fb9a2ac8eca5,33.25165060701849,34.17832226591355,28.30940175957813
781,51270.388729355094,8061.033358755511,True,0.8279507037019921,1.6124613827069567,61.326334269992344,100000,0.17263,52938.6168104325,52995.05456347716,7b177f79c9fe9b020a1cb2b43ce702302b32b9a82435fdcdce737af66985f0eb,38.01454167761488,60.75738878604222,61.16163952463836
782,7040.056533008433,1941.1243366587682,True,0.9151273484053205,1.4908066502591486,29.12934930468657,100000,0.21747,7146.723933440813,7154.343041470751,c3af101aff3edbc28894a48e12cbf8de9989b8f6c447d98cb24761a1f51d1f89,19.621063166901916,29.072456044325854,23.48269321388551
783,23025.77420841136,4613.115730879196,True,0.8484624021099858,1.3802760465183253,46.31563205792182,100000,0.17945,23705.08678956079,23730.358734971138,ec6b14c0026aaf667bec8b996de043d0c077e94d8724110bdeff9cfef8f60cff,33.44766592464178,39.124044658303106,46.3269395852797
784,19683.61875283127,3786.960158709394,True,0.9309578497258487,1.2756867915921268,37.50793037771774,100000,0.28497,19993.266162365504,20014.580943261062,38436aa843b3da4990d1d49cf18ee5ee1c73371a5e43a5f93251fc68a13313ad,37.407201072504144,37.526244796847486,29.376328284110965
785,7162.503182523776,2026.8070446374497,True,0.8865738920858831,1.3854160975114127,33.235029341878274,100000,0.15234,7435.6245471265165,7443.551651520393,7f61529a2bf27f7aef3d884438298bc5f8f068820109343f4ecc026149bde1b8,24.86947386056077,33.007836758486526,23.944475485322943
786,60695.73911386565,14963.928084442574,True,0.499126522995479,1.7772724625886096,116.2763456787232,100000,0.03134,65507.10651184658,65576.94350651583,c5938a26a35c27c3116ce01e41d5110253824fb585fd3970368348970481d4da,64.75252551102724,116.50344791637696,90.81250728179577
787,51190.999329232436,10089.907991255004,True,0.6607837034577857,2.5841014775167794,76.12228795150645,100000,0.09013,52859.149603426544,52915.5026366415,3ded254f0cc23aa1e684fba850a37d151731b90cf886da884809b2c5e22e6920,69.82212788911372,29.06622518460842,75.47182894801458
788,10065.75227587908,3062.666235575536,True,0.7361199915207038,1.849191685282072,53.473940822640586,100000,0.05181,10533.082049606372,10544.311347221828,cce80385b98819be92e1ebe1999300f6f93d98070d5ea6e5300f04dc21e6cbde,53.60449243597711,28.76052041803643,31.854593654112065
789,7891.065333730989,2061.3781086588297,True,0.929858554699783,1.327388875215674,28.62347275768073,100000,0.25729,8022.416018917001,8030.968700520277,80e6fdcc05642d37d41b6cf6d1bfbc51eca0cd3de91ea200f9e30c1f37b32fae,23.53609771676482,21.523509788490394,28.644437215266926
790,27927.376717500072,6910.470468457832,True,0.6441642293971186,3.6132811808104757,102.08043696255942,100000,0.02185,30902.54903081048,30935.494176258795,c0d0131385494f1233a84f276f667a87569aa59da9e637da50ab495fc55918db,70.37967626520211,27.800470564388434,101.407543457191
791,23936.290553295883,4139.396360320006,True,0.9703275069608777,1.0548012240492988,38.07017124996253,100000,0.33238,24383.984651720013,24409.980368777495,42ce501263554f8775309142ddb0f75192fc4c89ef20d960fc142cba618fd53a,38.005109922142765,36.043975612147136,37.902870692711716
792,17055.6897099511,3255.672425208126,True,0.9842141719399188,1.078507890773933,33.666255338253634,100000,0.34432,17468.756459646273,17487.379865818693,77d5a60c824b5e32b92991fd7a1ed4adc9d3ae3e2187ca8923d1ce4b82415c56,33.81420274940807,32.26897423290619,31.07717564305102
793,57513.33751555937,11195.363358718881,True,0.6436132522982959,1.4765381313690384,82.381506235539,100000,0.08022,59633.06667394392,59696.64136654105,72367deca4775fdfa349c3eb9cf2f4880d5a986f072cabe409f488eedf65e578,59.81508777941725,81.91891476986093,55.370187174423556
794,43002.394047936024,7145.185124681409,True,0.8307411602395153,2.060176059837432,69.18212213472722,100000,0.10021,44117.2062686305,44164.23953361601,b5bcf79fd23b7728ada2fd957c028184783a0c00f2f245265c1b64a94c16a82c,55.095723243037156,33.22295757788292,69.09767130204322
795,43961.58053990081,6601.236276147132,True,0.9125171714633614,1.550290057121391,58.195322213898976,100000,0.17368,45512.358680787824,45560.8793149575,2a71890f91685bb020394c410be912e865934438547ad7520a8bf728e13592b9,58.45106337597177,48.5055737398074,37.66499003638823
796,53748.78460773514,9129.733178435465,True,0.7544060074358864,1.449780246106571,67.27449504970267,100000,0.13696,55444.744830823576,55503.85436191677,4a518d10fd1fc67ec3a94bee04b2cc034573f1dda1b7818920215b676722aba2,67.30734392423865,46.25121534667058,62.08437287301662
797,14171.871191113309,3204.1553166965814,True,0.8838706150385774,1.6750217475079034,42.31657795822517,100000,0.1446,14568.512630364832,14584.044092416543,6f17786df6e8df41f28b7332a64555456924189757baf747599ffddb7f86fc8f,34.38221959105795,42.3062467624346,25.228780120602018
798,78921.03363760981,12004.259888200344,True,0.741214508714241,1.5837876298916624,95.71676005360976,100000,0.07121,83027.1740358705,83115.68913933483,7ca6bfc4e2e24dcf6a3a11858107133fc274165c7d355bf75aed74887b229a60,61.856021450660414,95.59991830549745,59.58929153728147
799,14076.363286533597,2837.5012610012764,True,0.9935926550743704,1.0673792724292852,31.333102378920213,100000,0.34873,14263.128819483263,14278.334712467606,ac532d91e32595947273818eb20a076d625d45b134504e0e83d4ff3152e2760d,31.26425523013841,29.351834430643763,30.200949265619386
800,19165.94503348465,4091.068078138318,True,0.8465791667632323,1.7471655819757734,49.515812340229814,100000,0.12208,19705.68550095539,19726.69369268548,c1e7074aef6c5a88404fcb580f35c68ed8b75f9aec0eaf7f2b2fc3ffa83ac16b,28.17904261842668,49.660878196695336,42.90322704967667
801,112173.01709438917,21134.040906901537,True,0.5322232568358332,1.1790665551860053,118.36088288377658,100000,0.05412,119315.7231026731,119442.9253554054,1e16ae899c6c8f863d062e380cb578da2c42e1fa5e6c530b65f066fc691ee58d,109.74966630678307,99.98258173287769,117.95632908485743
802,51996.25648035499,9027.190602123244,True,0.7462990641464845,1.2622527970717574,72.32341211267675,100000,0.10547,53049.46025943822,53106.01618246123,b981d3d256e715b9cf2e423a5853aa9bad050258735ae5a54f552046a124f820,60.122367735269606,72.28809794660611,57.27957736658285
803,21245.864277394692,3904.830894613867,True,0.9500172598552512,1.334621967722567,38.411449189170085,100000,0.29081,21913.246076758365,21936.607744384015,a24c0f8c9dd0a00e695dfb5fd5865a724a5cf5624b9e1763260d578cd24e3603,28.69605334933117,38.355182417896884,32.24085993954266
804,20407.20709459089,3771.2163829556903,True,0.957616720511943,1.166315846626654,35.16684760173213,100000,0.36,20816.998961733192,20839.191922511538,95c4b6c99fb0250ec8c4abb24cd1d533ef398199fa8d1f56aeaa7b141143f980,30.08413915929428,35.1754332578849,34.39413854798313
805,64637.80995320924,13496.544837356301,True,0.577102042727716,1.3135737564120789,80.2871820267848,100000,0.09771,67234.62082577293,67306.29951998223,362e1365b7fe3d330f1312c721bfa126e607c9ff15a4ceaec56a47c05ee9e468,80.22837793838627,60.76422467847483,79.42472206360645
806,20523.59054562243,5653.387593217356,True,0.6412257056353677,2.146626819887549,65.26449279693345,100000,0.05816,21496.640877505622,21519.558403165196,68c01b422c37dc564628fe2061300dbb464c998f2963ad53f95d2642bc427638,60.45251115028456,30.210321861080523,65.16889051256294
807,33177.62168362711,7350.553919904784,True,0.6792988675446713,1.5534184496499797,81.37478066952502,100000,0.04949,35457.02131891875,35494.82197812492,22870d243cf7e1538263e3110230135de5d2c72ed6eb06a556145f71d4868824,52.329387764533436,81.41451444914883,54.65381387252523
808,77488.1749439258,13685.398972579951,True,0.6422689836437652,2.454336031271231,120.36521753666443,100000,0.03545,82192.94778838789,82280.57352492548,b2cfabf0c03bb064fe4d2110a65dd84a3f1bf41c53df6f70150942beecf945f4,95.76910252734116,120.51214773385274,48.25187675664136
809,20042.97617586404,3807.793562283233,True,0.9370991329256808,1.1980740866527153,41.19333713515246,100000,0.21698,20165.822268347303,20187.321010960844,0545bd463f63a08cca5649f0999eb52a29376da59f8052969b515a00f030a434,41.27379287174456,34.68647943826681,34.40488436019447
810,33508.88117944251,7091.775687563264,True,0.7087652543271398,1.990671473004867,86.00430625178649,100000,0.04193,35465.06458005789,35502.873814168604,1197c90e9ab7d10f86bd72719f3991d0c36d5c9d5149b462c0b7bf95c671f24e,64.96516688062192,84.49251180595431,43.08614170621725
811,32416.544799545667,5026.845368810887,True,0.9780620621670216,1.0973759602952868,41.87881916247461,100000,0.33742,32951.06117726733,32986.190237400166,ac56302d08ceb610b0b5bc42a3ad1192f8a10977a2b2231c6dfd8b6444a6ec9a,37.8811096184005,41.41872471366813,41.602762493190724
812,138306.34446418687,27065.846595059524,True,0.47784888504763284,2.6837000455159346,224.26579727308666,100000,0.01051,157618.48581970623,157786.52257083298,67ba1a33b463e9eeccd673c65bb28425bf421f208d84aa56c8836a67a0244bec,110.70933644682158,222.78748269145257,82.48447841599244
813,7319.911390313529,2293.2764447934937,True,0.7949959754683003,2.939524354681852,44.12168636585426,100000,0.06704,7656.065084595097,7664.227200203171,26d05f881d54e15567a94072e0a86ed81963d56ad8ac20fa72f94e540985fcad,15.010637195023904,44.18631774236675,26.283426448409276
814,26476.42673889146,4560.229460412218,True,0.9420421683553222,1.1173987455636452,42.60521169165891,100000,0.2621,26950.728258860254,26979.46037612156,d28043c8c651926c9cadb879f59a99609a46305b7236a6543cea17a0af90554c,39.110252920077514,42.56360503961628,38.226111564171504
815,25634.945670482073,4482.695122901356,True,0.937921567902758,1.1377940569228686,41.316480261035466,100000,0.27537,25822.713523181188,25850.243066198604,1e4e41e323cb693aa898522a7503aad360ef455624a502d736b734b692d1f215,40.983608227682396,41.37700244891784,36.20235538497468
816,7251.353434289183,1993.8165964416519,True,0.9086813892408496,1.4737032491141637,28.118648259855316,100000,0.24974,7382.215627852472,7390.085793104792,a6aad32010ea552acebebcc6a094cc9cdca854a3126b868cc817780ff52a439e,28.22848672962038,27.54886119794907,18.90594660831092
817,25609.602707028407,6463.988130168062,True,0.6500081494548318,3.3436709011253245,94.81308183630063,100000,0.02438,27628.276434610652,27657.73088462114,dac9b7b8494e87b28575592156e869e80c676d5795a83f4e08edf106ff036980,49.30465437288094,93.49366150801225,27.962451869690227
818,9756.967810967422,2460.189302270842,True,0.8975504043880301,2.0620947869658566,37.50239718174781,100000,0.14309,10034.63713440007,10045.335040892642,94c7a55e6d75dde114db5733486ebb92004e0fb030aeacb5546c69cb9e1ab37a,37.374215160130504,18.09197676541349,28.30991506004986
819,23267.88463986164,5361.0696984628585,True,0.7351973601716282,3.2989784767014405,83.14046308431354,100000,0.03205,24489.541428255867,24515.64967918079,4912f8b172aefd7ea6cceb57696139cd20a69714e62992037387662602b83b80,24.712771925085868,83.03897326121258,44.777309952147384
820,71229.46787781118,12513.494195146755,True,0.664067146164396,1.54940410600821,82.48119873028284,100000,0.09912,73950.5634324924,74029.40197962451,4a9b8e3dadffe32104c816f20dd7fd06dba377d5bee6086ba49f7261f130cc94,82.19928057056018,76.90324657005618,53.04088805067504
821,65644.6182371732,8273.751894550107,True,0.9511471602289612,1.1436395482121426,54.99355552451536,100000,0.30242,66874.60169781889,66945.89657635902,cfc07b9bafcd72a028757092aa3bbb1497c5707bbce48b63d8b7e07cb31c8579,55.12781713468264,54.53706604994663,47.74342857548257
822,54131.85141478223,9638.546933130387,True,0.7179725033425746,1.6370347206588225,72.35325304215567,100000,0.11054,55668.42675825018,55727.774756196945,532b44e868c07a564327abf88f2d9b73dbd29f141c86b74f90ef0c21aa16d0dc,59.56425030716526,43.98427736205265,72.33558867373718
823,23277.32845817036,4221.026215766453,True,0.9340171090154957,1.16895930218414,42.50551657893598,100000,0.23391,23883.61085479588,23909.073124353574,bb43be46cf347288e588aee1470650803566200fe924b75597075877a8e56968,36.42440507618781,42.51589390231952,36.341386489119586
824,17988.781378697677,3759.8078550319783,True,0.8830520493888615,1.2230455484039073,40.44931243724166,100000,0.20954,18438.079051898403,18457.73585093937,e8362efabb0a6d8ab26a3b4e268af9080869d32a8c1679ea76c7c9f5a20ee002,35.54127818887518,40.41968647598391,32.84531571442035
825,60852.7483764156,9820.22092059519,True,0.7618737286514985,2.3026759689563083,99.57662272616301,100000,0.0489,64194.28090090485,64262.71829482729,ac09282760fc9c33556224f5471761740de53d26b6a2d49ae2e5ff9c2a1a8c78,99.2605836403622,42.76251937874042,55.08804372497201
826,22518.931956144075,4096.236131583255,True,0.9414508810892123,1.2373225140046435,40.27175620534351,100000,0.26359,22890.00771470174,22914.410705947612,6b7e562964d53a94ba55ce6f0fa49b725796bd41337a796a71cca4ce1186ed1f,40.07511677074711,39.98662902517872,32.4750026235961
827,85609.87534103471,16243.013243469382,True,0.5783180790622755,2.1343847486309206,162.4637694849053,100000,0.01633,93104.58377228731,93203.84238202931,be2733fd2fdf377bbbf98f2d7464cdfc93053d2a6aa733f7ec052efdba0d58e4,76.23421995849316,161.31351330447018,81.46986877978406
828,13877.964282089373,2808.2610091860533,True,0.9944825444974834,1.0590038005388323,31.289594312816916,100000,0.34724,14143.107620567682,14158.185559192945,b8b2d99afae8d473233cab092f846a6bc8b61bb4f00728f733b0f6837b78cdc2,29.54788837938863,29.578444623834738,31.3965411683783
829,15363.058458618529,3601.0218344191244,True,0.8299338760504441,1.4819521036564471,49.376574566750634,100000,0.09949,15924.199382728997,15941.176139704248,b536b1a4110e9d8aa974ee170f1f669e94aa273b55fad5e3fa728ba290067882,34.29598502011855,49.23191663344961,33.28337948701135
830,47365.27892381806,8712.535846929546,True,0.7266293667749223,1.6490547167603167,79.38947208301524,100000,0.07273,48385.767165571495,48437.35113475503,a08f62faf23a44ac430ee7d9ce3261f778d07d4aca0f4214ef99674d06be0da8,70.70624857393545,48.22290198792526,79.27317891101863
831,5884.962496244795,1719.3499503973744,True,0.916816267082119,1.8127970742199784,27.391892675778493,100000,0.22048,6024.910863078353,6031.334008447347,764041541348a516e4439589ef54b38806680ef19dd2b019a8b47d3a07d2d341,15.173878047202493,27.31164299020492,25.091401689336163
832,14545.981585328169,3132.6386349471686,True,0.9198898925118976,1.4287143832628049,36.3281992499129,100000,0.23483,14969.265538848771,14985.224242771219,79ac1d0f187160089b136b81ed6b52125b0235f21ac41941dcb657cf33e5ecdc,33.2239830054135,25.454573204895027,36.124207896702934
833,8199.284222383845,2099.54611346121,True,0.9365752298397763,1.2808618393710913,27.26061847799338,100000,0.31216,8408.13484027897,8417.09873594291,8ca73a2767402f2477344afb7659dca39ca911ca9be58cc9721c6302eeab3053,21.277391912633014,27.287240175725792,25.99608783570365
834,7368.576229616687,2172.4122787077263,True,0.8429418114795785,2.5372355528481485,39.137848148706354,100000,0.09449,7531.6821243510485,7539.7116355350545,80c8636b356944ba84daefa9cdb2ab93d47c4d38688f58831ffa2357deb681c1,15.493657415314292,26.61106130228203,39.061407039040915
835,23055.588202600153,4574.726000806511,True,0.8563208293722194,1.8007097041431956,51.36516300559438,100000,0.12987,23400.770329264153,23425.71784350745,d4c36fcdddf30175d6651bef17c5d6a67fc7fe8c7b72ecd6d09480c7ef5484fc,28.303509009674443,34.46080760238607,51.515646881587344
836,157129.16362516125,35012.869040281104,True,0.4021866255527552,1.5773987936826985,158.22913552363724,100000,0.03214,169285.80384307678,169466.2790985123,82f2d27a1fcd9cefc6137aaf1a0ff5d8b564bed44531d920700d421b061b9499,99.16362082255293,156.9543402423189,156.14310688147992
837,29092.71359029369,8183.188552170961,True,0.5590076107678534,2.2620004723244893,102.48358620198243,100000,0.02295,32844.369872112125,32879.38518885885,a018e66a218076f6da7418cc9f5ee968d38e08edb0cc48d8cdcfc0b0bed073ee,102.43354538840725,91.97501535119322,45.34948730251297
838,84169.73344002187,12739.342278745255,True,0.729078714820527,1.7953409477715847,95.32144444731463,100000,0.07645,88036.87854380382,88130.73448318114,f8f094886a8a2692d3e31a8fb0a76e2112abdca2d1afa46e5697f468afaa0d3e,74.49315031148782,94.90255138089577,52.73398269473021
839,37966.86409530867,7138.816325218662,True,0.7652342530924912,1.7339994456282588,64.26035374190226,100000,0.11189,39476.25187446433,39518.33742729241,1a5a7913857ca87bfbf1dacc2974cb687e068ce60222c1ed2c949910651aba9f,63.85245110584526,55.333561437424144,37.08776275533617
840,25264.77374979548,4352.456695037023,True,0.9566651231683414,1.3595036074274525,42.57614788112747,100000,0.25411,26075.710743998938,26103.51000684529,b20f5f6f2416eafa7d2734eec3193cf2a541fa04512eb41a7bdafccf676f6da1,42.58654244848126,36.235461795315025,31.360409706387106
841,10393.367529798013,2695.6627671495066,True,0.8543898644422082,2.1510123284993674,35.31334564746773,100000,0.18205,10659.150172801194,10670.513871389565,76faba7389031199f5562940de957a5630ec3485eac482d5ef4e91f1fc19d81a,16.535887927696066,35.23575284697281,34.296017818756496
842,127668.82659928093,22534.794198311327,True,0.5441104992183751,1.56454133846935,122.50633782656459,100000,0.05651,138138.9914899127,138286.26119126266,bfe4baac75c2b177a8eac5927537b5b640c00e4b94daece861de56fd86651417,77.82262964470729,101.12156449990596,123.04469575646648
843,5769.80634948159,1806.7545803302373,True,0.8610448726932428,2.036869691980372,31.120187041974006,100000,0.1485,5950.704039321952,5957.048072945194,b5a073b2f0462b50d7153f8ecd50fb11f1c7058e8f5be596b17fd3d3e603aee3,15.324564761636129,25.21677265437298,30.99102610942675
844,28557.687089948475,7121.894858998296,True,0.6344108283497103,1.6340917671238335,102.11404178254767,100000,0.02238,31683.400191630193,31717.177800932575,bf4ce2b1a2fa1e24713e8d13952c4a5038314ee9bb65235b4b09b56aebe97050,62.375325327132394,66.38908527024523,101.88967010870905
845,59272.81159789126,15522.35476990989,True,0.4736201869685215,2.935030782034576,192.2240818321069,100000,0.00735,69410.63637803419,69484.63491805285,dcb093bbda1435a7958da9bcdf8405cbe7568b266c5a2a82301ee2a51bb20cd9,64.97418000404102,187.62497049920978,104.23088030984117
846,9703.41865192484,2801.3723005288957,True,0.7853498056454412,2.327672157123118,47.565157647151196,100000,0.06928,9912.655247263492,9923.223109111215,ce7f7ce6c237886a987d25b1950f252f6ce87b1366043d59c2c3a9920ec10a46,47.68128352031319,20.577504724304667,29.879187164580088
847,26740.81983275591,8185.235751513167,True,0.5283269248182101,1.2270204662094422,114.1230598953938,100000,0.01498,29603.791557137938,29635.35209985236,5eca0833afc3ac58a793337e72a3efb5c5a5dcfd476cdbf57288d1e17aa396c4,96.96002159081308,113.7887149933565,91.58264108304672
848,45244.988250045535,6955.4296693271035,True,0.8828233555170636,1.8146699305504834,65.93955149409003,100000,0.12114,46178.60800069116,46227.8389219225,3dfb03fe89e8d42c7c755979372ab951bf2d02ffa23a80557222057937505882,39.61846587572157,65.987847064032,36.430958259552185
849,15484.120676560631,3512.5947877311864,True,0.8552907402184413,2.0670816402004393,50.928758035347144,100000,0.08886,15606.692263038745,15623.330526311467,ca2afd474a096f63902859cf52fc64b862b51398bce0465d44c9ffac6fdec8d3,50.72981757427157,30.972543033703545,24.780521182726282
850,62243.07051184803,11655.78077869766,True,0.6516335349913074,1.293457982306205,85.98302949033877,100000,0.0781,66009.21437355192,66079.58666440393,fc64713f8b99a8a457440ced5aebfb22d34c123c1b1f1c1766774dd2c6d7f902,85.35327097356382,66.33456376696057,66.79638667926218
851,10955.932458025929,2493.069737618385,True,0.9568618984139985,1.2448104798585113,29.925038378459845,100000,0.3138,11180.787387080249,11192.70720205495,617dc6ede703e286ca9a565f70b01fca3ae966edba3cc81c43c416c6c33409ae,29.625495757972335,29.939650213605578,24.080304320166906
852,10601.67810386903,3651.403285778396,True,0.6391567772161671,1.3799842195033398,44.068315054935326,100000,0.09965,11338.926537507687,11351.014944313005,4c77495984999218783833cc4e481ad7a1d0b0915a9c6323fad556c3155563a4,31.80320783749727,43.92844979719261,33.9119455696182
853,59191.41352967045,11271.548377812785,True,0.6516379258567973,2.176640095286618,96.37662448929754,100000,0.053,63082.12367302959,63149.37539836538,46d5f76a8ddf4f33629bd8246fadc6cea2a89220d3742024f6a9073a87ec32a4,43.57654017436012,95.36485816775463,76.51776924785048
854,19017.17868619309,3472.0245436973464,True,0.99235119281689,1.061812667960818,34.49371179030652,100000,0.35492,19367.143277381594,19387.79054992716,1d59c643847dddc2fb3137efcd9bd91e1ef9fd9fdd79a6540fad48fb5c354769,33.53368172583022,34.46844784124136,32.573651661353914
855,14262.356335436298,3020.302419026916,True,0.9416609246080131,1.154726922043977,33.46666726826008,100000,0.29154,14529.50600432552,14544.995881491555,60a697f0f4daa24b6ffd4df5a8b75bc9874763bd8d2e27904a46faf8da809935,33.56471414502256,28.874805206550565,33.278744087798664
856,43750.014479960955,7860.998425158417,True,0.7638215068783293,2.189866715478502,75.48624640713908,100000,0.0796,45523.10333945416,45571.63542848286,6fafee43ac30ad38be9066fe99a05beae779496cc88c6909c896e12be79f28bb,75.062373441474,63.673091146646854,34.61936373921161
857,7082.003948415139,1798.7423732759921,True,0.991484513959957,1.0981298024106219,25.825148975496035,100000,0.31248,7155.929182771916,7163.5581044996725,f9cefc8e28cc48af0bddfc0ac989365f528e0f2a71b2dccc4dcc52458cf1bc94,23.5238356512636,25.70535458327572,23.984098316110085
858,79299.62569343897,15174.735588335692,True,0.588225368242324,1.2094026969937712,113.97546126901318,100000,0.04282,84293.8791220692,84383.74465728151,181f7586c5f74ed38470b7a7df73af68cf20760d8f47ad35eb762034de4bdfb5,106.21199601167561,93.10593100735305,112.41720300947591
859,32620.25230703129,5095.12957327993,True,0.9689925442077711,1.0956613293215607,43.35942260245835,100000,0.30682,33254.424628723216,33289.877104022285,11b20e6014b2eb4cb6b2447206746c7c02ae17fc354e5c1c858957691e2c8748,39.46384947801873,43.1900498579175,42.05736962880055
860,12177.254764540992,2870.0215985981677,True,0.8918638360516866,1.5879814820008462,38.19586977601821,100000,0.16821,12462.82005373615,12476.106641161572,1fa8ee3c21aa3360eaa0d124986139a049dfb1c7ac7c228bb755af865a274b01,31.472426878432973,38.01869166914704,24.040271553363027
861,48061.182216534566,7497.975361773018,True,0.8525825019309893,2.267948198540547,75.0285108859029,100000,0.08896,49956.16101704876,50009.41917996291,3aa7a63ae53a463d7b5816216decdfd6872178c45ba030c90383500feac3be32,52.13162646027336,33.008148587987556,74.4789856596878
862,24115.112464267633,5117.183020219709,True,0.7888226435972049,2.017432856460953,67.46675148381834,100000,0.06264,25576.225300185393,25603.49206260339,ab0fe470979db38b179949227972c4fd304b58466cfafb48d33ee34d533ce95f,67.36792323457448,32.86039287358828,45.09862440495474
863,48545.74482526133,7851.646690871443,True,0.8196419062784066,1.2016451314038585,59.315905339316316,100000,0.17882,49618.642966211504,49671.54130180968,7df922e817b921c7a01130c9e4831ea282223398ad0c116ab693169dad96b53e,53.98674196898712,59.12764685069055,49.39613113095896
864,30707.611633486376,4781.602616412489,True,0.9917632322036745,1.0835953387608492,40.02588388297775,100000,0.36522,31138.138581120584,31171.33488811526,d5d3fa51325d74d5b6afa4acc362c85291e8f6f51ef2fee235ba7ac5a3607ae0,36.78159837293171,40.162691103280906,39.63500611068305
865,33593.3776754041,7473.129285618448,True,0.6737271937717662,2.557657327607816,87.3042940419111,100000,0.0408,36097.92842097686,36136.412349957165,4705a9ba0d657316acb723ab4fde114b3da222e28f2baf435ccd7ee8cfe44dc8,87.43218119138656,33.261316126074775,59.27569378187373
866,31137.565577185404,5748.986043294213,True,0.8325608283055043,2.0598383452773716,69.2202197676516,100000,0.07283,32116.228043572093,32150.467089778016,5fd305f371016f5778c4af60c01567d4239c3ccdf6199063a1eb196977cf48cd,35.62407794682851,33.545443417672956,68.96672775190092
867,17907.912358124497,3851.9222718342126,True,0.8593496737848404,1.3972285265628117,45.20335885487002,100000,0.14876,18268.950146083607,18288.426637137814,9f87d4a7b639d019713cfcd82a67a7cbcbf1a6918eec6a4ca3f9a0e71915c27c,32.247122698713426,44.872279566382204,38.02997427096731
868,10349.636044039604,2716.0002740522796,True,0.8456117977062387,1.991392627856691,40.449613456109915,100000,0.12143,10685.243511079727,10696.635027723622,88b6b7af7489b72ddf7b3b81115e1ddca8cf660df824fa6016d3f7d3db13833a,20.36306224279752,29.26079215587248,40.2817317596368
869,7689.342513586322,2509.805562168974,True,0.750648898055929,1.8945562439048087,44.15657285947553,100000,0.07115,8144.722330632999,8153.405402749524,715807eb72964d53cc0d6c8f105c6a71f088703494b3d951700fba47658af554,43.811599634010875,23.35037519863867,43.86550170048973
870,45262.626299982665,8327.2271834571,True,0.737581832546304,1.7003576916052097,87.09910646030875,100000,0.05464,48002.85756201723,48054.03331204154,6452d9c3bcf10425830645f2b895fe38a36556c688d72a4de43989617a03907a,50.94957497043451,86.8014044362745,60.68868404241239
871,152211.82442044956,25132.78198146772,True,0.5485410770376131,1.8717105691987301,168.25191389661592,100000,0.02564,162372.8306391935,162545.9359877823,c8d1e18cea14531dcd9b296842c275f34cb02ce51616f3e1f2dc7374c37e9556,132.72019868163233,88.48013245442155,166.9374458192986
872,22010.440155791555,3846.6408112146,True,0.9873890527079902,1.1118773524014467,37.730745004621966,100000,0.3161,22574.90540299757,22598.972464301864,d8ae010b0dec9331b27fe9fa8740ed42522d1bad3de4722b39c706b1db89f039,33.8066001384186,37.50966642061051,34.221122483440084
873,171335.01119580897,27755.712850513875,True,0.537480216639491,2.412582071553985,237.42013359371225,100000,0.0106,188613.9463915077,188815.02734088994,7acf48425287466bcece1c653dfc9a0e90462138cd5129d467ab66c388e00b33,137.7222259322901,237.13031409469647,94.33624692963053
874,38622.590185162706,8214.99029546218,True,0.6726224114794349,1.751726836219382,89.43602837770575,100000,0.0428,40709.57663287137,40752.97703074702,f7deba6fe9323a120149ee8819b045b2414eed88d7da4b1917ff10c427b57eb8,80.52736148852021,88.89015418106449,50.70079538404121
875,8084.820386568316,2132.4519106713487,True,0.9135208465396751,1.5846092052327387,33.417718211777824,100000,0.16816,8343.886312850253,8352.781713288156,66386557f496a5dcd6d49994e9cfed29024c64f59abecbd7414c94c2e5d3d65f,23.243915816737065,33.40955958916753,21.114515315449463
876,10716.562053428102,2671.7965646858456,True,0.8798008814370328,1.847461198845754,35.87897353377758,100000,0.17955,11026.069874739891,11037.824745685466,8f95faa7d825e077046a81a2856e17234cecadd6bafd029f010baf678c76334d,19.51619947100988,32.164939164070134,35.88773304880048
877,27439.27947176005,4978.95638422551,True,0.883610642436193,1.7214564792070097,55.33896881112315,100000,0.12596,28381.87874147513,28412.136605391213,671ece1eaaf7ec73618542546324d481ca14389b3eac350c450af1d620e3fde4,55.33896881112316,32.24954066214623,34.42472962176313
878,16007.275460916697,3337.944080022563,True,0.9202023685416053,1.538200754117564,39.23588163098171,100000,0.2041,16391.117114042685,16408.591651073406,dc34bb36b85b2668e7957a4e641d05c6fa41192499e8edb31dda86b41febe7eb,25.64317752102979,39.0921955410245,34.15897311916034
879,48016.79459896005,7781.396385503767,True,0.8210230731728096,1.700706228413636,68.34385934230514,100000,0.11693,49629.48286696131,49682.39275895588,47cad9e21bb1ec7018164859fd06c74c44b0cfb219ce5a942a2566a394a78779,40.04523008338191,63.28814904427817,67.84329396626288
880,46309.54125516189,8974.402178730359,True,0.6949052332311423,1.888518722492553,97.29359793775919,100000,0.03974,48662.672517095685,48714.55169451829,1038ac03891c2b480ddc54a5ec472a0bcf6b4df6e2f96cabec0fb629ebc85cad,65.51165603328607,96.84228486138775,50.87961103092779
881,10832.049287986889,2635.7317430258636,True,0.8982350600440383,1.5524109178926693,35.03132840623104,100000,0.19452,11118.581438677234,11130.434936015296,abab5ece179b6f655a10702c968ada03b95239be4bd26e630e55e747234215a9,22.527470464358533,31.952403058027137,34.800409005115746
882,10935.986338178045,2546.53861590431,True,0.93563364599024,1.5639119664439816,35.06202421353633,100000,0.19685,11281.365675858768,11293.39271714511,1fd4316389f5da61d1e36c11bd6e827d1fb1045cbffffcfee39b15716e29fdc2,22.547209906849293,25.491872096658003,35.11338460056788
883,14894.021206579871,3210.0542612567942,True,0.9119682726303546,1.5587157157584712,36.52932654827144,100000,0.23528,15248.436310115017,15264.692637435952,c94e2d408ac0e1d291a8ccc837c9352d92573d83f1d165b65fef2b98187f0373,23.517537623972608,32.979846087770454,36.582836303957386
884,105267.88434792828,13145.299919007904,True,0.820183235929542,1.5361532084429057,84.24968681245603,100000,0.13728,109150.93429284595,109267.29988464586,5d9219089369f42ac49e4c5df9f48d74c05567e6f335b32afb799f42b3821308,83.81774261737263,75.36397765645481,54.46610612289638
885,22836.51973785738,4655.506358118089,True,0.8361235954800063,2.3625190097209567,59.687239253724755,100000,0.08245,23310.438148586127,23335.289359873044,e3277c1cf6b0602721deda952268032e9f090fbce21e9eba79f642ba57ef966f,25.318988819176454,59.730955493412544,26.025734694129007
886,22809.83295602749,4915.53499458769,True,0.7912761372077418,2.221962660406909,58.333862750333736,100000,0.08985,23713.496233023277,23738.7771437244,c552a8a8a39038952ebb492bcf48a6ddf7c99203275aa68e9ee6af349b0872e5,26.318598233060726,50.002488309673275,58.56172940170223
887,56726.627548780525,9696.016603465781,True,0.7363462578545082,1.1047008584667894,76.45488413731664,100000,0.10051,59722.81614925478,59786.4865235873,7bc5c7da27045b91d941b9b30ef87d6c5863458297cadc6c0ab40e4d01a31f03,76.212229475748,70.8551611780405,68.87659239909628
888,62063.87324776413,11493.96288744198,True,0.6595386498050478,1.2492128952936195,85.1155587724314,100000,0.07987,65482.590193280965,65552.40105115224,3b8462077f008fb2ef7ee95f72d618806f6979e803ff9c025d072c5cce6147c1,71.25518823990899,67.97192205679275,84.82463645240844
889,52265.36818540909,8233.497825215456,True,0.8210616332499093,1.8082681722524994,71.37897773187763,100000,0.11185,54083.18524026613,54140.843215414825,c5b0cdb1698c5dc48e4ac6fc37a15886bb609e1668a86e70f47de2471856a5f4,71.2744186824657,62.21263440009842,39.27934956241508
890,62701.4472497174,11614.24329153557,True,0.6571707855290385,1.4896627349149947,91.4581813675328,100000,0.06358,64670.096493213954,64739.04115318364,791ee25fd7ccaf6ad140280a06df8d3d79d6b547be610ab40362cb8733f99376,84.67026946916121,60.84559185217941,91.48051002509322
891,19892.174721674888,3571.982203905498,True,0.9939465137291122,1.075512250603898,33.94283725784865,100000,0.38572,20055.42572287492,20076.806771953066,46efb5475e60aca17c806e21364bcc1db7cebcb4030dfa0d88663f7ea075eb64,31.663960244687424,33.88482947933182,33.63622471425968
892,15943.693728599137,3721.578666415754,True,0.8231573930670381,1.4952085378556408,48.305884849949564,100000,0.10968,16437.76883739313,16455.29310973241,f53d5d5b878cd488095fac74bd23ae3c643190bbb4cdc3ec9b8ea9c40cffcc47,32.219647805190974,33.269262978932545,48.24691770535734
893,72675.64006532826,11250.59248032613,True,0.7485738310441725,3.0855315143871165,106.8596341367629,100000,0.04561,73997.39355427604,74076.28202690696,d298e0fdd92baf0219ec0e0167d3f7a50ef83ea53a7850f8f3017de40efcb096,33.98063316971037,59.58676864462072,105.99870446720402
894,53235.79607421478,7961.539036038197,True,0.8595865224344539,1.7840915677423026,70.1674161743904,100000,0.11642,53474.822295602724,53531.83169623809,3fb40fa6bac4b75ae3d0e230be90b0a5423f92a95570435e7c8e84fda321076a,50.68979112793485,69.961847572317,39.28073371286064
895,13046.841577997993,2765.715040657262,True,0.9690517101029588,1.377681279391363,36.151932706369706,100000,0.21234,13339.56521021289,13353.78649388854,58031dcad78a17ea6994fcc63f267dbcd4b6d80e57a941644e46a7293aed44c2,36.1607588618156,28.005391229812272,26.301943228755306
896,24509.293907308616,4156.39743520201,True,0.9817198887723869,1.2075578376784182,39.07409783411339,100000,0.31507,24991.3221758336,25017.96537420558,c0ecd1c56a1aa4dd77274ce23517ad63ed96e37a974d9652ada3a7a7fb03088e,32.40593514220781,39.00732081144767,38.01520504612838
897,6456.7076010219125,2206.7292028607408,True,0.7598755926038196,1.5750381096362809,39.0373860798538,100000,0.08464,6694.73122422778,6701.868463738333,b234fbcf39903883d50e4b19f7ed0976c6f442bd57cc13b4c1d319595b4e986e,24.903488727211425,25.237060141467982,38.90395751415119
898,24698.618077180934,4504.7782444014865,True,0.9104563807374612,1.2010511980826992,40.28194578851702,100000,0.29086,25277.29653853593,25304.244613601582,1aac0275b81e0d2ed3a57e0fc6551f99126149dff34700252a83c9a26a794ae3,33.56501000395718,40.1147599783596,40.29178024793805
899,15189.943224113718,3293.4069381394693,True,0.9006225750230772,1.5991668330793292,38.557912546451846,100000,0.20173,15375.396780096036,15391.788459718991,08d70fe99c93f68b2409a3b94f8e61af67b3f2f19a012386b4006560d9571a1c,24.21165797594584,34.14295625146017,38.43553635917063
900,48225.69667580311,8703.11290572225,True,0.73619892730264,1.915335501950489,75.52106615227407,100000,0.08728,49984.38769260167,50037.675947917945,b028aa9d136c077357284e530b7c5c8ee0fa86d897b77fd210b68b682a4e64f1,39.43836926262554,75.31825078907217,59.830532144562824
901,13955.804254050445,3352.4865722997683,True,0.8361553836283955,1.9585783988809762,49.49695275763857,100000,0.0894,14414.122500745176,14429.489367789813,2c9bdda43490edf8a36ec06f5cc32a2fb7251a6183ec90b8cb6a0b35f441c74f,25.183508190165718,32.98991236043781,48.92899455949184
902,62335.64859617583,10937.783164695447,True,0.6950976230807822,2.723812266612219,119.59748482768742,100000,0.02891,65755.11361489458,65825.21500943822,7bf3e6840a5b4f24c2a23d334759c7f8ea7d7bc06825466e54ca165b81089ffc,49.59383007319998,119.71427924646446,43.52052029679397
903,32201.49959864405,5337.239139174684,True,0.9171031679337022,1.422911372514913,48.90253436741939,100000,0.21161,32903.764616552435,32938.84325391689,655ddce9b6e0aa8229c70641fc093024072aa27be72963779b655b331c4220a0,48.675691556633026,34.336838095873574,41.559990755123756
904,29867.891480458424,5941.727154256478,True,0.7835038399810996,2.677767694097453,57.19891241256795,100000,0.12517,31144.32102416912,31177.523922253913,3eae29cf6a69196ea6f0654cf2e107b7c970f3b95d522b580a2d3d03945eae6b,21.54036191318019,52.86989316259332,56.50068350128171
905,21354.414109610345,4023.0791112899806,True,0.925232029425123,1.133183931996193,37.18224172434667,100000,0.31889,21795.30304577074,21818.53897456797,bd7e25ce07268d2099d649a9fcf0530cfe45a460b73781b5a848084919b303a1,37.345640247549355,36.32893832539926,32.79771468507435
906,22555.18280884802,6786.987010060451,True,0.5688153932979723,1.6818431477447324,95.93583955985599,100000,0.02101,24665.16332833414,24691.458809413973,d26bfae3ae4f04d5f18c86eb0e2b5faeb7e3fb8c693f6ea7f71e8079c0d0a36f,66.86934129477268,56.58715536538381,95.67819936572552
907,49295.14214726394,9052.678624967917,True,0.7181962013101506,1.8852661162528999,74.28480436023345,100000,0.09354,50981.50112977521,51035.85240572397,bd7fc88409704466150856455e11a0e7464ccb996b3f151ad9b1da2592e282ba,67.22992425863902,74.15785279028188,39.51821013206755
908,17776.02965966654,4061.624285676515,True,0.8109751650867079,1.5374057911271906,43.564608462749405,100000,0.1645,18083.506616571205,18102.78540665109,e0233fb59c2675637c4892a73d63289eeba5978381326ebc55fdf101f72d4134,43.81986984046083,38.10839651416775,28.493551287037512
909,24729.39295233758,5008.897804040194,True,0.8195037098997114,2.4432983081389383,57.458143099137544,100000,0.102,25725.879623795317,25753.305932387102,81a3d3c983d018ab164813f8a3c4b93640ccb1d48853d24f7730231632889e44,23.756192709567735,48.78892131318369,57.303836562494354
910,17514.24369016657,4439.724058890347,True,0.734608143164282,3.0704230502329426,65.49968948504088,100000,0.0493,18419.589374672556,18439.226461905768,b5d4f0c83e1121247e59e5786fe6795c62a4cad628f887366b064ba3dc81df75,34.492878471492475,65.35576926888723,21.540059017663587
911,49094.80818903042,11481.334834764857,True,0.5647403087417694,2.8148741345568795,117.93489409159059,100000,0.02464,53738.18192324941,53795.47209105479,f346f84fec1f788670c1d1e64caa5f84afe9d043648f85dca3a97da0e5d6522f,117.99247948909624,59.32735578020568,41.13037016841728
912,32121.948055859175,5696.491367723009,True,0.8578498201123806,1.4688160759995106,55.009531668371125,100000,0.14906,32990.603570269144,33025.77478646774,6df6b5807f3fb52767c1001159e4e9577f3fd0ebd4891dc2821da39b1b304eda,37.61760210036805,55.03639179125608,43.48653895072893
913,22569.702786723214,5231.180785626615,True,0.7383035477530531,2.4358074480962046,67.1881228737361,100000,0.05885,23732.270629874478,23757.57155592238,537bc66b6830db56a3cd1a0dcb38e48f073ce852d724c0df7152ba008af4912c,67.33575302653483,50.52231895778985,27.63144359883019
914,61393.908599113834,11837.313856204837,True,0.6357911581909657,1.2190078922100613,82.07534672627273,100000,0.08811,64770.7134890178,64839.76541656458,14bc913ee367e055ba0849be2602208afb2749d8fe6641a2e3ca79e9653a7f82,67.04690189113978,81.59443649154848,69.67187025567634
915,34935.89504738582,6117.552771307372,True,0.844800799671352,1.288094617966937,50.83571037991608,100000,0.20569,35928.17605178003,35966.47900810051,274e173868a08b4390f53d5e9bff51d90a03b449055916fb24ec5e828385ee30,47.261324493828226,50.649544448349005,39.45476643011553
916,30323.44581379874,4983.948813494017,True,0.943545653642087,1.3861099031856174,47.43698962889175,100000,0.21824,30974.265508952103,31007.287111193706,059e7cb2dad614179a04f09c10a2061ff0fc248efb809d9c42de42d57fa87d66,47.46015222148398,41.18308962898903,34.29221833279992
917,31276.47885782203,5575.261550591293,True,0.861054777773289,1.0943648855077488,46.13115339760408,100000,0.24398,31845.822363294665,31879.773130547997,26396cab511257daba4a9bf7193262da1b27125f11bb59af65f0d04793e2a7dd,46.221253306583776,44.2615802862754,41.997820073160554
918,7174.38315039284,2051.452129038862,True,0.87689134142442,1.8085743342465366,31.086328095992926,100000,0.1858,7421.117201726924,7429.028839869009,0340cc4116313217a5ec1056df86a19fce6b552a8a5e1cdf37b50b8a64f27db5,17.144534953332034,31.101506967133545,29.515314932938598
919,28562.615076377126,5035.72471446077,True,0.8973339966617151,1.66826681868028,47.49509782917298,100000,0.20538,29256.327628499763,29287.517740617797,48336c4029705351ee1f7a77d0b618c0cd95c23335a7c89343e7086df9e0692b,47.48350234630453,28.46691044204582,46.21959471364343
920,132325.77967346463,32242.951644162582,True,0.3894744508003413,2.425811041473982,232.08828784907644,100000,0.00969,161064.10094867545,161235.81106317003,96c66fe6a2389823578a717c6454c01589866f8370d3be4a80a120046489bda6,92.30269065091443,232.9948827234869,153.6678312125721
921,10471.895304269847,2476.7211224097186,True,0.9345959130715715,1.421023680500672,30.529330836615543,100000,0.28423,10753.183881444513,10764.647829180778,4287ab5fa01b4db1fb7b3276465a4218b2627a52c1560728269989a414ffa505,21.47338919440659,29.731811696108252,30.521877386704258
922,28874.77671598182,5016.732212438834,True,0.9072819998534091,1.3606437443426438,50.278912982382906,100000,0.17399,29403.37813358941,29434.72501595554,8bcf8ffe02a2ee50cd891ee5cdf5b322ea94c4280b39558a6c0bb529c8e29842,38.44569225117755,50.15616172998452,36.800825469039054
923,13031.613664381448,2931.6247524539876,True,0.9134985777283098,1.4199905094051364,34.487533630680744,100000,0.24564,13396.79159250858,13411.073885115446,96bfad6056204a011b4c18b7cf85cb5975992212ff50425213a2dea1037cba07,33.65397263716576,24.215367852011187,34.3612365104512
924,16773.182287040338,3200.229544621103,True,0.9901780741729376,1.1013641008187613,33.565792699797484,100000,0.3364,16914.610944390017,16932.64357714174,c3d672c018b77eb5070dfd2c0650e08e6ae34b7b1446efe879e22fc28ebd1541,31.049997202034344,33.68051953031437,30.484557823058264
925,96383.21588762481,18724.750870460965,True,0.5429198054170455,2.3531206934629907,160.03567626514214,100000,0.01974,107575.37734396802,107690.06323766957,74b9ce8b65e29ad45b72a1e0a91e51920e2f5b4147c5b76b4b0c0e4d5937f8e8,65.69823965816322,159.25425206462876,118.07319669757314
926,5534.0232792134,1523.7517467365549,True,0.9929572759508357,1.03041898380965,22.163588239181138,100000,0.38919,5633.745106128297,5639.751230469533,d793f0b7d0bf8abfd0b681085f73ca0759b915fadff4093ae05863c885295a97,21.74152772095454,21.54673055869611,22.250164755740443
927,5633.885195578259,1540.3334449741228,True,0.9940495685550603,1.0795796180170703,22.97595788675035,100000,0.35511,5726.629465812081,5732.734613982601,256ae0454a44a8e4631b30288417333e845410856516430098b2da836face6b9,21.30997656537221,23.01522343977946,22.841333133507675
928,15709.080069595477,3565.847179736038,True,0.8506584750317019,1.8008918154151976,48.38817803788194,100000,0.1085,16344.169197503896,16361.593683455103,9d916e3c753017811b1e1f675d86471cc4d278deb3910359465ceb31843c7eed,48.163721157335125,36.39745520867048,26.54497950466815
929,41570.04941459852,7557.291718790376,True,0.7679005257412922,1.3675465106311622,75.79456460597035,100000,0.07546,43686.40323796255,43732.97722470242,856d5f36ebd5542cbf84c3281a0dbad9f255e1ba4fa8c7a9db6c43dd46f782a7,55.62462431776047,75.29494223185873,62.064201584088025
930,42857.00155589246,6408.750688384498,True,0.9241134032846854,1.5082537092069104,56.324910347053844,100000,0.1845,43834.21157341309,43880.94313832246,062c345f61ec53064aa09b47f56893e0464e1b29ef3d2d3e780820aadb32e666,44.1826017932334,56.366163943499444,37.34825598207965
931,17562.224950616703,3404.940621396548,True,0.9596089110686704,1.1709811315462568,35.667065813527685,100000,0.29859,18013.276269569742,18032.48018721776,d1d9f0460a4c96a914d8fa0d7f062b19d3fd55e893ce72d5078f0b6da67f248b,35.07493679123279,30.57301466584368,35.80639028936179
932,9272.402010716009,2315.235838511505,True,0.9218998047836271,1.696432611905619,31.49170261476024,100000,0.22664,9411.097829887944,9421.13098238047,5fe594090a7d13b842888af8421ec5389c8b791367bfad07ea038e46a8505166,27.69363105917148,18.68282161959653,31.52245623059497
933,12414.961640239644,3886.174428159058,True,0.6672041764009587,1.9288067395818882,67.90949011252289,100000,0.03151,13120.642843714324,13134.630734694794,0f441c601d89ce22a823837f6fb89edad75c69b5f89997f5f690c8494bb95511,36.72351577129839,35.04898976998862,67.3623677556593
934,33878.19650742437,7170.901423759181,True,0.7060853930613499,2.05950827310437,86.88056357882715,100000,0.04197,36595.034352372066,36634.048244987294,7d65272c5e6b93d4172215fa5db04d7a5fc7a17012c12192f0904b4d57ab9234,46.961320254766434,86.49876422716238,41.55249610618222
935,27102.48032682548,6920.117524617868,True,0.6305361822733248,1.479364440849694,62.22580542517744,100000,0.09015,28879.695685439816,28910.484270999892,69aaa79f5f3035a16a300e039f3b2e1abed1a9d0ef787ec14b0dae74d2e77cb4,48.386032783005405,41.64085270273715,62.02831141381823
936,41685.39774080555,7785.939280487254,True,0.7467279577475447,1.4012177591425803,58.02069446337519,100000,0.16514,42886.079852977964,42931.80061656467,8458bb69ef1a1d9d804fb9a416b13dcf9a1ad59e1fa6dcddfd4158068edfc6f3,57.978198837547524,41.48989601641258,55.6976002514627
937,59461.21440055527,12707.323793483916,True,0.5797657355029499,2.721727942572205,129.40094390802062,100000,0.02218,63898.28120827102,63966.40303751574,3c33522b28927abf71e81ee4a5e216f3079b8be4e5b9fb61809c1b7d86d06855,91.52210314978899,46.614036312569446,129.24298377141415
938,36589.79632585227,7155.911656774379,True,0.7448334097298864,1.338478717314415,70.07296732514374,100000,0.08333,38121.344494583864,38161.98558337583,287493dc9d795be6129378c353c35af5d93adca18bb4c04398e2a70c6b6753a1,56.11311836583776,69.62816821614625,52.19546467505213
939,37715.12860617044,8903.7028851686,True,0.6108349254342244,3.61533681085588,145.31325047405335,100000,0.01003,40919.64781083345,40963.27216516996,b21954a2fa6452c0fbd4092d86c450239ef41102ebb3d50c8fed3205632952fe,39.450276984166834,145.17134300288728,46.36826620351263
940,82433.1236565934,13380.05367024046,True,0.6845850965908993,1.5054143022797133,93.6468553526606,100000,0.07959,86906.7284664557,86999.37955510571,5a6bd83c3383e6a351a21298e43f5cf5681f52664012cd8ddfbfc9df1e38ad1c,66.09693818958539,62.09591287544585,93.21245831855401
941,9411.629345453299,2171.3487398546904,True,0.9928060620269618,1.1055731591680285,27.099476323515333,100000,0.36115,9556.208494125314,9566.396348805501,a5c6d84d89e7e17dfa9a04df0ba0d635e2193653f44d6266dd09e28b0b0f2f9e,24.611829082880135,27.092860240428536,26.530493178050897
942,40361.021698335484,6320.125157886998,True,0.9003261823748938,1.547492277638586,57.62228168564138,100000,0.16261,41365.08346199181,41409.182694381285,a7a59d28d9600293c2d46fa3523a34b11e43e9cab4b6990434c5f590c259084f,37.36444828053309,45.340970183794475,57.734825204558646
943,23168.34499620236,3970.3361917143197,True,0.9898898008860305,1.0871673372787596,37.45066312745897,100000,0.33697,23533.421620389458,23558.510553907756,40be5b69774b33a19fcc093bd5cd5f633d9bba447043d111a7f44ceea0120161,35.52144195560988,37.46894958406418,34.51568684232363
944,24953.91609172782,6180.401354819476,True,0.6681796618413314,2.242668192941493,78.39788179670862,100000,0.04134,26484.925785694842,26513.161311875145,5a698a525b8a0d295b3ff4fb92d72097858a1123418e42e270a6d90c435162bb,34.815856198294185,78.28304114954548,39.21808100621483
945,34697.900800853655,8498.506852640548,True,0.6053552263598697,1.2100074378394532,69.01146159757954,100000,0.083,36270.79463272397,36309.46285402539,609ece97eb9d14d1bc8d77d10009182116e2e38b5745565f5adc940a9f336504,61.42963598261109,56.526722084931485,68.62394606614782
946,18374.57701998425,3467.9701428812023,True,0.971002485677822,1.0153855352582024,33.72096966751781,100000,0.36608,18663.43025055171,18683.3272960529,d037cd1f5be5f6edfa32311a417fde73d0715eb0ba7e481631e0b34ca71c38c2,33.46575725060056,33.71273700890757,33.0623569786991
947,17777.34688447822,3734.560910082021,True,0.8820418847060959,1.663994261366225,42.150988503499235,100000,0.18217,18139.088167412745,18158.426212872342,384685effb49c80e8964140d4966185668b5aabc0b67a38c1f362ee3e8e2e5a7,25.438780171057157,39.135793280958886,41.81139313713804
948,111291.19005824783,19642.154529771324,True,0.5696422484939193,1.704548599653204,135.3878860967726,100000,0.03605,118948.780193373,119075.5912490067,9dbed67678f9d34706fe3e548d86023892dc391e8ece91eae286654df21e886d,112.1180931738898,134.5284903354161,79.22967846044041
949,10524.79961253776,2343.7931960673836,True,0.9909248642408054,1.0429161975914742,27.6726820821559,100000,0.3799,10703.80913437698,10715.220443794575,d0135c2c98fe1f6cf1afe41dcda461a64653b5217b07366739df62a8ff743574,27.780778496539327,27.36866091670253,26.571449860624796
950,31387.094642695403,6822.250493710033,True,0.70532705199388,1.6693985480422442,63.23820155045449,100000,0.097,32615.61463412692,32650.386075373925,46bac7506ff68f84d6271f84090164bb8d85e3572978311adc76f41875f10441,63.08381140995044,57.97349775926676,37.23890188957428
951,40233.92920843521,5901.521743162642,True,0.962162466405488,1.262171288085353,48.19716208609708,100000,0.27753,41313.27641375819,41357.320414757625,8230e0b2e3d2634c40869035e30b4f992bd615c9051fc3967be5715e80456036,38.27767779933443,44.10228601042281,48.15009454499739
952,36288.12878235471,6669.055458305577,True,0.7948091259128838,1.3872993141644856,57.29933604024407,100000,0.15022,37574.38041683862,37614.438388325965,862ab8c0c70dfc1391231964be36f7c44301366b1bb25e0cf6171dee40e9f33e,41.19788687463837,49.521398823843754,57.11747779597572
953,50098.89459405156,9515.149870522371,True,0.6906964974466491,1.4387289854827807,77.05367659027655,100000,0.08558,52055.62690751622,52111.12330679907,161d0d1a1827c7cc4fd6d3648b282b56bc85759cae1b1ba90c5baff77c315661,64.20512651431002,76.639814069528,53.745691899028344
954,19683.342823147676,4167.061497135106,True,0.8460319918863499,1.8960030991364571,55.351617689020145,100000,0.09002,20297.62684456772,20319.266103775204,263c59539efd5deb9fd1a2ac018f1517f1e65de4ed979327188eed1c3c055ab8,32.44610206819759,54.89215601874996,29.283924690455727
955,35691.49866670325,6905.088039099241,True,0.759203311530155,1.7963904711785628,79.33179716036568,100000,0.05731,38044.1239914204,38084.682755589056,3d4f0f569339a9158e365537ab8e48fcb8fd90c7656b4fb0f8e4500adfb69e58,53.90146276789494,43.578257717486025,79.04127544224912
956,23536.94011679252,4656.718434418008,True,0.8529118467565643,1.7560685620903829,56.060249299725,100000,0.10355,24256.630856956315,24282.490802389024,d27ab2f743d97ae049501fdd34c18028bc012e71073e28e0eaf502a3f52c2f2e,32.04029385025787,55.86863711950133,33.72374371936582
957,54268.95318951966,9459.163770340565,True,0.7328228616988101,1.2344368636746377,59.37483198067693,100000,0.20028,55739.114543646865,55798.53790169961,90552e203dc0422148e3cc58e59b59cce04a4940869a603f695d25f09d287607,59.63575653527951,47.67671444932773,54.92461874384397
958,24527.098187142354,5274.8604430509495,True,0.7739340071653584,1.0616175652881423,52.279561541247546,100000,0.13493,25634.191933107995,25661.520493636912,8261b4bab66e24f50a929f42db16889a2fbd008745503734bad83297c2fda3e4,51.51374765148317,49.01208894491957,52.279561541247546
959,42914.6981149359,8493.794101024469,True,0.6978891343125736,2.1140345974843404,79.13311384606789,100000,0.069,45461.01818376191,45509.48408393084,eb688ae673c05d5d222f78dd63e49e26d3a5ce1b5919e61d3f16a0c8fc84e91d,37.59595692003128,48.27970007356534,78.37964913903745
960,7365.6597725305155,2232.5032784463147,True,0.8200363844174248,1.6724878597749682,34.09452030099871,100000,0.14386,7580.696522535879,7588.778287871336,8db7c1680ca2d77832aec84f813776946b70df943df3a54ab5944e991945c1a5,27.32722415727021,34.12781573098016,20.376803148643763
961,12703.093785759695,3002.446665347119,True,0.8768968150075337,1.9223480394078796,40.805673435704946,100000,0.14416,13023.320367519882,13037.204503203971,d617ca0b9e01b74c2bd43d5f25ca6dffb9515c99da0b3e79b5b23aa10dc35658,21.369182011617948,33.63280115208494,40.50680375722078
962,5861.3022372630585,1629.8928522324263,True,0.9645420078210978,1.1299090631082052,24.20879110465053,100000,0.31337,5911.422879029657,5917.725035086815,46b6d0d40b04a15edb56d3cfa4de4a1d60903a0e74383571fd1970a0fdaf2ee0,23.22767310578042,24.20288075525975,21.41910619220057
963,26176.049415803947,4887.569978430815,True,0.8722892839496725,1.1125530521061315,43.29125592231135,100000,0.24944,26908.0332336811,26936.71983386182,90c108c2ad56b2a4c181297009b178e587fa7d2a1ffd028e6814925ff12a79d1,42.46686188863452,43.18556437953228,38.59855142292018
964,28648.905336639495,4726.324714938946,True,0.9580009142914185,1.360671799597797,46.94346869222363,100000,0.2136,29379.34306021287,29410.664318835563,c011e1e9619cc0030f430d4ffd59cfebc4207278c11f96b30a42551de79a1aa7,36.60582006908258,46.50795799634851,34.49703143642411
965,11164.37392980713,2951.2382092636544,True,0.818532841016333,2.2369626411151624,38.95383517124594,100000,0.14638,11503.969224764309,11516.233583247002,204e183ceff8210709630dc21be313dfba6adfed63b44aa54a48211ea8bf1989,17.39418079301973,38.792161538943404,38.17399765072784
966,26306.615312017722,6488.994706144627,True,0.6591992238341199,2.430864051629451,69.20539737685611,100000,0.06375,28094.117265677407,28124.06834766216,82ef288ed7aef71f76c0f7cd2140976aee7cf3109ab867a732f165b2267a9f0b,28.435713814758014,62.97082910731024,68.42818832428401
967,12976.990868589326,2871.593480326397,True,0.9299876155995368,1.4826959518124525,34.86918652365662,100000,0.23366,13171.193224743785,13185.23500738393,43ea50609e0a772a4b44046ab10960d4376b1620d59de552e1f03cc3a2f1559d,23.606507380395463,29.40385015935302,34.97134234355015
968,7541.775163371812,2307.2439653452584,True,0.8060704362097219,1.422749263210187,34.36996192477861,100000,0.14387,7766.452640889161,7774.73244044927,8d56f871af85418bd5159a2f83116b5b5857300e6f49100eb1d8664fb469ab4a,34.403526340720774,31.07225805846074,23.93142856676479
969,26975.6777267807,4870.362430253445,True,0.8931089061571664,1.2999052300003793,51.182651343961226,100000,0.15351,27366.566397957242,27395.741839423343,0dcd5c327e039cf40181072f9404d90f737ceadfb7c1c8efa1a450d911ff4743,39.33666660907957,41.51092963003887,51.14516405049642
970,19388.679306753995,3899.8665367165754,True,0.8949522511047071,1.521704530322858,43.321295204912744,100000,0.1833,19814.451929200055,19835.576076600813,3c7341b7cc979bbcbf7c0b53dcad0ce57b3f5b30b0ca4d9e7256be7cfad60ec4,28.63055325187959,43.30014222873848,32.44866545133601
971,22768.82618937392,5535.974036851307,True,0.701752294081933,3.4559306580412916,90.03692623329823,100000,0.02393,23223.088697174484,23247.84678538671,f196979eb3b9e57b5593688c2a0c366ce53521e0d4c8ba6510c28b9a5ddae382,25.652610574770268,89.1356777041075,48.66742057629939
972,6950.339265413738,1838.7672023799382,True,0.9578438428792729,1.3068692659508119,26.405452622618665,100000,0.28913,7077.65365403359,7085.199126377395,58ab3379701c7b56d91de1fb1361b88c840249ecc6746cf0345859761738e39e,20.255354526432583,25.631855377815384,26.334539541845032
973,18116.665724641545,3514.5262152839728,True,0.9491529126321098,1.3113218039608174,41.271684682028535,100000,0.19914,18613.600776422536,18633.44469882145,38b4271d596f2501b4928f25caf53441838dbc08d80a6b5677ddcd99c99f54b9,41.20115201777702,31.417263876602775,31.507948730640436
974,14965.126095954,3017.031943504585,True,0.9733995395337396,1.3068412350664418,35.89129646356143,100000,0.24885,15297.497301023766,15313.805932168565,b007895f29f3f4359450d523c83d3cbf08313f467fd7a735f40908b564e76b12,29.34569137120782,35.92634655776413,27.461748807812874
975,5538.472493201351,1660.1529315878106,True,0.9118625155013348,1.0496444954139657,24.347446340092883,100000,0.29586,5677.560968725883,5683.613805070219,10c363ab004b7c53856a85fb5eb6f5345119bf49d0c5d6f6c04fdf7d031b3bdb,24.39499994622588,23.212103993667654,24.26422752936014
976,21784.46061586307,4434.908459972854,True,0.8505450836163474,1.5913348298665095,48.319060547591334,100000,0.14847,22269.44818033786,22293.189594310643,a98ab89c6549a251dbab3e1a7e6d615f0f1067f7e3e1e8592923578c295771b1,48.260077319383825,41.17029328884125,30.352769235584113
977,42793.7006977389,6759.950884243199,True,0.8752399793802742,1.579279234463423,65.0909603388727,100000,0.12067,44246.2686185926,44293.43947669013,d133cd78abd0ea392defb8d0721d77d80012863653012f08ad2f09a8546936e3,41.1744819917039,45.38568914253429,65.15452572982863
978,18274.252706354964,3822.383545862018,True,0.8777609967565295,1.5607080732734142,46.23475544726291,100000,0.14433,18966.08129365486,18986.300994825182,31793001402d306430c90d533dd8ce7ca699f9e0acd53888799d7e96df43d5e8,39.913597475957445,29.596564644219566,46.370208832362316
979,24346.254642464457,5124.073385295859,True,0.7927876758323342,1.476185467434485,59.399472964657576,100000,0.09066,25262.643369145466,25289.575822496652,6d999d52a669157f05476768efec22f016b155a4af0bcfaca325981f15f5ece3,41.83776355054617,59.10943647557233,40.32957380730291
980,15763.367563901184,3567.125535488185,True,0.8523116000851174,1.9471553917970783,41.10387415226859,100000,0.17729,16369.967356290923,16387.41934560738,d4e173ea2b751c5f3c0b3953373e75963e34748a1c5569c5729b91ad744fafab,21.154044607661667,39.30758668321192,41.073768775692216
981,9335.298298110343,2168.8027067129215,True,0.9885899956012492,1.0724563563854865,27.072817092937115,100000,0.35972,9490.306392558447,9500.42398914053,4830e15716c6065f045e136c1866af96e8bacec186ec2098fd16fdbaf88ea794,25.222136236974613,26.173914962898188,27.072817092937115
982,8619.198192339501,2457.465867186797,True,0.8272584427365733,1.6178046203719267,38.203173047886054,100000,0.11998,8894.518981853582,8904.001410673865,41f3e08b008d2d12483e352fba5464c681bf0fc8774ac33594a4421b2633cf30,23.783713689479843,38.09124968934732,36.89740053160088
983,37062.7807696801,8461.225929637796,True,0.6353448295938868,2.207260945057136,84.85430299048369,100000,0.04882,39658.354268086354,39700.63395991048,cd9a29caae9a978de9ffa61cec6684d8ef62630ad92393498002cec5563c0d45,38.21136764305351,84.1706623658045,70.02137307320187
984,11694.257650685344,2689.5169738797395,True,0.9263851976835996,1.5558966590871735,38.929141946105744,100000,0.15381,12064.917813906088,12077.780198552895,634a2d8878e04f9a131fc10fb901acacb0a0a8ecf5cc967362a615115cf3141e,25.04352759472379,26.43113861135744,38.80558754051508
985,49621.4793219605,8975.11918068305,True,0.7275961154994749,2.024992577060883,83.26079425978268,100000,0.06743,51747.58776297697,51802.75576234658,0a1905c3d2f5d3eeeac2aca4fb00e7014e611937a0ab5c3211175be182d717b6,40.461574944848,83.50472236796564,49.86297078106615
986,9235.727945758956,2357.4129328830586,True,0.9030169114851706,1.5372747520218792,36.255992196494915,100000,0.14986,9495.99361680373,9506.117276524163,c05fb800ff51d485abedfa4858c8ed796909d89480190def339aca02df7dec3d,28.316142342916805,23.64251834883738,36.07896098459797
987,34021.3532524402,5338.4535600166855,True,0.9511223307771955,1.1837807370513342,45.085939221924946,100000,0.28322,34511.40051225431,34548.19304701795,c5274119e400003b8938a65d64e4e02b90037ccb5f7438388873098a6adbe592,45.284070790771295,40.33078156961255,38.1513343123027
988,32893.36855633199,6904.930294499518,True,0.7190024880089486,3.405505599382415,92.10068172033118,100000,0.03342,34714.44942008736,34751.45842488379,b85d909cd17eeca942d62dffb5b83d67b136f98793e25fe6858a8240b3c9bf7d,26.544153996789785,91.35865962639298,53.26819213756459
989,22308.561207285937,4419.883246833571,True,0.8670704147615541,1.6088066168119932,50.326353426431155,100000,0.13371,22660.29607781161,22684.454173942806,9260b57428c49081172fdadf60ac7b123d7f9c17b18241419f7faba9379bb60e,31.048509547995977,50.52294074450316,44.41644717689176
990,22466.836938138058,3908.9671052461017,True,0.9850313760219264,1.108132941474785,37.039318742544665,100000,0.33678,22753.623351325383,22777.880943475415,ed4b1c29d41097615f35d7f1ac58e8020aa0eee16d8d2a794d9a7074079c702b,33.458368981302556,36.99410473040777,34.22700718762977
991,16162.517270713579,3572.5783436720562,True,0.8653165920178392,1.8448795587196838,45.06223401812346,100000,0.13687,16651.820655239946,16669.57312779226,a886c0cff80946e69232d10ecf3ec9d2912cd33e956be9ec4f9bc8de9b60f7a7,24.467384877027968,33.22459637078439,45.01822793021514
992,12604.507945452962,2645.7810432223328,True,0.9899520400286826,1.1725198113235273,30.58264870460357,100000,0.33411,12706.620646988771,12720.167149736953,de115738b65fc52d7588cbc10223007cd8a3b6796f0e44612501caf365d72634,26.14010085810964,29.514943928051252,30.687179242168128
993,9604.356766693947,2360.1782825353903,True,0.9258021195783658,1.4706047117817702,34.70186967964375,100000,0.17781,9879.389477559453,9889.92187483692,274ff02709132156bbf4d986a2b632cb271c8a546329dadb0354385fa6e3f8ff,26.18737284662569,23.56948277557835,34.744230360405034
994,5150.343944982292,1518.8524494391079,True,0.9495679045005416,1.2149785322444133,25.419383569848154,100000,0.24096,5262.053989995032,5267.663855183967,ce3e28c0da57983031ce024f87836f8f10dbe8fc2bbabb20966257eadf95a536,21.832370946954544,20.833220372065494,25.394559953080723
995,18373.89146205519,3541.1089366895258,True,0.9509235467543234,1.29036868110888,40.034760347419024,100000,0.22146,18893.929762615382,18914.072543183385,82e7b21440f3b1ecc508826f36fbcfd8460e615a487f80ead5cbe113f6789f61,40.05430857024491,32.88988490455689,30.94483673338101
996,36269.253330053114,6918.914564625467,True,0.7658409180239605,2.933473318542009,92.37704645397949,100000,0.03669,38455.21387024399,38496.21089650672,6ee489cde5b3ad0bccfe9296295dc289d956469558e14cd8237d2889420969cb,31.70950373884159,92.33194047426562,32.47630539397717
997,30586.134175777242,5302.017604419969,True,0.8920571639996213,1.8697784953629102,58.1785685317176,100000,0.12271,32128.04887182146,32162.300520188644,9e6c383a9aa6bd9a3b3f32ae5343afcb005dbdaeab0d3adede10d2a4f96786d3,41.60278985092795,31.177235822050818,58.07914226713704
998,47590.85505180789,8580.411188406535,True,0.7401590081751004,2.43831869739519,105.06328032608306,100000,0.03275,50498.615931529384,50552.45240453825,4c017a3b4f1632aa5e9fa8dcd9d50850c72d41dea157924373afd1b0f797a882,104.75547774700274,42.92563467424316,50.67199958109792
999,72535.95839792123,11018.354346488177,True,0.7633721153592637,1.8444646528312163,80.1167409404757,100000,0.11131,76106.07197204378,76187.20850250019,455b324842557a8eddc3901fcb4aa822c9bf32b791d3e3b1c7e0f90a756e11f5,79.7842251699708,43.26616966804987,74.09233756897508
1000,25086.72306021508,4646.072051287209,True,0.8919916883858661,1.4048258580777138,48.23574857156591,100000,0.17147,25586.478511855777,25613.756205202128,82c7fc3666a6103c90f59e73c6ce02d406f0fce620d90cbff207b72c6c8b560b,34.1983920536688,48.17686704254788,41.57035948672549
1001,19900.8450007729,4025.140077908399,True,0.8823024202272082,1.7991520969673034,48.85997329637897,100000,0.13029,20206.265800236844,20227.807659618487,f3b48d970a33e1c82b002952de698b4861193133d7827fb68eb78681ef75b5a7,27.185517368761637,41.13017283347527,48.919616818469265
1002,61982.4229215257,10850.73537470901,True,0.6980244766533586,1.6832103220054813,101.6009584933314,100000,0.0472,65818.91448449383,65889.08389701637,60bcc93e9911616e9d758461a26cbf2851a4e725cbbffdb62e1f146cf64aa9d4,60.52400847747281,101.70017817936005,73.72022671928246
1003,62170.186948328366,11232.110093213963,True,0.6756849127570186,1.3421375422081936,106.27149825957736,100000,0.04034,64372.68232106803,64441.309908386196,4745e8c1c32de9bce848e88543e87f7c98995ad46151f0b62d96c74f0babbefb,102.69106203891778,78.89932280453485,105.54503293944353
1004,11585.356088242319,2499.641349867636,True,0.9905567203300331,1.0709329356600155,29.121052613209773,100000,0.35944,11802.198485152403,11814.780785250541,a2ae0fe73b8e63003dd5d72a6b567bc229779f97927781d3e395ef49d8d13bca,29.263245252922708,27.180123081128166,27.492946888496633
1005,67241.18291001367,12438.270245290547,True,0.6429063263385225,1.165275416651409,72.06576809902792,100000,0.14049,69911.3637036513,69985.89606806598,120d6635b8895cf949669441d32849fa99eea1ed3b4a0449ab8b32f1421816e5,61.29812892016926,63.51499580993427,72.31208664233513
1006,33131.29796397775,5217.777680816451,True,0.9560725603528233,1.4495795708567771,43.605417339940914,100000,0.30761,33910.726451958326,33946.878609312844,9f551fa4541026626ee0499e7d202a321df16ecde9943ab68da4e091f6c3eaf7,30.202287351907316,43.55218807072713,43.498958801513325
1007,33362.3738014684,6603.091557645081,True,0.7589994035996845,2.4948506721005885,80.18965758246611,100000,0.05072,34773.59754738344,34810.66960987956,63ccc4822313ebd193dba90a862ed59f55d26f86b71ddae421638eed135bdf35,50.15769109528276,31.979933022694922,80.18965758246611
1008,5545.534618771594,1545.975809981636,True,0.9800397950529526,1.0535019575014997,22.38831181075048,100000,0.37564,5604.684549931373,5610.659692872021,f224c7044382c7b2925f9a8b23383b036ca34f71bc118f15946824e20be203e1,21.25140535161081,22.39377770718865,21.983835474325787
1009,21126.662865325536,4006.3742395802365,True,0.9224720388079619,1.4509883260010512,46.371396344454695,100000,0.1645,21808.797745515974,21832.048060985508,24096d7a813049e955eed9089595b955871d2de06d55ff49dac6a9c356ec4d34,32.355822937610235,31.959582978612207,46.08836780231325
1010,17111.372465775115,3779.003509163679,True,0.8497608642710833,1.6564893937530853,46.93871176512741,100000,0.12905,17744.62431886186,17763.54182720487,2058b94e77aadb275fd0256880f65ad0b767da1a445724878694769a1fbf69d9,28.431382785469015,31.17023828152992,46.70951883658675
1011,7233.198533303032,2302.7532384384067,True,0.7854592281183204,2.5971947093516876,40.10036076485585,100000,0.08825,7566.14839828937,7574.21465389879,806a35d512c0554c77225430a712d47b6235d765b96f6fa0a7dbc9b1c878b241,15.571197215943169,40.090570637716,32.99272846131939
1012,14511.890709769452,3264.5841209899636,True,0.8813307571459735,1.3598456888714743,34.149361337319945,100000,0.28049,14851.84615165427,14867.679675003894,65c6a1471b720976ab2d82fd3928c8e1789957e6b55e628c3b54e77784be5777,24.98672752147165,34.01596539459604,33.54074234864213
1013,7005.876884523932,1952.1533643822559,True,0.9070095469117182,1.5239319658775305,29.164072097080165,100000,0.22013,7260.0401887555345,7267.780103017643,30e335e756425bc0657fa5079e29acbda91e9a6406e97921a77e58f3268f7c29,19.11756190934088,27.30571691706602,29.05014994045095
1014,28240.75213235452,6015.98059142965,True,0.7454671962141228,3.7931891239394027,76.31223323042187,100000,0.0509,30075.688165084983,30107.751795825247,cff896dbda55857fba7c97710de5e192dbd7b7fa655c2fbe81c7c392547aedc7,20.428799740516986,76.14455498357768,37.99775382652476
1015,30018.60171310753,6605.570213798365,True,0.7071324766774794,3.080431685719398,90.2172869227561,100000,0.03184,31085.485047713522,31118.625220881997,d4d284641bcd2257981ba00185875d31f67c172ba6484de7e71485c21c32b382,29.294187404117583,49.93227281589065,89.49043866385693
1016,89201.98494712399,15674.893408525977,True,0.6159269501569832,1.993979443301277,122.81470478577313,100000,0.03861,95096.86699454587,95198.24957342928,b33e4239566179c0dc35504ff9bfd4d051279651df381964b776445b1643df65,59.80320524785754,122.21502361006134,72.71134255505368
1017,24744.68813900075,5238.972613586591,True,0.7838374081763834,1.1779308535480282,48.335241447642574,100000,0.16962,25467.36645867848,25494.517166904203,3f35c5eb1ab1b93e78db359c2d9831a3cbf9130134226f2bf3f67b8cafb67d92,42.06912494161274,48.04022654622874,40.92446712412706
1018,20745.64116571553,4478.96797074383,True,0.8151873070302516,2.2866218272660492,49.0933182358027,100000,0.13618,21423.764864984067,21446.60469767306,021eef380f95438351122d4dac998a581f604f03321494d09482988f8885adc0,21.700061686015815,48.58991995311136,49.069346889007875
1019,55275.46075328364,11272.117698591439,True,0.6225394207120852,3.024986701963006,116.39320741101926,100000,0.02851,59771.67510654009,59835.39756930879,994d7dc2707cf44cc2618bc2d9b0920fd6ea4ab1821056bc6edd47b596f635f8,38.703014768996155,115.91013013416688,59.077509328005135
1020,78224.73581007383,13607.360731494791,True,0.6500393236594133,1.1374174961630195,71.77393426391731,100000,0.16517,81198.26100040288,81284.82630335381,cbd8fdcc5e263365ba11e95cc517b7698e1a9c5df7d9445c4023018c6e4454f7,63.27531167651499,71.00292520444165,71.5461361327086
1021,19862.550164018437,6075.31194543946,True,0.5838109193030846,2.90849302698796,85.66141389011693,100000,0.02561,21403.292925548918,21426.110933144402,390e6ca634e26437c1e111ea3218291a130172acd61fb98501c4d4a90d3a5c6b,29.414740878039417,85.43136614773626,58.82948175607885
1022,56037.8604693437,10739.566428399605,True,0.6594042463643123,1.3395261948039225,99.53830426973082,100000,0.04517,59229.23259559496,59292.376761492334,a5dae4b8b2937b2e7e18ddab0570b59a1116361eddbdc398bd4c7285e6caf4ba,99.07657873722962,98.90646933051866,74.36211207650788
1023,19723.3549645582,3703.9847466719557,True,0.9530934000675394,1.2402508508791459,37.23219997746506,100000,0.29375,20158.085023649302,20179.575517601806,de4afb98faa886abd44de38f127daab9729b11643405fbcc20d5b8be8a1de173,30.0330050599474,37.14130105173882,37.277649440328176
1024,47965.50548966976,8487.867727111197,True,0.7521507137116058,1.8162651938657626,84.2886143679857,100000,0.06256,49810.2572948661,49863.35991011514,18d9ba549ab6315d1a4b9af2861a5ce26ee3f571611fc9f6166d7f82ad6f6003,80.87262071928316,46.5686363073124,83.38317026832961
1025,68022.42805550875,11926.50926642101,True,0.6756765727418959,1.4948274938944357,78.32712795476371,100000,0.11186,71470.48411912596,71546.67865868381,d509d38caa8933ff072fa34f78f630707a8625ef89ab30f5f21cc74e50adbf6a,73.27869978580432,78.09765394708374,52.415687920900226
1026,8306.528957792138,2164.718719016921,True,0.916281758819809,1.559704447804318,30.08490732419436,100000,0.2355,8526.13582926397,8535.225525545244,51484f9b69578641cea4c587ebbd56f6766fd28eed25ee258b2ed800462b9633,19.214384169944445,30.0261477395768,29.218203451085245
1027,22994.186600640624,4847.2623125964565,True,0.8067388461157425,3.110857790985249,67.0029210248604,100000,0.06019,24072.481084883184,24098.14470861378,d5106cee843e9af522f01780e29f726158cb2eeeb2002cf063699e0d27bb5948,21.780856773584382,66.52853510940119,37.68914307648397
1028,34693.693046231965,6897.802976542818,True,0.7457736368351319,1.0929162575258242,58.31537798998657,100000,0.13482,35548.30595754414,35586.20393512018,c041098e6330d2ccdb554fae952f3fcceb21e8b70a72e8d6f0c51af7ebde346c,58.173006461690704,56.19404221837818,53.3039001939721
1029,35844.52163456556,5935.404203907968,True,0.8857592242751845,1.470428659373211,51.731298906315644,100000,0.19895,36620.088916856985,36659.129520093076,85f1238a526da35aff14bede1ebdef2da198640cfbd5e2553d6ae76452f3389d,51.3397778452571,35.047449820562974,51.65552063643335
1030,31944.0777878138,6392.294451706153,True,0.76164791183947,1.8390780661591006,64.38666025708132,100000,0.09353,33193.56759954505,33228.95519528758,402b03b4ad971c6833a19bea05a0896d18e2ae462212063d80ebf823193fd1e4,41.24770422719271,63.867920074346046,34.944225036985294
1031,27180.985024037323,5422.508922715233,True,0.8062331355650524,1.501855509839284,48.31701370869584,100000,0.18609,27908.634660358886,27938.38799971069,e18813a558149ba1bcaeab9638a1edbf9947cacae65a2658bd7d4227bcebb4ec,48.41138287609563,46.34705733922509,32.26245910480545
1032,27657.53751235489,5607.426263956807,True,0.7887321791397122,1.7046469462741118,55.48190254839702,100000,0.12526,28443.415439570694,28473.738907637,26db009bc2185130078ba0023d74cb2a2b3f413e854ce7c5b31087e57e73de07,55.49544793476138,44.00896029778855,32.52247266081573
1033,264346.8653842301,44728.232267447005,True,0.44533329559360335,2.992527810527748,312.7590672117896,100000,0.0079,321345.4244664677,321688.01017801027,84a8b4920b01663b2b73354544da2fed1e63d1ae983d23af5578c659b76c13b4,308.71213592218396,107.20550057747866,100.98238925478316
1034,68363.96891246676,10423.138452256933,True,0.775717870485786,1.2105304168769582,67.17481204727012,100000,0.17354,69941.39249756106,70015.95687561267,222c263a42f995f62a246470a915d7d0d101a704e2410a4a90daaf65e1ded6af,55.48154032126828,66.79760973352813,59.72916637601509
1035,58981.11662925539,13344.623041437091,True,0.5491021460079811,2.238929294516711,141.92240332095054,100000,0.01698,64536.566812248166,64605.36911649316,de337eeb1b8508d0f989fa1d18161a9eb1dc3149239f14962098ae91dda875cd,63.35574083797805,140.15530308428833,86.48396452370423
1036,22559.62070590956,5567.812837081241,True,0.6934588455348487,2.7774007932480815,90.00340290193006,100000,0.02511,24341.021713807128,24366.97162816281,cee2f38bc59ed49218e770217313be8bc5ef05a91d998d74207407d5668a1fe0,32.663588479911866,51.46190663972661,89.49801270008817
1037,19897.197947633267,3755.5924530795046,True,0.9455117868771205,1.1504193095811632,39.55220973189701,100000,0.24533,20182.651280256785,20204.16796424611,097e5bf29bb2c8120e7326171e041b2f2c12c3a0e79631375dd17f96804d714d,34.859247346715875,34.38608858771612,39.59083493671331
1038,39327.398583414186,7682.74087687303,True,0.727944192217593,2.321602639949075,77.2943889031478,100000,0.06592,40474.02579971168,40517.17507731723,557d195ceb7db2de01f41c15c62ff6e6b6cd1fc8e54aa5c6ced20aa34e4f025e,33.231303432237134,77.25664750231618,53.30972867465639
1039,15762.140359497876,3650.1648424530613,True,0.8328787347844001,2.4677617723315715,58.181863799757764,100000,0.06201,16238.276082413231,16255.587675927149,8805a99d8a199533cad999b34614df345fef6f26262c77472d8db71bc6eb287f,23.352291036816837,58.06822734702385,26.79689601031324
1040,10287.84258787965,2402.7848322553937,True,0.9520332498803968,1.1271775824161407,30.32742578368757,100000,0.28228,10468.924221724646,10480.085120808673,26f38efc376c672660af85f5ed90ff8d28414c462c5a2bb5ebdf8bd57c955b0b,26.95853449179845,30.186746806663628,29.083527460528508
1041,9844.128704157758,2235.375455412668,True,0.9936920955880955,1.0572185500665738,27.109923582324356,100000,0.37612,9963.836885316166,9974.459311805414,09d3dccfa39f52fdcad17fe73b59d2f365a028a7a3c6635c484b01297fb3bd5b,26.606907422105447,27.103304948637266,25.66044280485145
1042,67507.63444968035,10057.342193189106,True,0.7972040400504745,1.4000834413682552,66.56704079264972,100000,0.17825,69907.3103540497,69981.8383971965,6c7a65231e7edf628471b0d79c4b71449a7623ce2cf808d87b4a57c139663ad7,63.219186690285014,47.60128478556422,66.48578219793212
1043,84219.52389948678,15381.669143395233,True,0.6040726600500831,2.1019392168255844,130.28945833042047,100000,0.03146,92512.80638496781,92611.4341020259,f5adeb18f18e4377e5eadaf87d4dc68d237a19d95e1187454f2709aef64a9d49,129.01710033891246,83.78477374080262,61.629840213669354
1044,67454.9714028473,10101.961611226245,True,0.7932700401293659,1.549190186740305,81.1137046901919,100000,0.09824,69708.60107510435,69782.91727468802,365cf12eb3bba9a62d96fe841a0ed6df294d6a43efc6d441035c55cfdd1cd2ad,80.85626373292322,53.05264034790628,51.84464816379941
1045,12211.309999823183,2583.590127313503,True,0.9925872200580894,1.088552343656737,29.4532041059891,100000,0.36521,12406.680641904371,12419.907379215614,716f7a81b5803208864da85cd1e9e0f0481bc0ee4d6bccfaac659597b66eb32a,27.087456022280506,29.5826371318455,28.539982201335633
1046,21327.363330289976,4012.771945603062,True,0.9268250380168251,1.2951531801060887,39.18306056306312,100000,0.27235,21784.005980157883,21807.22986517616,5ed013a2d677f055833cad7ba636163e409280335bed845ce664a7300e95ac08,30.382177819406365,33.146802942142024,39.135229678586725
1047,83488.70897194352,14442.410935944376,True,0.6396311269934081,1.5101504926576759,83.79336414636609,100000,0.11071,86602.62040880798,86694.94728846855,156ab891ee51fb3a432b9d0158b61f65ff432a5d0cc88703925ef53bbca510fd,83.75244941777899,61.78124016651016,54.9280231281721
1048,48551.49905516,8893.928616293968,True,0.7236450250613087,1.3316524329247572,71.2526097176544,100000,0.1043,50165.12938814207,50218.61033181691,385894cbb1160b32aa55d69541fc3fc20ae5aa5c14d39a1fe622081f5288a49e,71.60052285104138,53.96132698832127,52.917587588160316
1049,32119.780934167055,6954.579434365478,True,0.7026326103886988,1.516109384111608,71.40307890193544,100000,0.06808,32952.29490005708,32987.42527545931,7aacae8b47d90bd4ebc5a96d65344a46774945cb3fcec8c25d80da117a65614b,46.85827052939513,52.663257168639404,70.46172971719312
1050,15615.946782522282,3792.5769431769813,True,0.7966396856750145,2.7429140227593622,46.93090669034163,100000,0.11834,16263.862753450456,16281.201624862966,56f0127e81b8b936611c36ee89ad4086cb0368f5366de2cbab4526e28e0d1429,17.209526818577423,43.974809540412885,46.942364431232825
1051,52429.406211414,13887.82943016047,True,0.4877901691668296,1.121397710374962,91.08955630501862,100000,0.05531,55580.790598234205,55640.04516744677,9c1a637d398bac64d3ed629e8019c975c8c4bf469aa5fe60c230cd88d342afc0,80.72634018242618,90.86716969294582,88.4653942825596
1052,9010.968503749587,2814.966779476073,True,0.7439181676827453,3.3422345450768245,52.14202295916746,100000,0.05036,9492.151313239132,9502.27087668745,2ac5b796fe9b501745e6593c5c3d5eb773b7e3f59e78be463458b5c58dff4f73,15.556042982446929,40.37951582677715,52.19294290346352
1053,82910.42168669996,14632.944993710109,True,0.6283840221641915,1.9877378526800273,134.23082616789532,100000,0.02721,87498.50505889587,87591.78703938237,7d714fd5330b104e4769dbb450bf13018e804a7646ec9828d7a4f1fd070ed6ed,133.57540221199739,69.70433770974446,67.83637943543539
1054,18296.09644645643,3681.128922980198,True,0.9121691720215913,1.543263284134662,42.19941519326014,100000,0.18881,18865.120835039954,18885.23290246815,02ee3e8e479344579893099c4ceedeb03ee6fd9df7f811839ac67de335daf418,27.394591064179373,35.61605916091316,42.05517891086131
1055,25265.53597583766,5755.095642940701,True,0.7235200812627914,1.522213689889396,61.16417960642616,100000,0.08613,26203.615226200098,26231.55084775799,aec4492f7adacf5aecb896dd51ba67a8474a4c4ed428c5163ac25e618626bc31,53.01094668037424,40.124060205680436,61.432967505087205
1056,24940.427153721295,4367.302839794611,True,0.9452356103751606,1.2462088077376785,44.118411978031745,100000,0.21958,25070.771452128913,25097.49935121478,37bdf4117baa2b469e20c899f5944de225075ed845f6dadb2ed7a961712f2efe,44.290749524820924,35.29688380176026,35.523076831921074
1057,27641.424564894765,5026.286798435562,True,0.8795836337166257,1.6858366083677736,56.25649600952583,100000,0.12007,28422.86464736008,28453.166206268095,fb51d49a73f9f25e40a1b51b1a3540fa777172e9572fce84f16206d1e05dc272,33.196277064214826,56.242761513429755,33.704453419769635
1058,94529.89491322024,15310.218657872241,True,0.6554640060384168,1.5907790183930126,136.03348790597659,100000,0.02937,98300.73130339308,98405.52951558061,3b097ccb8cf6ef84119407dacf89680f6e1682e13aceb72f2046f7062eb80022,104.18385047877162,85.18698644502685,134.40613416882013
1059,5262.059686865524,1592.7765922791914,True,0.9185435949746062,1.684210125338136,29.32831475829461,100000,0.1621,5437.003871561982,5442.800250468236,9afc7b52bb16b3eba9e77483dce418816bebf846a5b96163635fbe0e954182cd,29.313994292104034,18.237113693695402,17.506769917976158
1060,34996.85025995135,7266.774872990389,True,0.7120246979008714,1.2508727447557237,66.84808633037832,100000,0.08922,35435.98082684074,35473.75905482058,8517fe09f38f4734e00a60853336acf71e0995847318a4568c827943a91070f8,66.71752366176432,66.27687465519199,53.236928127366724
1061,7146.837360077734,2213.844296837564,True,0.8104874931019435,2.4429060960068516,39.03371686068819,100000,0.09303,7356.276509489607,7364.119021099946,2c51234ed4cf7556ce1c4e0b477dc332a995f5ca23b49b5dc7dac67b0ff75c42,15.685912586106628,39.16713288511436,33.12529292181449
1062,33672.406357055756,8377.79685698282,True,0.6019176360282225,1.9143247657490294,82.96829807657772,100000,0.04673,35485.23022466552,35523.06095732947,4aa32fff8b04fc404765fda98cbb41f794a5f1c1af7bb4870b9402ba3233fbc7,48.330654104178336,82.7454828229541,43.50974225304906
1063,9142.860741209688,2527.0938657675597,True,0.8367277146254234,1.8451740538773687,37.40290172869648,100000,0.13412,9330.925780599577,9340.873461831403,e4658c5f1f65e5464f07b7cb3e6dd1eec01756bc8cea2cca923e0034168eca56,35.81400893065127,37.56726994918392,20.162501713125444
1064,84388.02679981709,12821.925214643146,True,0.7256348066382913,1.3009614406022771,78.42710368213997,100000,0.13695,87836.6711743746,87930.31367307753,6f7573dcb0637359828ebf8a392cf038979d6450ec6c2d9837bb7ab7ec8314a3,59.75854262498996,71.55324376468678,78.36966195581027
1065,9081.900475620843,2121.7929018106233,True,0.9921232437419665,1.1387165623541482,27.498278637656796,100000,0.33399,9233.477396405313,9243.321188110489,766f1747dea16bf923d4e8cd36abf7e457653b2c004636dcc33df4675b05bcd8,23.98043244475344,27.56541310698701,26.263004401980808
1066,40566.7823999187,7190.259907285581,True,0.7940598615039035,1.4097650113089095,69.67537977794791,100000,0.09308,41861.01071898411,41905.6386584261,064b80dde84138ef7d622482c991ff5343601e9ed541d19b723ec024979eb991,55.760716531277644,69.522284461053,49.16060731403062
1067,45012.13626455824,8336.592866007144,True,0.734032488011178,3.133855495932608,83.48117865714791,100000,0.06074,46984.62940988841,47034.71962892505,84ee88086284f697d2195f8e5eeb6a943b95090a4eac1064173256c7c229ad31,26.18977406602418,73.27022394346844,82.70669506609038
1068,41384.99304079698,9533.518036940146,True,0.606912649886325,1.711622271822763,75.14134199472726,100000,0.07688,43367.61288910632,43413.847014095605,4c10f2b868bda67af7f506684da57e143c4b80235b36e4ce928dc7222500a7e7,43.551158665889275,66.44578630490774,74.90285629015415
1069,14459.427660527654,2909.271119079961,True,0.9865838396945128,1.1838550628878508,32.389625593031255,100000,0.32318,14600.830581129852,14616.396497283935,cf00401fedb2c2d20f505aa340c809fa86ae4d860da68e9ede4dc76d4ac26ef7,27.36037708786332,32.31845698210907,31.25883544171205
1070,9765.434832496778,2239.947542759265,True,0.9863718456667987,1.2290162956239055,29.387224774195406,100000,0.29357,9906.099794625576,9916.66066771841,51de388bcf06c6f32efba19279f19a6a8008f10c08e08ca398a476b58087ded4,23.991913975807968,29.301129389114756,27.005252453630735
1071,49616.6448271238,8624.208685453435,True,0.7571520973172321,2.0110948400157542,65.36290926077433,100000,0.13726,50962.81613951593,51017.147495434125,13cac3f64d6abc21caa1c4e5dc6a35190e08eed1dac68fc4c791284b15add290,32.64953914734967,61.56496677931332,65.52248667596177
1072,28569.33852734011,5944.562329906199,True,0.760263888992297,2.0462225869258166,61.93644717254476,100000,0.09334,29486.414534723925,29517.849942030527,0a0e0475a59ff61471516e57798059f0f9a547e2499f61e33b36d46024247b9a,30.144118026969725,51.94133204045196,61.69450792577701
1073,71052.10974092867,11693.882774960919,True,0.7094308016272993,1.6147307005153184,82.40102730315834,100000,0.09995,74352.5689635484,74431.83608796967,f08de954a007f01991e3fd19686b3568eb887d378fe64c54e97be985a90b17f0,50.3740655193136,82.34067498823904,63.47051785680287
1074,45942.46520023985,9597.428010064898,True,0.6463565060729732,1.533140662307391,79.21605100699068,100000,0.07431,49113.64070854051,49166.000662246115,c84940993cd62264792bcaa3f9f3db69cf8e21b1eaa768943952e83719dfe11d,51.23127908142537,79.27407057559932,61.30734416312511
1075,13630.869552737235,4021.0479026105286,True,0.6862682687287105,1.4101363829137052,45.40011623098826,100000,0.11453,14249.691314501033,14264.882881788299,812094565dbbc3c1aff7c1bdf817ba5437d8e033ece15238df13cdeb022bf72d,39.337161255805015,32.19905704370627,45.05651183568537
1076,13574.185298704122,3244.5958878392316,True,0.8481370330175869,2.128089427746171,51.2621704793566,100000,0.079,14149.248195052796,14164.33268013218,5686e3b4882a01af6632040602bd6ec86d1bf4e6a94106a1d98b80c4217cc772,27.08284592708195,24.173066963104805,50.836654415807246
1077,29043.222960763585,6395.922055302723,True,0.7144044776133218,2.285804600158323,67.30855427097745,100000,0.07363,29852.512528163206,29884.338231805254,f0bde191fe727083b1af1b7e529f4ae47afb4d227e70416d0665ed34b3337831,45.48585894093398,66.55264765562956,29.28316496847701
1078,40574.35163757913,5779.430284378723,True,0.9880224685374571,1.1260919684129436,44.47449499276489,100000,0.35369,41368.631917576604,41412.734932967454,d1c811630d1b2bc5c2d6291753f25e821e95a3268cfb46b119aa8ddfb0a3eef9,39.664387257951695,44.51792711678125,43.410407954363784
1079,13724.846961910334,4004.1990845472687,True,0.6923198804542592,1.0644608668368483,41.50818209216875,100000,0.15133,14389.359847582178,14404.700315212021,6597b74e96d151d328b5fe5ac3cde3a0faae592f0472b5576fd770d47bfdaa3d,39.288872551596256,38.80244854270365,41.44737909105717
1080,40229.6592989431,7632.677787074281,True,0.7438832248779766,1.5757233794103995,57.43754493117376,100000,0.16451,41447.20120476157,41491.38798271167,b4da954b10eb73d60d445ce209f090a98737f0c3b22962b615fcb68abb56a3d8,57.68995601729708,36.263059373050616,56.96076843516304
1081,38362.17697061691,5743.239430718683,True,0.9577732400149708,1.2213050902722336,47.886839375177345,100000,0.26677,38949.40355174447,38990.92743263397,e42e45eb520557e4f7c40d290e480d4abdadc36e04532ad585923bfbee5a7ac4,39.23540843337284,44.32104689240657,47.699781408868056
1082,38428.19650763624,6772.637312170618,True,0.8131293566424798,1.177022911425672,57.067740373577436,100000,0.16005,39549.68332436747,39591.84716231679,5e79659dbc068d276d9dbfcfb10a91498f0a0b14a3a4b99c37e7beb18debf1f6,48.457422123853114,57.388189111026726,55.52122690153958
1083,35412.96368657641,7517.042593060027,True,0.6937643237110852,2.1216065915379363,82.47281097579005,100000,0.05066,37784.4303090883,37824.71221434387,50e75edf48871eb169f2f70b9315ccd707a866faec2a29653c39212c03318de4,74.96246954659824,82.79497039366423,38.38730813607025
1084,42814.11282028733,6438.0856402115005,True,0.9192888821907911,1.257268418820382,52.22844340935201,100000,0.23206,43957.88992157233,44004.753339720235,350ae54af619333a164c54c22179aa4d2dac8684c8214af8faab34b1dd73793d,41.696047350727795,49.244689562235706,52.1901901549018
1085,100223.15672837083,15679.547371468709,True,0.6654712863223069,1.51983558795049,107.7495385250752,100000,0.06467,107563.37462191796,107678.04771954166,2a017afe5aad6e24ea7c5e637ac95d076797748f9ea761547f691a6fda5d85f5,72.92034199011437,70.26343198253804,107.69692644571725
1086,25544.613698841218,5269.956780242758,True,0.7959332186761001,1.7408795420910683,68.1129805288776,100000,0.06354,26696.367157143428,26724.828100545106,58828ab6d4741c1bc6410823378b5e86fe7cbcfddd68fda28f5d9a416691939c,39.16163797497723,68.31253027652079,43.43532840366902
1087,58572.154691947006,10134.345478624658,True,0.7196962167088998,1.4643858868172248,78.25983407554818,100000,0.09478,60401.64608955761,60466.04016312594,5edbc645ab94ac6914ca53858d8bb5a2c90b79af5e7bf2c30bb1111beb554a5f,71.41974115585916,53.45972064047456,77.82038676506536
1088,171681.4904657181,25071.27645856464,True,0.5958313205327325,1.5609944013138919,156.2154021187337,100000,0.03617,183330.77048246426,183526.21904862227,4e49503ca46397c588940b4be316f90447d6ee4be0c2a02affaa82cc5c5b87ba,98.6262279978138,154.15592171970744,116.8183048558792
1089,32499.39644141281,6226.9956241318705,True,0.7909015518680247,2.3283946786392113,77.2119620059757,100000,0.05484,33563.44357715746,33599.22549693674,accac9e8ca189085fbc33f199fcaef257330077b44673fa2f30b5bb5641abbb3,75.94897336964749,51.160465059623554,32.98850915782654
1090,21921.354610840997,4899.661381035553,True,0.7730892769346936,3.0855861992953115,75.2852389640158,100000,0.04058,23022.7312577092,23047.275745257666,39b96bf680f944e8364001003846054757af055987910b0921e966912c23ccd9,28.07573303650736,23.995331901250644,74.51327118166995
1091,61404.042428363005,13177.686707520084,True,0.5711842913468712,2.0041592618534425,119.2515331852224,100000,0.02901,65411.62593301477,65481.36113603075,b4bc98d732feadf7535786223896c9dd008b14246edbcffcdec13a49b61ffce9,59.58209537684513,103.96660766709698,118.31988058221285
1092,168903.9142851342,26335.94047849774,True,0.5610847117640327,2.904708748017898,232.15218316037124,100000,0.01113,185152.15975227644,185349.55009787632,b8f6e705f19f936b0f70b6adda5d9deb9865039405feb1e7afc4d50c99ec582b,101.50990235357054,80.22739630456678,229.82839421760383
1093,49732.7840459471,9180.756457159,True,0.7123621547232094,2.13741994123234,97.41551859322976,100000,0.04314,53024.90302454651,53081.43276715075,c41e659248cb2fad7de9c546643b3f4d4c5b436a007bea614a034b1117f96cda,75.05941813482255,97.08255539491306,45.25921188547759
1094,23930.895568573236,4639.8365830869825,True,0.8655405266932614,1.6316131692203006,49.65115826168348,100000,0.15311,24917.64594350167,24944.21059579038,2a71d80e7f71a4fbf030c5af26a12a409f282392a02f32c4413f19851e8ef4aa,30.450124402673072,49.51781774877367,43.9902473954222
1095,6233.93081849341,1868.5330745275369,True,0.8766468038835838,2.0400164717696496,29.217112738205273,100000,0.19031,6310.86369103623,6317.591690140716,f8bcaee0abee6a223bd75f1c38333d224430dc49b30987f993c7493136e3a32a,14.298267207942494,28.34687647012396,29.252778159028278
1096,42262.067435760786,6756.12239010691,True,0.8684679087054007,1.3487966455502312,56.90694479396639,100000,0.17862,43766.43741129161,43813.096722302886,ab7d22ae9003f9d66fcee2bb2cea77e5b74522a6ba2b2bc2c465a3555653e06a,41.929970553757464,56.57350566431425,43.48601982546748
1097,17165.73812521278,4567.188589275296,True,0.7046013993993828,2.076348770312144,51.13132205711044,100000,0.1019,18111.338673296414,18130.647135076066,f9ff45a3df74954e7ba1cee59b0ad352b892c1dbc642992137c0500f38f10451,51.04393942664174,49.69575027083903,24.473378147696536
1098,24007.050800953482,4485.427097531914,True,0.8972349790955356,1.209988922480662,40.3741586506179,100000,0.2815,24632.254133264752,24658.514529917833,4bd6e135787e8071e26954fe9c675289fe14dc57611e11fbb0887507db511c77,35.43581551488558,40.206590121062106,33.3954222432357
1099,10277.117849563365,2306.61825123191,True,0.9910356822201238,1.1230038917361014,28.400439844421427,100000,0.34162,10404.801238108974,10415.89377580898,f6ea0bb94a178dddc3153b14b1675eddfb12560779e3809971b4419c0234e6f4,25.25947323076837,27.124638835785312,28.379638741019754
1100,8313.362599016802,2227.948133181294,True,0.8907657919116249,1.7952514524042913,33.94509025371222,100000,0.16535,8599.048610727186,8608.216039178322,3e7e2e73cb04642c6e13e600aad0e9e75389c0e74879f63dfdb6285653da5833,18.994664761110453,33.69646898720554,29.859414107452423
1101,45187.88189146237,7676.007062537821,True,0.7992759563493812,1.6517877183107323,64.98872179380189,100000,0.12783,46651.120180328006,46700.85484584494,b64c8c5760751e223de7e0cf0ccf7b0515303bcd453e23ca9b19a2d72f008d5a,56.690601310853054,64.68726043782476,39.06304517977057
1102,35389.11656644004,7190.609089367184,True,0.7249336499607933,3.109226992234643,87.26124014973192,100000,0.04266,37687.75737033617,37727.936212765926,6e7ab3de17baf3df048c3433f509c193a1ff35cede8e0153f9bb41552cc90ac8,27.37565761533338,48.466631186679706,87.34645620456564
1103,23895.02869926549,4647.46493454719,True,0.8632562018750515,2.3402439238836084,52.276497022121134,100000,0.13079,24843.299587231926,24869.78497901955,e830af46454285c4f4c062505be164e9d16e7da52e366d7b9a789940db4bbe06,22.322166330978973,52.455176455302215,40.61128259872789
1104,13804.24342166315,2819.6933034263707,True,0.9869397876820607,1.1669409446265833,33.37442702942219,100000,0.28525,14098.808451456647,14113.839162826705,1756bf6d56eee11e6e9c5dcefe559de432b2baf1943c95c50bcc1532253548f5,28.607815747143878,29.18632754379646,33.423315350266066
1105,9465.495265622922,2209.687090342372,True,0.979299594049845,1.033578995749471,27.33254769811397,100000,0.35511,9640.921528184123,9651.199695259756,2909afee0a5da119c8dcbbbc3a6810b2ed69184d45b69415b66e46b3c36ee390,26.78536290532946,26.418348715047173,27.292509786446814
1106,31589.8310811009,6887.867280589335,True,0.7016128857140691,1.4407493470641775,77.42975157572636,100000,0.05321,32842.19370065797,32877.20669739268,c5d68785aeda81f76977bd4e318087e2ad41bf1b3a26d41a6e4c3900c9d382c2,57.59971998321245,77.3163290880666,53.705547906894196
1107,18333.31708920203,4214.819793910006,True,0.7977481643204084,1.9912389147086622,47.346180301134325,100000,0.13395,18902.22212839558,18922.373749438095,d696649acfce662a1cc39d5ce0aabf39d54cc88c191373f20618a4de2d251ba3,47.33462117508425,43.994033746610654,23.63263320939188
1108,15870.220204798426,3411.4098426888836,True,0.8952387280470655,1.839659068514782,48.40998131283416,100000,0.10822,16324.037215591541,16341.440238877267,1b552232fc5aa985a885daf702a8f91fbb807cfbdeae16581f077d6193f35756,30.823542789031126,48.102691392391364,26.072367865261754
1109,24612.728571843454,4804.1910397002575,True,0.8517334374430185,1.6226183135838905,54.95294561602148,100000,0.11456,25276.750203759762,25303.697696379,a37a36aa0c129a08694571f934c2d5a12bcdafb017edc370aae76dd189f00862,42.27459268459074,33.83577364345854,54.671204439767465
1110,14748.557674628935,2989.661185602932,True,0.9728111028604393,1.005599974281655,31.3972363140212,100000,0.36704,15104.382084148845,15120.484835548832,c9d4feb135337fe67afd5a9adbb21d29b1a70e276782aba3b8cc71ba90753508,31.404901654918177,31.320582905051424,31.213268132493738
1111,20961.21941387013,4379.494632206366,True,0.83946866307223,1.593546539083155,53.087078262546896,100000,0.1091,21702.338037666374,21725.474856655208,76c1cf5accf7b4eeac04ecf78f803a0fd29fda374a21e28e6efcdc183b97fb24,40.24301220830276,52.983392562815354,33.23126676395758
1112,71018.20256527206,10781.892832740974,True,0.7691934272781067,2.0984734859172596,91.37746058281547,100000,0.07272,73771.12829423163,73849.77554592326,1cd1d88034d665d95b236efc0a1118603799fd5c83436b0b7b30481c2aa659ab,75.35963424041765,91.37746058281547,43.145509952921174
1113,11348.517212541798,3051.081114278808,True,0.8004295583209561,1.3021719575070794,40.06741302346809,100000,0.13729,11741.622547770445,11754.140267983428,7dfbec2289745296880c6590aade2d36315cbbd363966688e5a42e05fb62a176,35.07855056204994,30.36358643184691,40.03806677369504
1114,66238.62452741257,14667.635300512678,True,0.5397569277320958,1.7846179595189449,159.79783726849826,100000,0.01406,76280.46185698247,76361.78430414488,99c35f4e3df903d4f1ebbe4c6b9486f2cda9180a8063a842ce28cd80bbc06eec,124.68600779055676,86.9993108175662,156.36468060843288
1115,8365.998908670315,2377.4962157876816,True,0.8382550127771606,2.1301151669717964,33.027649827110736,100000,0.18273,8753.025022132408,8762.356604526445,7f096372409052f4255740261b928d353d95f9657701fe244793ac8447f215d7,15.626851895737456,30.310287036159487,33.03571321818181
1116,31921.235367748206,5475.702131648352,True,0.8887182587025102,1.3244038098179614,47.3586788496776,100000,0.22919,32367.54062399927,32402.047594042364,e6431dcfff142dbf9664660b82fb2e8af3ce4a5d0a399ad7af7bd09d5c551c0f,47.42805191439881,45.890282313078714,35.79650139614303
1117,26651.158872292373,5582.686870351996,True,0.7728910069969318,1.4996702136581759,51.46993478385441,100000,0.15105,27383.99993755299,27413.193964880644,caf2d386c11af10fc93aa1a89427055e1d9bd4e97bfa53da6d445a8995690d79,51.52019839204176,33.97819913465389,43.89269584961022
1118,32114.017579405463,5732.919252288893,True,0.8522586023616767,2.0868817466261955,57.49808386944625,100000,0.13175,33298.60514171822,33334.10471777344,c1d7cbf6689b4504cd475889736bee0231aaa103b7ce5b675a01420ece14a146,27.7523710473377,57.441933396917484,39.1509169706752
1119,31277.347308435652,6769.293947060378,True,0.7091868809170105,1.4674042131463014,75.96934571804306,100000,0.05629,32814.191520632645,32849.17466429945,7f31489584de24d737cb785ab82bf2faba58741b095d86f45f2e09352476d82d,51.39430102165463,76.15481775348749,61.966207041987765
1120,6173.931311428384,1901.9590717699716,True,0.8557051641687152,2.5054059126241626,33.864345339792024,100000,0.12284,6342.831324678544,6349.593404413046,3802bb2291780ceca5d48abb97076706c0eab8291ec36055fa61f9a152393034,13.629241526525185,28.84587424085312,33.83127469004613
1121,8765.339296783546,2251.931549723018,True,0.9129382994442038,1.5027290128616677,32.16040591952313,100000,0.20245,8953.599159131305,8963.144573209916,a610c72897f5a4e15291ec936f3e39f75210c2c841dfbc2e8e373252ff352d8d,21.340816232730432,32.19181256592891,27.881250346735015
1122,34854.41095096243,8536.585537012405,True,0.6044658358818764,2.8331029865714084,99.28758648565682,100000,0.02839,36945.840901629876,36985.2287884026,6fbdfa12a1fc9e021123ced81c988cc9e351ac0af77c9916f061d1ed34de5bbd,98.12406008152803,76.47762093804866,34.44522958889607
1123,98193.06611011208,14598.601350733534,True,0.7050611029117326,1.459490681786824,96.9327416114067,100000,0.08555,103596.91064251008,103707.35510085266,7ae44d6610365a2e50ac2b155c5e60a39893a0ee8101585d3e97f98d403646c0,96.95640683152668,70.38036463679774,66.16795545544267
1124,120869.30317112536,20970.799872699754,True,0.5637412416006068,2.4026906022436267,213.46766956519974,100000,0.01006,130109.68009559406,130248.38976419483,7702aeeba3dc440fed16d525987e395c9725c18f8e4cdd6c5e237407a4452e75,210.549166270363,112.67507363280318,86.27825365361039
1125,10372.532264437206,2657.6224454309713,True,0.8654607387035244,1.9571633208757324,38.2716001438329,100000,0.14273,10638.010853298094,10649.352015300401,7840b27c17e5e6848eb924f2013ed2d6ae3d7531d2cd1ad5efabff8d08cc63c5,19.61232634323859,37.972603267709204,31.815136350036873
1126,18933.32502215287,3849.0175142162793,True,0.8925217961942433,1.2304480506825124,40.92497698584512,100000,0.21288,19400.61488612749,19421.297842687898,c122ed83cd3d1cfab0868999d50cb079a747681ec2755c20d132e295b9b96a20,33.321483947215214,40.755122345034735,36.02916675072205
1127,28570.656566362304,7455.034319065476,True,0.6062447042895311,1.1429175776395333,81.67925595200562,100000,0.04253,30813.852770239748,30846.70335678284,574046a3a037be370e6fa3bfc08d228ba98c3ddd79bd03f0a0f8ebc1e0fd2e29,81.26049023545482,71.58899630559085,71.66876120398149
1128,57026.871832069184,8679.008727004744,True,0.825531594250389,1.0603812434339865,63.98674004651704,100000,0.16871,58765.99323858114,58828.64354593051,18cb9889d03c062d473b70d1f3302cf6892fc4e5d925b9124ccb19a122b65ef8,60.01881231902307,61.221688047436594,63.78365713133033
1129,54061.01055745161,9501.063063274083,True,0.7277262323213184,1.4690992398179399,84.55498322193796,100000,0.07032,56521.25375288797,56581.510947980634,b1c12b3985d95c864bb752cf8cea9af15ce016d21fbe75dd12100928400141e2,57.2438887877036,84.47240999613528,62.85886814228543
1130,8877.552883037957,2094.8540639778735,True,0.9897508032312897,1.1821690337600737,26.625883913151597,100000,0.36,9035.03636618207,9044.668600303534,b39c47ca4356d508743243fc240b0cf3655e315f8151a4351999ebbf02c711ed,22.595598750516352,26.203354017068868,26.65188575291053
1131,25282.348513042303,4208.710101036764,True,0.9897983405657665,1.1047936074301317,39.20968481627847,100000,0.3192,25583.398644523764,25610.673054429735,e767300a188801a422f4974803cd664958f55f502e740717f205b1c4a60910dc,35.47634080300977,39.343702293677865,36.2325822826206
1132,66382.26992484408,12366.398723899469,True,0.6411243601249681,1.1141196004116762,83.54945495004155,100000,0.08904,69044.85407440925,69118.4626546487,808701d4b297ed69cbdb8fa188f7c2339dcac54a8a9bd1a04cf921ee6cb94d9c,75.71669354847515,83.40667023699217,75.10475906397778
1133,27935.645914425317,5285.637856615467,True,0.8423499060449533,1.0030977990050325,48.23353608342826,100000,0.19186,28625.10231488268,28655.619478961802,4079421f032425bca9c610e70bfc262e7163a1f00b35473dfa87a04f4b4cca2c,47.96269347358479,48.28063914600973,48.02157230181163
1134,26583.74025704488,4811.159031608562,True,0.8953203760808897,1.0403406206140788,44.175517151006545,100000,0.23933,27431.993523457346,27461.23871665052,3356b097738eb6d496cb9e2a50b12a866282c300ff06b7557f070902410e9729,42.503836204130074,42.40677085882757,44.240227381208214
1135,8773.030059914701,2089.5507810028316,True,0.9844589375162587,1.1023180551849134,27.0414721051814,100000,0.33858,8901.590128501546,8911.080095857065,a0580a81632c1c2d4694ee54bb172a42ca029041874eda3e56e9cd712ca3f26d,24.552547548625398,25.291962801501448,27.048074027082077
1136,44975.99151955294,8047.333570877512,True,0.760009962211031,1.7509324462604716,75.23837234854292,100000,0.08257,46757.98222678206,46807.830817712034,0f90f7dfb75f70da47a38a3c311de6361af77a5dc3fd113128f2f79cee859d14,75.12815988904799,50.77120634066715,42.85427800028093
1137,29720.270369340156,4732.613688877973,True,0.9804337200993015,1.0665931550641017,40.037330587333884,100000,0.35454,30253.51804284256,30285.771257658304,26c7bd7c96bc01bab4a5fc52af6afb14a9a3fc16f25f2e1a3257ba4f549fb902,37.662069031493516,39.44107151364557,39.851610547988344
1138,82497.53294591157,12627.981798785193,True,0.7257340249426988,1.9028275894113893,89.57330813984109,100000,0.08951,85530.83278835563,85622.01703738693,425675cb93af21e0479c75db0ec33633732213d3ef7ae5f3bb477f69da7362a9,89.42022875581304,46.82042302915034,66.21776783384738
1139,43216.28180782983,6491.9597888561475,True,0.9173602176975285,1.156408401350187,53.445574097601835,100000,0.2198,44614.72590752997,44662.28957720312,8f202684b7d504b084771487f5466e236ae27e9e228d95870e47dc6a4fedd01b,46.203803193263695,53.41947762587449,46.19075495740002
1140,27024.904624965737,5232.742596089847,True,0.8322699212242207,1.8371419560886013,63.21820996789005,100000,0.08253,27723.862130194582,27753.418483923135,999f23d525228c7b2e2f011da4b0f00f1fa57155c889788efbe6c4e9ed63e339,62.63171290275825,34.12486871069456,43.32361215328794
1141,13055.669945715208,4937.776551603752,True,0.5430237189672233,4.97615066475315,114.19265751959239,100000,0.00754,14927.984921855485,14943.89961659508,fe746a5bc939aa9eeddd12271b2edca627f41ffc125820bcec35d5fb5c829ec9,23.01416962461512,113.96962498537445,76.02621510154503
1142,14461.538569796256,3553.1749758304904,True,0.8078744311764473,2.043993282759135,46.28330078277395,100000,0.1127,14856.35229517087,14872.190622511042,cef72f0bf9fbe931076eae394d746b9aba1259873ecd6e326741baa3cbd1a160,44.98384287505446,22.712264300140532,46.21550297889294
1143,48537.002651496674,9273.57524491745,True,0.6938819015509654,2.6701692653331026,76.07683049320028,100000,0.08746,51201.42014546902,51256.005876638665,4bf42b355f23ba4fade34531dfb5ce09f6b53d58283cc7d0a814f4dfb8e95bff,66.19575778265767,28.593818492256304,75.46390681002751
1144,11454.729691550136,3314.156691799576,True,0.7414826330293623,3.0579587222597944,62.09065491850778,100000,0.03874,12329.732093874665,12342.876796493414,f54736c25ca1b83d4b02f33e101cb43410bbbd31c5ad66b645d4e5ceacc692c0,37.94260480005493,20.009683713972233,62.01486066201546
1145,42543.72716693597,6989.369493455357,True,0.843211422367971,2.223215370525627,68.95555305993602,100000,0.10012,43645.94296790008,43692.4738200273,f58a57f8f2cd27a2797df5ab1592a9c76a905b09c5ad2fe9edef026bdd230bd5,40.201626149200976,30.319568130113467,68.34949839437017
1146,77851.14848317353,15950.360543472772,True,0.5527859158550169,2.624346884068482,108.20801146838227,100000,0.04983,83942.9905144579,84032.4819680305,812314daef97fe087053c12244cfbff87f60619c5ae5ef7b43febb93aa87b6a8,101.20724900765929,108.34010132613176,41.54226026221463
1147,56702.55307652705,10036.717574657636,True,0.7111493706869019,1.5183346594775344,76.35582997091944,100000,0.09968,58999.71822825503,59062.617709346414,d4398271a2ad4c90b415be9527fbaa044c4f3926888112e781522cfa4572f67c,49.94073937795244,76.31854685081646,54.93667747175283
1148,9117.506426308124,2158.699261268647,True,0.9777084462101662,1.1381223665767572,27.986965632455252,100000,0.31941,9309.604985388642,9319.529936563513,b8c4a4dd8b42edb93a665fc95ccb4c8260ce333e0c9ed70a10212b91953ecc6c,26.060128643111412,28.109955227519755,24.611584523462845
1149,10964.638951834704,2869.6265512125124,True,0.8317413626655082,1.304029911174182,38.00539629055643,100000,0.15551,11350.354324309183,11362.454914255064,3bfedc63f520c0ffabc375212c778da3d37a6cdc1cc909098a40d33569332441,37.97756030694519,36.12182806619536,29.070045551346023
1150,12259.722832298663,2597.6586299106866,True,0.9898190647893591,1.1177089826640603,30.210691481187897,100000,0.34083,12494.967002695632,12508.287861918787,5ef102fa05119fd6954b2c204f5221ae737eeb2d410d27042ccc96ad7fedf7d0,26.987529328531863,30.28444805218689,29.347739600499665
1151,53069.994749960875,9541.570736187263,True,0.7157537191044441,1.3599454735629757,77.34202483943994,100000,0.09098,55963.8839952158,56023.54697952938,879b8de2067d4fecaad9886fb464ca3e177b7430229eabe68347679a35d08fee,56.49593220693465,56.118285601273314,76.96437823377863
1152,39530.60864356388,7751.117332899503,True,0.7240059702780072,1.750199550139018,72.03813497053133,100000,0.08334,41424.39551103713,41468.557975882955,52d2d2960cde73d4194970cb6d69aedce47e34c67688d8e04d2b30f09ad37d33,71.56327421755176,58.09129878116822,40.94354936801683
1153,20667.273275129435,3770.0129137502595,True,0.9660436303796078,1.1875922763407298,37.35191492980475,100000,0.30322,21009.308604829028,21031.706586531578,5580c7283b863c2abdcf6b33ac5bbb01353bcd1f2ee106e61f26d631f190c7b9,31.506559102166847,37.34279580994884,35.88373663300334
1154,15555.744077462028,5097.599457567852,True,0.5911698494358554,2.7955192361651924,89.75011298239122,100000,0.01764,16955.823778860864,16973.900348532625,7f0be467ef7b9a5e799d4e5ca65b560b04a400a12d2d71497f58d2e96b34a8f8,31.98005124458008,88.61070725116946,78.92575853578447
1155,15185.430375391341,3015.1984352944764,True,0.9835270194633275,1.0641634184501516,32.26735573975327,100000,0.34547,15431.771104430674,15448.22288460757,9f8d4ac938340a45dfec4a4fbe5179417b0a3f4cd0394ebf5cfbb3639520b198,30.439712543556308,32.25947796735586,30.360934819582305
1156,20645.77460210552,4292.819206319837,True,0.8478043629815384,2.1358511625961953,53.914833410879524,100000,0.10192,21237.31063896442,21259.95169317759,fcd95bfa88653c3c212efe0a4ed697e1cfcbf19ef67c3a479b37d0511c5c8ef2,40.39663665478254,53.74371699624538,25.022484939961416
1157,25910.752673843108,4674.041375769868,True,0.9059653571357994,1.8599882245226544,54.11862786469521,100000,0.12785,26943.646045510624,26972.3706124385,8a5518d0c34d3db7bd874b7ecdd2b7f12790f72192fefd041004a3e3ab67af0a,54.026139975278014,33.87699263795862,29.160110277681234
1158,34792.9098847051,7125.449043011355,True,0.7233231873471114,2.097074045592573,88.34456712661529,100000,0.03933,36056.103305732104,36094.54264504104,14edb30e7f1c95cecaa33128d9838c2e7a28e6b72223ba0708139a68355a6ad5,59.35650603819464,88.27986163311435,41.74582755702244
1159,16778.22103325653,4675.052355883074,True,0.6779457146495098,2.6610727446808857,73.19154992952406,100000,0.03422,17839.31355134375,17858.332007687302,873663839f79789ee9d1adac8bb594f879bc2acf0b9738267d3c7ef6681dacf0,27.70593216936696,38.15038063953463,72.95925252984539
1160,6541.907893533204,1921.3083885656818,True,0.8804201947997796,1.6483281797854135,34.22430476917974,100000,0.12651,6742.858737669707,6750.047285825667,3a28d1af2eb9d9a5705a2df46b9ac132f9c4c60648009dcb1f84060e7e62ed75,34.14074933761435,22.376144573208826,20.64654713980545
1161,78858.37237220534,12515.16539331579,True,0.7105796031956738,1.8400082683968775,99.19409419972777,100000,0.0635,82403.65493671996,82491.50530772515,cbc9469ac3c35ad78da1879827fc513eadf44be1e1b6c1dab5bdc38ea357e314,53.4233817882323,99.33939804865315,55.55450490580456
1162,35057.37509504282,6040.143359230875,True,0.8576099444768251,2.0687711118277066,58.90977665528493,100000,0.13192,35858.16595596694,35896.39427466491,9ffa97dc735bafe1657c8f48214aeba12f52404af2eafa0b7bf63769ad1bfe4a,28.656672359779105,54.091716308722326,58.76595395837262
1163,35942.69120166331,5986.769555180941,True,0.8797622258435717,1.4840898824358524,55.5378471532257,100000,0.16012,36469.348569058624,36508.228468312715,fc5a5021c8de508ee37bedba233921a2e98c583a9622ce4b04750464fa9b282d,55.551406197940835,37.49075863737037,39.14496209261782
1164,60589.958058321,10503.27060046965,True,0.7102752328548867,2.30583725039555,83.02489059913356,100000,0.08168,62152.12282943378,62218.38308273831,9e7f41cbaabddfd830710c7c85587cd9fc81abe02d45918392c3afccc074c037,82.1532914058321,62.81595116374875,35.695027427996635
1165,10088.115589675945,2735.7724918967097,True,0.8252981011714258,2.508658121857203,43.088605484610866,100000,0.09922,10553.629434195525,10564.880637336428,8e8281436fd57ec8d1c29a403a31e89f4076263cb0436f13d36662d6b2baf0bf,17.14707688962786,43.214841633491574,31.664234010907883
1166,36123.063689603594,6816.2922639011595,True,0.7752806991229535,1.163042292588685,56.347187954612465,100000,0.1557,37035.7083688907,37075.19206318978,debe02b1ff48d167b9d5d2cd46e2d3c79a623d1ebbb248370b2083667a4631e1,55.97575873713822,48.382094735442394,48.62971421375856
1167,10552.34593371734,2522.948796752783,True,0.9221644331336747,1.5429783225364606,36.157983747967705,100000,0.1708,10735.339507485594,10746.78443137063,4c98cf46650b8d3caed5368d387dc705aa16854c11a7f3d44d79421c82e0169d,36.334536402987084,29.37836179522376,23.393226790066997
1168,46814.03750766036,6649.936706443454,True,0.9446059537971038,1.0472876605161563,48.30954752260544,100000,0.318,47669.580605882555,47720.40105001337,71214c79a3e341b65f32c0d29deffb6dd02bfd230f15b96e3f26572297dc5899,48.38031346135926,46.21015800624221,48.00289512133891
1169,33883.476959073705,5228.287521857697,True,0.9685379471698679,1.218209733106257,44.09062857354354,100000,0.3023,34450.24539752739,34486.97273494608,f86bf76d815980215c11991fb785e772737c457725d9afbd495c6eb35f22cbe0,44.02604269184402,41.46413605109612,36.157329438118346
1170,46079.64010458069,14417.045808501189,True,0.43113561314819343,1.593816222807836,97.24245087557324,100000,0.04157,50823.31800843777,50877.500645678636,a47aeaceaa9d78ce8e4e8b4a8e6d1b0d8cc25d565a16bc20335783c45c205b4f,87.76985861498883,59.25711850230245,96.64893005724088
1171,25165.558222653508,5786.622168299232,True,0.7176786778698515,1.2330420036522316,68.25760857497673,100000,0.06363,26904.841047082882,26933.524244079865,4baf59f92839581674f1f341760e341b2fcc0e56988b8031b3d932ce1771648f,54.97603776583208,57.89231742906962,68.00764174669924
1172,18547.34433719197,3427.3078614457527,True,0.9886718387577337,1.1798887890062415,36.42144301708346,100000,0.29444,18914.007473797705,18934.171659173273,6885d40cc1af05cc4068c8f6a967da0fbe5bf8893ce229a4f14a2d83cc35fe59,30.8106201304185,36.225820032128425,32.713498256799326
1173,33694.937099203846,5186.275144101934,True,0.9727584329029647,1.2987881236932732,46.1057473716846,100000,0.26326,34305.62828113397,34342.20144253534,93449b4f9c7280350c704efc62dd25852166d3048691bf0dec024b39a6e85832,35.56986369495199,46.09449108570519,39.520820073726725
1174,40228.16694293868,7774.180617414135,True,0.7303252688962274,2.4557725841225024,84.07674500803154,100000,0.05319,42031.31343393734,42076.12293276166,a9ea52eeb8116254140db8810d253b4ff817498ea7e68ae4a84efb97b4c5ede0,67.61445265050193,34.248547130346836,83.31726269228517
1175,35454.45545207986,7058.367966121811,True,0.7394242829880443,1.1646703922568278,59.46911912668121,100000,0.12948,36206.99727474541,36245.59748181163,07f9c1afce57e63a3a7a90b11038a5de354d7b62cae74e1b1f12daa02c95c6a9,50.8304165191677,59.61430740579909,53.51639968284837
1176,77047.26366358684,13424.236172994966,True,0.6522779334672284,1.609082317185721,93.47172466365618,100000,0.07222,78417.60132233938,78501.20216959297,cd74ae0782c786e177708639b79796d46eeda791257c519904855a482277998b,93.31198294670169,58.328546933668264,57.552658594175014
1177,101870.16871756515,15516.44240771751,True,0.6798138176597507,3.265280782950493,138.27724727943476,100000,0.03173,111541.77461067395,111660.6890725343,5e6a448a71d64826913c39f1f33a724654d5cde988bd7fada6da2a34fc047e18,80.98806548421973,137.46702903365684,42.114469233665744
1178,19052.016956847176,4574.540161589091,True,0.7541029724007167,1.5709090856838017,63.38137888628896,100000,0.05926,20061.435155785053,20082.822611507578,6bb70b120097dcaff4af10c0821bed77848b8c5c9ee7371b03b25562869c1fb6,44.30197454869269,63.45874873356226,40.479904093391575
1179,32235.543617393112,7900.787180471643,True,0.6199696457430213,2.461016975010031,88.96728690425098,100000,0.03769,35288.44158567829,35326.06252236947,8eb8037162418564050e5895c5f2f23ee01897af74b67eccc6c3c079e7589400,65.07470497195702,88.3373915623996,36.14296030485196
1180,50769.095293182705,9192.530644282138,True,0.7212989850113146,2.544211492503173,95.1089664361736,100000,0.04717,53956.72286533785,54014.24601920262,6aff96f3480a2ce847522b38b9aa7c3fbff3ad92953579416d800bc8164583d0,94.85354684857646,64.52827581204258,37.25642984542006
1181,11657.024484743453,2507.467461845822,True,0.9915332692880972,1.1139221042247311,29.427062719201107,100000,0.34871,11814.638782040362,11827.234344714021,169c88f0e8d78f365b91def886308012c08563106a0162e794bac5d584ef62a0,26.452745344750607,28.98163354718195,29.405509694748567
1182,241802.1111020092,39375.0932768193,True,0.4766898678878596,1.2913803219617568,252.17393770384018,100000,0.01223,260760.83239114904,261038.8289907753,9aed8959276cd983d548ad1e04861531c9f1a99d71d4adca7601bd7362b60aa5,195.2870435538528,252.9127285369569,233.45790326488327
1183,27709.588001756856,8585.729523013888,True,0.5157750154925091,3.152330493721031,149.07530608069084,100000,0.00753,33168.62031618577,33203.9813156796,be0b73d2eeb0c9deb3bf5c7fb4e381f5224c9192d642d27cfc90596567361acc,146.0908883320051,47.2593469105901,116.42868753714112
1184,93211.60373533012,15259.362489628576,True,0.6515199540992876,1.21765504795497,82.69659132435144,100000,0.12971,97533.00096296173,97636.98069937546,ac8a92d71ec4e670d6d05c4528499a7fe5ce150bb87aa8b3f1f377f121bd1754,68.46292509298726,82.393747361982,67.57458280337018
1185,13102.543540845292,3179.1780864024786,True,0.8454209570128896,1.7812594372708064,46.43982796909883,100000,0.10191,13570.751876059534,13585.219627375254,630e8b2008a3f1fc00177b5ce0a2ced08bea87e0b5e5e25859667f62693ac31b,46.50785506085043,30.816272563479153,25.89564626011273
1186,71211.90632829622,11821.212293312094,True,0.7028411526786602,1.7839179602476323,89.32969625120111,100000,0.07859,74485.22983177,74564.63838567642,a676c914c71a70f29a3aa01051f02a1977f38f56099838282c4015166a64dd3e,48.852177637375604,89.37331426694877,70.35585940097042
1187,60292.47710051355,12359.436881894042,True,0.6016272865282509,2.0842443564395423,124.43344405300513,100000,0.02561,65604.89503991777,65674.83628674036,3f4ecffee461c8e2db66e3e8889410916e8d4299e238606e061c9756c3e70b3e,62.338239061710574,59.619295398931285,123.64358332415304
1188,17101.50238188579,5600.06135912899,True,0.573210559755943,1.652123418966742,79.2687546540818,100000,0.02765,18311.1889116049,18330.71043332218,a7263a11ff3b67addf81ba6885e672cd9f4554b074448c915367ca56ec18fd82,78.7655838481721,59.683798670211985,47.43352481864124
1189,71724.8151364424,10380.371102204212,True,0.8042372839925299,2.143173608291112,92.3071022495131,100000,0.07202,75313.66312495717,75393.9548699334,be689a0b8943454740e34740ffa24b6ecccab5367b4cfa3db540547fd29d6740,92.35217407678337,54.26648003340516,42.86330773402683
1190,30017.474162501905,5129.342795670986,True,0.910622752841238,1.6392067804877546,49.842279236496864,100000,0.18667,30731.48247391765,30764.245245653277,5dedf9729603263704786c9c3a9eed81fc0d4404c3afef61be768d3c5bff0b87,42.65068084080116,30.250953657698048,49.50156053077862
1191,89416.15252531081,14131.634870197184,True,0.6842829241766061,2.2418868399847223,95.929376935889,100000,0.07799,91539.61744765342,91637.20764994028,51685f4e9476c2111ce7690ae5c62e6409378e0f9a176a49f795c29426cc9eab,42.273565763984294,89.25460339420727,95.34387048486428
1192,32121.75547626502,5619.261672977349,True,0.8696364127412608,2.0430959694720427,63.42459107368286,100000,0.09861,33451.014062198374,33486.676121097575,1cdcf4228995bba2dbb4b1cdb9ca56f72ed0d336c13bb4c143935bb1ef5e0f40,30.698059522357493,63.19232328410639,36.83767142682899
1193,40763.98034086941,6533.942861261059,True,0.8766505598865024,1.2901969851275161,58.483428113828126,100000,0.15688,41723.559080346495,41768.04048287264,3df857f6d0a25341be5af06c646047948116fa0e69d91b618e184a7159d3551b,48.231694377077986,58.12647359653181,45.29038915455635
1194,26682.712452207314,4779.686432823852,True,0.9034512070802844,1.3027990968079706,44.34828545023635,100000,0.23481,27230.924926140095,27259.95576050556,0dfbfee310b2c91aa8a941a3b015c4484c045520d60ce6a252d827f112cdf6e9,34.094909883494694,44.30497657772635,43.13563701995644
1195,91990.79630908054,15738.659485987877,True,0.626151325191066,1.8779921966548025,120.27750368512841,100000,0.04216,97536.93889265983,97640.92282729245,19fe6703e91a46dea10de0ba1ccbb1c11f6a443d0b876b0380b4f90509800e7c,68.41957607088602,119.0735540632802,63.01648508503065
1196,66930.12198381066,11920.33152087138,True,0.6687701311859706,1.5688272221178825,99.68035335236334,100000,0.05414,71295.52305686998,71371.53107079079,de5ccc0cbe0ed921c496d169bb2e77ab1712dc3fcc308e0bce88a41cd22ae5f6,70.16075652218348,99.80203347120168,63.3953419147721
1197,56174.179150514276,10264.745583197768,True,0.6910249976815664,1.8761670329730478,92.20968155785366,100000,0.05632,58709.38275042181,58771.972705443484,a1647dd99bbfd573c13cf5a06ef593824537d1694f01f67579ea76743060cf8c,75.52819375649389,91.53431767925609,49.18900249118903
1198,81271.98226208058,12723.71542597967,True,0.7131224009009509,2.237166615609174,110.45265859074155,100000,0.04773,85513.61326073781,85604.7791520653,3c62a651155e4e62de7e2c3b3ac32be3f7a904cb54c96bbaf9bbcfda04b52eb1,81.0058072281708,110.04816887422272,49.69830316961344
1199,55026.45760378293,9901.619027217243,True,0.7065761092434626,2.7435137743771767,109.96334855523381,100000,0.03188,56360.843387634995,56420.92956955948,b11c4a11a1e453daa323480d5b242aed64c4ec066acd5ba69b2b50983ff8b06a,109.77542291073021,63.841026089928214,39.30330622189021
1200,8524.040027093159,2034.4660325735103,True,0.9918911183233571,1.1720876078125801,27.25526321490777,100000,0.32008,8616.382730461813,8625.568638783174,8596be2c7be51a1acebc3013c8829838f4a2b1bb2c353581d98963c75af291b3,23.242830666424034,26.037559804671414,27.30849615087439
1201,16500.173254979756,4019.688084702325,True,0.7797417221817751,1.5331371017110835,42.21229334740325,100000,0.17226,17227.275026764004,17245.64099006591,7146888fa1b8154c1c46f29858bd865a2346fc2b133341f3a815b170090e570f,27.598760152428195,39.84197414088402,42.26382202580584
1202,9594.75030923177,2451.1202595507693,True,0.8908582845174381,2.0594348723423526,40.238521716777626,100000,0.11297,9785.983565174653,9796.416382596542,ff6c60ec5d0539b2cefd7c06f6010fe7b3a4c59734df38fa3ea90d3eaa0118d5,19.387383449233553,26.308291298225218,40.179578569731575
1203,14270.505193504365,3436.3747403770244,True,0.8279609199759802,1.2855403292401733,39.97823378724905,100000,0.17269,14670.783264601734,14686.423757171173,77748e247299ec30601f822369c0bb2cc20d490fbec148e06ab712665f9b3f03,31.164672969405814,33.87803942273962,39.792787878567964
1204,27984.58754825262,6214.720118719816,True,0.7172575964949344,3.4910966543387913,75.09777707111648,100000,0.05094,28685.041853533516,28715.62291903441,37834ed12dcf40e2d14d7d7f812406f05d28c51d93975b158393134840b49af2,21.58877746612297,74.91443288881395,70.53250693178347
1205,20200.825442329424,3887.063938426893,True,0.9228019792162248,1.7480643460707148,44.51155484661989,100000,0.17725,20783.555261319,20805.712567835508,f91d95dd4f0e7d6aaf0e5784106905e68c7b44846026bcd2099526230ba3a8a8,36.02436628821898,44.43548529488005,25.64630601514232
1206,25820.57455784928,4880.233304518326,True,0.8656735364573238,1.1650912208456123,45.2901129695734,100000,0.21599,26678.36180173174,26706.803549660188,c03eb95545501e9581328503b44cfc97927930b708dc4701a053dde41a6a5234,44.73725514523779,38.56736182565235,45.190598561192985
1207,16111.052839102465,5691.174840775676,True,0.542040176318482,2.2968951521358183,113.34672302262524,100000,0.00962,18625.90055152703,18645.757586691474,ea363a56222b6047541282d437f41b10ec7a054d5a892432b1ecac156ce3476e,62.56761248880754,48.99423171668896,113.12534270422167
1208,104023.2511947505,21240.05790888283,True,0.5035957352136412,1.980758870974694,171.3955896052341,100000,0.01713,114675.75065499768,114798.00624242368,06c9a0b285b2231b583f7aa47bfa856b9453e96fcec32e775274bc0b9939a86b,85.67687248943281,96.2844852738388,170.05656156144323
1209,63786.76217759531,20403.07406798955,True,0.3783922419091422,1.3395408333743541,106.16061442482987,100000,0.04445,70709.43014157185,70784.81332301298,082aad7816ab56732cca20c52335ab47c397b2d6c538739ddcb1e708d5bfa2dc,105.82367888100107,105.2534802683677,78.68740854340417
1210,44784.505944918106,8223.308262215542,True,0.7416336250442659,1.9320606651786878,82.11087736210025,100000,0.06278,46210.28966694044,46259.55436393252,90073f9f6c331160ffaeb7fc61ff31d3d1446af0a3463fdca437069d2bc2adb4,48.51277422272524,81.99059775658935,42.43865414442535
1211,24817.139937049127,7503.749252633289,True,0.5483278413665947,3.417604691479079,116.20925996370175,100000,0.01311,27355.21924997734,27384.382594271774,88839d9f8ab21c4967a07c4844f76cd32d25d383d96387ffa0135880b10014a5,112.49260638576109,32.85408277294107,53.153820444823054
1212,98898.74851047341,19314.225124179637,True,0.5354686293765297,1.3729236507018034,125.06185243270238,100000,0.04079,106082.45910840295,106195.55340497232,e6559ee98d6d1cbed63c9602aba1c0bc7b9377839ef1bc44440835d934a015a6,90.6209907276027,124.57332957163713,106.40638567577338
1213,124046.05367185519,23477.89374205863,True,0.512326664904013,2.4955455553091483,137.84330714345253,100000,0.03858,134349.04308524355,134492.27233021203,f46fd00a6a986904f2d3a1e1f7832af29ba635920a081df191b8de28dbb09aec,137.6413882365041,119.67060551809502,54.87146296323227
1214,5000.2806018540405,1464.9553527449234,True,0.9652859533715206,1.2002467550813674,24.020742806944824,100000,0.27597,5085.532976969597,5090.95465346112,54c9b66a35b2a63a4515546b037b72f19b65cbf322487c81829900d6a663c469,22.079613444371894,19.974279785267107,23.885860706222232
1215,160602.73479780587,30726.762489306588,True,0.4650174802975254,2.1568759434595854,235.56556112101384,100000,0.01077,187182.99854094023,187382.5539596933,a331fa2905e0b6f59e448fd75ec875684dac5511abe8006c51da31e3caa75bd6,159.1332782279896,232.11489372178022,107.91962291103087
1216,41912.464183684606,6702.247367025904,True,0.8706143113875353,1.5955683215838867,57.902932912480395,100000,0.16805,43376.59976481062,43422.84347069003,07fc0591e233519278b9ddd562ec1891c46aa0636867f0d9bc0da32d3740b21e,47.031996533159734,36.132787237377904,57.81811416309688
1217,11865.990330715218,2941.5356875077778,True,0.8552885594226206,1.9566829080040082,45.25482149380949,100000,0.09996,12317.884217444353,12331.016289065847,266608cfcf14b24d37f96e8c14d070f593e84ad569963ac87b7658720af31a51,23.124595065074033,45.28796711502076,24.395177211506677
1218,12678.972310532161,3843.579827527234,True,0.684128350386746,1.7292990871621454,61.051910552345475,100000,0.04502,13621.300376149917,13635.82201712006,2a75475234b13e348e4525c23157e7ebb0ad1027c64d06180a9b8c6bd353ebf1,39.1710012039951,34.371510188893716,60.70908976555252
1219,62275.02615324399,11496.912334832234,True,0.660864135467504,1.3890765716888827,87.15087624350102,100000,0.07508,66077.6880912755,66148.13338182044,03ad09c1c9fcb269b1222527705b66a8666edd09ffdb3dca514ac97c52af2af2,87.04449089652408,83.6827139320531,62.639692300016364
1220,152301.38144571046,26629.56873592094,True,0.5179118959095393,2.9308714061765806,205.07076445504634,100000,0.0142,162822.6793730139,162996.26430443433,68c174a2df211d761cbdc9741762523c406086a546ae4e63bea2c454eab7fe04,135.17848242886356,205.12083055964965,68.19003446967116
1221,47157.10399035473,8670.053403051994,True,0.728048709199159,1.9914831837076261,73.47916886287658,100000,0.09375,49451.47886239964,49504.19898468249,cd916330a627b7dbcdfba8b857af7ff36c0833e6b7218cd5a0fe9d7aba4f626a,72.54632785192209,73.67650061519386,36.425647552751684
1222,24812.280233901973,4431.72933191751,True,0.9283007076554782,1.059528051818171,40.45322621230183,100000,0.28728,25286.002868077965,25312.960224944043,f076baf25eeac6672e0e953618f9bc264fb6d46b1e737b78f26c370a24699d93,39.63349531005059,40.42359738450962,38.082919988924765
1223,100220.58393849991,21801.415181756864,True,0.4785978295797763,1.3770054037679353,135.57370549871268,100000,0.03337,110559.9687595852,110677.83652019985,cfdfe539f3c9d8f6e761ed04d94c87c172e067fd7a2c03d7eab9748478066231,134.84552641644422,98.27107705705029,122.13549152593991
1224,13555.886693633016,2764.6143877936647,True,0.9944925041616168,1.1304806148174191,31.104653106451636,100000,0.34456,13786.57053592846,13801.26837108397,45391e3e4246546254363f5befbff5731c2698956b1c9fd5d114ba363ac9d5b7,29.98834841732849,27.52792175558769,31.051495740302915
1225,36076.71593683302,8570.108181197165,True,0.616097081659938,1.5109537242930042,74.41378090332452,100000,0.06878,37682.31596979615,37722.4890111597,9a3704ffc26c272252f2f97f527fdb8fb6e9588bd493cb208fd3f83f9b425f74,74.15943692562762,48.90671342572013,54.974634036489256
1226,41976.29683612478,8373.739744090433,True,0.6975372644273723,1.0813200829643326,50.02018775844837,100000,0.25962,43200.562332912305,43246.61836563918,cdf9fb145e5e48950add05fd95efd1b04a73a65916f23a51bf6584ff829d2a5a,47.272496780506266,49.69046484109532,46.319963908153
1227,10035.1960115372,2350.412772909272,True,0.9572467321314256,1.2501969402233835,30.155676435012836,100000,0.28111,10249.408933578528,10260.3358078548,835f6dbed25edf0ff8c8c20d6e5046109fbab2fdfacc0efccc969a706be5110d,24.177549172993686,30.13358975793641,28.38138004320666
1228,41322.68346523583,7666.270471362903,True,0.7539785627502309,2.2372153296982527,91.43530360736008,100000,0.04353,44243.1156261331,44290.28312283172,735fd18c1523df5c925857c9523cc72559afc2449a76d6ec2a6e262fc2abacff,44.60149819519176,91.05581138047407,40.25966065817234
1229,26865.80059667862,4450.729708942636,True,0.9746591447985036,1.1870980552218775,40.76762562120213,100000,0.30388,27375.60171176884,27404.786785764834,cd2ac8d2a7cc570fb058f01ee19991871633404f3a1e3df4e714f5534478e6ea,34.27824771470218,38.219649019877,40.55861191562468
1230,54178.90304898531,8393.30233711535,True,0.8249698227056846,1.5168242991316876,71.23878025055424,100000,0.11849,56956.91073316818,57017.63238129242,0e7d5dfe1a27b54f6a5f3d90780996430a9b20350befc35f05fff7dc773ae809,70.56048131750453,57.35974054353708,46.57652673608014
1231,44426.158307153244,8386.099622166603,True,0.7233524339089095,3.8372506104689066,107.07961138670092,100000,0.02898,47307.940496834315,47358.37539717132,b0af04a460a54336cdd0fd906ad170ebd139e8d19b8cf945430be462e4f1428b,27.318894994898066,42.455392795899,105.43263494203242
1232,235861.1547548681,44726.96235285581,True,0.41274865578858205,2.1811548898162063,306.0821915324596,100000,0.00724,276037.4803120562,276331.7633153451,9e8156192568ada17ea7f8a51722e92901fb894dd80b49e89249d9b15a1d93b7,304.7371037767017,187.56501483068203,136.00331752662998
1233,42933.53921345924,6336.6693414862075,True,0.9357378704931186,1.5038389421804066,52.55468287327369,100000,0.22465,43356.67649361281,43402.89895933283,4d6c0dc615ff8ffe8bc877fe4d1481b2c2a9579d997dac6fe79c0c2b116477c1,52.65732873826055,34.57882576744936,46.42159244030864
1234,133314.04558146783,27107.565239331627,True,0.465562028072273,1.2639417455644102,150.02071835473015,100000,0.03314,148772.11179544777,148930.71744499687,259f6fb10923465c7f2b9bcc78ed39822f7d9bbc55388bce1e789a19870b1b68,149.32482146783076,117.93620925347437,144.7099263231296
1235,58795.52099145443,10595.738928526043,True,0.6901058423869743,1.3267288279705576,72.9321722224435,100000,0.11987,61827.72313615879,61893.63754760194,9108dfd3d555d772fc04760de8aa765b7e29bbed6d9c7e8854e648942bb77883,54.4320435751977,62.14191432039253,72.41580674528265
1236,107933.31938376352,17472.118516292987,True,0.6274448802401407,1.5206702735963908,110.06094664452382,100000,0.06684,118481.75391875666,118608.06707861712,e1478f221fb7e5d8afd25c4738e74555cd51990c62e28cccb714bac78cee5e9c,71.95879275244991,109.81911350980684,102.83282295131659
1237,43450.18537769022,9283.393853265741,True,0.6438308326079136,1.8773723508410756,100.0332761915106,100000,0.0356,47380.40595899517,47430.91811461583,e274cac42bbd7f0d5b0b9b7a4e57764781c5f5d15cbb17b622938b5823b59fcc,59.028424940156526,99.44714371382597,53.67996608128425
1238,24038.629326117738,5114.170881503818,True,0.7876174988294266,2.7679838110363764,62.27067801710166,100000,0.07849,25198.83216987938,25225.696594239223,e5b3b2a02e6852ba2cf31c657197206183518744436f47ec70347442ad58badd,22.560958539399138,62.057838785597895,41.35162212073157
1239,27288.60643112379,5337.116427277617,True,0.8212934377856056,1.168674369333541,48.416158294924614,100000,0.18471,27872.54906947188,27902.263938047723,315f839c851c8216a8710f702d29b37f252fc526b39714fde3a4771aaaae35bb,41.48943252323862,48.45161934836327,41.914965164502604
1240,7916.080264669136,3033.771703353993,True,0.6331520552185314,2.327274645122646,69.77752722879039,100000,0.01892,8546.398877656566,8555.51017633303,e74df5967a9a2754cc69d0c48f828c1f327a9cb79c09d749948b44946b455852,69.47088770483575,37.93812332483306,29.931424643795093
1241,10098.194717029239,3769.941455874373,True,0.5993014736131159,1.6695106016637815,71.9134478848243,100000,0.02241,11081.217840856374,11093.031504937853,c3626bb3df6cfe9d4ff9768f0e6fbb21de1597d2191702cf6884dbe4b219c5e0,71.15849713798653,56.09459618945645,42.733723669839435
1242,9000.454696532683,2111.844436819804,True,0.9908285243043933,1.042043437224564,26.495126992815585,100000,0.36967,9141.711796217078,9151.45775680022,2f7a05e65775a12a10dbf4d1806daab3dc49b431a918528a190448f7847b46b7,25.240230841300388,26.559812361450383,26.055266486098922
1243,56375.713909066115,11575.147516991252,True,0.6142600814984102,2.277699220098265,84.39662892751662,100000,0.07334,58618.06886965776,58680.561475134586,831b3dea68537f22d937a58b0bd0052c145cc45806d6978f91c57d5cab8dacbe,37.04715303019407,77.10258433758965,84.27300105311107
1244,23465.191484271945,6291.538473173185,True,0.6300040425080982,2.3370648434490082,83.03951503834391,100000,0.0332,25275.968057678383,25302.914716453255,0813996309d6e46ecaae8f8ef628cc6faaa4d80326939b2f2eed1a4cb5efb7fa,35.33639519331871,40.54663820231636,83.24224822935548
1245,26760.232018995815,5413.39798470813,True,0.7992342449878161,1.890482394844519,57.351571279317966,100000,0.11179,28038.464130384476,28068.35588067348,ec4e893249a8e5ad568c7d63cf6427e5a2f06cbf0d9e90a71f07c930167783f1,57.379574976231694,52.56293910707022,30.524029635965128
1246,14718.133689096978,5776.390578214363,True,0.5028009263657124,1.7524707073985066,107.09690749884857,100000,0.00992,16201.594755023423,16218.867242647886,ec772cc832feeb7e0333578ef254b6039d94c3f65775d0b3a9ddcf8b766f8f8c,103.4363686683215,60.86953141047838,104.19462314035925
1247,34060.075625937556,6522.1363417355,True,0.7790966252930256,1.4709553077463355,58.13597751158139,100000,0.13551,35401.49352213992,35439.23498327349,4bbd84d7f2fd0976befc2d7ed3c8c1ac266a6b95f1b14c48915b2a315d9b3da6,50.5283398294018,39.542683922672296,58.24952434265869
1248,9878.042785852367,2522.8505350535934,True,0.8824833862395353,2.056178279030098,44.224022614813634,100000,0.08904,10239.415898761543,10250.332119483472,0d79ad91a3b4b7b9dd2d8abb8fc650d5ca2331d6f015723a32e711bc88669fc8,21.588362602128875,22.273964515224737,43.878522438135406
1249,30813.14197524336,5992.359216420982,True,0.7931894727288036,1.4107080378327865,53.88091484649513,100000,0.15385,31997.620648446038,32031.733247546254,5afbb9c3710b8d6dc552fd42a32657b69be4715e2675340afc613ae367ce27b0,53.90722388694752,46.10659339281382,38.121799615513396
1250,11029.903746110596,2485.221406799341,True,0.9641993928924466,1.361004346291767,30.56161116786089,100000,0.29564,11220.371413599132,11232.333429025002,cd17f343cb2fc9d204d465feb78ea81b8b983623edde8bfd0031b74baaf66367,22.570525825873823,29.517024848646898,30.561611167860885
1251,34655.59228227639,5582.468493313933,True,0.920817139155184,1.1211645079813066,46.06505633200537,100000,0.27234,35394.970485165235,35432.704992102175,74bb6493e6162d50c8fd3f89d2359c01a7fd8545e1cb3b157a5be39d08e2bab3,40.99295174076161,44.16442290424442,46.00882457378759
1252,8723.317209073002,2071.233228313992,True,0.9894098504383751,1.039892066866034,27.1248055364713,100000,0.33228,8816.970817717896,8826.370572596164,c603c34bf454c62e6660a6d19e99fa4d90dd543182ed6d6d527ea33bc4adee35,26.30364443136328,27.01222699786778,25.893063878809272
1253,30352.62209066376,6241.685833434387,True,0.753898760036615,1.7480833502920063,79.1295963987682,100000,0.04753,31311.218421006146,31344.599248070455,b5ed0d57b96c919ca516d7d0e2af80b7049ac593fb8b96205b66cc79891ee4d8,44.89677295672298,45.3797416847428,78.20229644097014
1254,24511.627532968734,4703.457555351848,True,0.8675909124325186,1.6705103794689786,55.35174861550165,100000,0.11245,25355.302547032577,25382.33378414719,5fc1d6863bdb6e6f077316764411ffde430bd76864c85546577a23035d04a5ee,41.311107304098755,33.17591378199623,54.797690584926556
1255,35163.34155157785,5853.729720121873,True,0.8867030813889334,1.1540340552204231,50.16305004406439,100000,0.21254,35670.38381987953,35708.41194441939,f24b86aee17d2abf85b5e3db751062b3bdac86a4b36b7edc719015bf5beb761b,46.97887206275171,49.75890437720548,43.26808003068348
1256,29510.82019411787,5819.785002761688,True,0.7935324725837832,1.9781658543581286,74.14170998728456,100000,0.05894,31938.405311770875,31972.45478151962,7d41e9ed933bcbaf8e6f0c5d99fc3e3dd0cef7a6a875389ead6fe6930a2a78fb,73.39956884727512,37.59578409267334,41.46939882345433
1257,44453.922316927055,8455.722178193118,True,0.7176953680237405,1.9176047026512268,79.3352745678391,100000,0.07009,46533.99608104262,46583.60588079256,5e442af32e08d84c229ef5660dd98ce42d8b181e534d37cf54757f5403e520cb,41.35273710994542,78.75420566231293,44.41303334571657
1258,252014.49463855755,51579.09163943232,True,0.3740768062671439,3.493986495263044,470.0929107139998,100000,0.00243,335639.2026210183,335997.0269007397,34fa0e7b0910252c7cafa5bd578b7e4890ad3e66a9ddc8dbe9c93bfccc61da5c,229.07847895145107,131.0085589794997,463.0920153151829
1259,12567.575573152928,3060.5036491800693,True,0.854133114764739,1.3083426912937268,36.07036487604354,100000,0.20784,12968.687993295562,12982.513885515227,4731c4744d56b8b1e57b82695697db8b4f162a9fb0d4567844effd73beec9bce,33.983285658362306,27.545923176822313,36.15842729029169
1260,91366.37928110831,13383.197029174147,True,0.7330189394750145,1.5682261420497918,99.15001540162808,100000,0.07198,93283.64380179122,93383.093307071,7bdde0004cca2505287d16fb848bf6292f8aba187253e56359da23ea2474c3e6,79.15540780354584,63.10646732227647,98.73850410723657
1261,12887.412583215095,2905.1689525949932,True,0.9150044760039884,1.4310007448613498,39.17630016268585,100000,0.16538,13221.129062991853,13235.224082128845,34968cc042029efef7113e761bd1b77748b7aa46fa49b0d8d503541cc1ac9574,27.287593838902037,29.248321752317707,39.20499374190656
1262,90804.42226489696,14718.270612106364,True,0.6637919896520185,1.4763838825836901,94.85338699522379,100000,0.08577,97321.60020166766,97425.35456415435,3780ed54cb4527cc720c4342b06f69036e1d7f35b47fe36f7edc97cfdd06d78e,94.5754962130112,63.52120130075656,78.34204301876028
1263,86370.05696920292,15486.035039597115,True,0.6101725850053832,4.243921893289945,183.843223397952,100000,0.01155,95420.16519103944,95521.8924374807,c4addefa1481597562f46fa4d472e841b976a905953dcfc5da9fe9ee3994c3bf,180.25253544096074,64.5426160269177,42.886279286314235
1264,38634.77117149403,7039.019173672219,True,0.7851588661543747,1.774673480307424,70.1698524418462,100000,0.08865,40723.55952335189,40766.974828359016,d8c5c1435076761629be6ad43b5a32852e5f1f08f0602a6d736996e7d900d8e8,59.736883658378346,39.53906724506372,70.04993326042703
1265,26934.39324862717,4443.673776537813,True,0.9778676681212134,1.1269699976452883,39.99006391930695,100000,0.32418,27564.988425398624,27594.375404189628,18ca4580f6f5c990a84210b6269795fb6adea56b551dad46aacbc499a9f20b74,38.05695047789513,35.48922908854511,40.107222309695544
1266,62636.71276015515,10182.826359554983,True,0.7490343905261752,1.8788805476707309,85.14084925136595,100000,0.0793,65073.238732373364,65142.6131814744,ac2bb45af2e08173919cfd64f83b0a1d80f3523d928c440d7d6555b3aff1f736,45.210289824638906,84.82905414912706,76.30665468793077
1267,34846.03686173245,6940.706040939292,True,0.7433318376382895,1.3318426024071477,66.84936820430471,100000,0.09052,35954.37702105959,35992.70791018078,be794bdf98958e025dcf7163beab561c7020001d960e764f5ca55b28631d3b01,50.07174356709152,66.29446622214007,58.80328946291745
1268,24091.167800152285,5321.104855338095,True,0.7580901884790721,2.0507558718687777,51.45447812359055,100000,0.14093,25526.32455327555,25553.538116607495,ffab160722e56e7d1035f7dac0ae00b1d5531b4bc4fcf7b5c43acfda4e3063eb,51.36654322445355,45.46234285382671,25.067727318267814
1269,23811.874586100294,4094.0434924791425,True,0.9776739947201261,1.0615544710307423,37.25371264934441,100000,0.35178,24182.1620606105,24207.942615009015,a46bfc9d2bfd4500c056d20c8aa0cdbc60f64737cea17580c493c3722ca92219,37.31737866217288,35.14363908131513,35.37101769855967
1270,15561.020572755702,5401.1282823861875,True,0.558073863360235,1.511963740377382,94.22514841448805,100000,0.01579,17562.968490989155,17581.692336418957,b65df79942aeef26c2074e6ce768317ad5f9e7e837a857c297dfa020fd502ac8,92.38481348451758,88.19805151883475,62.64040017886986
1271,32530.92601643942,7283.797931182122,True,0.6765873175701984,2.150531384959212,71.20319554833982,100000,0.0718,34461.81927460026,34498.55895090601,cfb55aed26c28ff4d0de71db536964a3843616719aab66842ee6842ddfed5100,33.02882606002092,71.16842836301348,60.807807135764826
1272,22039.79592043608,5935.105548379832,True,0.6405121764144657,1.5412783633562404,68.16152680867899,100000,0.0556,23410.35627919072,23435.314012995972,00a3786790355caf650a62d832002c82fc361997741df5ee7f3adb05c9e21287,44.23177203551483,68.46106476828746,57.96059518423557
1273,8745.688688377437,2083.198525723165,True,0.9854081299670238,1.0528165147280917,26.45939509336122,100000,0.36151,8903.799064398128,8913.291386695772,825cfe01259dfecc5e4358ed07b685fc0e43adc484810e17c57696edfaf56cec,25.051155803724317,26.523993225913365,26.17516331013175
1274,55387.34759897348,9746.381708950361,True,0.720965395786531,2.4935301197901087,84.48705423151597,100000,0.07338,58838.760214622496,58901.488098698865,0eb73ee771874d4b523da143b410515b8c018ca2c5a3b70727c9ed52a3456369,64.60289400710646,83.51759828696488,33.116202531420626
1275,37779.428068928515,5602.304604417132,True,0.9718986798294551,1.1789709766930763,45.95357578492302,100000,0.29735,38365.527764209546,38406.42917629477,603fa1d3518998385fc181dc0c9a0de5fd801e33c67bfd0b533abfa25586068a,38.762110433815685,43.40683220504569,46.02089059320171
1276,36375.3379179908,5613.55616622181,True,0.9457668259958227,1.4106831047564163,48.01616126689461,100000,0.25424,37421.52583827454,37461.42085180273,3d75b61eea3536ea6e28f3ace607e1843add3718249ac26e37e82b2f594319c5,43.57325962623224,47.699648485105996,34.030985390086684
1277,127810.71349725935,29516.108397041207,True,0.41572218451905596,1.8512150672118388,143.1759920409633,100000,0.03634,141811.29646255844,141962.4812008632,24006ddc81288627cefebbe89e94b3b9bbe1fbd70569f59b7e2bfcd656ea97d6,77.21576328576364,143.80518341223706,141.4282382318695
1278,23255.093158554762,4864.156053048624,True,0.8100068294764273,1.0781366532124823,46.67437757972661,100000,0.17558,23737.006671620224,23762.3126467527,098390a1219dab21a852c3493857d92e924bb41de6740cda9cb541fde2a010a7,46.5832166860162,45.58044685520176,43.01654671959667
1279,5980.99152143707,1846.6171111202866,True,0.8628912401400527,1.9259327942871405,37.50227249547527,100000,0.08749,6135.450738751753,6141.991730460156,fff9c64535f13b77efd9a4481850a231049742d9e3c7389e10c5fbb3c2fdf8c7,19.529381648644716,37.25506513283419,19.42866753793909
1280,13275.198605879443,2728.6118597492914,True,0.9936567341143555,1.1380872804549766,31.228518082052748,100000,0.33274,13473.314302769693,13487.678176084257,23e128f03e844bc76780ab758aa095833a8106755f55e81c76950fb28070a911,27.492684620088426,31.251390531819876,29.962909194938305
1281,28688.24252715854,5173.9362997514445,True,0.8759224875866956,2.0866016726900125,58.42494165539074,100000,0.11177,29637.080150544865,29668.676182161846,9c331c9458f3946f5b48944fb207ade4dc6e2640b117e36ed55e18fca2e61d51,37.043352900158624,27.885927962961155,58.481997262476085
1282,24260.235635211866,4425.649616718571,True,0.915736321508581,1.3983884603232553,45.017642187256484,100000,0.20501,24867.869642305606,24894.381228179594,b73edd8957b4cd11a8601fd5ab83b855f3bd24aa3855789bd3137c5ecd9d114a,39.11567103135884,44.929717104859506,32.290486510292865
1283,23405.317813317622,4328.734420516521,True,0.9141122832619617,1.6167525967172862,43.773343790993636,100000,0.21461,23932.85036339182,23958.365127090718,e42cd07f18329bdd51975c9240be7e27225a1debdf9557f11db4a3a3cd994349,27.091168581584192,40.428359267902565,43.65578842436743
1284,25389.25980629257,5340.250868155521,True,0.7822684682304895,2.470464498154421,74.49309967928349,100000,0.04894,26898.45923275475,26927.135626112322,1f5d8f9b60aac729d8662ea4bdb986eacec571d527be20d414cca2d05b58e794,29.91727269834506,74.29304496823072,31.235815112101903
1285,47106.68456820082,9550.970763588692,True,0.6604272253150831,3.031376476217873,98.19264639570753,100000,0.04022,50628.406977735656,50682.381820718176,01b36a059fb2e3066707eb158327e977d9f4fa21c73455b4b4365f03689a7356,32.722891193882035,97.64127167229412,70.6718558531606
1286,36859.80385884253,5650.138334436635,True,0.9479681006454395,1.0883475482296194,45.29173761802247,100000,0.30422,37580.28001640582,37620.34427744444,bf866691f20b3cf1305f9bbf8a22d2e7973f4bee2fe9a62f069ecdd309b4740a,41.57639976654406,42.62686731383706,45.358082936798866
1287,238270.32959964956,30917.684898778734,True,0.6011605431571649,2.007926317541554,177.51044959390288,100000,0.03511,261106.63208014503,261384.99733612506,460ba04b62401246dc75ba9e634d439fd86358c162b4d04a17a378386c4c1f42,148.3009664331874,177.16374949703982,87.47676818976879
1288,57878.82618137671,9145.4323953259,True,0.7912122888532066,1.1283539338965194,63.422700134314425,100000,0.17675,59952.72212553119,60016.637602163195,86b8dcb5a13169652d744595f6bed4b976a806b16f16f4b2dc7cf514ac2abe2a,55.72712348227481,63.2988276731146,59.55168572181965
1289,84163.92547132853,15298.781044775458,True,0.6070781716534129,1.5372058488781584,109.96121279802196,100000,0.04954,87576.96033265389,87670.32595415015,9b333a64d412d47d044fa8f517616b5eb5dabc7dcf6a53e8e25df6b09d0410f5,71.30297392371736,71.38351192137216,109.55852280974796
1290,81976.07727130204,16196.750536009764,True,0.5634399709649625,2.7874547366863793,179.1146539031874,100000,0.01125,85953.02758462017,86044.66193467574,2f9556f318ea9245b1fcc73d91bbb5a746021c7801308af6c97ec0bfb606224c,176.92819572565824,96.33534730193404,64.10695376515446
1291,102867.26567344478,18858.005155825085,True,0.5629975500688686,1.2061382839692232,106.29022512827137,100000,0.06845,109287.0579727657,109403.56868574738,f031b6b59a13d589b5af454485c2fe6b05803ad3db9b7f2c86db677e57a299b4,91.73240864952132,87.89184387437871,106.16047631830034
1292,7915.032366732408,2222.173846805971,True,0.8643199869073509,2.2841684692793445,33.16420204562874,100000,0.16656,8077.8292871798585,8086.441044757117,37353a7e7e89908a981f2b5c42c23d894cbe57f8a52139ef04ba729720e0c579,30.654216050964457,14.61054750765065,33.13181512956855
1293,40338.42456318159,8558.27935245122,True,0.6646254305081931,1.3587883989456104,79.24320008446547,100000,0.06389,42270.19057676467,42315.25474203114,c0e832c92feec5cac48c30cd5767ceec73dd716f76f1f5790a81ea9c166fa508,58.3489969371943,79.22385360006986,66.43582741456407
1294,28271.13552585171,4762.510942508293,True,0.9423458152676611,1.237029660867901,42.254273006236446,100000,0.28481,28568.171040547462,28598.627510309394,c38629368318a4842a589d67d83109bc8f6c884f199d8e9ef8f3706498c1c4fa,34.3625447714291,42.27490497547777,40.66561137465432
1295,30310.214427668776,5658.705366774588,True,0.8307934202359436,1.7981363090796905,58.25827737127702,100000,0.11854,31163.996093968835,31197.21996760603,41fe373cecee4ba4c4956c91f586ff8426bb1a80a9733388292e689d0bd14e0d,32.244022168135984,57.97381312630008,48.79984122579381
1296,97129.15836575326,21466.355566225397,True,0.47602039037740185,1.471840903973889,137.97069768464473,100000,0.03073,107309.56716775833,107423.969681765,ada58f69df5f666374c532be972b5c678dca5eddfe420005ac4091f7d1d3a789,137.80227642282264,93.4064318065234,105.70118391953494
1297,37056.759399907,8343.29633671053,True,0.6442554195154028,3.107442432632495,97.28075407211728,100000,0.03359,41115.548715906756,41159.38191980466,436b8498f966ac29ce1eb92089b335eb34ebd06ffd4f08ded84957400d737184,31.528369392269454,72.12930911060062,96.33074670813176
1298,39013.236825116386,10606.628384680867,True,0.5244628863650349,1.9415522193683727,111.28015896199156,100000,0.02254,41297.372919657384,41341.39996597367,85658c19b76c2761468c2b41ead5a62f7c3563664a404a85937911b8512dd504,56.48228771532727,86.33992802275614,109.89459057647846
1299,43960.72188482896,8354.998642731965,True,0.7209651701069404,1.4434443115428524,88.23794695956309,100000,0.05121,46777.41968759234,46827.28900076027,37f54ff04ed671e32d3ae790d255c3498d323ca0d54bdbd813d6faa41e9d67db,64.26118061044353,61.115980352607544,87.35470579126668
1300,22060.746847722232,5805.284390281232,True,0.6552506070184011,1.5508594439895194,79.48124705476661,100000,0.03484,23258.808639906925,23283.604809078348,503bc9a86e8d30d43e560af281e71a09d0171b97aa4ecd6ef999cc9ddfbc5775,79.55886546009353,58.679514427151915,50.665414077147375
1301,25097.633625850733,4532.486893984746,True,0.9146102923688627,1.291604216980867,44.51706093406335,100000,0.2193,25723.69699638731,25751.12097808439,e77280ce56705eb0e471396b99219bdaa6c142e7ab493c88d32be608918a4bd1,34.637664354702125,42.43032370277913,44.56053462638178
1302,21003.540245283493,4637.539562663123,True,0.7938251103235969,1.1201723738181817,42.92231085014487,100000,0.20479,21531.45279346948,21554.40743204272,6dc2d1a8ba8639ba66cd5f2d61ca387ea877817030b24febe1ac2d8f35de1826,42.6603338552099,41.95823550878419,38.269599420099865
1303,24610.580067689356,6818.571450425226,True,0.6000746706822268,1.4666391540351023,72.06780404719483,100000,0.05164,25699.54310088865,25726.94133216627,d2f4a3988bfb4bf9e7ce19664a5db9e5d42e278eae5f5acb3cf5e45f27ea0787,49.106748314384944,71.68072111530071,61.10631920310245
1304,22087.359171183703,4035.645701335025,True,0.9433371876790655,1.4323398789111923,45.024169471930364,100000,0.18547,22507.4402003054,22531.435337092633,a256ca67726763ab21d84be9739f0907c9dcedd11c3e65a46a996fc54eb7198f,31.43777458245138,32.41608295232487,45.024169471930364
1305,33420.39514250577,6910.877519450261,True,0.7260368245866362,3.100312693789433,93.370565001773,100000,0.0336,36365.07934018876,36403.84807822741,bb14f3bee59706d74726da53ac663d2eb2b8feec5629e61c9091d112bfada413,32.54064490723412,92.96024513604254,29.964747972370752
1306,23517.735621629505,4295.7617034794785,True,0.9240758315212654,1.054507728266707,39.224809169149594,100000,0.2971,23839.68274739527,23865.098185285886,2537c2b70e431d37e7aca64739045da9ff48ca551d2dfc0f591c7bd5b8814f37,37.29038254508509,37.81708286351849,39.35887834111446
1307,28323.35139148918,5198.686012527678,True,0.8643446804402485,1.8145368931730506,61.954150176815745,100000,0.09357,29584.42573334962,29615.965630198203,bd1dea5b979ce52fcb09d7cadadb68944e8aa2cffdba17e7fe7dbdb78cd77619,36.921406391993955,33.866050353000595,60.986116580303
1308,18276.985563695718,3544.2907365444075,True,0.9467264207897513,1.1261342617903105,36.49649753336294,100000,0.28905,18682.794663177625,18702.71235304022,531c07920119d482748adc44a0606b20abd458926658a828cef0d0618236d931,36.54995919967158,32.41559033847031,34.857006433231405
1309,19414.826282250084,3526.1781214296816,True,0.990684916244205,1.0669903989103382,34.466890758392125,100000,0.36328,19777.122954462255,19798.207305518023,d32aad6452ea9ac1cdabe503138ca12793eb6bb177ba6d8764f21bc8014d702d,32.32112485424418,34.33225446636716,33.389800422192366
1310,41759.38199092291,7709.617137797606,True,0.7550122909739242,1.8454223744134317,66.93514396337973,100000,0.10861,43305.96501647538,43352.13341879146,c8c6a5dd21650ff1128004e88604a3b0a5e8b37a9335aa9e83bf9a1f12e4918b,36.26198350945792,58.01263697997999,66.42855473904751
1311,54702.692402716704,8278.3851997915,True,0.8418039555188884,1.3019196493135323,57.43634974590137,100000,0.21906,55187.26595327402,55246.100986653066,59bda4fa1c18cfeccd373bcfa6ee620943c0a29590d5af7a97591d57f9949316,53.14545057054839,57.015673356160875,44.04481800582916
1312,28317.867632168345,5629.481390618015,True,0.7980977778160165,1.990141127949905,63.55713578182231,100000,0.08552,29192.81304420542,29223.935443552717,5bac97680d9c1052494cbb29436d1043233993259f10abb57ecd7b094c8a9bf7,31.732017254352204,63.433000750998445,46.1471977087743
1313,12963.745133733168,3084.229583359167,True,0.8652821581647584,2.336787297056746,43.223720846188655,100000,0.12551,13475.971391958674,13490.338097990683,ac0ffdfb20022b10933878c14859afb7f4dbcd96ad463f89dfeac56511ea9189,18.614903215985546,33.53637325419618,43.09708885152209
1314,35711.55338787708,6981.686369016292,True,0.7511550938178911,1.3931877341031191,60.36674204675417,100000,0.1255,36707.28308963861,36746.41665040716,3b88e270d5e63aa4d407d4f54adab56c9b6b90abe00a54b5445bf9bf330f388d,53.15987269595759,43.24121610477948,60.101458512369014
1315,6312.791304809813,1832.163534176658,True,0.9015728901415452,1.6063442151569907,30.963567301636598,100000,0.16568,6539.406835620612,6546.378484112469,b07088dc7269257657a44a9632cd6295f5a9b9803b780fc619302eed40865c70,19.36734849286937,30.78969961415182,25.10498217986698
1316,14945.380881634448,3000.3764962947325,True,0.9779418418373605,1.1018089884945688,32.317094398490056,100000,0.3387,15199.434099820639,15215.638185983616,b073c56030f2479f65fd05a1d22f5417c201aa417c8e8fbea07591a527387b56,30.25782642046127,32.2776448203669,29.382045786127186
1317,13681.21943774868,2822.9806259244165,True,0.9799248385693706,1.105259525850478,31.947272712527568,100000,0.31944,13848.60301635147,13863.36698420975,2d97e1b80d05a4e0add98a4695f8310f8120932491552a65639a5a7cfcad120f,28.858620370203127,29.833573761088367,32.009669729544214
1318,8446.345819343716,2564.7981949463115,True,0.7820061424248723,3.2022954037768456,53.1224034241979,100000,0.04482,8933.47241612156,8942.99637311987,7c86c281582958c3c54cefa5e39f6a8a805e6630ab1db8bea9d7fe3c0a64a716,16.65911308554253,52.53878326939104,23.02057277293732
1319,13244.73038910218,4196.083131018496,True,0.6451620139542247,1.7578257038400018,41.50733150738817,100000,0.14442,13731.471604874305,13746.110699170084,5533387e05fb8621db7b7976289a1a72752365285804437cea30873110fc935b,32.58974075384774,41.52759875910076,23.722818129588802
1320,25142.703879404722,4435.714080177212,True,0.9356826295082276,1.1662025918706784,39.83144662188718,100000,0.30558,25675.473835690413,25702.846406772747,6c68891ddef1c39d5e7595e0fc5e5784dee904f5a8b18b62fb298fbae1c752a6,36.26256456372493,39.627232662155826,34.123180223682155
1321,26750.22049480212,7307.498789277117,True,0.5919253639369697,1.2330288232476954,88.10848493130342,100000,0.03123,28401.44824009238,28431.726967011622,b104d51d2f7f2c034c99841f21f1997f968ef3e6cbeec1e65cbf3cd724c8236a,71.22245937684221,88.10848493130342,74.57815362715552
1322,66615.45643398042,8377.886221070168,True,0.9485633452535656,1.134282250250133,56.161450790909456,100000,0.28839,67921.99808263424,67994.40958835634,cb81db30b31b823de99c63d367b6a016046462a2db741ec7916179672e60b7ab,55.70897816490847,53.61115053526757,49.58003077634976
1323,177063.39807293983,31237.533188844052,True,0.4881574522621511,1.3276675519492713,137.34667802639518,100000,0.0567,195322.75423532864,195530.9874312774,27e51b10a297867a70c08f4b916a17be68d5d80b0c43d947862da39c41d005c8,115.11502579702507,103.1106042312415,135.16710427841772
1324,14837.758951433303,3227.667655204985,True,0.9047061070599663,1.2801619449507535,38.39816597639117,100000,0.20174,15185.838003248418,15202.027594640138,cbbcd47e0a98a7db91e7a9e736355a2941b54150edc36611149ef2015606b83b,31.329753587182445,38.34191866294918,29.89544709441197
1325,27124.37867694025,4924.572941667433,True,0.8865204315627185,1.9519214998369359,53.01895010814897,100000,0.14005,27751.840147439623,27781.426328476155,4951cc3d3c4619a71d7b9c74c95d5336f3f67e10b86900666a8a1ea28babff91,40.281975765761615,52.48824284388284,27.208455353351837
1326,11490.79773172277,2687.4263408734596,True,0.9163210741835888,1.2810568283300523,34.977939524997794,100000,0.20817,11844.483068825231,11857.110448433095,ba96d38e28d49ca0a3e2050d3c250f223e54a75cb27ed6b70b33d2660d3b0c36,27.249659429752917,29.521176010233738,34.9608604529641
1327,21814.344243794476,4516.9272157293235,True,0.8358643577748032,2.015746703866955,57.52597184797965,100000,0.09004,22789.913729284635,22814.210010533705,962c0a9f924b88134e865cb0e3fcfb885336205e30dd6ccf87148abca57d1f62,28.390808615891324,57.52597184797964,39.675505485972295
1328,76732.90269470774,15437.02592632867,True,0.5656853206651327,1.9420329415382918,133.68476285628967,100000,0.0253,80367.70242849762,80453.38227462342,4126cd550b73bda2c8cc7b93efc7c7cac099280757f5051e0b260299e4e1bb62,133.16255675138228,67.36458753305222,105.32244378350748
1329,15779.258955375766,3393.286465960622,True,0.8965778427361916,2.0648224378202475,52.39820213954198,100000,0.08407,16080.720625356314,16097.864249313932,108dda6c5bb40b933e5074c3fe72a85db16a56d181ac5b8ecee4a6bb29e5dc96,25.476323134984828,25.066962180769654,52.28306937116896
1330,73064.08485664775,11703.68771195057,True,0.7221554593821667,1.4145009307216747,99.2716771722385,100000,0.05857,76184.49680448053,76265.71694349326,6987ce971685603a976122fc9685e3223368eac0b67f3d6f0f81d19a421e1e16,70.139705502065,98.61729844087853,83.90589510993401
1331,15875.198742623252,3089.381125766068,True,0.988762718401212,1.1358290461974774,33.46131041381473,100000,0.32382,16130.499073332878,16147.695765993896,2e3fceec30c968a4bd19525280b45bc309328ddcf63bcb46c19c959d4a63b2b7,29.47470897779383,33.42863335286374,30.52854419346329
1332,75840.25454627162,13512.957467197899,True,0.6412099250303439,1.694819442862955,105.26875318508607,100000,0.05267,81691.53514447159,81778.62632599671,cdcfa7df5cfa9371d0b41440ce4b62d93ba04b7890035a2c639365e5dd38345a,104.98604901393472,99.87167355401476,61.55240817340848
1333,12139.095668663533,3061.8354880392026,True,0.8342441338125693,2.2151462814666303,47.05091432980534,100000,0.0919,12727.26290017916,12740.831409592001,45119232e08a6367bee6fd2f719317628e0b8811e2e411e4cb555930c41b2ec4,34.059072506804895,21.124665881960944,46.82117353717934
1334,6396.9137496668845,1796.5374847707376,True,0.9276016333863847,1.663255996414772,30.91768329181137,100000,0.16767,6588.575065720102,6595.599132363309,3f828edb49aa3d1a798626112a8ded52d435ff98abe7540a250cae55a4a7ef74,18.576274067663032,30.895038504244127,23.226003781470602
1335,41646.95129036887,6672.734578593189,True,0.8707679134447787,1.170620027597365,54.14902381779473,100000,0.20222,42688.54011091416,42734.05027777864,18e1e855bb4f10170dc5f88453a492f4b0326aa8b639d45ac2221a2a4d197492,46.67973708511552,46.28313778957504,54.122583864758695
1336,31590.33277856452,7597.700455217935,True,0.6360697732154716,1.7464074670375884,79.20932922313206,100000,0.05175,34194.37438240466,34230.82893624809,a2af4d3baf4e19c2e674ac941839a676135192e0e6cbad91d72efa6bd6955bfe,79.0739617171355,52.00046051782277,44.9420119908591
1337,38482.45601403237,7089.202676656537,True,0.7775504662567626,1.4507844172410265,57.34956915202426,100000,0.15914,39910.31301724796,39952.861321788456,8bafa273617713cacf6226ce9521b600e98d9db51d23e3b4fe7927eb6836d4a4,55.24936520358587,57.34956915202426,39.56784238857924
1338,47440.15811908763,7953.355628610039,True,0.7968277942268963,1.7541682749323917,70.55382292324633,100000,0.10393,48530.84813245562,48582.58677216651,278b3dae812e8c558301f7e5a96e90b5713cb027066e4f8e3c068f5547df1aac,40.0482515372431,70.4504725966986,44.92294193941074
1339,12281.071742266291,2615.29146245968,True,0.9842865274423052,1.2037103755252363,31.286360045888998,100000,0.30748,12519.797102502771,12533.144433045445,ef17b0ce8b69f8b78be7013ae048eecba5eed0a59049b9d44cdde701280d115d,25.97776135646203,31.248168688411102,29.880918090702572
1340,30617.681159931923,6293.4531007166,True,0.7520441231035144,3.172804902015643,85.96118817137787,100000,0.03949,33351.06176201992,33386.617261972686,3864b488f75b12239f2b7e815b44e926a09b765e34cdd392f3fe6d092fc4d78d,47.57666347278165,27.07273748561461,85.33158962520079
1341,62143.83427182663,10022.02411800363,True,0.7570549058091587,1.0686380758890426,64.29515825304496,100000,0.17991,63577.78802261524,63645.56817471853,df1b2ca374d1c89ce592e4b1287984d51d4ca13f7d118784044a5af881f14861,59.8528902389796,64.48352297448942,60.355196162831504
1342,78828.64632942584,11906.219820001126,True,0.7467345982463587,1.4404033997608434,75.23149498688423,100000,0.14319,81063.82033409888,81150.24231012547,b706f4f7b94816095ee602502b9c8641e984a686bf6bb93a6b4f3972a1cc7887,54.127738214440384,74.69885012491655,52.03389289498121
1343,11986.956169715799,3618.360457958067,True,0.7000218145283958,2.3074909874315424,61.82696731372374,100000,0.04026,12650.943182815286,12664.430327930746,cae3ca701709bb5f894948258a24b80031c33c4dcf3fa17534643fa568ce2963,26.830428320347643,40.679608620724,61.44960545267807
1344,32743.79700089614,8412.29534449923,True,0.5883769339730851,1.549171521901397,79.30458803704856,100000,0.05271,34954.513194503634,34991.77813080776,b575b466fede4711fb8d1ef3b6429e9a894bf9ace43719ae6d43bbbdf95c9799,78.91735860327393,64.20264011983717,51.249815560075085
1345,64368.83603193351,11655.177634140779,True,0.6664214976115168,1.5282636949673039,93.4583242354407,100000,0.06179,67063.6930856087,67135.18955409755,213eed80cfd51064c5ed51589bcd5825a1ae9cfacfd3d452739c10944f3c86d5,85.40393252276722,93.27578844591835,59.848921989638896
1346,6696.582732474027,1736.8198042123183,True,0.9892320708383141,1.094921923575186,24.19774926515862,100000,0.36193,6818.12252314052,6825.391309866992,8badae6980a007fd9f103e7ec83e5e2895f18f8fe257768b880e450c4f7cb51a,22.112347534054862,24.085503846204027,24.268641108708884
1347,20847.708434770815,3693.4029476922005,True,0.9918126642837423,1.0322833809510923,35.114409663893525,100000,0.36878,21229.45163157266,21252.08430731384,ec4d0735860e42bf22f200592d1883ba7bda5b2574cf12a6d34e03e10c8fbd44,33.70846162071028,34.40286278838006,35.18299249526832
1348,31493.64772015873,5430.1620792666445,True,0.888150658389064,1.5954646609147896,57.1557935436859,100000,0.13221,32821.64798388104,32856.639076868356,fbff7ab59f80d4ea6efc0a94b341e201ecbaa289b61a14ffd5b22745e8cf01f0,35.638646657854935,37.77361648504828,56.91857467399775
1349,293300.0396652168,49415.69999238245,True,0.4320101201564714,2.622087653854668,284.2991584409074,100000,0.01125,343711.8825194952,344078.3130670409,b42db647a35a2c6c812c0326de3502aeb6dbd3e3d49857fa2383c4c7a06159fb,200.52252654682164,283.5356597243913,107.86154595145754
1350,40517.96576072073,7725.0167593422575,True,0.7384987812524929,1.8855821225198943,82.8286117870849,100000,0.05587,42211.921403669156,42256.923448287234,61e6d91e49d0fda6b5b84b2681cc3c1cb88649dddf0d409ae0a58917cd276ed6,82.42417520609327,43.41626696945099,53.95183990428284
1351,152195.3790181032,28103.10682661271,True,0.49052833738504775,1.6492654837505873,277.81867919711283,100000,0.00625,178188.48926094366,178378.45565142058,013811b560b71b33ae286527a0b1127202a654d1a257b3d0aeaf1fb545413b29,167.2609528564649,190.05076638435307,276.05518172174055
1352,33441.68016988318,5689.120288878634,True,0.8823300437497519,1.814786382232249,64.08409601619064,100000,0.09818,34354.93385612831,34391.55958210414,100af8375253dbff0ca6ea175afbd17ab07e384a53bc55fb78140acdedccb68e,64.11538707869855,35.12421766512402,36.923453759328595
1353,78728.45726304126,13572.714398552955,True,0.6544933546799465,1.8674097634283162,101.27959477800547,100000,0.05984,82655.689233158,82743.80829742034,7435d630e4200f52243a036275d4d458ddd158edfd6dcb5278fb0c7b6c2ef27c,101.47740648655628,53.06299081874994,94.45509083300314
1354,45486.714732194145,6897.7164714425635,True,0.8933778208342937,1.6407577095549377,61.40453544803907,100000,0.15227,46873.8903351285,46923.86249545998,6e79c643cff7ff8a4fd1dd032d3d6161570e91e60a5d07dfbfb19db1a1dfd3ea,45.573678652841494,37.40339744698669,61.374552764714835
1355,55416.396148612104,8769.551054877928,True,0.8015530724307885,2.0022709364196993,82.39973449946862,100000,0.07497,55767.38104089258,55826.83453380129,d85ce00a8cca2a2326aabb61ed86140017a1a90d9bff9ef77c2be73a4023a5cd,82.43996874482968,40.72711486674175,51.620536798251095
1356,11734.86791999926,2928.719506143102,True,0.8526912673774489,1.238620013473224,36.19473656647337,100000,0.19235,12126.731238246497,12139.659522060818,25f3f2d5b818f61ab6c8f015c24ed4ef04921ca8cd017ae0985dc41553b27079,36.21240977768747,34.55996452916928,29.22265474251158
1357,75643.2918604825,14918.156077572838,True,0.5798058481173964,1.477566711485425,91.93838630273927,100000,0.07692,79477.6847926376,79562.41579274954,d153f4b1f6cf873495aba32888069aa4be3093464cce49f47189ec906ae052ec,85.72087336185578,62.28735888430212,91.7363732468983
1358,7255.184562353301,1894.1587405387172,True,0.9568269415221533,1.2184935449678747,28.206006036995003,100000,0.24718,7374.853763894612,7382.716080678555,1192a99c357894f02d07a5b1882c4242a0f3b71ff604a8d4848aa2656824cbeb,23.158398023050346,23.44761976464062,28.164688645339247
1359,28875.54045446217,5631.079368886547,True,0.8083123670767884,1.4220566129590817,53.386204451919625,100000,0.14816,29973.2203860808,30005.1747761277,cdf0736c14f7527c4e10f7068c55b7cf9d8e82b964b319dc0d831d5b4280954b,37.66751241846868,41.173588833890165,53.646879278345004
1360,31719.67919844692,5385.38849555008,True,0.8998144099072674,1.746425342698789,57.80521094576892,100000,0.12833,32956.75678708757,32991.89191929861,b9eb9697dcc210b86ee9415b05bf4c705a71e5426f5da58d18623d2176fb7840,37.4266160713328,32.99525956816595,57.72053534379758
1361,38312.13801640312,7060.112653624052,True,0.7784488582353504,1.3923214888900424,56.333627604587065,100000,0.16793,39915.97529979854,39958.529640887115,59e23662b4ddb0d6b35f0ed1f8533531b591aa866d7a0f80ef099ca245a7a741,56.251107642275656,56.141081025860444,40.59982145721216
1362,13745.486791417386,4027.6611626852164,True,0.6889768248394894,3.1962928216879485,49.265690157526336,100000,0.09043,14376.77731535556,14392.104368773067,e69d58ca34713a563a16fc59c5b596c7e4209291e0e12b8c2b4e6225fa02ed60,15.29930612313806,49.1574403500513,48.964996247873465
1363,46069.34729926091,8064.460967300897,True,0.7706375261327653,1.9735607790488814,83.32288181134894,100000,0.06197,47663.90760503425,47714.72200119028,8aaac3c86eb49c1917256d87ecf7de93fef6c76e9d9019f911952975b90ec456,61.04784382711381,83.18048430825337,42.51582592424787
1364,11520.563875431819,2958.7169168501564,True,0.8337385201182403,1.452269721476137,45.172352724680096,100000,0.09419,11543.519221271017,11555.825743925541,1aa6187e95e523073618c0ec135500f0f37f3871f9ddb86660755dc022e9dad2,45.39292085321857,33.39401466072542,30.83542436967909
1365,53458.09889607731,13170.742427438721,True,0.5210541684624656,1.4303636392510382,110.08512925846628,100000,0.03258,57789.954385376164,57851.5641396647,986f80eca09a57dfb40e25d122af611f9f014911551030ba29e471f0abfcb34a,75.65665011293521,94.17438792032857,109.09070792483266
1366,112278.50305732847,18445.22246285598,True,0.6101893680122232,1.427696213916982,99.28544896350223,100000,0.09051,117779.2212702477,117904.78546146276,1cabae45186e697b64603205c9afee457c38b36d80b6d655786dcba3c4000e77,98.53402100503823,69.47072674057554,98.04922877377112
1367,38313.75218951841,5659.191664698451,True,0.9711795127703272,1.2005889406012276,47.061222305820195,100000,0.2796,38747.35636485844,38788.66484364787,b294d06071c6845831be06381638b885e909a7edfca70087124baa8bc8ff2851,39.07598072805041,46.93483718732311,43.22371052599989
1368,18403.481274365102,3397.8505888386017,True,0.992079560718633,1.0888884648164114,34.05976040114912,100000,0.35705,18757.247313605138,18777.244377288807,4382ef59d65e869c494a46f1f6c2d760a6b8cc7190dbef606815d5fab67a383b,31.274111051934046,34.15954485544936,33.11180808529682
1369,91561.57454997784,14728.430344214446,True,0.6670163726813834,2.702732059745913,133.63844258968035,100000,0.03095,98213.27027440011,98317.97524456031,c611d0e5fca2e10d71d819de6f15bb2bc52ffaedab001fbbde2a5dd2cf190bf1,134.1604677560463,70.57127717809537,49.39663136737697
1370,26208.007840826922,5771.23515897168,True,0.7393294859427392,1.3596220912416188,50.984983621958506,100000,0.15304,26967.8988779369,26996.649300760702,e716afe74b16ac0b3c3426694247c4289aa13be0fa3995232ccb90fbbdf443f4,37.62880993388197,51.15924870269762,47.58681454754574
1371,13835.752504520811,2817.671296344478,True,0.9891503745566156,1.0914183862482085,31.111022107504308,100000,0.35072,14041.667097010224,14056.636890097083,a35e098ed846bb8286584c9bef5cf9731dd4929caee22c549bcd798aa40c2705,28.38425039446865,30.91354003357972,31.186976751321456
1372,28791.182800171315,5100.871379437107,True,0.8905932988694439,1.1477387988785486,48.41794025510285,100000,0.1941,29292.724538493654,29323.953453284324,40d373c6b617c94476fb0e97bd2df63735c8ccb8494b2ecab2678e7395aab57a,44.39887294877107,42.33023536462972,48.48886497227342
1373,401108.81773679523,69361.87884542221,True,0.37920269520036143,1.8557993793014773,313.6019018463041,100000,0.01203,493306.67544958903,493832.58870538906,3097006095f400c50c72ef46bce0ef355a098fd1c63378a867f3ae858923c708,310.76907216654007,207.17938144436008,165.68225478403372
1374,23530.03778313749,4643.4064439314525,True,0.855189791040018,1.3928421709081378,50.30273565581655,100000,0.14259,24131.214692795715,24156.940932307738,48672bfdcf4d960e936e87dbac43e1bb63440371d78b30eb001f63c92f232531,50.00799306408325,35.98315807410705,43.06926121702847
1375,38349.40871833164,6059.976185742053,True,0.9075118859641986,1.6150939016505257,55.34447749225856,100000,0.1734,39082.943934039096,39124.610182061915,dc33e4dde73b765f8c4bca5afd86b967c7f373befe344644eb32491a6b080f84,55.26340648030701,45.45381403416938,34.37410906745747
1376,143637.48659709044,25472.0754194945,True,0.5207128844819557,1.642981442141015,112.25861188661065,100000,0.08016,150775.92910170538,150936.67101685953,780f43910b0a52f243eb003ea54849448593c90c58399e610b373f98295157ab,112.42305321261642,68.32537095540049,88.93535048145789
1377,11767.564621382719,2706.7325286618957,True,0.9243359484710191,1.197628692700723,32.9770882976412,100000,0.25124,11979.563878444791,11992.33526743245,1fd6005caf6185a1ab1e166104a3c7f70fd5e44de017658fbbbd82ac04ca255e,29.539291250987688,27.598988936600108,32.93683306290287
1378,71864.75561323855,12433.96327047786,True,0.6722825618653344,1.371148101828501,84.28213911147077,100000,0.09347,74403.64178770727,74482.96336076382,cf85dd27e5ac8b272abbe170343866c46c51183750f5e71f431f6120413ea8b8,77.84163385222018,61.17451161582095,84.44675266442286
1379,63432.17259762933,10792.792146491618,True,0.7126725568772487,2.695316941504736,105.2188457852227,100000,0.04414,68364.120456955,68437.00330845229,0388099c39f80b4ab75f8e7faaa92bdd61aaffcd35fd0572f055719a18d29ad0,39.135964734811225,78.4774350277967,103.90874785186176
1380,54189.533162795524,9305.684058412739,True,0.7441824560297658,1.3294371517480381,65.26194108741241,100000,0.15131,55919.45029599477,55979.06590963089,4e479a77f9f15b6d8c291b8c5d0b57514b7d9715d78e1061b5f3f3a6cf718045,63.89169525403411,64.89547999243916,48.85085726904455
1381,54567.437072231776,11754.101643062191,True,0.5919027895471172,1.8269069520382326,112.19628511649512,100000,0.03193,59958.347166260726,60022.26863973734,7539127b5875e26e17a72d546ab0b0d68fe033954d265a50b4a39a0b4d3db26c,111.10061826965433,110.55278484623395,61.22038506722817
1382,42598.39064965438,7258.185095675975,True,0.8126774574968949,1.299088124774242,62.45044243533195,100000,0.13645,44187.08986998178,44234.19763773429,6654173412bfa2a215d0fcc6aac6dc8c133f6f7152c60cfcfb46a20dd2a005fa,62.35896229504583,47.93559350993253,50.90869806923178
1383,12929.426807721908,3122.368444896073,True,0.8532038828860448,1.1046559654461823,38.15228363944483,100000,0.17872,13196.235940914252,13210.304421543804,da5465498ca67007678454cc00ae2377d8c27f8a82674373fede186f95a24646,34.435789212653205,37.11837165605167,38.22679981842812
1384,24391.04924317852,5756.833356159356,True,0.7065140266072059,2.2797225638971668,73.41122651210569,100000,0.04806,25280.549426552723,25307.50096951576,9db17e43388ac3047fb57d42a9a747f4dc611c71f351797ec423958b550165b4,58.069427221489846,32.06364361087819,73.01692793220667
1385,36328.22169957016,6816.222767908745,True,0.7782212911625235,1.2066872396644728,54.38872511621827,100000,0.1749,37413.79377076137,37453.68054114791,c847f3688842fa0e5c087db118452813f034531dac5b82d12efef8271966c9eb,44.881321018754335,45.611638372609804,54.176269158733035
1386,7147.5542813013135,1820.5361269422879,True,0.9856509188356928,1.1577014575418076,25.590579439204205,100000,0.32569,7257.049486107912,7264.786211987933,84c700ef19e6a8260e43893d8c87ae281f22be40a2903496ded007d90215fb55,22.1730875072597,25.628065639554602,24.253571626706716
1387,5087.208991024924,1473.8332028042835,True,0.9705595218596128,1.2429900725716416,23.901059588200898,100000,0.28661,5203.051261332475,5208.598223830895,97ce04a4907160b999c4323f8a013f98936c9ca7b0e29b8c67a252b466ed5799,22.243857214409623,23.836872172314617,19.23288388738041
1388,42813.51463323685,7155.303412677849,True,0.8271354941592115,1.5490979544584151,71.97688125423306,100000,0.08928,44263.78601343131,44310.97554678828,ac20ead1854a434e51df2b387527ef363c0bc2de85eb938390bb34940c79a2d4,46.303486842017605,71.80115644648347,51.012911689706684
1389,38231.7577677212,7250.896992597633,True,0.7569059157369163,1.0323152023986208,49.73336802501561,100000,0.23947,39166.07307803455,39207.827949870814,3d684432d68724716a57fe443fd36d33570fff49ecbabf035874b09d18ad6050,49.73336802501561,48.142774467574924,49.13841318291947
1390,40907.528543619315,7426.606257886323,True,0.7730885124607154,1.290276491962544,59.593856511019766,100000,0.1527,42969.352705932375,43015.16224654034,ceb4cc319db421e20d87714539fbf37654fe1f4f94cc9b9362197cedc0b66f73,48.507304103452114,59.47746226002168,46.33946117861277
1391,42110.784246142925,8142.62983191955,True,0.718866621473579,2.0330972408965935,82.01012922161716,100000,0.05893,43216.96171020981,43263.03522627986,f419d9a9df6bc6e1af44c0d685a95e0f6e1301ecbe7b0b305e3359dc731ae5de,58.744560335992375,40.26425045524222,81.70979915854971
1392,108833.12588140655,18052.099345556955,True,0.6106567260371213,1.8536724478947741,126.12647371184696,100000,0.0427,113910.02256300686,114031.46180925205,f6e14eb260bf2ddd96eb8e03d3be6579ef2456f35259574fad837189741753a8,119.96795448763567,67.95925963917145,126.74232563426807
1393,17793.678149575037,4006.5281010528215,True,0.8226714362610857,1.5795957901949496,46.39301192733235,100000,0.1371,18201.63757223948,18221.042301493926,1198b7542e55f90fb05ff82cfa06f6b439a5c67fe4290f9fa01c2db5f90d4501,42.134278410565514,46.121177873070636,29.380730698120146
1394,75930.75623035277,12993.261762091393,True,0.6673870164245254,1.5167238709238047,106.32362024161921,100000,0.05009,80048.94270867654,80134.28272570528,f7f2b39efe7c0cc88d454319906802468efbe0ad93a905adf18f3b712607f211,71.981298566897,104.42869243946144,70.11232867983728
1395,44409.21188233709,7162.560820088396,True,0.8467031569040951,1.8011175591739799,64.03622978008949,100000,0.13231,46193.96426347169,46243.21155598394,846400136b99ea2a614209e5d752dd47d1a4440e5909708b83b06f47783c3539,49.71562761247182,63.72355287686639,35.707702348077234
1396,28998.393760851613,4842.355615885061,True,0.9426346635308459,1.2141603034373123,45.007578251962116,100000,0.24527,29731.48958341134,29763.186264735068,eff112006e34bd50d7722d4bf7ee0abd5a4e1a2efc223ea11231d8313003c6ae,37.04114899593855,44.963625538825426,42.77697806027552
1397,7759.928041379234,2011.947158855126,True,0.9421195518175571,1.3850256347348984,28.281490896438296,100000,0.26409,7942.809720353426,7951.277533841706,5755d51fe56242e3710be3d89aa0c6f4d0c5d58b806990f8325314c03306179a,20.49303344253634,28.29530021816507,25.61629180317043
1398,41892.25920744861,6872.482342822104,True,0.8487758479599172,1.3317944963257495,60.31198791923126,100000,0.14615,42630.95398186685,42676.402756274816,ecb6e6c140df69f9018eebc7b8b44345a97fe8dffc497deb853febf5a4391960,60.12056803569854,50.54957385906272,45.072020268741916
1399,16167.65272351662,3248.839118287099,True,0.9517449186993109,1.3535569839973316,35.430108281141315,100000,0.27852,16469.83040001247,16487.388853119246,3cc47f0bbcc16c94d5d8c60cc6ab8949dcb1b4fafc3ec5fd3e29a9b91dabf933,26.321733276248295,34.99761184216254,35.421458352361746
1400,267463.42753210926,44234.79339900523,True,0.45383333419895483,1.6839710071672698,210.9036335850411,100000,0.02269,283010.1319595726,283311.8484927771,6783281966410430f96f0dce5028df589faf6a9731ac582a7d9e4c9c9ee6494a,123.57634780373502,209.9768109765131,170.94728112850012
1401,19325.024465211394,6924.746436771451,True,0.5029138745877819,1.176988999265967,96.9253093328125,100000,0.01744,21114.138662477973,21136.648403294435,478321a0f9e1e8bace756a997ef56916184427661e2e271ea576e6d5b69ea6b1,86.8210351421116,81.7334029383629,95.45817818568497
1402,72235.59647818167,11779.93082610025,True,0.7120473805931059,2.047139266066904,82.5112913118123,100000,0.10047,75039.83245057623,75119.83226522054,eda44eede722c3a67cbb478191c2438f455952d8c21c3f2e8e390f217c6717fa,82.53143567004273,39.42250905693767,61.92375720032007
1403,44458.25403588173,8625.12491070438,True,0.7036450981417885,1.4069453759546207,57.98070989708313,100000,0.17599,45609.34949616987,45657.973532053,0713d9d466f0379735ee619706d0266056d19086f9c1b928e577aecdab388b28,52.06373315465619,57.711756408791,41.206505495705315
1404,58267.266886200545,7652.8804166294185,True,0.949749256506693,1.1288949537195085,54.327628966795146,100000,0.27916,59515.59031571345,59579.039767001064,30509733000fd6bdea27063562cb4df91960fc3db5898810d347c1e8d6d11a4d,48.040691434993164,54.420474035830196,52.099347309953934
1405,27908.52956324225,4572.68042849542,True,0.9730561690769977,1.1120924592362216,39.3892155973964,100000,0.34842,28310.68482516599,28340.866789390897,4a61109d2da86b189ef1bafcf7434cf01d4ac8f847126c1f3c364ae018234b37,35.52337949628475,39.0237883042565,39.3892155973964
1406,54459.58885045012,8413.523576849444,True,0.8258270686606699,2.4826723509213258,77.945415417313,100000,0.09041,56925.060240926265,56985.74793330471,686a655eda3e611cd276173c1ecaa3abd45a0630acb82e7d5d59bab1b47531d1,31.5511471586682,66.08994817976759,77.71705970808259
1407,67703.06097870339,10893.129976207125,True,0.7374574631627697,1.8740723171251388,95.96698305923323,100000,0.06075,71388.31147358354,71464.41840904897,82e68afb13b3fe8e083f2a0c6deb35f74aa4157e3b6e4a5d36482a843de136fd,51.02931862866454,53.30197423333877,95.38124707864709
1408,33781.84514347203,6586.171426531198,True,0.7673143823006714,2.7366850948524055,80.00414256679514,100000,0.0518,35268.1343583381,35305.733645535,6f8e72fcd201daf748f33f1d0cfd4e7d9768a158bee27095f1e83e5160076169,41.83810385206914,80.12133613500822,28.68312582015104
1409,8304.41421479561,3314.051797175739,True,0.5984081521186125,6.306860082631551,80.09912724678172,100000,0.01409,9627.41398058135,9637.67774728762,62f6e309bed52c82666af0aac28e90fcfbcf7476d06ebca7b8e11cfb0a38562d,12.148823926284948,64.82632002516635,80.1382381487577
1410,43184.04118764001,7047.993774377903,True,0.8445670496758264,1.0942713303656046,52.11548784977043,100000,0.23739,44676.39732605672,44724.02674350531,d383871ccbd64c9e99fefea9bf290b7f6903feb0d99b6815f885676c04a0996b,51.962805756460554,49.316316139089395,47.776771698214844
1411,107941.32350407133,19938.756782907647,True,0.5498503948131743,1.8912457820369708,133.4415404650227,100000,0.03619,114334.42851497569,114456.32021955388,e0ff004378ec300032f6655f4e9942b03ae537efcc563783f9abd061b8967cff,119.98661951481412,132.85512744540102,68.74063730009715
1412,10365.265906100254,2338.052044836809,True,0.9832944367848879,1.0363620727590945,28.0171462844538,100000,0.35957,10514.059847937502,10525.268866021976,c86d28a505c3c007307cf27fa9dea00015bdf18c1428c2db5f8a3df2d9c5244e,26.91588638411272,27.606738868177622,28.07186727329062
1413,38482.15061986641,7265.573546918296,True,0.7586715140871978,1.2850415204579304,66.24569894337999,100000,0.10421,40280.76939315768,40323.71264049644,09a309575b4ae0b74d75cab27c32968cbee285c9a8022b745dd177998da84bb7,51.22073451017687,60.06751120012532,66.26187220972359
1414,36131.51052852059,5340.965887746733,True,0.9895894708759395,1.2009606759874119,43.35721710645886,100000,0.33736,36558.897221940155,36597.872588833234,27f46733e4e1e3f18e22929a6d49054574a2dd742c87c2488f108420e153a790,36.12748583602151,43.52658123578096,42.45747016943518
1415,15199.453234723982,2999.225485480145,True,0.9893735985468507,1.144686757532403,32.47677808263839,100000,0.33868,15424.946483810954,15441.390988273515,3c0326968b06c30ad45bb5795b6abd7f79b7b509cc8ba3fa84d6ad6b93315c81,28.3696074169141,32.484706983537464,31.287442947776142
1416,6856.621020785157,1759.4381036607538,True,0.992011930419505,1.1224558970439733,24.30671894909872,100000,0.36693,7006.119502356898,7013.588712285285,a7be5c124602d8e6a553b9647748acd0695398b836e9974335baf53e1f7616ad,21.731251169824098,24.294850433986852,23.600542299942777
1417,22623.444611664443,3993.0858997640644,True,0.9687564908108025,1.2343791002302251,39.21016726236684,100000,0.28877,23145.33437063357,23170.009565114444,87beaa629a88fa8013ad000a254e587716d0302019358bd7652a8738d7de65b8,31.714668979546225,35.9075530764497,39.15273049391611
1418,45253.22560335516,8258.376569485466,True,0.7436281177994883,1.1590907395855843,74.27596167044192,100000,0.08597,46838.94221864303,46888.87712085773,f6ec812bbaede2d129b4713053254086c565c29dc5e263e2c53cb8189296bf86,73.78634961841507,74.27596167044192,64.19358015462996
1419,65700.16117016361,12857.218586792995,True,0.6124181506037015,2.3217133138777015,135.86467737571368,100000,0.02148,71625.76346787614,71702.12355043575,62ba7bc967afd76c787500c346d78371cbf3f50091a3c3902925610743f2ec2d,58.014482600127735,61.38124645599564,134.63738414746626
1420,9344.97799035048,2223.6964118856513,True,0.9648522584644248,1.1932124826716373,29.812482589650173,100000,0.2708,9540.220003279252,9550.390812661462,efaf2d65d5c4e7a422b59402c2b91fbcaaaba94c5e4a235128932317efe99201,25.29257250952987,29.805204151517934,24.95776435544689
1421,26356.336789866622,4427.298745521342,True,0.9673908941542038,1.1706299169171788,41.211809872173646,100000,0.28863,26860.978776650252,26889.615212168843,67af9170b2d7217bf220a9b9757ba6a654f6ee937e70339ca8868d85d2c8756a,35.245353999566476,40.970334423703875,37.30795678857908
1422,78637.36378531827,13817.833114408,True,0.6423871011717479,1.6350236201785215,112.88597987566814,100000,0.0435,83200.2401621891,83288.93977110308,bbd95f01a55c30b651daf5aea4e86bc891ff60ea22ca6d6e8de608b1b15b69c6,112.33477880205648,68.9001342014576,84.94008544355694
1423,31208.490537800622,5653.697629155347,True,0.8478780436183467,1.879548655233863,66.12984391698295,100000,0.08519,32756.41863414093,32791.340186249516,d8a25bd40cd7ef06c3dffec0ac6bb0db440ba24900a84a5a733d780c8bfea056,35.066899655197005,66.06526399128276,36.665252816276436
1424,34519.87731647419,5754.25331539191,True,0.8909937211898735,2.159977772640351,57.14019713334466,100000,0.14061,34878.412762640444,34915.59656842702,6607046e80160d8b0cd9057cd38f5be49a40855620cc5e023fed5c0e179c128d,47.040220882235886,56.88909275141101,26.589163998084693
1425,15837.854088665852,3069.858768378472,True,0.9934895126842144,1.0334680501177667,31.997240444242735,100000,0.36752,16007.881251286297,16024.947221333534,000fda6f78b96ef46ba63f8de50ff5bb92df4a37bef0653812079a8f46df71e1,30.887961112435487,31.223869642489795,32.02067592308373
1426,12421.839543241573,2971.6394849250464,True,0.8728613849092651,1.3456869023442122,36.95989870295914,100000,0.19102,12822.906015610586,12836.57648995667,95744da36b873d715a4a74632dc54ecdab5691ea5e91c6d9045fbdc4fd2eeb48,35.119122498026606,27.42215140583321,36.85161774972781
1427,42031.15832045704,8491.715673376504,True,0.6884455324072077,1.4847080365307248,66.24854361694072,100000,0.11174,43196.93915385352,43242.991323916474,da4c5ec68b9b69608e7b95f0d8a5d0935a0f4fba78ccee3f6fc3900577c0ba8b,44.65630589022787,61.50957308965468,66.18384777356479
1428,6783.630129763245,2091.272689487561,True,0.8286699026661374,2.485765760671757,34.97914448812345,100000,0.12138,6907.008412698467,6914.371960493248,2399269b2495bfefd236618086b67ecc50d7d603ecffb533c48cb292b9387d2a,14.094989740636656,27.97648372634093,34.987684318320746
1429,43515.40000254299,8197.672001525478,True,0.7298308887368813,1.1025512405722249,54.35605301388152,100000,0.21195,45257.69831728272,45305.94745855037,84ab28d02f1c801a13e514c3b91cffaa0d8aa62f3877a33721b942c47b41073b,52.98918937608127,49.29998460609616,54.488758221434935
1430,25952.067027958154,5740.690169347994,True,0.7384163752104809,1.7043770902279156,69.97608537057639,100000,0.05912,26933.863641385193,26962.57777931166,bd861d5282e22090d53aa07d16e2869960df71a0646f6c9b8c6fd862344d4062,40.659932417473584,51.081175600103364,69.70274128709758
1431,20786.305889644118,5707.7044690219755,True,0.6405320357180279,2.320259487092927,70.44626347532014,100000,0.04775,22195.379024908638,22219.0414739036,af8e49401bb19e6f5b67030eea70600689d20a5e1c8232b8414c23a5080d8b1b,42.77340265212919,29.693719211460014,70.58385383367037
1432,10683.905990900146,2418.668017813924,True,0.9699021034072738,1.324100464721767,32.45304552011349,100000,0.24076,10941.22661080353,10952.89103051585,654a68a20bce003b686237c4a68a050c5e5c252a28aaa0af4857e88e7d7552d2,24.632939092293178,26.376022591908644,32.5481228019107
1433,22786.84441918701,5530.212897435065,True,0.7028539100142837,3.7860214914975288,91.31362114215705,100000,0.02395,24245.297419645973,24271.145282523932,3bdd8cad1dd9bf8527db1edb0eee30da99d6f861c5b3a9c91ac0c0d908e0ad25,23.931926830103905,33.919354142527325,90.28812637347073
1434,33173.855140412365,7245.965485976216,True,0.6890517277488066,1.4290113045958468,80.84031277911247,100000,0.05073,35633.96256923048,35671.951865148185,91758cb2e91d4cb796c5ef4973b426ed13fe53a111e8d1dfdcf49527411d9575,61.51837278625331,80.54426671180616,56.525062451020034
1435,111443.3671376223,22958.742673236702,True,0.48779668094858464,1.028333415272472,161.98232134532384,100000,0.02269,128219.0789871934,128355.77308975013,62690b5cd7615f154965b9ae49d3b1a72090f70f0c49bd722d0f5c5314f4ae48,158.34404654948162,162.3777859970458,157.86948896741524
1436,17623.980512185623,4656.4431920631205,True,0.7033408113913332,1.313723109600974,51.680895629278396,100000,0.10009,18369.44711130065,18389.0307419676,67f258752ba47ee90c8cfa1527e87985f1279a1e2acd2a294c4f0f82caea8d66,48.21110893541815,51.23928641369618,39.24013315601949
1437,19990.299208225075,3907.522153955326,True,0.9115815749449432,1.46851097790369,42.23239901389785,100000,0.20568,20598.928114137485,20620.888590023245,50253cefbcf61f8d0b2963c96ec44a56a060ac86916b6b310ac4dc2141e2d6db,41.37661553778615,28.50893146323915,42.35612674538387
1438,94320.18496266213,15743.002724277356,True,0.6365018198659763,1.4697629240517158,103.29193627153003,100000,0.06787,99447.16493958762,99553.18536237185,230666e6a1d8de7f1d4582c218d1565b8bf8c6f1aea7647e345ba6df16d719e1,73.50976421667725,70.02971362940403,103.0901942084997
1439,39823.52903091508,8487.919072286539,True,0.6644200401436879,1.3349463685406784,93.23032092515888,100000,0.03989,42978.462539724234,43024.281792307724,6b9201e37def4f2f653cacc18e81c73aa0879116d258f3f86733c18192200c13,70.37796687026153,93.20755961633927,69.2399014292806
1440,42163.45878391022,7943.91711228048,True,0.737463007986928,1.4127931225939327,57.80554701790467,100000,0.17157,44062.10071111693,44109.07522817826,8048bed2f4c5ed35025ef66b2174d4fb70b77d7e795b6cc983b2b22821da39ec,40.912666212135164,57.52329337035631,53.33182670426312
1441,11671.314577431258,2554.2282976954225,True,0.9741763805162537,1.146346239890458,30.995531564569692,100000,0.30001,11878.136149124564,11890.799406213737,ec2e42951f8a397de5cc822fd16e597fe0a4f50bc6981ebc1569c24947b7985d,27.04541743451467,30.972829759224545,28.513467513500633
1442,109576.33022167724,21743.168194123868,True,0.5092985818034294,1.971293468121285,146.40172435404256,100000,0.02889,120531.73814089311,120660.23678481503,34c30259bbece605c66564f93c83f17240b26e41400c450deae3718f4c1b8796,73.73700130429438,145.5439017504056,107.44228110553027
1443,25482.199723035028,5948.516206389532,True,0.7039904248034133,1.345458983064606,68.78991075280527,100000,0.06102,26409.595105279488,26437.750321572712,e64c3995d2658b6e1ddc58545da6f01e2aa3e7921018ae3d26cf50d621cd7dd1,68.18531192782945,60.19117190870461,50.786301297969516
1444,19295.27096778047,3801.7916955587816,True,0.915088423691574,1.4620621364661033,41.18322801115029,100000,0.21261,19745.13658025103,19766.186830697512,df1e6839ee750fcff250210cdab06e7c84baf54d4e1528627c2a4c7d00e639f3,39.87614313774952,41.153064514071815,28.12243377616879
1445,39537.69457284858,7160.718055497844,True,0.7837937180206695,2.076239201516044,73.04872441107415,100000,0.0785,40683.92717211934,40727.300225156425,403066e89be62b8a88550934bc52eb6eb4dcfef886c2257b650fbc1f1c6c8fdf,73.26273434587222,43.83636831113775,34.54477030865493
1446,61625.410938249406,11211.829054129861,True,0.6729470224622334,2.001740103407239,115.30611620822191,100000,0.03159,64390.52415731215,64459.170765776085,c584fa13b69dbe46e1a48481ae60e734b9592d07cdd0768c434b061e5dc0e028,114.91200350633835,72.54488805385445,57.20264358767259
1447,54904.434352501725,10791.826531344897,True,0.647332556588208,2.3621915759159036,104.96817354429061,100000,0.03755,57742.843224419565,57804.40275359404,6baa60fb87a840baf519fa0d505adb034f3bc900339a47efe259fb12abbd72af,104.09685569748741,79.57182100952694,44.12968624103233
1448,33923.93661646192,6348.92860562702,True,0.7982173741262126,1.2438873271454582,61.22956706675083,100000,0.11601,35407.420973792505,35445.168754170365,43d2ed43580b8681f77fe182f1ef2657f7173f40a287e98ca3d85e3f87f9b6db,61.34915606492808,48.85210575540569,57.73158887006633
1449,8600.242776648098,2082.0745515317794,True,0.9749783887380156,1.2247423889738294,27.36105769284832,100000,0.32176,8762.862565702528,8772.204635882004,d409dbf292504e4ab379bfbeddb5e42ad6c8dc34a8d15ee80d37abe792ce11ce,22.364458289955124,25.577512184061575,27.327657964219355
1450,8925.616465211191,3418.096914692949,True,0.608777462873663,6.508979297591177,60.89785459273111,100000,0.03218,9662.896327023029,9673.197921387562,068f95dfa01d56c32c3d453121564ab62c04bce1a153688763beca5da805670c,43.59192130514833,9.411216298144236,60.154472578659686
1451,117871.59378394992,18570.82331840918,True,0.6260260474374693,1.4731144023936213,112.43486962695795,100000,0.06517,123158.98032123741,123290.2798627705,cdfc5d4616c51862a17af72b00f514502f515543cdf82dae8d9d4ec153940763,75.81667722403756,104.8586918884227,111.66627188536742
1452,134113.35711453078,23156.36205850941,True,0.5471778169793603,1.1884813642079435,113.46373354376738,100000,0.07293,141642.22007238542,141793.22455869024,45854c3339d42b101e1977aea5f50bcfa30ed2f84006ace3a1ee0c2b1c55bc44,113.85154903927831,95.29180746839839,110.55511732743545
1453,44374.205802232646,9791.822396643678,True,0.6190242447723628,4.210438987869153,151.96606720753624,100000,0.00989,46147.849350606695,46197.04748010294,dbf6e4672e3377270589122924adfb67acb518912cc4de8f1f6c1ac8fec341ea,53.481222138589715,149.55449631679164,34.41126155639401
1454,96657.861083079,18054.078770799395,True,0.564157342940808,1.3471690652828836,105.47249920828787,100000,0.06705,104600.02648527287,104711.5403634005,b3b2d2381acfd728f5954456a22b2ea610e49853c56714db101a16e6c9af5610,77.7653680686107,84.79515134103806,104.98324689262444
1455,49744.183847960376,9451.938067894122,True,0.6920298010949237,1.089518744486567,52.42356731937916,100000,0.26476,50716.27937391762,50770.3478974852,8d8edc925343b012d3db083f7d4f9202ab2d9b85dec74766a23b5b3391483397,49.36467264424937,52.50035965431966,48.11039784022126
1456,27662.89358506315,4516.730486555782,True,0.9793208892113773,1.056559345379309,39.39196782152163,100000,0.34829,28306.054360949147,28336.231388645443,7b846368afd0b0a07b8eb3fcc0340f5f3cfa35b47f8189bfeb21f89774650187,37.29542265914572,39.1226867914917,39.3054132047263
1457,8969.012280586021,2270.601730809951,True,0.9194036827625163,1.2799927034465608,30.921483954795207,100000,0.2326,9143.363716061078,9153.111437752652,f2bf672adf5a34ac11830ed6663aaf5f53b99af52913dee9fb45bae0f4ec7cb1,27.39601202928511,24.15740933968376,30.981877478144412
1458,27366.91518936442,6394.686388652355,True,0.686776519146257,1.4312017497090677,68.42471144520749,100000,0.06593,28082.59917053318,28112.537973099836,48b324ddacebaa08ed75f081503e622374b6970693a6de354720f8be36229716,55.41132027923665,68.52494295611356,47.292567895845316
1459,6273.224700223203,1701.168154675514,True,0.9669353609873256,1.0676014206757802,24.93488117463477,100000,0.31066,6403.575707480021,6410.402546679012,d5995ce6778f8c3cccf1062409fb28c39fca04d5f996fb0089331ab13e88e66d,23.291224456580238,24.28959372236151,24.953144027057604
1460,19312.143597381397,4733.509823583209,True,0.7353958302656619,2.0342572219623256,70.07737732069727,100000,0.04458,20398.06094969769,20419.80728150291,94b695c209f1f48d6d29202e14d05913575a74c5d88febb6ceebca171bf843cd,44.1405355193845,69.56411527977419,34.16614319077941
1461,75326.29626718357,18670.252686251428,True,0.46198903861261914,1.28033555556793,115.439041347201,100000,0.03992,81651.46266196502,81738.51112229702,8a781f3fe5741e29419ca90ef5319fd430eced7e23962f9234049412be0d97d7,89.82036737634999,95.25975579920396,114.70627399489945
1462,53200.77901237539,8952.78921739816,True,0.7640781125559591,1.3416900791744082,79.61451988808537,100000,0.08317,55803.16665275954,55862.658296637186,4c22bf1bdc2be7c0590d04d8018257eeebdc9af97c58e3815115ee1c311d7bf8,59.322147143172984,67.7967395921977,79.4395856402844
1463,31465.609372181138,6266.585376630554,True,0.7691492037694942,1.2727431645410285,56.03103973442839,100000,0.13813,32306.458910214114,32340.900761164856,44530a940138ada9acb61a5ad7f795a61ab2e9c4b435f0a11205fa7d68c45871,49.902644763475294,44.14359502514658,55.66169450180398
1464,37031.64972432743,6622.47002081098,True,0.8112963026766561,1.5761178734678385,57.38029221011837,100000,0.15254,38316.630449046075,38357.47973180181,31eaaecb6efdf1ccbcabc874e135510b1d72645118a1e0b1a1070eab94d343e3,36.212904141395505,57.492363093341254,47.742196252950045
1465,61980.27462540639,12208.778837194506,True,0.6203653920430077,1.237330636081903,119.01074959597167,100000,0.02891,64792.08641515218,64861.161128332606,467d68aa60e76891a76d8ab77c622bd1f83019ad182f3a6056f263eb01e74550,95.73740720672038,102.97219154495207,117.81947988566044
1466,35886.67628502998,5372.097319750479,True,0.9794052122535454,1.0499535030360638,43.53937687847136,100000,0.33387,36638.638478396446,36677.69885728285,1a0dec263dd48a28b9b4247a00580acda60d59a9d4040ddf695d13d121c44e79,41.349652357727926,43.28426334207407,41.657914547541324
1467,54409.66489320565,10506.571991060508,True,0.6609071514451237,1.8272017690497095,91.91650585615923,100000,0.05702,58873.930975182484,58936.696354736036,d5fe5bd7e9b2051993fafd403a2c6d3ad8701973f2d815b9f8238c4f4d5915af,59.2206198619151,50.15463637414939,91.4452542392209
1468,140979.69119741756,23099.475111982953,True,0.5670913847886294,3.169346736710389,221.95283219187934,100000,0.01097,159479.1831760464,159649.20361288724,caa6d632b700a8d08d9b1d0a7a4ae902968e8eae75079c09c1c2f56ffebfedfe,88.73236394389707,68.95385228617346,218.86413311108416
1469,135527.30066290192,23627.48854862452,True,0.5400298368660087,6.021970580396878,234.38151937044256,100000,0.00935,160065.23191119957,160235.87713341982,1adf9c4d24126e9a63777b0373f8cf1720a0904eb2c5c78ad3296eb4972a8b89,38.796550325478535,227.34320714325395,83.6586380174773
1470,34319.20985949525,6865.917579607211,True,0.743835769839555,2.4128424546275853,85.49951546981643,100000,0.04446,36946.70565526887,36986.09446395371,959f33fe72c821ad226f01118fdf3af5f3d1aa7f7e924a5d50c17c1a1a510bbd,84.93592003092849,36.111855899116804,35.08903454706089
1471,56011.65210393145,9639.681751488431,True,0.7344129903932168,1.7766558690894707,101.29678969471524,100000,0.04299,59411.40081682475,59474.73919189685,e7bd2438759c9c221506b1cc0fab0b9888ea14f2f53d6516d84b777823f2b9e7,57.59771074194136,101.19786704852899,56.60848428007891
1472,19681.809348433027,3622.0503249343665,True,0.9732841661048388,1.074464270978678,35.77807966604074,100000,0.32994,20090.99067010164,20112.409634898588,161bcf9fcb56c7e3b206b1e61ec3e631c427acab97006a75fd36e9d45af0b172,33.22749390859839,33.36725203229385,35.91783778973621
1473,19916.615171046695,4079.3963315986575,True,0.8710275897397385,1.317284743881104,47.09967893762483,100000,0.14748,20488.127619526556,20509.969971227583,c9e48449f91bacd9684931a188b35dd74aa2fbb5cac35bf21e595d86c3e91602,46.961691596987265,35.704224389971955,39.544872037717724
1474,95404.1821836327,15355.629240635797,True,0.6575489908715278,3.335767169134364,154.4246612005453,100000,0.0206,100863.14218053059,100970.67217380714,386bc9f73b40b65a66bffc13c54d0af86b3a03c305680114bb3435fa7e927b13,153.3313225348188,45.43010662760183,55.66601861880008
1475,136975.08018963772,18106.000555308194,True,0.70972369354586,1.3045056782392903,101.98471536902892,100000,0.10281,144995.96784789604,145150.5477579677,a9e2112e8c90ed824cf2296b1329ea9ba2816a2e1871aef28a0aa168ea0aaafb,79.30207969979423,77.60897407355057,100.68998753719555
1476,39476.686106118934,6872.432285046414,True,0.8158320840525883,2.2570748274623917,79.57751392695208,100000,0.06108,40924.693153433465,40968.32288659959,1f28f2c67f5ad30523f470bb455cc38cbd13ca8ba61af0e83a24cd40a09bc3e2,79.30552047114708,37.1173926653911,34.74716397909029
1477,35887.47093329642,5398.955411801534,True,0.9745473679076948,1.0968178375776705,43.17922282899494,100000,0.34282,36694.917545905,36734.03792379222,08b6e9fa5af703b267b3d5d5bed0eade3c6b3b410537e8164c01998d9dd61cb1,39.415799354885756,43.16868102654645,42.241002411079776
1478,44801.5800369515,7689.748597112504,True,0.7932940618828256,1.7261635538672762,68.16553892764551,100000,0.10991,46285.73104890294,46335.07617380081,75d3951d1559a2d4ca5ec675a5d5a65ca80fad71ac72ae2a8be9264cfc5f9c40,67.79941542754585,39.50805405620861,40.39007885190324
1479,31229.70690022164,5617.514963087275,True,0.8537259688490565,1.3879899023637117,57.58045526556967,100000,0.12659,32132.164712790727,32166.42074904768,086cd4117958af55551fb1ac1c71b21993d201bc684727d76c4b2ce3ebedb4ab,44.52082564112772,41.610875875509336,57.74914800560552
1480,53043.006824025186,8803.421547538524,True,0.7755052031158075,2.284776842154806,92.39788635428073,100000,0.05286,55440.682799239774,55499.78799980926,40ed735d3b0299181fa3779b1d200051f9f2fca4fa7638273dc06ba2ab9a1f3b,92.35277019883429,54.45519962383634,39.81500718147106
1481,24615.609345771398,4416.0268884651105,True,0.9266722176192628,1.814839822958534,49.08162314725047,100000,0.16037,25211.296531311833,25238.17424390236,1ae0747e8f397377869812c2ff70983acec9c8af41ed1e82fb72b5bd98747be0,26.937375203862075,37.62604899471838,48.88989805683151
1482,20190.403720371145,4911.083845784617,True,0.7301354656001005,3.3097012019304244,67.12905277333955,100000,0.0529,21276.61479750852,21299.297753806157,569649e5ba4d4048a9d6556d50557a58c7b78500b1b45e6a4da8fcfd95aff2e1,57.06625042889851,20.199354868930907,66.8668299109437
1483,6186.380298392937,1974.6169310520338,True,0.8253262862295763,2.8272323998166136,38.88495277613802,100000,0.0835,6527.494351707548,6534.453300324236,eb9647480af9704072338d6942405bf34dd8043870a8b9429fec2b448a4f26b9,13.77017187543657,22.03417368003329,38.80900560274713
1484,27174.722511896252,4995.985683514213,True,0.8749294156611036,1.8549304489808254,55.28386165733566,100000,0.12526,28139.917740264318,28169.91765004303,70819b826267d638005b4449a2c619f5aaa11b90dc9c1461af2d4f08354fe174,55.3378498034854,38.547536350915685,29.841947784269813
1485,9509.71686569059,2199.046884830582,True,0.9871004733842961,1.161050466824391,28.05941211436522,100000,0.3269,9602.09338240786,9612.33015487528,86c61a0747666d176e67b2c3d2dff2cd815d8e5c2d5ccdd682aae72c6321c862,24.168360825068476,28.02515990231155,28.02515990231155
1486,14934.19685166999,3262.3523464567925,True,0.8989616690434274,1.2530851757032995,38.03632314393383,100000,0.21014,15375.158963639578,15391.550389726885,818bc1ef18f5162d3a620a312e88fd1cebd5933c96c55f6b0e0d59c8133dd3de,30.365912275552645,37.58129877038579,35.27831826753042
1487,26133.432769859402,5377.531241566538,True,0.7919519319826605,1.040714604387341,46.20002985317498,100000,0.20383,26724.536066074124,26753.02704029305,d1bba9877d553e53d36af72f9194a7c9f547cb331619ddb487410a8c3bf4790a,44.18103440793125,44.36150327454523,46.267705678155224
1488,14629.266120626946,3008.780140539851,True,0.9614101380434495,1.1650723927925761,34.07458139235847,100000,0.28434,14957.012215637327,14972.957856316516,55fa64913d3f814f4df1966cf94cbf584b6ccb751c664021d56e032979044af0,29.099825612907694,34.10785735074944,29.981638510268535
1489,17049.034403729474,4159.595121274675,True,0.7701339266559907,1.5169916639353715,45.84018027351155,100000,0.13924,17832.747772011375,17851.759228590767,263e1a62ab667382620174367f48684c1c49cfaa9887039b27514fb3f2d73264,30.3176387599958,45.73945722115276,40.85998490688249
1490,76679.98486983593,17637.360859439414,True,0.49488603962732836,1.2285609804179318,148.15235061842662,100000,0.0196,84741.66884223178,84832.01176516536,11dd8696754cd6242deddf62234c661113b1aeedba805c386c5b5d0c5c315d49,145.8374701400137,119.57804471301719,142.65450948219595
1491,41918.57988680632,6922.160047145508,True,0.8430374396582614,1.422303474311219,64.05601137049939,100000,0.12342,43130.105599905575,43176.08651885093,10c5bdcab06b1bf48d1546adb3eaecb0ec79835e0abfe91ecaa4337acf39f5d4,48.90213563367959,44.49202938209736,63.64940582957337
1492,81525.1792569294,18412.486591679673,True,0.49381717330732955,1.6182870750291232,136.22608991270158,100000,0.02692,90483.8833128713,90580.34799911766,d85877600b864f96b7788006bc1c2bacf55c114fc2577f5453071e3a459ebf5f,84.44288141805404,103.1008004710388,135.76047339444528
1493,21732.938841596584,4033.7673637800926,True,0.9336531823685367,1.4393734183204958,40.919289351156635,100000,0.24701,22501.635499097818,22525.62444750475,db3c59c2531ac4c5c0aa9b8e358dd55db777d7c8812fbb70f6a3b423c037600a,38.51168467986055,28.511633742236583,40.78941855975893
1494,160565.46857196328,30294.152714856362,True,0.4715851071506024,5.497348153204974,374.21057971933465,100000,0.00272,189510.11315411548,189712.14950508327,59d1654bd9408d6ab54c4650f0048119762cd6dc25ab02d9c502ed754ac4e267,366.26225930049134,61.64516324844264,70.59844372024314
1495,29365.14946649502,5342.247341927798,True,0.8616183573334778,2.1127672117710845,58.52445656202971,100000,0.11186,29812.766983266753,29844.55031426323,b1254c79f26a7d5e66210696bfc682c58ec86db85600a883ae356c147c22f730,58.63876214125243,44.12195357996771,27.404762618645748
1496,42904.18822615459,6650.914015746752,True,0.8911194388011121,1.70495212463203,64.56714224261307,100000,0.123,44020.51383682583,44067.444018204,a02b78a7a524d272c8b3f8957050a6a420747e442113b75bba7641b3e645e9f6,37.78501952039637,64.40950761799732,42.167262084714345
1497,13410.456169396644,3146.576934299305,True,0.8675106272662689,1.5426507326245797,38.292119501499215,100000,0.18627,13905.494349882283,13920.318969476963,f3c736cc551183f5cdd14c89c68b04ce07f31ae5576bc22e703f2573437d004f,24.764605605339703,38.36690879740058,32.79510625274884
1498,40684.198972384016,6502.620444051413,True,0.8797235791078883,1.2095740332941962,53.4815615118945,100000,0.20566,41828.98920138127,41873.58300274767,8b5aa841187631195f2ce860aff2193ecc509e6375007dac5ec413124a9cbf1c,53.377105337066574,44.02827768996784,47.305590175193785
1499,36283.210441318806,5601.092888462583,True,0.9462701805563801,1.3691689239637708,46.86326379071359,100000,0.27224,37253.30713234556,37293.02280824924,676c13d439aa4492b69f795daf7539d0f9e2027af201090a3a7dfdbcb5eb1cc7,34.4266505728167,46.165348973517894,46.74885152559955
1500,51006.31410537907,9955.128800522174,True,0.6681180452800434,1.9896606733564657,95.41172706081159,100000,0.04739,54727.71071145599,54786.055813914856,f28e9777d93ad95b3f7fe253412329956f1d43231bcb7a66e0aa25575e9df917,47.46127780429776,81.08599167448367,95.10890663801115
1501,13797.486156031393,2862.880533131113,True,0.9717343247782536,1.321878850956693,33.256282427861635,100000,0.28673,14021.986206852132,14036.935018181528,4d47c2ae76b3b1c82caf211c1acd8df93936a7b24636408e4e7adccb5f62fa6f,25.137072850746975,33.256282427861635,31.40510264427949
1502,19339.911397903084,4544.859830219269,True,0.7666549622662965,1.873909746829501,55.109042203458216,100000,0.08824,19635.835728830305,19656.76945385864,d23a9bd57541ab075da7f5aa1deb0be029dd20b6c4e9575ba507db535e639b26,29.478494010687736,55.18976833949844,51.98763160990298
1503,13680.689580965432,2832.9328862016905,True,0.9764570926944743,1.1407569306793113,32.454957615819325,100000,0.30552,13886.669065338388,13901.47361533503,53a689b4c8f1b3982a63f3089978eff49b816f95a95233380ae7bb0bd526a57e,28.398087913841906,31.496205205781692,32.44703404218265
1504,67423.77197107679,10622.508773901936,True,0.7541638701756286,1.3889231758065508,68.52803905111347,100000,0.16454,70403.08795960121,70478.14455025742,9cbd0ae11ac43307b09355acfc366bf76b0c35ba25cf179c3d4f02ed933ea86e,49.63932906851896,68.14323805058231,49.8902862427784
1505,21855.8908574071,3845.6665784886454,True,0.9830105345759566,1.0966412468502162,35.54669810186658,100000,0.37053,22127.710216840325,22151.300524254926,fec74930c1edf74764ac6951969d254aee84cf6a1130cdd8f30be98a41e4010e,32.47454694755487,35.26031112985447,35.564054888049135
1506,75726.69748743648,13287.205116173536,True,0.6514531124292454,1.6398719929168708,101.19751831125333,100000,0.05865,80815.1726520418,80901.32954527409,ddca4187e186def6987171229b94f75d04973a4284410d59e131cebcf7716d46,100.40691269944666,61.32134776575459,79.99940534468709
1507,15291.490560297765,4554.235847949027,True,0.6541868665859983,1.1817498616826898,46.18239570468381,100000,0.12212,15993.056504154401,16010.106669568488,5b9d4a05c1a099ac81256e6622c3b5c96388925ba5d00747a074e0702849913d,46.06964571517043,45.449520772846796,38.94384637792429
1508,133036.577456075,21564.82732395021,True,0.5844116280980638,1.4573745040804102,112.40850679907564,100000,0.07409,139917.62762602294,140066.79352778487,e74e14575edf23a0dfb438f2e42864094a7c788fb214813c98436d14524654af,103.76380962092406,77.11618752573304,111.5577588228131
1509,42923.301199428686,9957.315314123116,True,0.5953932980222552,3.0000264231801372,100.45140933364758,100000,0.03295,44405.71051515174,44453.05135393492,1a7c9ee370b0040f5c0885983d7ff9cba9345e761e2e67f6042bde1f8c93fc31,56.479393480319914,33.26717206081371,99.98544820636748
1510,214048.36570962126,52850.00281243905,True,0.32742642069772443,1.8576973519508344,218.19251834113345,100000,0.01818,251089.61173533098,251357.2978660425,c5849a3fd3633f35078fcde9634b8bb779a491410468dc4b2217ad7ba30035a1,114.3166856347833,122.14732533110815,217.2869341585653
1511,116411.43307022071,20478.156206502437,True,0.5630198370701992,2.2315443998920768,177.5320883807958,100000,0.01715,127588.05344762634,127724.07481512289,9d488ca0729bfefe46042e35ab68e81fa0c7b7f1ec8f77be49d0bcb52c60ffb9,79.07892950458054,176.36183291539504,104.15273642066708
1512,32760.777226088725,6500.379195761107,True,0.7616958051296726,1.6345550407528657,56.49223693386308,100000,0.13989,33532.68177900973,33568.43090369778,97339a9e25193e4aa345d48cbca199303e0dfe6b17e9bec011a13df11b085f47,34.645629682095716,56.24398003327482,51.1409215211827
1513,65839.84108305875,11566.203167141557,True,0.6817405978293918,1.6243564460145936,97.24850244629619,100000,0.05684,69505.33447600911,69579.43397347977,8435a645f187dd5fd2bddf30f0834b3c34ca9ca00b0f3d28e8bfdd21e6fe67d0,96.34629465992917,82.57575476274857,59.87810624256811
1514,113886.03130556014,19201.8601405485,True,0.5917266486241806,2.3353820822877682,182.5322265123307,100000,0.0154,124524.46267386849,124657.21795339487,bd42bbd3a0e5fa729d478c77d2db9bcdd42f78d3dc276a4312f5e0f64b125d8d,181.90833706624366,117.78141471486573,76.27048478414405
1515,30297.76788859104,5912.217330690365,True,0.7949518488612024,2.5606107446183755,74.44612121114376,100000,0.05693,31230.77134633613,31264.06640893574,a3a7cfc9ee11961c853da0a5cb42d6557a91d893573aa6a345053a0cf38ae0f9,41.203456246499734,73.53735508307804,28.76244795328003
1516,18909.92741857776,3584.2701425046125,True,0.9576569494591525,1.25945786787536,38.23456548861027,100000,0.258,19173.592138913104,19194.03306697872,981fcf7b1e1fbaa8bc7e3acaf0a3ff5225f049302db300be3e9ba6153c654860,30.514842427311272,35.22882083838261,38.215896267180284
1517,35111.434020416484,5213.748129637192,True,0.9945648866101592,1.062482463751499,41.923755852100484,100000,0.36716,35970.89239450951,36009.240890637164,f939fcdef2c0307d8cc0743d29d8fc4e5b3ff48618c17407430de541f8dec2f9,39.51846224242187,41.59622650950595,41.790697056671455
1518,42064.88890032108,7566.674178707477,True,0.7730227137590342,1.8523957562348363,61.42255038138326,100000,0.14124,43516.75932517674,43563.15245488191,d2652748b450041b39cd3581169a16aab862583fd26d36fd3e5ac0085302849b,61.57250777977531,33.12558930480361,61.152627064277574
1519,18459.246941700967,3828.395716239845,True,0.8822871540311369,1.2362847189696204,42.18877773415301,100000,0.18935,18904.771892867728,18924.92623220902,84d2172ec6503107244fe2c33cb1745982023b035795c97094a7f55e20f12e9f,42.116677772204994,34.11358199597528,36.20448089246773
1520,318957.81372267014,57202.19144169071,True,0.39466349231570486,1.354998638600709,213.44414651858767,100000,0.02793,361109.55913055746,361494.5373061918,939fa0431e0ed7715264bcd803c527e2125589e0c3cb62592f9dff2a142f549f,210.00486095456745,175.45567415236445,156.17483083891779
1521,209778.31324756812,33110.216782047726,True,0.5156588704992281,1.2107104265123456,172.2293589543401,100000,0.03294,223748.66451976655,223987.20252157093,9caa1a2e496a13ad5700d942ca9ccad76cc47e9477daa4d37d48f97f1412e10c,141.15575146721676,171.68273257094012,153.9804473854476
1522,23221.654962583194,4894.237386013383,True,0.8042564258717151,1.672758126607147,51.58509249257605,100000,0.13199,24089.565746530658,24115.24758418473,46284c8886627446768bd5d148769ad81b3bd5a90871022727e27b404ad09c03,51.648062576185154,45.42661831560591,30.452332433361548
1523,210257.00229520086,38784.4849385844,True,0.44088610146064106,1.135888536285156,161.49646295701507,100000,0.04162,233080.7583761141,233329.24530443354,b93828acd81d2f5344e1a3874b1733a54161c4524bb3c918def2ef935dc0765a,142.4922405094366,161.10218448299892,157.55367821685357
1524,7781.5921116799655,2172.3159661822624,True,0.8741918877078375,2.2198128598204776,38.205756148225475,100000,0.10862,8053.997646795102,8062.583997508419,6de4ab3f9d1235cc7af59e8954edb4acd87496b46f87a795c78e53431f5d943a,23.60809785428679,17.158078231118353,38.08449764482535
1525,26722.7571978206,4626.666571465518,True,0.9342650426184136,1.4402091760888982,47.85229297239009,100000,0.18603,27102.324866645362,27131.218600745706,9b8c67ff583686fc9ad23bc403119cb0a3d01a9be46f8f656e0f57a948a244af,39.96647809046545,33.1437878815114,47.61863919811084
1526,27841.32426995614,5710.160512461251,True,0.7779691945667608,1.7580552739484674,62.354553739263125,100000,0.08926,28772.441142794316,28803.11538450192,4724b9e6de470f8ff47b9305accde3ac909b3b8a16c5f6d6f870f43115e23e89,35.698590946916994,62.019641585390126,39.595750555620945
1527,7072.160405220328,2076.861196973182,True,0.8579159073320128,2.1988827828116584,35.834490848679295,100000,0.11969,7322.795116587465,7330.601933752083,08bf059a81ff2e42e9d8861c8aabddc675c8e8d3ae3b57c9d4b3bc975620e387,16.34686185321222,35.77325026373282,24.34750684371936
1528,10758.135944464704,2412.6929501835098,True,0.9768024822009768,1.1396985265836856,29.124782526054044,100000,0.33293,10935.94471222675,10947.60350091761,7557830b4960ded8c6f680bd305b547eb8e70617dbccab15f8485f3856250270,25.548179593777387,29.067898185182845,28.989682216484944
1529,108161.29913224,19824.963635513028,True,0.5537575431079014,1.9368571607857143,129.5639977067219,100000,0.04088,118216.80235711785,118342.83305265066,796650942acc1e31b9fa891a90efe12e06fee218d47b75c415c2dc7bdc450857,87.8099750082666,129.59562954209952,66.93296365903896
1530,6090.170472202623,1854.6251322544483,True,0.8695894924007438,1.9981330069517667,29.859557175346694,100000,0.17646,6246.13928852014,6252.798285069115,be69a99b85cee7d1c2a54966deea9b037f2fecb60a2de17477dd9ec80654060b,14.918843691246828,27.891275818573348,29.837687382493662
1531,13776.989377560443,4001.0536674246023,True,0.6946178883906432,1.269223126225951,42.17472912967304,100000,0.1443,14392.576239917727,14407.92013653698,f84cb30e22b65675d28a9fb00bcb434b403a59b690e42ec1dfa983442cf087a9,42.16443256494411,37.87076507298278,33.08286247403308
1532,12398.457946472625,2606.9623810390462,True,0.9937133913253388,1.0758067250761967,29.42438709997728,100000,0.37373,12658.887453817117,12672.383068303938,ac4d1cc5909598a57f6d0e00889a7b1e672b990b86117ddaa76fa0bd9a83f109,27.34111750549647,29.460305541261434,29.151406946217726
1533,18982.148768259853,6785.989017084899,True,0.5071088858570236,3.8668978206406255,117.2248851598228,100000,0.00945,20239.815905490534,20261.393532572,682ea65a9759b30b39e4f49d46754fb1066615621ed53d30c228f6d89a499f16,75.75543726026635,115.22153018882973,30.322208453816472
1534,12402.689073962683,3436.7368421606297,True,0.7539601927859187,1.563250337155907,52.41027860981883,100000,0.068,13015.882503742234,13029.758709934686,cff6f5300b8361ff0fcf02f918afd1cc04ac856d37938ac4507cb65575cce0c8,33.46017543082916,52.615006260638445,40.433711036871955
1535,31892.6539408992,7159.191745036542,True,0.6793296504537415,2.3626227578153074,82.28131829287574,100000,0.04617,34196.28279386235,34232.73938225938,e81b617921a01e98164c80caa246dd99770a7f2b79ef7f7910b246b8e42a81d8,58.51696293631518,82.5625532675096,34.47137260512079
1536,19773.6334724308,4415.77770586171,True,0.8008193809619085,2.337975492522697,58.35674982954592,100000,0.07821,20665.735915476867,20687.767615025452,c288d7e0f772c53b673dba5ce103a4f7b0f1101c221bab316848588984660eff,36.15952906918642,58.342502576169565,24.989682422124886
1537,47110.0595777045,8730.938741005422,True,0.7224907408393334,1.314149397134555,66.11987875516446,100000,0.1282,49271.91846302201,49324.447156323746,5f68a636f35d87a93c7e5e4b1787e0ee280d282e1bd7ab83f62911f9264ba923,50.122613167672284,54.31967578396689,66.13602130368866
1538,25136.22192201382,4337.740797307308,True,0.9566517318710729,1.228807001181242,41.85240488247081,100000,0.26252,25588.153738692406,25615.433217994723,0b8e492b47d5467d0b14af6b9029abb588eb07f40fbc390df1ba7e2cff286812,36.6106363998762,41.770661904184735,33.96420747786449
1539,84718.41777833262,15848.63771835167,True,0.5885871059834289,2.3802536895381836,150.49759056384065,100000,0.02052,92999.6467904051,93098.79352704152,4f98d9319965a1b5ae27fece4f854f0749736f2aae5a326af0112e890bd2d265,114.82054944140673,62.09495313791277,149.02788753099065
1540,46439.24078946656,7204.280834335459,True,0.8672618272634223,2.497974654382061,78.57301593205337,100000,0.07474,48204.62016988189,48256.01101861719,fd6991a16fbdd3acf2fa81ae0369af1abc35d14e5ca9c1fb1afe98c28b63a34d,78.18935862769763,37.90534167034605,31.82437339630775
1541,189336.80837243868,27687.223056068924,True,0.5759190262963848,1.3651527317143028,115.31742058148834,100000,0.09824,200303.4428189952,200516.98591703834,812e3de965a0abae46c22eab42e63c5595676ebf2d65e4ccd1501731ad9ba64c,115.5708035856957,94.76524357355706,84.23577206538405
1542,31312.778335137515,6275.198264226746,True,0.7656043782552284,2.404698517519536,74.85959261070448,100000,0.0598,33354.84014550146,33390.39967358126,5b30ef068e03a08ac581b2ed09061496b7bf8be50790bd519a9e98238f8ced8c,74.3113045788878,57.36920439575229,31.36207541991428
1543,83819.39086433395,17564.375919729835,True,0.5273282864054417,2.406835525045422,217.31005125309554,100000,0.00726,99058.41279068893,99164.01876558813,10a50d772d418b86f2ebe35ed7e64a505a387fa0b946a4c1398db0f9046e0906,89.68814493246045,216.88561755924184,95.89548770507085
1544,10050.444103179634,2553.875256644708,True,0.8818768572418655,1.8899001302785277,36.45224947452709,100000,0.15929,10258.333536736733,10269.269925514498,b4859aabe06440bf068d7eab257451cba97b35088908445af6c1933eca63d2d7,36.37215419980279,19.338559108434414,28.19353670295455
1545,54611.39583916139,7392.466089487163,True,0.9416372597343079,1.3262817402420113,57.08452595748855,100000,0.22542,55752.319952709506,55811.75738902234,109d44dfd0af56207d1678a7317953df435ff16bb975d38bfef886141076bc45,42.9806342902575,51.95583807849543,57.028779350108195
1546,55752.62175603741,11559.714271950153,True,0.6105396708007704,2.89037688755193,99.58868835069879,100000,0.04615,60606.19856402937,60670.810710579826,19cff1e21771000c456dd90b942e53ebbf48a92d81249fdfd3d3e6bb5a7a8d70,99.44280648299758,87.55343426534823,34.76851180212384
1547,17210.021924878925,3521.4687645207414,True,0.9154077108419229,1.3892763668356942,40.834887925095344,100000,0.19401,17564.408182342188,17583.133562624054,b31e8452baecb0be11a61b48c759fd47e9c6ce655d868ea135053d282d8f99cb,33.7166970123712,29.40989242652131,40.52583481824037
1548,41511.7227895521,8296.622970019036,True,0.6988166999170916,1.7848667875828312,81.14111876362712,100000,0.06189,43960.1087922584,44006.97457593988,27ec3d5d110f81d22fdc7650383688a72b8065586cb4f48ac87f298f1d11a1c7,45.523020243851356,61.52937374995747,80.24967580846032
1549,39922.55851347054,6143.693767205165,True,0.9194613434619668,1.7949799861876805,62.23769421601199,100000,0.12647,40538.091980435,40581.30955886716,c1a47db4d129484bcdd2814946ee489d3ae63b70f8a9ca1226b555d8eb92ae65,39.324011872812264,62.42003121078546,34.34013401567068
1550,20464.35557034379,3754.4191172263827,True,0.9636960686169451,1.258302853354082,39.28704351910241,100000,0.2566,20688.070974443344,20710.126485353412,15674ed6cbe2b29bb0996303f44fa00abe5f0489a985937994c1204a0e03b4f7,31.230130297411485,39.15276163207423,35.14348814794708
1551,55292.91796274716,10392.991423080155,True,0.6753411742051418,3.2215350078851777,115.73684301944346,100000,0.02812,57962.28707065365,58024.08054847179,e9e39a07f18f4ecd82186313fe7cf82d23240bd53954d0c61ad09a457e12d5c3,65.21499845919811,35.687410335341085,115.70858695425318
1552,13337.411349826545,2765.291302286878,True,0.9835375245190735,1.0868109404264468,30.830918455685122,100000,0.34895,13596.837026065054,13611.33258670681,0e2599f6a1b3f2ca56afdc86cf89b5d70ea7e168c65c2d64f46cf17ea070b17d,28.399671712231434,30.078210485575617,30.725539339869794
1553,30159.696110222998,8891.944864839796,True,0.5269531490316565,1.674434548275834,126.12941839940555,100000,0.01314,35055.797076980554,35093.16999182833,f272c097e81d437720f465e35699e825e318970fc98c39cbe4c5a2332d8cc8d3,118.46188295471512,73.47284968285685,125.57513872870504
1554,33089.8582056346,5700.185851856264,True,0.8744299940705995,1.903762459437726,62.45107574654739,100000,0.10496,33990.60500256208,34026.842318278934,30d4d157fdb8e9be16dc2ddb7b6b5529c09ac356c71a762475242ace47577a7e,31.766800858869995,62.40533521255334,40.404138361413715
1555,29784.114949054037,6355.219203298571,True,0.7311560129522441,1.9701507872585686,61.972505246729554,100000,0.09809,31041.10657610919,31074.199437478233,1b72f979a45f0ddf39bd6b9991e0a99a8ceb0aa1924396f17895046bd039f3f5,61.98763525289331,45.69261861453205,31.621712882242377
1556,46378.98769130199,8353.768979643759,True,0.7472785339498209,1.7086656012628456,73.5085781790174,100000,0.091,48058.56089016325,48109.79602539385,4de2f6af90404dd73f12b7f1d0a789cbe54a4fdbfe287ddeb62cbdb856cf3e1f,42.9458075152316,66.09670249836941,73.68804248121228
1557,46027.926447691156,8445.688902656406,True,0.7354107680939512,2.7569409106681797,102.15834982962869,100000,0.035,49614.08122957519,49666.97470191507,ca64ea77b21b5e221fe5c95e205a46dff5f491c12e2e805864b09208e67c8832,102.3578778566397,39.09502279246655,36.81292098352831
1558,73540.2468892258,14088.130836597404,True,0.6025329531509465,2.2383843871154654,137.46036932632768,100000,0.02296,79290.23493239068,79374.76609258314,bd77bbc7897c22d6329262b70072006535a2984e4462e5a41a4da7583b0889d6,59.85365446618785,137.49392898680776,128.23146269431106
1559,90087.39848079975,12738.77236111282,True,0.762897007435894,2.7810875975904223,97.96475188275369,100000,0.07467,93340.68453765237,93440.19485394612,1c9d4c713ff3005285ec60e3b74a56ec69cce97d4cdf29eaa5dd6917bcb4b69a,35.42133728963824,81.22272885591589,97.36682248893806
1560,7643.656320867119,1888.9736839626617,True,0.9934034212881524,1.0903980664850914,25.33991748153271,100000,0.35809,7746.813194585131,7755.072056570989,63cade8035b0811b3f48980851eae297f7ca81e284ff90e71e1347166221f0bf,23.19938734271183,25.135762872916843,25.30279846178437
1561,57489.421869922495,8741.446972506761,True,0.8240611208084211,1.6075573769942992,71.4620704387342,100000,0.12287,59619.44706727258,59683.00724003443,458b09c7828a1463067d9072e062c3fdec29dd9b949861a77d86a0868e06bb42,65.51271350035324,44.29741133885404,71.33994287694925
1562,9937.492566096136,2343.852689164645,True,0.9536851557377848,1.3372660584371203,32.26497952723132,100000,0.22787,10176.457790347595,10187.306891556604,7ddc9be400a6d159f3b54510a8ac5a368576fc2e64b2acdefb1f447d07fd3310,32.25710233496393,26.546137941105847,24.08057676141263
1563,229699.89991444806,36921.12521099592,True,0.49126565182477744,2.3694211686048763,254.11241292603034,100000,0.01156,252203.30639233606,252472.17983068433,c3e147083073522a0f0e9f7b2292274b6f21d58829c6dd563ad75e6ad1a8c03a,103.72948105769598,252.31327718998182,149.9486577251502
1564,17909.661433427937,3691.0620787455528,True,0.8968593888598971,1.208052732029423,39.37333704922062,100000,0.2265,18381.89079421299,18401.487691065315,979e69e7247694e4e4bc3775587f3e491dae62667f6f61a03e91a07a550dde64,35.33603198069702,32.711783686156686,39.43101283591382
1565,38967.10359924118,5901.9162974438605,True,0.9417952505900712,1.2442578389542098,50.07651554191939,100000,0.24085,40212.79481700258,40255.66559678221,e48b14f811cfdeeee1e404396ae26ae90b6a3d61be267bd371fbb0cd748b6e9b,40.17368898211599,49.73419561145705,46.49438198386706
1566,121599.8810073329,19388.754121511916,True,0.6121948257269282,1.3354392809908422,114.1145570035894,100000,0.0655,129413.54907090747,129551.51659562116,3c1eca82c4e23118b5e0a031c708cc7bca081e655b227173520be90ba53a43d8,114.19813700139477,93.55387754347002,84.83369777244377
1567,55164.51137002663,9686.583663319943,True,0.7234691350259426,1.9013649060334108,68.97055492505697,100000,0.13237,57742.559597641455,57804.11882444197,a27ba40198c951f269e14184112f83c2dc6d86732e63ef196e1db66c6c36eb30,68.80216978119697,35.95022821411051,57.705588800822824
1568,72932.23683375047,13060.600002379106,True,0.6463494020667191,2.3273432278313835,140.11775234931164,100000,0.02129,77870.04925741283,77953.06636050987,27667ea2030087c3d90c5787e61ea5a381fbd6fba96a540c765742fc2770f714,140.04933547804734,59.57399065339995,74.98489090568631
1569,25402.471312004283,5325.579045571449,True,0.7846956933273809,2.5882204763467898,73.16685826038488,100000,0.05141,26773.56030357735,26802.103542437395,aa577d91bacb706c201e069a08a2215de96255a06e7d7a9d3b64d974582dba9f,72.6845571927505,28.294995967883217,37.226497220371606
1570,21477.332725098226,4525.310253241968,True,0.8257007170052668,1.7082973011611178,52.21213002223152,100000,0.11588,21929.969148953947,21953.348645013288,3f36cc922e787f346bb1202c3107c74fc3b64b33188dae66c3e4f255cff7f7f2,38.25405327068281,30.46557391433919,51.918946674938724
1571,24249.03295610524,5892.082666745039,True,0.6876143141946716,1.4835852539512635,74.45225724001574,100000,0.04745,26036.65125466104,26064.408876264242,4f7dce1b189d21f17ddab1fdab42542ce11aff7e01bf6f964e64706ec1805c23,53.27626122326322,49.440952073447946,74.27048903386336
1572,15526.387514566262,3385.71045771676,True,0.8889580294810107,1.2130312929586642,36.79882595924458,100000,0.23857,15806.401936213162,15823.2531095673,7cf679487d0caa9252f869b190a39c0355ec8d36fc71e5df7a9e1b1e9625f44d,36.673048722079194,32.21694089107692,30.24044144990656
1573,7190.133198092369,2013.1218044480615,True,0.8948948914857985,1.938597606958475,33.05111701495747,100000,0.15288,7338.788992643635,7346.61286084739,97c33694e5a8d0f7dbd8f35895053b3f94b9584c1aed1e7aa6f87a5606646a3c,16.832185081347966,33.05111701495747,25.28055410348187
1574,19459.256461214838,4144.403518221904,True,0.8441887987290166,1.1699993577889798,41.378367972921865,100000,0.21237,20004.538692198974,20025.865490715936,a55448c217e26b1b86d4688d6e4fe5b754f328a07950d846030c807475b6fd5f,35.23626647694128,41.25714228550119,39.53977838037504
1575,20613.26516369501,4454.669969141125,True,0.8161433573868128,1.354092546667551,49.09907994901833,100000,0.13608,21415.571302078693,21438.40239962673,009a831fd32fce8f49820b601718e68722070570e156d4a0f691ab3fd6117756,48.991196228427214,48.12812646369838,36.320852599005256
1576,28732.306117735847,5434.026460248312,True,0.8348517570679956,1.557241218537991,54.45908824546544,100000,0.13846,29733.821314833334,29765.52048201124,4aacbb7d1520bb8a486ca3b7ade1085cdb1e0fb8911db855148d48c942dfce65,37.10823127272804,54.2995401353713,34.99421881398072
1577,108442.72123848279,17678.03267633843,True,0.6220860514310678,1.4793041103765407,124.31865167888515,100000,0.04587,117179.84401053822,117304.76920686066,1468f5a33a42e01f93941a19f5fad8a1daf19f00a33888afae5017ac4b4df6d8,124.31865167888513,84.6799409629125,82.85886696371007
1578,11814.236576980513,2613.1090682655035,True,0.9599833401887069,1.3057625497592338,33.199620011154934,100000,0.24757,12045.162329174429,12058.003652538644,86b4eac4a21819df64e12b8c0e7817d4a60d352ee3fad09f233d7e2003eb9a69,25.402248319081924,27.15300953060767,33.1023554994035
1579,22437.24577400541,3895.163063637885,True,0.987654040147944,1.1586664767596235,37.15555709927942,100000,0.33665,22959.64942969565,22984.12666583399,9ac323398f9d7ccaa05d0ab5ec9fa03d6488ee596bfd918d70a3b0639d05d5c3,32.02126869151766,35.72231051195371,37.01041820436036
1580,31994.598990901588,5439.452316979443,True,0.8960111167601242,1.3418115178067909,51.6542922463272,100000,0.17992,32969.623678284,33004.77252786189,f14ff0c8edcf16894d14e8d7761df5df05dd770ad634c64acf3fb1ca8e2129d3,38.501111872079335,51.33901946650343,43.356312681365466
1581,10388.40995681493,2596.4764146787,True,0.8867457773082565,1.3928118390021618,35.42008666683094,100000,0.17967,10615.482236393198,10626.799380682274,c8cb4a0141f5eb2d95ac4d01eb9fe4db3dadb3756f28b68fe3e1cec69543dd4f,33.92407226415473,35.3249643637706,25.414949881302768
1582,19458.56059042232,3662.0335634996736,True,0.9553641596587507,1.0510060704520041,35.19342455548133,100000,0.34101,19763.643084734347,19784.71306492808,d60083e97406e153f2a436c006c227a503a4e1e3d5d74a2391342eb406bc053e,35.22779313414879,33.54373277944314,34.32561794412791
1583,24710.93497666533,5437.56630687134,True,0.7545227585951313,2.854748062479851,64.09465065456502,100000,0.07373,25812.192176634984,25839.710502865964,df4eaaf92df3fe90aa64b05b634b74fb268f26c5afed6401d2e86b7e0ec1c031,63.75039227702584,52.02995933262419,22.658460485305213
1584,27376.80930880235,4481.310140820709,True,0.980244340751293,1.22316953789427,40.89458293768271,100000,0.30626,27848.571962320948,27878.261268951017,01a2eab9c93b5c2444c09510aaf03602e3273e53ca21fe735ef694fa6655b33a,33.526369507992804,40.83467876345759,40.035956440455976
1585,88102.71960897127,16241.679631043384,True,0.5895392544570918,3.0497983552842087,131.1839840656214,100000,0.03218,96592.58535028614,96695.56251150422,ae984fbc75bf9b2d31546fc762a0d1d41b021c0c1ef592437aed2816a767830d,42.035883565949234,83.49527501442259,131.02384736632254
1586,98198.53506719536,15941.805503307512,True,0.6456789443215757,1.8205630882829251,120.53915795245595,100000,0.04587,106814.07937103922,106927.95364650105,54f97e5ddee35a0d5698b4288dac35abe52315585048675a1c55e1b54ca54484,120.71572898461287,66.27299406956317,67.27356325178573
1587,18636.583053554295,3486.01966046358,True,0.9751359141628521,1.1417456736283178,36.12865502635833,100000,0.30237,18958.736227079393,18978.948097688975,a2ba012b946a315f924c2bb3444ca24ed93edffd816ab0ba1804426da47ad73b,31.90364873787551,36.084552664265615,31.586111730807907
1588,11959.846282025092,2575.6674576617224,True,0.9819244303417962,1.1595288145415674,31.236823544061153,100000,0.30067,12184.451737171656,12197.441556693955,fb95b516c3b49220bfe4d95eef7b4a0f24d82c55a4ce49b33c88ca39589481b7,26.905154654162047,28.46852106688972,31.213945011191964
1589,20169.036384878516,3866.4594169312295,True,0.926746101995637,1.2024653240314649,40.19674873173716,100000,0.24106,20816.764790331472,20838.95750146015,28af6595485efd33c7b7cc2509bd2ce44c0cf3907a30a5280d791e28552ce2de,33.425323774486515,40.06917116007881,34.0239569953449
1590,102099.88449851346,15854.224825456287,True,0.6663298654493992,1.2870807953330352,99.37148462783031,100000,0.08212,107139.49061883528,107253.71181457471,aee0c00de8191cd0cd37931e0ec0c3760d83973ded03db86f20621adbe33b415,98.27975689144057,85.27606652022058,76.93041449093016
1591,10840.776103315531,3451.5593645352897,True,0.686292143277014,1.865417564087669,52.629116283296355,100000,0.05858,11353.843455512539,11365.94776521419,4f5bc7e78decce0b16fff74e2adc499da1ee63fb56cf64c1dc052c4b793a2ff8,52.50062722987033,29.089921695650137,27.79218225604736
1592,79361.57526577385,14775.87325207513,True,0.6044185999242967,1.4453734480834555,126.18374458402349,100000,0.03209,85722.58372005634,85813.97239437078,f2036dc67082cc29c1c6361bbb1db59f088424113a82271ea210c0a2a3757892,102.21622669184325,86.04277310136172,125.47519328386907
1593,118121.6867256799,20312.887033099985,True,0.5731463941574347,2.5135999588910365,153.5530604166753,100000,0.02715,130695.47921456542,130834.81340243023,7edac536243f2c73eeaabcbcd4a20121f0251e4bfd3018c03ce878a604b77759,60.825156378431565,152.46589275259237,72.99018765411788
1594,24010.09571639411,5688.177578874847,True,0.7075767800441405,1.4290063000160327,68.94065850166615,100000,0.05888,25651.300300569048,25678.647100294158,b9f23285de1a8362060f5726bcbd6c9ffea96f685457f32bc81448f947ae319c,68.75551513166656,47.968964045348756,55.35786762987793
1595,16200.913723457938,3970.457888370977,True,0.7798358622089623,1.430215533353011,47.41078214582143,100000,0.11796,16714.039553670686,16731.858357665646,ece54c5bc4d5a21468364b56245109a83ae8b7317818d2040dd69a91ce873901,38.70645886123703,33.196807420462854,47.48023153373035
1596,21942.687157356442,4435.8504994226205,True,0.8544771061490032,1.3281635337575906,48.40664400351683,100000,0.14863,22414.894676512984,22438.791150703182,e255f7c1c4c4805fcade196253cd74ac70c212b20d4ec4e5a26d611aa15b7fac,48.359371890232154,39.779483329061925,36.352255115922304
1597,29662.7216155276,4676.882462888512,True,0.9908357463012969,1.0793487889269497,39.401493875408335,100000,0.37027,30114.23893427651,30146.34366391437,69cdbeddced40a05070e4ed459a13c47bf0a4dfb21f75d2c2ffb44dca38ce5a1,36.57335930524963,39.43035239143036,39.132147725869416
1598,10708.216633380578,2497.2448028197796,True,0.9408082251093389,1.4462932549530818,35.088201475069326,100000,0.18967,10894.248313353697,10905.862649597471,1e46a4991f45dffa780d6c5334206e9e8286e8efa8630ccd2d27f2d17e6e4e82,24.2516353456839,34.97683755437208,26.401815660684488
1599,16605.70681594219,3446.2874728777465,True,0.9133506321582504,1.5454940420705794,42.201606287365294,100000,0.16986,16974.358327269078,16992.454656585673,d2f652ba9660ea56d0d753d0d6664b54e75e05802241fdce252300e84b83139b,41.985240630130264,30.14694824141378,27.17964779933341
1600,19952.899252330535,5419.364719690394,True,0.656457202820804,2.199416083124044,80.04226891435049,100000,0.03159,21538.87917653392,21561.841732359237,1f3ab6c1782fd65b19b94319ef1e4f33a5cd4af64fdcd67236eb64e6ff29304b,47.310139902744766,36.132362114900886,79.02610729727377
1601,79711.37063829158,15560.111042945317,True,0.5756408650126875,2.7603687010848725,149.0325345225789,100000,0.01988,87493.32951964061,87586.60598249511,6de4398405e57f1581c2f663e38fdfb377e6dc3fcb9eb4743b53eb10079d5cc8,84.34018921468211,52.19413348941393,148.01375743111598
1602,25385.319911658476,5689.954302968194,True,0.734114450988574,1.8287179952189903,68.22676662886886,100000,0.06254,26408.12385549716,26436.277503293943,07b9f4163961753b7e2ea7df5ea926ec4e92772902e52fc151c19097a409baa7,68.42664973422688,52.28608897656722,37.56136688186017
1603,18107.49552046724,3427.755079832289,True,0.9728516033366841,1.0555031456996051,35.09708850776603,100000,0.31912,18343.516623293624,18363.072609519404,ed38b1d56d4c7c7da85f5fed1b2574787b5047eb3c3e85d34ebd4db148fdf62e,33.323383107105,33.10916747900584,35.06281400727016
1604,25278.974939627416,4824.619148437685,True,0.8633642494017632,1.1654642236251906,45.35521941765616,100000,0.20999,26049.280487786367,26077.05157338964,b6b1d4c594a285e6cfee6b3e946117c4b7466c17f1e6e1f48dfd0b2ec7a61f0b,45.32200026280925,38.68924234504165,45.04517397241827
1605,15163.236540570937,3172.7844472055885,True,0.933766229169956,1.6221002286236559,38.124494062246455,100000,0.21106,15550.111322493613,15566.689264939281,dea3417694e0384e19d754fe217d7a93a04b6a415244b8a549f652ba872f8bae,23.61373081931622,37.98487799512397,36.151253646915336
1606,22620.095936895683,4877.586894158636,True,0.7930040483329059,1.6383522140423856,55.82540632388293,100000,0.10044,23233.662905466135,23258.43226682057,8e5d5167b30e6e640806ef8ec00597de90aa0025c32d3e9510d481532d6dd424,40.94226577073836,33.555212492529236,55.743630826338176
1607,17636.161955991796,3494.124759521575,True,0.9377385480237569,1.2343499928703796,37.383852373750216,100000,0.2586,17963.707761754547,17982.85883451597,7d0297f5cd29f82d7211d0b1444d71c99d5f0fc75715d1964f53e7f1ea921745,37.25607553458212,35.896164889150285,30.319618551171445
1608,32748.85532358756,5562.996793483288,True,0.8898279941755722,1.3307052666718289,48.46386324956768,100000,0.22318,33777.279417147394,33813.28930688615,ab2cf90908052f434b907396a7775f9d637929ef02b804cc4f753fb5640bd3cc,36.56087339872171,48.44019925384035,45.30471981996939
1609,79582.01627710235,10943.57618882819,True,0.8175885815203037,1.7337220366155743,89.27354674892513,100000,0.08827,83501.98427243074,83591.00557013457,21c6fd846d1a72b87bc94b8ddf8e2135ccb485e9e4a573ef5b2ba23b5c25e7af,88.77225486044239,65.75641858923512,51.48049741722685
1610,13654.59494534565,3302.5186547977637,True,0.8365490160867309,2.225492258399507,52.4965978565146,100000,0.07314,14069.016361646445,14084.015311729401,f439d1c0c115fc903b51970406d911a1394a7b21e35e4946270756284d3506fe,23.55682296393404,52.45814819988141,29.939465965043482
1611,78202.65385052604,13300.157148743261,True,0.6649285994826349,1.2602243835602054,80.02282265618953,100000,0.12036,82004.76330564058,82092.18841907916,89f93b01060dba894abaad7a058bd1dca93438861b70c30a2715f859ab996708,75.4902799666788,79.24134977868768,63.41652400927521
1612,23368.23518147667,4234.8188410638995,True,0.9333973518101091,1.1778861866934656,40.46098680918547,100000,0.26724,23535.64889500948,23560.740203020796,0689567b75351b6a36927b7c63a4e5d0f9b52d9c789f3650fe8bccae6d668e72,40.43135229736234,40.36220510310835,34.30688652058134
1613,68818.13716192292,11078.246677659303,True,0.7330749310790071,1.8020700281676996,74.69229173863032,100000,0.12865,71277.49801717828,71353.48681464049,86bb1fbf0c0130a3bc18856f5840e03875811c16d7aad94b5b9543698c5dd8ce,71.6105052875003,41.102642963591975,74.67405631584256
1614,20206.572745684058,3647.9970734842245,True,0.9834631288446061,1.0520246983191994,35.27370246148182,100000,0.35283,20588.938107757607,20610.88793331763,d234a6fa5de4ba2f13d099e0a04e40fce46017cc0e699185ea0068443e96a0b7,35.41149036172198,34.731162604286176,33.534130220949756
1615,7860.459156680154,2110.94257517295,True,0.9056762564395663,1.1714025061727822,27.39264378135117,100000,0.29159,7968.7422035070595,7977.237663563536,2b96091c7912a9fe23470ff886c9f2637aefa4d999789a87fcda1d2dd74b0613,24.837958741195862,27.399331438524353,23.40680010613503
1616,28275.377336830523,6118.276979617913,True,0.7336021521267924,2.147390212089645,62.84211490648657,100000,0.08972,29604.44638346809,29636.007624291546,aab32d4be3e7e685b1903adffb1901afa797277afb1577263257900caf09d428,42.23738826600526,62.243764691312506,29.26546244729569
1617,38630.96648940624,7611.033786909995,True,0.7261018173420551,1.884463832494017,63.18628854201528,100000,0.11926,40001.71817349823,40044.363924892205,37fb49628e25701d3ef69ecf0f36b5a0dbd2bf0b8b3d3997ba2d3cf3bf78d7b6,46.38700430806639,63.37140462172822,33.78368454761071
1618,84691.15541249141,14944.927988178257,True,0.624044657684864,1.3187381747469222,88.47371840906538,100000,0.0961,88487.41952559659,88581.75578580964,a196aa84d16309f234cd812752ba64b54c956042b65b16afe454ace776a73d4c,88.73291875596695,84.34811288754892,67.21928996313756
1619,44957.05957107659,8737.313998212217,True,0.6997959851746594,1.618921665025794,76.31776469570885,100000,0.07852,46405.8270881312,46455.30024717525,63224a4fdb0bbc857e8c293eeb225c7f39975043a3d2c34a263878a543cd6530,52.33803736089993,76.13144202799471,46.91604773041867
1620,26570.506602500147,6543.126573354598,True,0.6581103074255802,1.4374650967599183,60.44175333392646,100000,0.09326,27379.270669347585,27408.459654811875,ead7cab53ace4554a96c41bd5c233be35fdfbdd33006532d32c54833210a8d8c,60.4565096213615,43.737635957460455,42.15871320191111
1621,72397.56734762865,12393.718545642112,True,0.6777951822097872,1.3252513637702652,87.41513257185437,100000,0.08319,73883.30044010925,73962.0672783003,d4b603ba609321b8ffaae52492a8b9a1c15c9432e6bcd64f3b5ee4efff992fbb,65.54000784379022,86.96695928474281,65.79610686499683
1622,10076.70728762552,2470.2741460121697,True,0.9133096930503414,1.2692844158088508,33.0816525484415,100000,0.21402,10302.230189163409,10313.213376074162,1ecd1d46e07874dbb7c2921ea8920a08ce64cc278205eca6986bd69a73bc72f3,26.07118516268778,27.969180365051983,33.14626515107517
1623,17526.00737539848,3562.0783319739485,True,0.9160151410747234,1.6836321686645732,45.59106978217606,100000,0.14325,18048.839419540167,18068.08125099093,7f199b88ba93d2be1ae0447656e383b6821750bfe48a5e5233c134ff98aba73c,45.7135067371575,29.117734021038228,27.192134638148467
1624,11916.926164002109,2573.452357962885,True,0.9804169798900435,1.110082471970127,29.48256991635427,100000,0.35585,12124.903285973593,12137.82962101168,3c172e1202a2224306fa59402f283b23fcadd85ad0d981d6b74227c207786cf9,26.567423232730377,29.42498677198639,29.28822680411268
1625,66986.43017645359,12431.30640969417,True,0.6416407080269496,1.9086888868898904,119.05468983793205,100000,0.03203,71864.0624536918,71940.67658632154,dc0da8972090475a200f8787bfc1f0e8478996472405278ed21509bbc042ce54,61.96889617540799,118.99655766515961,117.6595176913938
1626,73351.5579819689,10901.064613425859,True,0.7773586564378875,1.4195398802066814,65.50551180161104,100000,0.20225,75585.30405680105,75665.88539762908,7380e872e881da5affb98a10a45d5ce96a533c7de6efcf251da3cbc1bab69032,45.578786287742055,64.8977946511078,65.7294075939017
1627,8520.286737366056,2189.6190748547406,True,0.9213366847113885,1.6763050742691268,34.40052001399107,100000,0.16209,8773.372049472,8782.725323791019,193d555b5b88bfc413b92e858e3ac29ecd95b039d96a919e9d7861e579657fe3,25.86757852614563,20.408511629394113,34.17375877366447
1628,171006.45575267493,29515.02232262829,True,0.504796125006331,2.2974883696704755,172.98989835771906,100000,0.02608,179508.54186469805,179699.91556060422,f2cc9b21231569883172b3620c1ac56294065d9dca357c4dd0fa6c639309c5ca,170.20246347207222,73.0645810934702,90.802803093041
1629,18736.686763315985,4875.243856429277,True,0.6997608564373498,2.6861331255369056,83.45756718546663,100000,0.02554,19739.373141565724,19760.417247621794,fc590e22da6bf95fbe9ef9c36c03806df54772e7ae68d0f3ca6983fd29f80d95,83.74282254205757,30.501947772618053,41.14808518824459
1630,61518.94121290179,10260.418180911802,True,0.7344997142215586,1.7468247234645367,70.1491516189891,100000,0.13922,63897.54907809795,63965.67012682018,93122b133e31fbe82b98b99a1b96503e98a839ff2f3f3ea3f9cc045ab7af6bdb,60.84959367731159,69.77237394916054,39.9384330018268
1631,6799.257315338956,1769.181773356057,True,0.9810383529618089,1.2777015557933453,27.144705721419967,100000,0.25893,6885.7791024253465,6893.120017695091,082846f3df8193bd397ac6bb90357e4a2981d671ee42f3943688f62e589d2951,27.19772272478211,21.2598183482215,24.016702523053212
1632,97446.90114269871,19607.22967641816,True,0.5222918435001686,1.9528510744985759,113.79787567407814,100000,0.05256,102984.7983502214,103094.59023687876,1e8807e4a01b98a10353d501a6d5dc41128fb8dbd71e2f9527ec6f5ce7026ade,111.82530507523549,89.46024406018839,57.67685300277983
1633,35183.11532133061,6535.522866819007,True,0.7944989248671891,2.323781496070464,75.26932439340241,100000,0.06412,36354.89284992297,36393.650728164816,919b6fc280decdec2519213d3b2ad4649120a48ce82d06e31ac98ebdb92a4281,40.92401987893242,32.452545624694494,75.03043249469289
1634,18608.523110908063,3708.8894942723564,True,0.9156190815261449,1.1813902444737892,34.85687767200724,100000,0.33929,19105.20967214455,19125.577697799712,b8e09b3bd3792f3dfa30aead803a6aad56b09e8dbc2ac9769b279837b3452d9b,34.40584873728645,29.580690133763962,34.81432777250529
1635,23931.578676797184,4450.262118584265,True,0.9024284225183562,1.284796245547274,43.98236818397626,100000,0.21586,24418.742978628918,24444.775751468915,2f7ec81be2b263418593177b814c47db95ec73aa04e9fd0d11bd70ff55d6f7ec,40.18115765245096,43.85351358968727,34.11425383801088
1636,37185.368096633145,7076.51496623682,True,0.7613413507111146,1.8548519375660342,85.50787680843854,100000,0.04656,38703.17929940924,38744.44068111792,0a8a4370228066403219657ec8fd668313b51eceb692f5ce97db1b3a1be84e6f,47.55540609609937,85.27824139708775,45.38430766151009
1637,333166.28376922646,56671.66293425446,True,0.4101022931919411,4.28076171222866,527.46210940143,100000,0.00254,495590.3256685821,496118.67351929366,cd28f49d3718db1efa8546b72a527723078fb28765c41f32332c2b3be5767c3b,530.2951578405978,115.31794896703627,226.77265006248
1638,63779.56858017886,9804.82884458237,True,0.7873451544595802,1.6371921232386608,79.38907483797989,100000,0.099,65861.6670287905,65931.88201971466,5dd79dfe27146ba6417b93ce551666b46c2a9906af82065fab4ee82819539360,64.7943547810954,79.54413162477283,48.76535944637631
1639,27098.590622102725,5745.668589277486,True,0.7593488770002507,1.8499829547062834,73.0877309992284,100000,0.05401,28036.44323997004,28066.332835791844,bbf7586e8f8d6b8c1fa4baf6f37fed491f8f163da7192b437d9f936defaf1bb0,39.48807341340147,40.5408507886345,72.78438836568668
1640,5509.370652448913,1555.0332818623333,True,0.9700908988073356,1.1195427504676516,23.615070223802377,100000,0.31976,5598.957372108146,5604.926409316018,4e82a8841b5c4e601c9c1696c5422af81ea9e6ea6594b48f1971f6b804cb8a85,21.084060500108713,23.297973333590186,23.672724203840954
1641,13955.22892833387,3222.488858967655,True,0.8698626363528239,1.4330445484074257,37.45563496054109,100000,0.20389,14245.008700228653,14260.195275390257,75258a98d885b8624ca636dcabc9393122c368fe03b844a1d863639b971a3f1e,26.19882669969488,37.46477940267013,35.03235779634592
1642,15721.436479724873,3136.5602792427376,True,0.9675913332262929,1.2311702601442107,33.57143299486604,100000,0.31736,15965.301612479774,15982.322188459613,640c8e47ef35310fd934d4187559be4e6ba003f33137aaaa94e28153d52123c4,30.415915000963842,33.62060989866712,27.112866295658414
1643,38234.48570974031,7013.240110898623,True,0.7825923262236566,2.6949636272538755,82.26398423083171,100000,0.05444,40296.06485192907,40339.02440572567,55c3be665bcf932c96c6f5636c4fa56a54126c828cc167f35eefb849e2c32799,30.80882612551168,80.89827355512453,44.20484113575698
1644,16733.586623475378,3737.412190205154,True,0.8465237572312754,1.8982794621866521,52.19063743193327,100000,0.09142,17279.62535024151,17298.04712411811,cbe6d4e13a8bb2020a7b8b0bc97b386cc7c01db54aa7014e5a2c51c45d041de4,27.34402049046113,31.192060652678865,51.92305848025588
1645,32222.805943112373,5978.172681181148,True,0.8191395705698845,2.0200248470133753,68.7365276325436,100000,0.07882,34034.11793004087,34070.401634802336,6dca5f3b6eb9ba26f6975bcc13f32b2319272cc0e23f335dc659ea6ba07eed3f,33.22713005674715,68.63583935964436,34.468952089171026
1646,23060.11321914764,3986.3079853157865,True,0.9828507310894135,1.1081695110352712,38.00807369228701,100000,0.32243,23538.4750376275,23563.569358583787,6b9829727fb79ee95b65c5f29152ef12a8e1220e279cc5e80c05fecc09591d79,34.28706843090833,38.11942547068239,35.437703474327165
1647,65121.79324928113,9911.710612215473,True,0.7897441391493235,1.29821160958138,72.16883543621334,100000,0.13759,68762.43764927097,68835.74514592688,f1c3c7f550a5ef68cd3441a9cc6939c222af89234f10b1d8006e0ea2a0002c36,55.64189021180706,71.86930657820173,62.28438312182963
1648,58007.62332721866,11302.99467665087,True,0.6411317967283633,1.3149897858309048,99.25968766536172,100000,0.04605,59877.49856853203,59941.333849481016,cd03dd06cb8ba43d799b9774d14e28ca3004dc2fd6c57d26b4cb01646358b86b,75.24446538109085,98.99312112133853,84.50159445535067
1649,13280.69592118127,3521.2186857835977,True,0.77020266211274,1.1083421942654559,43.45539185357818,100000,0.12513,13652.360814636239,13666.91556907745,43bbad24f51d785309169180844f305548e97c35136d2a0fde35767f909628e2,43.51904721273869,42.17167544384113,39.1162182041364
1650,69685.30037330645,12774.81990998457,True,0.6410473692457405,1.9972642178173545,83.9328972316726,100000,0.09268,72861.47693639774,72939.15441060402,3dba9b5a04016f3364824182dc7c824547cdc26ba9d2e496c2c09c8226e1179a,83.99437152163719,74.93715946685222,41.382442861172564
1651,39154.404308108846,5840.456218509952,True,0.9547531483136715,1.1291844093580177,46.380225405308835,100000,0.29941,39717.34119528988,39759.68377295864,d704aee0dc6f47bafd592c7a9d22bbf1608600acdc9a9cb8cc7716f4b0bf5a3c,46.6066913496707,44.46658817545112,40.956366037842294
1652,21254.55070719218,3782.381655209414,True,0.981040030227344,1.0289171069933043,35.30185238675551,100000,0.36926,21599.318615799082,21622.345605989194,2bb49c71d7c47f464270c0423b99b3f1ee59e732b6aa072e616da0bd605f26ae,35.336326851976956,34.172813650753326,34.92263326931967
1653,14483.021152466603,3125.6863130295505,True,0.9192737171498059,1.1967238471464174,35.95800577837538,100000,0.24049,14866.170779789109,14882.019574596014,d76889ae11e698f0be4d51fce3877c5eec6230b6d8bbd3f74f6b4e4e12bda5ba,29.900626875279922,32.121665806414924,35.95800577837538
1654,46352.27842372642,6620.596027310661,True,0.9425428278816491,1.2389711199915743,50.48605171847453,100000,0.27828,47611.46225847362,47662.22074275105,fa1ef7ac351a0c924407e181c8ca418257bb9fddcc4f81fb17309a35423e3c01,50.338143363830554,40.47758638756601,45.48181905302026
1655,22627.798760470585,4118.76288042406,True,0.9393170515158159,1.4521131377655623,46.0854575970161,100000,0.17895,23288.349847403108,23313.177510396512,f86a4b4dbdeb12d296d79e83adff48780b53b41425b38d7933d06c020c187eb7,31.53748477647367,45.71416362711827,33.03391198848615
1656,25789.898628949813,4310.886242754762,True,0.9792283653078782,1.2164068197726308,39.26560400264148,100000,0.32497,26157.450921679483,26185.33732756505,49be8fc6d15b87d1dea588e95d6e73b614f02d4350a7d0f0ea238d89e34a289b,32.39220603635878,38.910909825859804,39.169740711619404
1657,49663.31138897097,8162.125389893708,True,0.8005183862473105,1.4200304475887864,77.21835199113961,100000,0.08421,51551.41076402894,51606.36961949401,d7ceb29c6817bd7542d29d0e350cd9552fcbb49ecb37b38f229d4cee1a450470,77.48228190517183,57.27279134499075,54.61464006795202
1658,28257.005980376154,5126.425924350698,True,0.8751588062291614,2.1657881085085906,57.16507161742241,100000,0.11787,29275.939494577236,29307.15051486632,5dc5ae4c86de58a0944235bf75c227d725f9062dae6449ef62cbf1cd31968642,39.27307410435221,56.73242581172415,26.49606651994054
1659,91988.75852251308,16088.026186744617,True,0.612544810846721,1.6174239752495598,118.49134587580986,100000,0.04415,97657.56846483651,97761.68100241375,8c7a35f4e38eea5c4eda20e81246fe85132c46d9bc020a0c09303fa41ca8cc2d,118.31777456837459,113.42884940894785,73.59423435255378
1660,72329.79975882305,14394.000637481606,True,0.5832401980375854,1.8174801332932573,145.9262004967942,100000,0.01836,75855.62708960012,75936.49662127042,e2b16f6bb401135c8cbd6fd2f71cb1005f679e3d471c7ea2000ced7b7d6d7a1d,143.3254649898933,121.16577341054617,80.55154768634074
1661,20705.09481356882,4392.339404971446,True,0.8301814951160192,1.9695932355371997,60.00614277806636,100000,0.07381,21203.99240559756,21226.597939309093,94f728779563bc5e134fd9826eeda62362b4fee54f233a73784f82146b7ceec2,30.589068877100235,34.735001105174646,59.71314403403284
1662,74495.35965561679,13810.975080918655,True,0.6199346774792025,1.3044743567448738,78.54399107578453,100000,0.12156,78314.98863959145,78398.48009167012,39536713562d987d6505d0575fe71ba525b1d90f193731e1dedd7e831120b101,62.397985097803435,60.1160673883263,78.4289364013571
1663,89548.48282533966,12152.788377380984,True,0.7964900299851723,1.5954758561151043,88.47646034308346,100000,0.09946,91589.77145000293,91687.41512137093,0efa1a7ac866288fb1e1cab24c93c908400da5d660d45305f32bd946a81f8c5f,57.43625684869603,88.26045335982397,55.427391904382844
1664,205198.59011911624,32810.183473867306,True,0.5127728793343104,2.265857055922434,184.00970313181318,100000,0.02708,224329.3694646532,224568.52655483288,f396e12a09b757b3a27066a5312c223f274f7393458e270f7a6d809381fb2cb3,80.95348755945491,104.62856410986154,181.98811215502326
1665,10296.18548396194,2326.5534858458227,True,0.9837588564199602,1.1337320183886783,28.387347992542974,100000,0.34457,10480.14350724164,10491.316367183425,6119cb9c8fea10a45c6d23153f4a0a5dbb734a9904a620f7aca0efc6d7d2e1a8,28.31804294373305,25.102288678952796,28.14478032170826
1666,24149.20857391066,4681.138413824709,True,0.8631135012004268,1.2066075521559385,45.281080979415336,100000,0.20162,24888.531360926758,24915.064974217472,fcb8da50916370c7516211c013c538722874cbdc1f59bff063cb11a5fd138747,37.42101052620139,38.60389032717733,45.247916125182364
1667,7477.714597613313,1883.3576615996285,True,0.9818924295730713,1.1660279433557375,25.782062948107708,100000,0.3354,7642.427951847514,7650.575528935757,83039b2d59a4545f946396a9c5eb6b3f097132603aae7b9d5598c4ae2efc51a2,25.870185233574873,25.228151439456955,22.087221407448713
1668,23453.66176924107,4206.9408766313045,True,0.9418711355340119,1.4028614277617175,43.98759507578799,100000,0.21136,23918.214564126087,23943.71372462879,dc1d811385c1b6d47d19f7f4113908220dbfc77dbbe1b6ead79b9c1f901db3f8,37.29709904741497,31.336865827917322,44.06276918846634
1669,10630.95458388842,2824.6361256077817,True,0.8277574988609897,1.1818539036436635,35.31798635995429,100000,0.18772,10995.46627054636,11007.188515050977,464d2708ba24acded68004b12dc8eb093d1fbac8758ca01e9bf24deb605fe29f,29.83404121226608,31.877586809753666,35.33523147048162
1670,28937.058825718315,7439.3447914172975,True,0.61270632250773,3.9850838854206496,127.17238232354015,100000,0.01113,30436.091917215188,30468.539773671648,14400dcf30c86bd5ad11c559a4e2a9c5c9901abe4691ee2de814b7b2ec949b65,46.60296529971528,125.15426590483162,31.040182916982243
1671,46743.491621499445,6850.702421408265,True,0.9160020689911503,1.323572451757193,54.92416132769873,100000,0.21793,48008.995897470966,48060.17819156239,c2c41b96ed7cedb792eaf36eab83de6698ea91440fc500581e71ab14a2b685f1,41.4478961581828,54.95097976584701,51.612084216384865
1672,39513.47569381804,6518.095771536813,True,0.8607166596596579,2.120895190888311,66.86681420169452,100000,0.10319,41018.975645358056,41062.70589289944,70ccd7879bf3e92d9255e83cb2d91c6dd02be57d28afdcd66e33951671c84faf,41.2040622668645,66.71989004939587,31.605017650019676
1673,32645.607728591072,6736.051439265711,True,0.7333228789074412,1.213726958428094,63.593765121448115,100000,0.09887,33808.3091738289,33844.352144328936,971e7c904206b49e64286981238269510b244aca46edbba9bd45fbbcacfae6a6,63.74902333707665,55.61349283814138,52.430699417756415
1674,13085.84703999436,2731.083795791255,True,0.9832946103448114,1.032422556927944,29.523042326643004,100000,0.38831,13285.47859565548,13299.642217699984,09d51043182c189d0a97acf6d34d636f05d46a0b3eb671a4b9eb6f3d09225d10,29.609535614709344,29.040121468272623,28.658109445979633
1675,210158.7277078752,34308.600303673506,True,0.4982485893714665,2.270946976602675,244.24317157297384,100000,0.01202,232855.80094177288,233104.04804342336,b37f40ba8f0abc59b7be67549ac15357ee90f47703a420a5a819eb9a6d066d76,106.14083139645835,155.03716945550096,241.38094690610302
1676,17978.26846286379,3425.9264091060177,True,0.9687342816437132,1.1497367983046605,36.088992135774006,100000,0.29162,18224.55228808127,18243.981446668236,085f2811334eebae800370171c73f732353cec0920516bfddfb2a4c54fe43bf2,34.000835120105435,35.82466846290457,31.56905732970661
1677,6521.281163334676,1707.7248651491482,True,0.988450303871208,1.1818550472093456,25.301022959470757,100000,0.30963,6667.646651931161,6674.755016633593,045683ecc9c125421246d5a43b5ad885869d8765f7c37580ec232fd981598778,21.409508197638097,23.979143341959343,25.26396091411997
1678,82549.2200203165,16320.450820451037,True,0.5617726902337824,2.0358507024508055,161.34411244120955,100000,0.01588,88679.89427696395,88774.43573412279,23a208df023ba4bb25de316d74724dad36056feaab003dc4c6cb876a854f2727,159.21701720883033,77.20567880487566,92.56803326094786
1679,11852.05462287086,2541.517696257724,True,0.9891300956487205,1.136629793790338,30.126550316929183,100000,0.33154,12053.119151661085,12065.968957777779,4670064882809785ec48aa88d14f93a678c2904a7a7713e864b917a078d68696,26.596095201664042,29.905896872225114,29.53078601622819
1680,12474.989876140791,2619.997509883456,True,0.9928341657382593,1.1388187301135548,31.023833208534228,100000,0.32066,12730.529290824841,12744.101282530193,362da65642a0b34a90f1ed6ad52eb7ea7f28019790f74d686385b1f12213a97f,27.221595837761722,31.06927827671079,29.849835613973
1681,12624.254511385312,3275.220911746479,True,0.8005356690059192,1.6150101457778059,46.66079768496874,100000,0.09509,12844.187177958918,12857.88034010944,476c9c4567dfd762de85a38ef61a0f7a33b8814b2167ef98be5f4fc7f74a2b15,35.041165448965785,46.61523049972951,28.798461071191646
1682,14606.298222032585,4008.489128428927,True,0.7208809075684978,3.0624832784930756,72.23733873304141,100000,0.03125,15662.119638552324,15678.816992838736,8d6fe5bfe4aebf1a07462de505721baf0f64c6c62f756a221da542c92868bacf,72.07861411180183,23.429517701866583,23.88805549655874
1683,100566.35473136959,17568.24302444188,True,0.5952840774170051,1.6521860919012827,116.10872274168787,100000,0.05176,107721.92659723638,107836.76872680246,560a1146f4cd20ede171216feb3307f38f36fc86abb897c907354af79f080e20,116.33549759079273,81.86572052685415,70.24350951023013
1684,30771.528020967005,6033.241775886902,True,0.7871051789363985,1.0457662606879394,48.187450780831995,100000,0.2128,31658.38677704261,31692.137719593942,6bf896f6bc52105960068d684e13ab6e469618c6f198b7429369c31f8cf5bf13,46.16395431249628,48.14039272342883,46.28159945600417
1685,14533.964511361432,2901.64542586862,True,0.9925731276052524,1.0738597459131554,31.428330625513496,100000,0.35913,14822.823144767568,14838.62572674785,fcc9463739168d7bc60c3ce2d40db76d67c1de9ed3770163bbb6140c13a30376,29.310601315786514,30.146950934483037,31.451349422358355
1686,38928.26216662157,6074.9343575976145,True,0.9143641972683448,1.7833545713849845,52.416556590488355,100000,0.20974,40160.769674671996,40203.58499055188,ab354deeb1524f55c2a9a1a54cbc0a57fc1a09a62dd86799aca2f00b78f7051f,29.612283191013198,47.92480576937962,52.493338655806454
1687,13855.395910760102,3500.34721513341,True,0.7969889346916873,1.8075274991477182,47.52842704352227,100000,0.10091,14404.886223937434,14420.24324420592,94d05218ecdd5658319a0cd212937b451b3ac5391da5173d07d2a19a838fbd3e,26.27059541663438,40.06729945832089,47.24994016631413
1688,59901.66048963878,10177.068853893834,True,0.7274793206679109,1.2978631640082858,58.51331460864114,100000,0.23581,62811.85520621194,62878.81879887816,2b6bcf4b136847b3247f314774159d8b8223121a5d3cc2871b3d0ac8a20e5617,52.11342082332101,45.12782247282651,58.62759842623614
1689,12785.839896825082,2674.7495667590374,True,0.9885997734407478,1.1573973146437788,30.60159593378387,100000,0.34135,13006.110455810403,13019.976244042185,453a4da1059fd911cf1f65da9aa005d56f01d88ed5f33c56f86ea87712dae33e,26.552263659342742,30.571711562754782,30.20562801764848
1690,21953.041214628844,4663.412169647394,True,0.8130366402964888,1.9043384837079507,57.28152593037365,100000,0.08913,22273.216791735664,22296.96222341749,a3ee2ecc7eec80fd5bd60d0c9a651bc70adeee7fb6c9547aa7c259a4c80cf83f,56.95987673691697,30.10916145705431,46.35943810038786
1691,13241.053953781075,2724.08869344212,True,0.9935992407770519,1.0869106970385263,30.835195138868016,100000,0.34494,13446.181345827401,13460.51629275107,68153c64568b5e508620614c6542ec8566dbfbb68ad4ebcaf6482c15c492a128,28.39608302339115,30.812610767428417,29.48766097630518
1692,61647.234096579334,10458.589317578142,True,0.721583751869789,2.497708004273685,99.22851036490692,100000,0.04929,64030.0048748977,64098.267134478825,13356586f896fa7717dc51f9c1a345382f2f9ab23900d9d9c0e8e1caa3cfd946,76.31098819566816,98.7924475752174,39.50002103271014
1693,24469.13833989133,4925.420302459678,True,0.827535460127138,2.0648277557469723,56.470605005217564,100000,0.10626,25442.069526570387,25469.193265787606,285e051603c90a1cd92ab5689d561e1f1c5bfc694a44463ef7e0900e10d5d50d,56.6911933060192,45.20681489553428,27.421883143402766
1694,32855.97491081868,6514.84462842545,True,0.7614761413928717,1.9033562778721556,59.99680487244191,100000,0.11827,33960.51491190032,33996.72014863195,6ca98debb16b5326b9bb9d359e6d979c9da81173877321c1e83b82e11e46df67,59.86497595548586,31.477815837616618,44.60211690346329
1695,51594.47400158345,10240.347102144904,True,0.6544928499642614,1.6507850302561198,86.32754582199135,100000,0.0627,53632.868632830476,53690.0465263485,79e7bbc4199f0aecd74b3fd53edd67cb7f085dcce6adda0e6b3de0f9595b3385,51.6574254906496,86.45400218794154,55.17712767626303
1696,28214.514578207,4637.297918543814,True,0.96649775311305,1.0547332141273373,41.17164434497326,100000,0.30941,28710.73330579626,28741.341760902807,5874e38dd8769944a8b214b2ad70c0c2b98365a965ce476be8b236f2bbe5bee7,38.78939832208296,40.005650510984765,41.252057712834535
1697,18091.368365461618,3699.9989523144523,True,0.9007345075900532,1.4607541071403507,44.0230462901459,100000,0.16097,18259.989349553885,18279.456287520905,33940f6ef58c049d8b2fbcd7a0b1082638cf1d87c5e24ef20a4ae36fad213f8d,30.12612274201146,35.27432566510225,43.81883782346797
1698,6594.828458190747,1733.1817975458757,True,0.9812409722310409,1.1183007570766104,24.674515898572054,100000,0.33616,6714.400756788659,6721.558965948369,ad9ef93df8a2c767eb69d3d52d42f0d5724a270422a2d57e23268735a10fffaa,22.072125549894537,24.656443743372904,23.295008051703647
1699,9871.02659246757,2701.5552976513018,True,0.8237178506769154,1.4520833323970626,41.11839107029405,100000,0.11264,10411.571396281084,10422.671151633107,1c59bec9d36c744372d2e123bf53194be35a526638953afa41a48d9e4b9b8f1e,35.23573062908498,40.94773368548083,28.30904853960675
1700,39054.21359919877,5889.8782628264025,True,0.9451260585098085,1.5009582908499015,53.332642037671036,100000,0.1971,39754.03556357356,39796.41726103462,d9b3d0898a99d56a1997dcc17da7278d722fe75531fc35eb5cb6270347f8ce11,53.25451805031116,43.449957636647525,35.416207603140926
1701,83087.9011685109,13540.60900322,True,0.680045210020079,1.737761625979226,98.91207199415919,100000,0.06773,87145.36147994506,87238.26697477141,f91bafaf238659ada217b06f29d9b1aa1c1445c69a0ec3936416b6aae557b6a1,98.98451735938929,56.36249414901552,84.30225667275627
1702,17413.722140967617,4674.838322512245,True,0.6949900749662777,2.2174267840730875,73.15004900279533,100000,0.03548,18464.722151016176,18484.407354211584,eef55e614ddcee075464980718c6cad5b98daed163ce953a0446f9568d99e815,73.09647230674835,32.59249009523961,44.23649203611427
1703,23567.98364311056,5487.468611723879,True,0.7244254414582268,1.7720418388286248,53.928092491620035,100000,0.11915,24845.888119266827,24872.37627068325,be18dc3c2f375da3ff2bccd456fbfb36f3bcd35bd4dfb93a878287b494a41982,30.439880332183968,53.66477172750079,44.46171102153342
1704,31880.47702640631,8688.09339793746,True,0.5596409917946178,2.1513948157694576,91.24353225965672,100000,0.03411,34451.11558209984,34487.84384722054,16f56806d500c696df5aa7087b1806bd1922e0a74e2df54f2f8df7a2edbea14a,42.013013144949355,90.26337712796118,48.42857400695648
1705,30242.00425030096,6158.42973761555,True,0.7622331753353739,1.112407167328686,49.63194771936074,100000,0.1911,31064.18362100191,31097.301084762155,6c4f51743538129cfad61ade09b41684dce640febaab054998dd7497957df26d,46.76017730688796,49.728885117250115,44.373093883862076
1706,49530.0638267876,9150.505629968045,True,0.7127736294295115,2.0974399945909337,91.36031773300547,100000,0.05276,53492.49963468354,53549.527881094604,c5f5819540b73c0716041758c0c73400342e0ced0bba5a5685dd1ac0e3888646,43.494291889492345,91.58336538372082,44.821425411248654
1707,96531.86295301201,18795.308180367094,True,0.5414376663380999,2.204387233414251,155.2593727530598,100000,0.02151,107035.83314352772,107149.94383024098,33e38decf92d04b04dd1351e58024fd658541b228ba4ddd8612e08182f414faf,68.83569846668863,155.94166491847852,140.51428095595526
1708,56434.76316450186,7499.217662907626,True,0.9487809801208612,1.04616517234918,51.17445225439482,100000,0.32023,57060.67773360382,57121.51000751877,4c364421dbcbb61f8be3d36c1ca4c34672612bdb87fe966b633ea35b33706871,51.12447720336513,50.9745520502761,48.713180991182966
1709,15905.136625634766,3407.3402534403976,True,0.8976221412650458,1.135471583380489,38.24119992689526,100000,0.21842,16240.606266256305,16257.920343974527,98d3bb540e36d38965fd647b03a6ba22376dceec0fdb1c7cb7d264fa2c9f435f,38.27854484869887,36.17789299724589,33.63843831460049
1710,26353.656246163504,4541.6490258776175,True,0.9429698483849198,1.6644575120890719,47.40298078099357,100000,0.18894,26758.15516533361,26786.6819808067,5eb492771592189007c54599d4135c718191849047ecc7d38f64466455a0ad8a,47.25253186738202,28.573720592840118,41.30401328304835
1711,8861.417447428637,3199.437677705315,True,0.647260742203004,1.1678168798758315,55.15191465459439,100000,0.04119,9187.320681881018,9197.115266005556,e1a975016db421c856b4a0ddd6e41a674ddf5f099bf702b1c7f769b3a17c53ab,54.84222372757885,53.118726394622776,47.0730209063628
1712,69693.60941088377,10402.523859433813,True,0.7873008288128887,1.845261030644814,90.75476629427993,100000,0.07218,71736.55349169942,71813.0316872809,ad0f70fd3a07ecc56e09ce5c72e30ac208a49eb284259cfc7868c5b09c9c93f9,89.86848927968737,48.92249120551028,51.51485147319356
1713,14783.44289863368,3944.620477822047,True,0.7384639375379093,3.068226294835976,68.96923200148456,100000,0.03549,15480.588656964072,15497.092481435662,e84f6d3be39bb3905f014d3f81355095af6467f4203618de046e67a58dbccc4a,22.31902270946479,38.08798896175733,68.17783700537379
1714,18774.030046457992,3606.8672588443296,True,0.9470922961569352,1.5546751924987072,45.251088551848625,100000,0.15618,19241.007684568543,19261.52048421198,3ba302dc5ab409afdaa599075149eabe01e138bab63b41398470ca8bd02c17f3,45.21794566472569,29.088407264896837,32.38060071910848
1715,11393.977035194917,2702.574245427761,True,0.9060594978110469,1.4296524298963873,36.37136818525376,100000,0.18392,11765.846404775513,11778.389949993785,c4137d1276211b640e637a81290760c036d7123bc75babb3f4b78aadfea8cdd3,25.387143955478635,30.03124199280474,36.38912764237546
1716,25862.304593537596,4970.856130516275,True,0.85080704816763,1.4515992015278558,54.067086779048665,100000,0.12838,26978.113791271597,27006.875104193998,de4c0fb7999bafd0e2019aa2cbe6e70ca9d16397cb1890704c560e262ff77700,45.143905464928324,37.289921911819455,53.67108760830368
1717,40450.01109785637,7446.986925031706,True,0.7652135115944598,1.744986477433,68.29868320974637,100000,0.1008,42698.52035935686,42744.041166144154,3df991ed09fdd702f17ed2e900618f553f2721052ff7e3b102f4f994c1075ae0,67.89849561281426,67.13146938536106,38.81819690241444
1718,121188.00209750912,20310.7569115276,True,0.583083967186552,1.9293440624994418,129.4464493218703,100000,0.04619,133209.03769666265,133351.0515841763,af4137318f0e480c429b883eb1ac17f0e8f003f8d44b80fbc372f1c9f0fc7699,66.49300033525759,77.42768575160699,128.11911756612844
1719,41465.534990124135,6400.672270139568,True,0.9051419966049415,1.788434667619293,61.23109557154467,100000,0.1383,42213.71482819456,42258.71878477894,568bb7ed33cbcfc88a0dbfda5f033318fed4d935e850ac7926b29e3ccabcffd1,33.99402132072572,42.14122519926377,61.03675859829514
1720,25857.41564432877,4356.161902413741,True,0.9707413358120118,1.3065198209436129,42.34752833759808,100000,0.26276,26531.313828636794,26559.598809016497,cc43bd748dca754b8717b8536b7775bdb15a880880e34ed3f2a717a9e3d4edfe,32.44300388754462,35.658355770599556,42.213124561135984
1721,31026.61005238361,5963.746511368348,True,0.8006717407375401,1.9275852129934037,60.37611959541451,100000,0.1114,32598.38496850728,32633.138041242368,aa9e0d11b8d29446986515ad4003c40efd7ae36c2207fdfb0ab7375b1b68681c,60.4203403861338,54.93696233694089,31.470462728566893
1722,15140.075818152385,4519.964513539122,True,0.6547886347134574,1.1306156389120061,43.42636572408787,100000,0.14504,15792.960507035901,15809.79735050939,ade5dcc1b6cfa048202aab9f31b4c9d70c8ea9af5f00ebb1f048669823a06e7f,38.5175748719754,40.97727136806631,43.51118284464273
1723,95878.4525451243,16099.231295341766,True,0.6292544979883242,2.285828668228026,142.12857477847507,100000,0.02653,101273.7181426637,101381.68585014876,8d31e8030a73731e082fa02b95d98f9fcde8bc36d7596b93714f2b9127d314b6,81.26589895780972,141.81628054678407,60.04724088236111
1724,43675.226018050715,6806.028500661146,True,0.8812121337813638,1.403811406129661,57.73550725041875,100000,0.1738,44472.75470199307,44520.16701644917,42eba6a6a9f3731b5d93ac5e9b2ff6885d9687c74a886d12693fc979574e22c1,57.932845409966085,41.060432768669386,50.8145760834374
1725,28534.4775608359,8097.213422385945,True,0.5576929508302911,2.2906720644368255,84.44650925401226,100000,0.03899,31218.615775096932,31251.897878666456,3d1cebbdc99428b659badb8329442c00095627f26a085e8086c686ead7bb510a,36.61547862185688,84.3228083127222,71.31359265371788
1726,15389.254111562661,3727.251328374165,True,0.8027380088717636,2.372268345127784,55.66453093276553,100000,0.07116,16318.750494045402,16336.147881167903,b058c8e9265439eb3cf9c18b4d50797403d69dac4c06d09d4e73c49d7f7e1052,23.41552412039917,55.746070772999076,30.903599448512892
1727,24608.291993519717,5516.6907487561875,True,0.7416399787996782,1.4472717526957457,51.351405068063286,100000,0.14125,25430.842704273146,25457.954474597664,61fe83c1219cc95196a785b847ef52bb42761a1ad5882eded3d039ec706fb902,45.32112532252168,35.52975633859653,51.15081364201617
1728,38428.497872421445,7207.13008894557,True,0.764112614065294,2.2192644285833594,80.2842351324111,100000,0.05925,40765.660088108525,40809.12027644317,8adf6802981e820c46126b23a803eca99369d3be237795a5055d73b409cee64b,63.310077997482395,79.81381969218212,35.82997603077331
1729,34031.195778732275,5918.089153674717,True,0.8581319938388962,1.2901399668832632,53.399255326337524,100000,0.1725,34922.876089267,34960.10729731677,a74ea516e744ebe0ecf1a5513041da02430b93bb3cfc85369b5918cb45ae6a6e,53.45140303661715,45.53798800168384,41.44439274473315
1730,23127.40778545603,4112.134561783734,True,0.954629341690576,1.052555663287364,38.213050823269384,100000,0.31663,23491.053737458755,23516.09750266218,0fbbf49397511bafab80b77d99f942b49b6f3263307fea8087d68701a072eb9d,38.22238018138054,36.26321497803909,38.325003120603185
1731,14422.200946631097,2989.2824772590643,True,0.9585281307768383,1.343888796770745,34.31338535173066,100000,0.27301,14665.084149034708,14680.718565788487,28b9e318417dd427ba2d40d2c37cc7a1d15aefd8ef89cc351e6646954c1dd77d,31.515370042287778,34.38040368249576,25.626134226304707
1732,27819.545857402274,4683.502391577811,True,0.948011055852167,1.332189019050567,47.3468266338391,100000,0.20216,28528.77732464262,28559.19179684314,9f5c5bd9dcc867c0f718cb8f6771a36238b1c403ac6115999575d026487cb3a3,35.695068516917765,47.01160740230068,37.75262104153284
1733,47089.21120237231,13365.799705666032,True,0.47181323528091634,3.298354706634195,192.14209176199873,100000,0.00586,55268.85414394095,55327.776158326196,483f4a89e1967b6338d9ccb6f165b7ae568fe5c4adf96118453626c6a57d1f2f,189.9373363145344,56.85454473035705,72.85074914706641
1734,26777.850733852636,4367.373560358308,True,0.9910926638615278,1.1167111937569532,39.382007841084885,100000,0.33195,26957.61940597751,26986.358869876898,456b388c857f78c3c129f7fe313c7c35be557c970aa04f4bb8d34465587ad31e,35.18997770956316,39.2474013689718,37.430213995445186
1735,14907.433878929629,3222.1070349968113,True,0.9091022986003213,1.5622226616253174,37.256745287103655,100000,0.21977,15111.182402031574,15127.292403236805,c5edf231095fcdf3c0212229327027e33c45a0265524cd2b4aa5bc2c5a5cde31,37.420471218541124,35.20107525905546,23.676588862873732
1736,122815.58694485614,21522.755987420758,True,0.5551647734506584,2.824862940588167,181.5338753391421,100000,0.01659,131957.69613155408,132098.3759663387,ab63562141caa9b72b20e48406884ad5d4a3ca315e0d24e31f09725c96e73c95,64.10858170851296,180.204281525623,106.41182487531256
1737,71624.7825959957,12434.595429363764,True,0.670751021354717,3.6952045846188772,133.1912692418635,100000,0.02444,76779.23414208238,76861.08832937607,66562f19eb36aa0c8f52aa2339d12b0859fe94fee0f7d841e325f4ea0655ff42,89.87809281848405,131.66295145515267,35.882950587987395
1738,72190.06918575945,14097.28913332523,True,0.594748683469699,1.7083275195364274,99.23420176509453,100000,0.05924,76968.76059061976,77050.81683167958,a57db8351f4443578bb21a78c7c621fbda4808683d56035342940e105c5c6501,57.781633596130476,98.31357196356288,93.75887715598529
1739,42481.35357992124,7781.0545503207195,True,0.7566782113726161,1.7527231406030466,79.4049423685781,100000,0.06689,44526.55571310718,44574.025384713175,d8fe0b457e073ccf7fba317f3ff00ae48219b6eb8cdb9e72d62b39f9bf0c95d8,45.595806750706956,79.26924056277244,61.68616372480848
1740,44322.88313789605,10803.62707912235,True,0.5606173596217742,2.1912976170302607,130.36039439510614,100000,0.01688,49719.26972034539,49772.275333924,718a4faad18437201633dbf37f57bb13a00bf6909944a1a8f7a9858a7ede1895,57.97154745866354,130.0103054453146,69.06300191342294
1741,49363.188775661845,7189.266305562546,True,0.9051801559646472,1.390816380212354,57.53515360074181,100000,0.19806,50154.731169228966,50208.20102738354,cf479c0920a1c27e722b1042b3250be6cc9ea2a4cfb46a6f36b1ea719b5754b4,51.986719598717144,57.61943361089914,41.26911164037584
1742,60205.426827277326,10057.955072430464,True,0.7385811049115059,2.2625762039673396,99.9856354547749,100000,0.04833,64231.03646070945,64299.513039660385,6e5732231c1c7833400acee52e1f4ffee5da1093b931b2c9c201ad7bf632679c,59.805861050829705,44.47603217739255,99.69270878840348
1743,98960.19224596908,14514.109328479148,True,0.7128542687039804,1.0561608854074995,82.64811997894411,100000,0.13703,102856.06286650045,102965.71750851716,78b08cd9f10a6807ab5faabbb36f0d38ca5e1894d250f979f29bf0a0cff4de3b,82.44634234227678,82.84989761561145,78.28972302692948
1744,30919.938170350564,5265.921185452995,True,0.9046949808704288,1.0929746287008053,44.1737111172161,100000,0.27299,31286.26360989053,31319.617832680848,8818d2f5ca294f9ad66c3f76d4fe4ac31bf7801fa352d7478047887c086d2ecf,40.83048591059085,43.85017319399431,40.560870974572694
1745,11807.408964036498,3206.8467441990415,True,0.7819440084912094,1.5241751208770224,51.04838849138285,100000,0.06891,12188.314773053205,12201.3087109503,7261fc1258e7f2492dbaf7f281e321dfc834b0efcde4950a0d4fcaacdbc329a6,50.87390669478144,33.076763441438004,35.89339815800357
1746,40015.993498269054,9601.91223377598,True,0.5892263069629321,1.349133848302323,86.28980564559052,100000,0.04766,40714.37871912954,40757.78423649971,51f54ba1b2111b96f6ce8316c2bdc5e64bb1c0784419e53948461ff5b239092a,63.600811338876426,82.94017695964108,85.84740185688021
1747,32619.03798499069,4984.697330102457,True,0.9904352689460002,1.0725772515250003,41.31901748956,100000,0.35038,32862.80032326456,32897.83528867824,2006da1e68350feeecd335836a932a8c6dd4dad6ca002b82cd300f6647a87519,38.635702388919626,41.298842188051424,39.4326267985083
1748,16696.788093802887,3331.191859591584,True,0.9483597238480891,1.3048926510664092,37.17083904907123,100000,0.25031,17092.303475860026,17110.525546262623,6c2207d2f51c0018d87cf40c4685d37f60a48271bd2ec7b904c318846c165e3f,32.16148769284874,28.458923646945166,37.11638957780795
1749,10746.728929988027,2372.248957287409,True,0.9927534152750486,1.0763651361259565,28.464708420426717,100000,0.3559,10913.4863099124,10925.121155745657,9d5bddf84717a207fad7411e0e6d507722b79eca0c0a501e81be3bf620536042,26.379890909164992,28.534202337468777,28.026896743061755
1750,15543.935678788854,3084.203591638653,True,0.9765963112568518,1.1307819114108473,34.35821446096665,100000,0.29254,15775.83361682437,15792.652201354604,d4f07c74fe1e475b3766f211498da2e61c8ef839faccb588525b2ad9d86163bc,30.524790630726965,34.39176740477619,30.365414147631654
1751,45989.04884734298,7597.828096485569,True,0.8170167235876191,2.6599831010714317,72.40212646460175,100000,0.09508,47979.80071413432,48030.951883299436,5cd2fd448f3b0e8bf4ec5f5cf5d6c8c24410765d424a0cd464c315be940b1ee3,49.70575674278811,71.80113225078426,26.956358119755286
1752,153911.39426842972,25827.60871309184,True,0.5377500274078987,1.5181224809619869,155.28674548128777,100000,0.03366,167584.00972573803,167762.67070188338,40678f41ee840f86c2fd00a169b4b93271849efd0d058a7e7051b0840d43a422,101.75527950971102,155.0592746627117,145.20220585774712
1753,38843.40598081651,6893.8140667784155,True,0.8045803615057188,1.37441391732019,63.270189199910135,100000,0.11989,40373.43130216563,40416.47333617945,64f43e8b2f19c056be64d68090621f237cfb5938ea6336da5f93e2bf9932efd4,45.64536354632189,63.270189199910135,57.3540557859537
1754,12394.891366500966,2637.8222759073756,True,0.9818995844194807,1.1106192873660197,31.216544593032264,100000,0.3123,12631.117404350518,12644.583413243377,6255bf557877df8cdb3767fb2df054f6c86630cf203b9316932676c70f655985,28.175675136826243,31.18605968620313,28.129947776582544
1755,39017.04535354474,8403.859417478072,True,0.6619750148403756,2.4650834018241574,101.27988548820696,100000,0.03084,42598.98741023747,42644.40210514766,e17d57af4cea8aa9185fec55e1468ddaffe858e6ddf05847cca73468a4280db1,101.37879162637903,45.29901128281132,40.996594272325964
1756,23460.006969421815,5619.874669819481,True,0.705195586064432,1.6081745594719887,73.04668167362289,100000,0.04785,24796.97585718141,24823.411863333473,0e782450889ea3766ee599c467b6d36a640e7557afb50e4d537d46d8cfb39cd1,47.401874972775786,72.52950546060163,45.422338433280636
1757,51437.91616823956,8998.421589297897,True,0.7433158018415368,1.3350365922067444,81.79016295607398,100000,0.07386,53731.359029929576,53788.641923862095,c9ce43bd04474c8000946ed91683d6f34b8c316126ecc5ec91bfa04d5c4af760,81.47067013202683,60.943256186996535,71.98572691812664
1758,17969.37149257412,3361.7907163075743,True,0.9868899108062255,1.1402797914006149,34.24473674852007,100000,0.3438,18357.04066276394,18376.61106694103,05629b7a0f2e83cd3138376dbee6e07553555ee24bf28889d2f0e78dd27c49d8,33.283275633754485,29.955784123522317,34.20293409135635
1759,109334.45192313223,19133.21195911112,True,0.5779198301164953,1.2218698471247371,100.58375227878648,100000,0.08629,116750.63987153892,116875.1074941909,81a3c7e961c54c1c55b8a7886a835de09561cfc13d23e8db7eb3bedf5c631790,100.28907331703223,100.70653517951743,81.84708162724496
1760,61669.84179498554,12819.990071392433,True,0.5888142680216405,2.1364832850979742,114.17241431156484,100000,0.03303,65359.305651248345,65428.98507571702,aebed33ab723015957f0cca5d47d676bf2b6f3fdca6fe4f71e5550fb770fecc4,91.67799576922283,53.26745208725596,113.69855419357248
1761,27441.385850240626,4880.268530506661,True,0.9015249814262477,1.561576841263205,46.295886553068215,100000,0.21535,28411.057109392143,28441.34608030766,125055ed136cb562d65ff235f5987e471182e7c6dfbcd3676a444b52146ab29a,46.250675726356235,29.64699961638133,41.79740929522613
1762,17967.84843555516,3618.3645859231683,True,0.9168589258772807,1.4263788987357189,40.1423515294706,100000,0.21446,18444.63360520843,18464.29739204552,f23b4644bf1028e9c29a3ddc9f2d33723c1ac72eac5e456666aa5853be0a9ea3,40.05414812034823,35.09515645191266,28.009482585748774
1763,23215.85098273083,4382.087442978359,True,0.8981030197109137,1.403145045015851,45.46178990166297,100000,0.19184,23965.917452573944,23991.467469030187,ee8743b98124e7a5f603639ace6df410a5d97911791bd29c8a1ff10cf961d8ad,39.41279686054814,45.46178990166297,32.287194048812886
1764,11171.861219034601,2443.9026673058265,True,0.9888958944128654,1.1754765353700602,29.583879091721215,100000,0.32921,11333.22933307842,11345.311666105557,d4ad010e1fbf7bf31bdb778cdbdf8f8acfaa03541a5aa9732f593ec9beb9c1db,25.250303052894868,28.4138135612381,29.641660105572235
1765,5771.175621976621,1572.1982941309973,True,0.989660714190924,1.157005241273781,23.74025626242249,100000,0.32914,5855.340755979563,5861.583122997986,627d59c2e0d99ce37ec33d3c27ce37ca7991c3b756d3106178e624b973a82a01,20.56406963356323,23.728664340419357,21.636322418853304
1766,24448.8735675705,4326.553532823875,True,0.9415598823400093,1.248297668967378,41.2634705806922,100000,0.26709,24949.979201774157,24976.578324484555,7152d5fab6b112e3b33fbe9404677c460d7f4fd26cb8b93c713c23188b45ebea,40.44746933141582,33.00271719295597,41.283618759686675
1767,15922.02022137974,3083.0934810083936,True,0.9927263410508435,1.068307800176166,32.505634550389246,100000,0.35342,16139.213599985307,16156.419583185685,a9873b77697c0f1430b9fdd43916effe93f5ed35e50862dac990a6d4544f9aca,31.30730671418105,32.48976265851894,30.362929147897766
1768,37141.35655368133,5957.790813134032,True,0.9035885422875641,1.600953968838586,58.17100073528651,100000,0.1463,38289.45927603316,38330.279591655926,9a4997612e73880258450d8e2239602344a7246489d6e31b35d340ad22046883,35.93081832526242,45.85794955425784,57.97217407261707
1769,47571.621762980394,8865.737937894895,True,0.716145399045134,3.0835881262605214,106.3812262654912,100000,0.03136,50197.99051008135,50251.50648693227,0d76d52034fc2b77108d107ba11443bd9a28d5f0b65b7e74ccea67e0e2acbe54,106.22539439107885,33.62072690446249,47.281987894611014
1770,37715.21000028626,7555.509764666851,True,0.7198323716442642,1.4021442336086718,72.24994821318174,100000,0.07657,38396.05182001207,38436.98577373188,2d5d288a82f16656dc8366810cf89fa8b4c1540d31eafab059345df6dd11c6c8,71.98536100048699,51.541589032938724,59.67323603642428
1771,36054.326984559375,5655.566233421175,True,0.9332105224359226,1.309595564013197,47.2772730740224,100000,0.26188,36793.82090604708,36833.04672460787,fec85d070822111a8dfd5ae7755305b7f5600fade40b0b9e008539938765f225,36.011985349353,47.20801925604288,42.24482896751025
1772,21249.8401600958,5024.629828907917,True,0.7383866408906602,2.26931062818902,61.194402159343596,100000,0.07261,22123.143035641988,22146.728473993888,12dd50cd80626c7c051bfac27e81bbf1b489b7a7ec0799f247070a36671f0b60,60.88066132796025,26.824841083276716,51.36385610933185
1773,8173.471640059957,2121.2114000358733,True,0.9250627898528521,1.5439252510200439,31.0704088073235,100000,0.20894,8332.547431789959,8341.430743869545,07a0543e515703c016358d36d24525792c2b813dc481684e64f356def8b3b965,20.086533818797026,30.964211120970344,28.2713412170153
1774,53797.549188821904,10023.527439466165,True,0.6875514491471338,1.4575388351747112,76.10880697464077,100000,0.09565,56066.70309753211,56126.475697084155,1f120e762556b87bb17cd9f8c6489a0e5293c9633d3fcd78b57792d6bef6d16e,76.18313198145194,64.75566218423415,52.15757352974039
1775,10060.717436058798,2268.2816785797986,True,0.9935882355931773,1.0849065681675432,27.606721321069983,100000,0.36504,10211.751812402525,10222.63854049755,f178d6bfe5ae0af5692ccf04dae9034c15f4ba87e2b10a54a7b488d649f04fd1,25.537565206429235,27.660640698650194,27.471922877119443
1776,32092.694694516074,5122.439543627394,True,0.9534064216132481,1.147000754351683,45.22084900741106,100000,0.26557,32652.04983711826,32686.86012186199,080ba94381c7ce37c98fb724770c4a3e2596ff50f080eaebc524037545d7d819,39.490961157106774,45.09940629767437,39.45784041808767
1777,5499.449860095665,1589.81710164252,True,0.9477267188295896,1.3827226308243494,26.518518005084278,100000,0.22643,5614.318123886171,5620.30353716066,f3924d89cf8f73f7e09a278a79a18e60d554307512119790bb1b20055affe289,22.018915950998935,19.04723632103466,26.408455796567083
1778,9797.739508319226,2373.606414324242,True,0.9328804891043762,1.2907988698715893,30.33811047769186,100000,0.26689,9908.620353102278,9919.183913357449,9844a58acb60f7ec8dd1538b01906ef800fcfca75e2ffb9aa6702e816ca21a28,30.419584895478636,23.47944585309648,29.634467778624302
1779,71511.70553514673,13792.849343506907,True,0.6040620552391839,1.5039940943973962,97.06582776135622,100000,0.0619,75267.07484833451,75347.31692564262,93597873ab777945d90948b812b9d95fa50c8f2cca4cac9e689c65c6289a4db9,95.83354674485462,74.78997861690436,64.59996251891042
1780,44487.55146879181,7848.795877677424,True,0.7735827178215304,1.0209387901162121,58.73188533369641,100000,0.168,45252.899386851015,45301.14341198856,767d89262530c604c9592a5297f2b09d8b266c49a22421e52eb23f0768a0e8fb,58.717546494503615,58.244364801141316,57.44138980634468
1781,26023.388536916074,9070.22351570859,True,0.4682114524605527,1.1454436311159049,83.88386234417487,100000,0.03599,28244.403352554375,28274.51465423447,f0762e9980d93837306dbdfb1c7c26bc16ec36b85888c251521e6eb37614c237,82.49125916072666,76.30646266953016,72.51776283220782
1782,12296.663676733355,3042.2847261599545,True,0.8468551456000946,1.6445934463281868,42.8656093626456,100000,0.12172,12746.890379072593,12760.479813301252,48e33432a0ca592b067979d3cf5348d45d44544df2951a1703b073f2a0e70959,25.870065025502914,42.771422232698384,33.33177876465484
1783,42273.82806929307,7823.89192539021,True,0.7500824420347912,1.7080608035881557,72.12435266719875,100000,0.08843,44112.402504072634,44159.43064777437,14b0b5a1e0d1194312d934f3faba2feec21d1fdf7295b0ed8a5680eacc22f63b,61.92904011976025,42.18992895278521,72.0010932754335
1784,12078.812287452301,3792.578520340761,True,0.6712727715545346,2.394617649967259,60.16020306549859,100000,0.0446,12911.53987634602,12925.304843072994,c6befa020f81bd9a0e8836ca96e7750e38b9a1b234fc19d7b9626f7a66073956,25.15977242460915,57.839570232405634,60.02801511930976
1785,73821.57021468667,11471.48975899909,True,0.7418563557442499,1.8356143971776817,103.44734773594007,100000,0.0532,78304.1924430009,78387.6723852761,63de4075be571028af55f0563b545fff8af02c4d6875a235537f7a016e741da2,56.11816569073703,103.80092753777188,79.37866551124503
1786,20687.476788072203,4231.936476290932,True,0.8611589779084388,1.7660220667433542,52.08738047079369,100000,0.11272,21179.408761345174,21201.988086482914,f52b35f9ff6e042299234fd00384a83d61be474176b1425b056d2647b104d7b6,52.074663825170944,29.337301451689704,31.14306513012054
1787,18609.249735648034,5529.250278053945,True,0.6141914768942625,1.5743279957087308,68.23610367076218,100000,0.04753,20078.246278976123,20099.651657003305,09e491513a0ec3d7cd61645218ca435415d59f1a866d5a7424792e6930e5e106,54.99203569755517,43.33059219913389,67.33650660088396
1788,44996.46222078645,8546.507465149118,True,0.7158373605662371,2.71794313798733,71.23700883515595,100000,0.09642,46344.63388262777,46394.041803718355,cdc83ed1b1be5e12d33cd0020ff7156feafd09bbc6233d0721dded37bf389946,71.0283066608342,58.488784353669296,26.27038619274977
1789,9670.165900777998,2415.347020902329,True,0.9087837196788525,1.2020054840803278,29.205583122461807,100000,0.30184,9997.461476882556,10008.119750481328,a4e3bb2d4715c6b5f7408b4f6771d8daeafdcce1d72b345a6e5f103b8573a89e,27.986307069253563,29.248364738363854,24.307088101677813
1790,56292.038373557676,8979.296969257359,True,0.7910545619942668,2.1345281601649235,79.35141240142111,100000,0.08883,59011.8116590232,59074.72403289688,34782b7b3bebbf72b3a41413bc2faf0610019539b802ebe02290d3a8cb8a91d6,79.099564656983,37.099110046074564,73.24894782465167
1791,8524.602139993796,2309.1621275065518,True,0.8739349563568615,1.0870880538502106,30.318031423118384,100000,0.23487,8702.536343328604,8711.8140998436,048ceb069e9bb777e486f3b311d9c1355166cd401e9529b4f5418dfe74a95de6,27.793996092238654,30.244012791714283,28.896873700159713
1792,40220.881282475086,8721.216655431628,True,0.6509407157538631,1.8597992350329546,78.2557019937565,100000,0.06706,42729.403057701566,42774.95678847156,5a525e79b011391406429e933dece3ba508ec8f91b673b7c4b787feac6edc0da,42.08918737603651,77.58701313394657,56.513761351936466
1793,10748.607200511951,3076.0288637950443,True,0.7657056405095779,1.6350533209668896,54.32641104313994,100000,0.05405,11522.429131463954,11534.713170016097,a7f52c8bcccdbceaccb1cdab7cfbc34fe25ff1fa73c781030947870fc3a4a7a6,54.12746178394876,35.05485946948703,33.11842001335948
1794,23732.61718790466,5739.963333687691,True,0.695780247913705,1.745093568197618,62.04675662730173,100000,0.07739,24578.614720216283,24604.817931998852,27510abb250f1370a3d3cffeab3b4f6f41a10d83bf384376d6e703602ad6e87f,43.15703360136294,35.47692969266129,61.80438648422634
1795,82426.98736149906,15032.417390545197,True,0.6093052449909521,3.445072387647759,166.30354870538636,100000,0.01426,87204.59650784063,87297.56515301121,f0dd8402d219243372603a6552d2d74ff2628ec6263d07f12aa46529a73cd43c,86.31868763370396,166.22234580074507,48.214224630773025
1796,80753.51465288714,12360.464337152625,True,0.7309544158699712,2.366033216255799,104.5523038656111,100000,0.05555,84411.22179073578,84501.21242473144,2ae1c7709b4c31b6a15ce27d3820e93218dfebdb9f29ff01f71921e25048e202,103.99074363977041,43.814460347978866,68.20404197483222
1797,28154.021780464347,8333.43364394818,True,0.537057069411461,1.5382683295282216,101.9094857891553,100000,0.02196,30902.34723314725,30935.292163459482,9f4d8b9e3fe9c78230db5a80921e564b7ce65f6e9d60459119d0cd42463e4e5a,100.86451547588759,85.63780519684389,65.3355248247856
1798,50755.60368468855,7507.08768601997,True,0.883083901260947,1.06352735747986,51.50187677026565,100000,0.28604,51953.0725391378,52008.459605414515,56be15bd70caa0f171ad4ef97715b83d4b612325712139f318162cd608711cf0,51.40128716719873,48.53448347979136,48.45904127749117
1799,15036.955434928992,5022.723300845286,True,0.5865677018858408,1.8817112530211024,72.10063380960302,100000,0.03156,15727.856699250467,15744.624135685252,55aef1eb10d7252ac31e565882a78b2606d948b11c5c73f44e5600168d4d7ea0,71.51974491416433,62.278330668548705,38.074626691936366
1800,19786.082808745236,3566.3299118210343,True,0.9919790264817036,1.1040971692704722,35.52246644638352,100000,0.3359,20018.643409393717,20039.985244921354,9da48138ca1616b6d9b9124809186dad55dd4c7a8ecdda0b620d4d2cbddf81e1,32.12285539975697,35.48777653774447,34.11752514650214
1801,126176.51138540625,22415.098349875378,True,0.542744985273256,1.251821422635625,130.26204291912404,100000,0.04602,135243.2413733481,135387.4239213154,f38f24f46d31c413faf545e2aa0b0c7a896878b566327af37020e41358937f3b,103.89797222089312,129.75320681397125,122.15246749325085
1802,7664.626027579376,1900.9857456224222,True,0.9889308169482719,1.1141422705225292,25.74408592000242,100000,0.34371,7797.221973973703,7805.534576658006,c7d44b5310bb2d209d21c809f48193ec4a83a9eea4b6356abebd7a2e178aeab5,23.142022548205304,25.725230388322732,25.07157195676017
1803,64269.33136620992,13914.117976313275,True,0.5576533270036803,2.147993398747584,149.31658604134094,100000,0.01591,70422.20778604622,70497.28476031103,e1538fb297cb65b19de867905f7ebced3a4ac2fa38e615ed7763b6f1b7b0c60d,69.33597330337659,147.63969078794696,144.35880877043704
1804,41550.21911948953,7701.652277028064,True,0.7532672687715268,2.6610536717408455,62.247050703305746,100000,0.13371,42878.099518493815,42923.81177426197,69a6623669f463c1a322eadb5f555d52305fffa64c7c3d2715bcbdedf821ff22,61.411213840834606,62.247050703305746,23.403432149192103
1805,34985.80649360495,5976.476342607057,True,0.8655659817774503,1.6437833860438578,55.06439771751687,100000,0.16202,35966.37015225433,36004.71382722861,2bdf7e65c87a5a9c646beb8bf71c6b6bd3c32eefb933518ce25ff21d0327eefe,54.98373697867285,47.18653222375103,33.47420662026782
1806,51052.17124895739,8546.89241254235,True,0.7786674708703472,1.2381375127177043,64.16031193605833,100000,0.1483,52078.18654129309,52133.7069913562,219b95d5da68057dde7de2d58b239fc4f0cd027bf1a3f59a1b4e7229980b26bc,51.6446651497032,61.04314834346175,64.31695332262098
1807,38953.4438137778,6733.099027235016,True,0.8253402564305222,2.276314833084748,77.4950497741335,100000,0.06498,40208.40940345368,40251.27550795274,b7f60b37d49ee70100e011076b1c696ae1eca95a875f899d03fa435fc87ee99f,77.3436922550434,33.724347222263916,34.63249233680453
1808,11471.91217971948,2473.978544718329,True,0.9942877101016567,1.1183357260556543,29.56492436929139,100000,0.34048,11698.68978692049,11711.161736603362,7b4cc8204ccb03d45f1be6657fc1edead7a4c4be22b99ac0244d125e11439350,26.446748752217687,27.594410611279535,29.615450363086563
1809,12451.406214390168,3374.5981548927275,True,0.7698527419911343,2.19350999869918,57.23348867748746,100000,0.05238,13056.640707122822,13070.560365554029,7095730c9cf19babebb6df94063ea3307e2330434146827f8a087ae5ab5664f6,26.471885815307616,26.199411931222894,57.12170451991423
1810,19897.40877492641,4126.792844433379,True,0.8604701395158093,2.071941528604642,53.97122410037032,100000,0.10077,21063.637153241467,21086.093054500354,756231a7d459e7d67aaed5409dae6d469d8c17a9296e7360951ecc7c4cb25f0b,25.924898295282862,53.220159702489184,40.99230424224905
1811,125136.7039267852,23869.335831328128,True,0.506874290928884,1.637508916864849,167.01530277939,100000,0.0222,137510.883279652,137657.48335610057,388e16cc02161875c1718898747faaaa6b7dd172906e769692228e21fc7ac356,166.362899252908,127.38178854560897,100.9594457230883
1812,10926.096727646514,2435.947982970355,True,0.9775211025107718,1.2982470169142113,31.2546460213306,100000,0.27138,11016.328899383881,11028.073385495198,dff53437458d05d72540a7982c995b93393012d3c18bcca2436ce632d0d8cac2,31.15544914675118,23.95986047533645,28.248217668692845
1813,39824.594322732,5757.048154860022,True,0.9796069012498094,1.2449568846298962,46.55547746415394,100000,0.30135,40429.54489108187,40472.6467476801,19750c7f65dd674b85f190f2aaea86c9b4b7bcdf70fe76ea1de2e7b64cc9df3b,46.805531298189926,37.38304818837947,45.21427962705185
1814,44216.00848402148,6766.091658365459,True,0.8937154606685955,1.8956857177112016,59.06331405274162,100000,0.16693,45730.20307463262,45778.95595227296,7e89fac55a1e4ffe88a6f435c7463d51d6b9f65a5f56bcbc040b6eb7067cff57,50.58449846118594,31.103410256778236,58.93353626307495
1815,21661.807218874488,3901.2784718194325,True,0.9632528388218978,1.2485809883064634,41.238639940097954,100000,0.23764,22158.88208561149,22182.505625292786,87b1bea22b2a03efefb8692494dea45801e1b82819a7f67ef96d9dcacbf54dad,36.19455824820609,41.24870796742708,33.15401399481019
1816,60853.85369780198,10171.39739968218,True,0.7355782724103407,2.2464942324126906,85.9245432931373,100000,0.07685,64820.27524134606,64889.38000657745,1e1f934b65c48483e893586f0f9910e1ad151987336c2e816396a87afc12f313,75.35179675511455,85.5049898590888,38.4206057229934
1817,12987.028053894921,3041.573816553654,True,0.8784673324527482,1.1322649700606184,36.31445215751097,100000,0.2076,13218.468518667107,13232.560701403136,de6efba13901034426a8a1f405508a8a6c5030e13def6fa53a3eb613ac7937e5,32.315961453644405,31.916998966562378,36.128269663539356
1818,32858.499152052034,6510.284162995569,True,0.7620485851017633,1.492800042939843,72.33574235327151,100000,0.06944,34944.90323679684,34982.157927944354,3d384729a3f1b39e25bc4796d8286c40e3e7feeee07904984dabdcca306cb917,55.15247152569994,48.212054839949026,72.45936300670728
1819,25130.7442493506,4190.540696141141,True,0.99011193472392,1.1125112821205287,38.34226821279222,100000,0.341,25556.60044326989,25583.846283667346,ecf86ada8b5fcc8ceb2f89ce869a55747e941327e246fd8f17d2885ac4b1d6e4,34.56046246133517,36.9474933193093,38.23929825421295
1820,13879.117839676726,3386.0396865417006,True,0.8248341926803221,1.108640941622067,37.175650899303776,100000,0.20856,14246.955356883125,14262.14400737148,e8f6da771af6ed140e7162d893419d252e59cb3304623414479507069de63ab2,36.06836832857256,37.130270466077086,33.49983580794195
1821,14621.112398802812,3404.2405508390266,True,0.8494102439547061,1.899618835598224,41.965551064612626,100000,0.15125,14862.418154859119,14878.262949000122,3d983392b94aec38b08995d2461e7f85ab91b962ecf7f0c079eae88934995f4c,36.01291796682456,42.06800602326646,22.07904358990239
1822,51796.32157380786,13144.365460018962,True,0.5112230706999705,1.3274491451566666,96.14651830175544,100000,0.04633,54749.264322354924,54807.63240307503,24270f3b329c1be434a3f9f549a46b29f445615b4154b0dd817dd5847dba5ff2,84.50377585115226,96.14651830175544,72.36809470808399
1823,4991.550384091762,1427.518827992793,True,0.9894471128826874,1.1037803606343948,22.250624636669475,100000,0.34545,5059.727416544492,5065.121581779879,b790f37d115301f7b69deb220a723714ae2f5b64d35af58eb90aa80446f6000b,20.202654546819772,22.22346322964229,22.033333380452003
1824,32602.21304434474,7697.428979412265,True,0.6411650211037879,1.4129738603370303,65.73981263893599,100000,0.08937,33759.22324547568,33795.21388556608,1dfaf3d99e5c5503d47c5aa17048b3e5b679d75725fe1425292d7816d0106f72,46.287504797532065,65.25831987058442,58.742117738893
1825,12161.817443205424,2708.6936180881585,True,0.9441838333888376,1.2210891652064308,33.488357343076785,100000,0.24731,12349.191199895557,12362.35664782815,3f4ff03685f150df85056a9a1b8ad6af6cec08b66f08806345a5dadadfdcd216,30.054492576452702,33.373895184189315,27.544500949420332
1826,46518.862478716044,7790.935580712208,True,0.802873706556983,1.9016197192202384,84.03869735562023,100000,0.06139,48445.213140952445,48496.86048537091,5d9094953b45a6642d87c3873a34b9118d135ea4b3d0244051a284cfd881979c,53.5295315919954,44.050557427372226,83.21800695175675
1827,54895.48439998947,12035.447510860082,True,0.5803807006254436,3.1735359197296757,149.44230738609045,100000,0.0136,60349.67050625338,60414.00916875672,85c053f265285537b0f35456aa69b991526ac5c2bacb3e9d90a5ecde7570b0f8,51.88158230054215,149.1139429411503,46.20817439074305
1828,28010.818485868465,5506.725219560146,True,0.8099805391694236,1.489886918904728,56.647087614332065,100000,0.12058,29142.26751831163,29173.336031175317,cb8dbc91a1250e9cf709ef8aea40fe3e47456c3afc595f95ce49b25f4f726313,56.84070558957636,37.354439366775125,44.14489835570018
1829,72429.79358598807,12371.854001383948,True,0.679194514786783,2.109958905379497,93.10832969369557,100000,0.07117,76379.6870622254,76461.11529317984,a2281e5ba47fccb981bc4050490167652d83e70a0c51e97ef887b92ebc0cf842,92.9492090130667,43.280825131053795,87.31179061364372
1830,22129.204996029992,4176.51055838803,True,0.9126713453921864,1.0815096235278532,41.14313963334605,100000,0.24583,22763.67998965467,22787.948303166613,407b463597c8523b9fe3b853fe7ccfdb297b764f963693d0a458d698264d68fe,37.81834001942087,41.123050209696956,38.49133571166554
1831,9654.583152570061,3630.8356658911885,True,0.6039021139356774,2.693695398528171,92.301846954047,100000,0.00961,10047.774118751793,10058.486030557,ee9f166e2e41070dfe008221267691dd88840c3e9f156b34a8a74a762688ce57,90.36386872210167,36.44976500199488,33.43012450105681
1832,24408.68462244715,5181.033249434022,True,0.7854116323661544,2.6930138875241547,68.12079731177977,100000,0.05997,25205.105400338565,25231.97651257681,9c05e971b6597e02f87d03a0dc105da0a7e6266781813585bf1bfc13b86287cc,67.25598250215756,25.462143721761436,36.42200832831975
1833,28925.44873533708,6476.969420800479,True,0.7035565564174804,2.420266873559997,78.2221112499971,100000,0.04748,30214.444402310317,30246.655960796368,7b945c4f45f5a33bf043a60179ebe43b4e4024956a2b8bf3d464e8d9c4ba4eed,78.10752807922074,31.8350242806995,62.7342860000587
1834,17405.43344154439,3277.125229191157,True,0.9910927873892839,1.0950168332265455,34.16054671388099,100000,0.33418,17712.105656416177,17730.98849667847,252626a03c379747ebe9375c0cedca690228b2b6ce914999884d99737fc58fb7,31.24989466233205,34.19390662278127,32.44251140551685
1835,129113.58888523463,23701.81179623217,True,0.5212153706563478,1.7092296640582245,145.5238993024708,100000,0.03348,137184.0816291588,137330.3333030243,c651f455534a0e9cfb52d00e4294cc6d079ef2f85e67298af5171dfd31a978f8,144.6712202049954,136.17995752596937,85.51660781763849
1836,22256.09468337362,3949.2683882462456,True,0.9688728415432829,1.1191559046464503,37.387677212193665,100000,0.32422,22528.92953668838,22552.947583213954,d3ac206fe1260daf03b0c7127f31456607b1771e07d6d9b8fb86a5a5cd6ed8d7,33.42618992945634,35.498212079643835,37.4789557210125
1837,22580.969557982444,4876.282463206177,True,0.7923012238029761,2.1206244562071714,49.38138890918049,100000,0.14667,23482.6170639945,23507.651834877277,38ae34faedbaa059c12bc7811a226d77bf4030cee2954b1d8c5e143d5cd284bf,49.55017295330367,23.41275812051477,45.35468385652758
1838,235000.45472386107,33154.61262502622,True,0.5554598018304074,1.5329554095264861,156.51496503223612,100000,0.0503,256419.40745784654,256692.77567307194,ceb1bd0694d92bbe9e0b0471b0fd1f64c0716f31d67990557bf68ce2c54b3c86,156.40033004808163,107.94794341212574,100.22918781239144
1839,53695.94037407399,7167.527022570299,True,0.9603047725084487,1.0911447384998627,49.27981514804365,100000,0.3424,54482.40470516712,54540.48828738541,eb74a211cf8353a670643ba69c1d3c500e94d9e7ef132f5c6f3c83e238adbf6c,45.237330311680694,47.31872875421281,49.35200237726441
1840,25216.583676299168,4612.60022143569,True,0.9015624350071746,1.176752877433905,42.86882021520819,100000,0.24554,25719.47786990126,25746.897353596076,5279d215f4d597f18b695d87718db623749f1383015e2e3104f0773b6831d0c2,36.22289715938367,41.98967448813849,42.71182990680289
1841,22446.624556241073,4771.34583923894,True,0.8065115471655976,1.4097482721891617,48.170383036585335,100000,0.15453,22965.10341012888,22989.5864607448,4403efc8fc5317baac98b0431b12d077d90ee6b411a9ba335c4452880f7ae8b3,34.15204891070406,45.47726347716687,48.09982095205909
1842,11521.21817220572,4906.683454157168,True,0.5027611185942359,1.4113903400183319,78.99322120959073,100000,0.01943,12733.78679726623,12747.36226179265,1b68154260b8e7b41b5e52188726ae4f1ee7fca1ebad13035878dff842547a06,77.1032466786972,55.927817750930934,79.03179211838447
1843,17317.08013287449,4547.329807742275,True,0.7118319031207359,1.4854276631259824,52.29168608866023,100000,0.096,18250.907789969486,18270.365046104078,846e0f5d430d7bbce4a8cb533d6295f5794ee3540f67232c9ee306d24f5d92e4,52.15125431449634,34.635582118783006,45.23179780569414
1844,6199.361870750642,1660.4648470922111,True,0.9828466549777768,1.1233971318919005,24.3010443573146,100000,0.33221,6338.738232464243,6345.495948561353,416b87190c67c949c9ce4aa504ce5ea3273adabf049b4a18f2212051f72b99d2,22.206740485700326,24.38410456752026,21.613453269945577
1845,26511.500143005575,4361.054170347676,True,0.9859362737621713,1.1018703626521014,39.193606487156416,100000,0.33755,27020.85566459869,27049.662544546387,3564b7013ee51c25cb53aae303eed5f388add928fce237f19fe0a7e94883edac,35.605324643239506,39.30843150616175,38.19845632244346
1846,18124.871732254614,3751.3546972918098,True,0.8895000078954671,1.271970395378956,41.17383288658512,100000,0.2001,18570.614843592994,18590.412938775266,caeaa3fdb46de21f7326adfec5448d12e76dd758451c32876eb0dd6c3b7cbc85,41.133624065406806,32.28768340617954,38.86182566883254
1847,20939.97216659284,4266.129784130424,True,0.8611936015372669,1.3060649960459536,41.55552297093834,100000,0.22674,21633.645088189736,21656.70867376313,155d12576ef44b843f546dc0b38f4c45b6471c0bfafb29075ba21c0ecbb2e821,41.30188818718017,41.61639531904031,31.59274866491748
1848,5767.776750241799,1564.970872633682,True,0.993840811970052,1.1344568719932415,23.3373399565578,100000,0.34769,5875.726328100701,5881.990428136618,c274f380a2a2f34a6236373f2aa7b8265d6cbbaad58888fc43db87287211b8ce,20.625285801450005,22.420027521741922,23.314549585506473
1849,12535.09337357612,2629.637387420775,True,0.9923692706456287,1.14353760586205,30.22398259635885,100000,0.34576,12692.440105080372,12705.9714899813,fc1f61d9cc6e2dfae057ee6fb6240e5035ef310d87036e227b496d6b0167bad7,26.445984771813997,30.076404556337565,29.663186044277975
1850,68799.26753212187,11804.014295237546,True,0.6878761851715054,1.7397383916099944,103.55297897137345,100000,0.04947,73037.34927132676,73115.21424267604,93907ef69ca65ceca3d59ed9265a567f8a0a99fd6917bc8b4d60999cbd73ed43,103.35072705931998,70.5353543286455,59.71487703378518
1851,10678.184517294858,2695.8571133690466,True,0.8698656913563868,2.037613431677324,41.34490151797394,100000,0.11785,11074.159488448073,11085.965627634236,f24c505f31f9994fe9d08be80d91d9c1d60a7f79d56529fa649c2d650f7ab480,20.440289446752253,32.68427517460928,40.99161256457328
1852,28656.86324941898,5204.159190947637,True,0.8702004813295889,1.6491255550587516,56.315732359356105,100000,0.12467,29605.09574383309,29636.657676938335,65d732e771d14395dfafb5af48b700ce5bcda4d9fd7ab04680b53e39a52d4b58,34.17990982552716,56.41197506602492,41.8243305266507
1853,18717.776107215122,3770.9542270195193,True,0.9040706333492932,1.3401624301358601,43.932043690119144,100000,0.16976,19137.926780147907,19158.329685446195,02c0f2a43e33154c86f776946da6482cc7c22a0bf47c408bc565b72bbf9da8bd,32.595088079656264,43.71753175803849,35.619706321993576
1854,36806.467495479155,5784.532440519052,True,0.925050173226296,1.239420575718469,47.35912333269209,100000,0.26634,37615.13810282887,37655.23952600337,1df21048f46869c884c87c6992aec2d1d12403aeb972d88ccb97cb7646695747,46.43414045510045,47.35912333269209,38.0283585549864
1855,17912.343846237447,3852.4731306490467,True,0.8593685403234355,2.5908671005281283,47.91038275398165,100000,0.12641,18483.561388888902,18503.266676557974,3660bd43e979d08cb77bf16d68d8093e80ceccaf5684c28be11ac2b656d685f4,37.37150217260043,18.662357344721126,47.86359527082345
1856,18363.54138158083,3682.6980551536712,True,0.9140198706938086,1.5465425548934868,37.485314583806314,100000,0.27305,19122.33675679433,19142.72304160003,25da70cd52dea336562192c3fdd4cdc1d4a6ff80cb8ab68453997d9a3eeb6fd8,37.51276964819874,24.21536679412879,36.3413535674548
1857,37358.9908530598,6153.882941016078,True,0.8782098785451505,1.4985136741458043,56.29118645056366,100000,0.16094,38168.096870507485,38208.78780191351,4924b8913c06b8362d92a1f84d65c0eecd1bcc0d31cbdb60f4260daf70ff47e0,56.401130174099904,52.113324956185885,37.68321124205214
1858,67103.44940378398,14892.938404961977,True,0.5362084183756226,1.997637418367081,106.17659536394825,100000,0.04514,71839.49025251817,71916.07818877361,39d0a06bf0cc5588e18a97d717a266c39b7769032b94b865b917972dba92e029,93.00820902486483,104.28428787821383,52.95868758021149
1859,55558.02392201254,11143.0327157671,True,0.6318954756462966,2.2232295309622407,113.19740561275782,100000,0.03089,59572.06159252605,59635.571247728425,55fe9f0da78102b4c02a7a5529bf18b1e9225b1ecb7e3ae9dad89cc87c26b760,50.57403619905928,112.17487045463477,105.87384299376836
1860,51134.56317228558,8492.311738773984,True,0.7845149606409061,1.4780172120239063,78.5338932971878,100000,0.08231,53007.73988107258,53064.251326084006,4c092f71d052880b0bb80cd31688d1ec4ecd6923cbf46c0c1bafa1c446bfade0,52.6499196762885,78.07373376614959,55.1616237832054
1861,24920.364378534316,5476.783784709034,True,0.7533465214943301,2.1542848697371726,69.22604807776389,100000,0.05838,25750.639044852545,25778.091749413376,6327059f5c7d2b41fd4a10bfe437ab78c11e9a8e86e013d780fac5d1fdfa2f54,58.29117183110539,68.92183204617216,31.815926637302375
1862,9411.443267689587,3203.317727177533,True,0.6729584640691323,1.4568008286285878,47.11825787541406,100000,0.07089,9859.796514545067,9870.308023804006,79f4dae1d065ce434f80536cb0e166a6baedd39eeb2a45584d23270a54330fbc,45.86437845441306,32.2672639991544,47.09525091356083
1863,27987.614459800225,4561.779199336706,True,0.977223237812495,1.0935399297550379,40.8390449173894,100000,0.31541,28563.899130265378,28594.351045752323,f8c47251f1ae186da1eb0a67b82f9db0f030916c61a52b4f00d2d45ef2549916,37.53881936376247,40.8390449173894,37.399232784454995
1864,36694.30040115098,6338.411035002638,True,0.8424991411609155,1.5882935776160019,64.17137865908873,100000,0.10607,37267.64756939746,37307.378533612304,9f193d69336f39d3cbc56a52f64e60a2a823cd49bc97d8c96e2d401f431415ca,41.39179258235166,63.98337657317343,40.53011635523988
1865,15465.673884252183,3179.1261416941998,True,0.9442542097929264,1.1716266703455172,35.193442496357775,100000,0.27112,15713.108436163828,15729.860149504972,f07fad5c0b9efac5b7e1b6654d4ceef18cbd3473004a054e4b816c4ea924434a,33.053997383664154,30.046745217227333,35.0731524097003
1866,16808.02200958181,3212.7748227318625,True,0.987676927949481,1.0302933317648666,32.34818058951093,100000,0.37868,17042.65478285,17060.823922880703,7a1d33c2a86c7661e1b4856acc252766ee48ab4475497cc5570b3a4b94b9fce2,31.424172501382813,31.432070006409546,32.37977060961788
1867,128791.95365674909,21715.80962230201,True,0.5679375534266119,2.5740421361007733,172.43583656282902,100000,0.0211,143840.2210909326,143993.56886170822,50de2d5c341d2865c9db115dd86fb83778eabfe48ed2493f89dcb83106df4dd7,171.17287877550365,102.00489062298212,66.68417117078154
1868,17692.85251141826,3890.7690242595872,True,0.8439445500633205,1.9557619402111732,49.53621772722964,100000,0.11394,18414.504926085952,18434.136592798754,566450122af8df9c5a043183fa50d486fe87ffa5203395112ba1bf0c6e5ce6e0,25.300236202481543,38.15594895737537,49.4878425146054
1869,105545.71656547846,16409.16861980728,True,0.6582001169864051,2.3299763802070768,135.20818307317876,100000,0.0348,114367.72334175113,114489.65054187724,9f6aed3683c8fed5204d94033c08506a4a0055ae4c647344e39e75f314004b51,57.2225061907606,133.98682009131653,120.22172918762622
1870,30222.028418041406,6098.169484965771,True,0.7694263238754971,1.6174169720035174,58.96682707165931,100000,0.11496,31339.014512197264,31372.42497261856,747eafe1747d2dde0de4c85171f05d52aa71be68efd63b5aede5d24645829d49,49.33577059926183,36.26402280114985,59.110789051814734
1871,28114.157813049387,5280.751993931062,True,0.8467172448453587,2.13605490913917,58.18246734001953,100000,0.1115,29198.9054778232,29230.034372301747,c188c97ec527fcb658e9d7052e8c64c17a3656a75cdff96ce990e41f74106537,27.194905693961765,58.19667204395995,53.99207967759136
1872,16610.727284373697,3178.488725164578,True,0.9905031961998028,1.2033982172423532,34.299529209096505,100000,0.31331,16809.470574694802,16827.39111750959,eefd3f941d675797c91455bbc14b4caa5f4c83c7150fe85c6c264faf984e94ec,28.521532345259452,34.14042494762853,32.16418254202628
1873,21635.256427758995,3792.1266704653412,True,0.9901689874616062,1.13973267800678,36.44380800211978,100000,0.34028,21898.93404866382,21922.28045826508,483602a6de3afaf6f6905ea306d4070f4d83c4a539ce2e3bbce2a149de148244,31.99510097061102,36.114603681788125,36.40821834586771
1874,18072.25646777866,3354.3443962058236,True,0.9928524875903021,1.075680133712067,33.39212249798541,100000,0.36878,18256.382922283497,18275.84601544565,e49a67e36d48cd2771aff3ea5a584ff6e2530f6001f94d56e8e05cf6ae146a18,30.970867521935197,33.432884366269086,33.3187511350748
1875,31287.261461905495,4852.562474463954,True,0.9895202587144744,1.0360453045833378,40.46752331909941,100000,0.35945,31671.867109878487,31705.6324237856,ca138af050cd7cbda393c4ba78560cce1601d018a5567198ded2c05034d97ddb,39.01519765310634,40.428004253358104,39.904376632285775
1876,70859.48573557823,13861.098595414154,True,0.5974273985325345,3.4045509556618017,168.00731435353484,100000,0.01228,77428.03488863855,77510.58076110494,41c0fe41926c011c6cf57518cf720948e6aca97093944ba3763f6b4d0db0ff5b,117.76098620825158,47.86731832289432,166.89984426380207
1877,25627.076049573177,5248.804720574279,True,0.8008596523524454,1.998267396643463,64.14663834934133,100000,0.07551,26499.731723543526,26527.983034304438,19d16c2927250b7c023d5068ed66401560a0cb1a0216d50552020ec3393782b3,64.24060315161087,31.642647164268595,35.91021526734367
1878,119712.82068266284,18623.964883006185,True,0.6307236118709649,2.028978776638642,134.317063181412,100000,0.04003,128971.70882840792,129109.20530812659,1c4a496d41be1eb8119980b7f15f4d5a70be1f9964c06d55fb41e916b6bbacb5,65.71567251356194,133.66121814634653,90.93291411182996
1879,17699.09376238989,3971.2457526000417,True,0.82703657152478,1.5986963994609618,50.02566789265293,100000,0.10909,18158.456510038774,18177.81520404954,6455f1d536414b3e62ce80de38e5e9489cbe8bf15b80b94cc0372a9eb2a7d2b7,31.192762645955952,44.028938660403774,49.769188638320486
1880,65283.943844941095,12289.235241561746,True,0.6380139706035479,1.9711101014404548,114.36113089132397,100000,0.03452,68646.9763201639,68720.16072372878,d0bcbdb46255dc241a863dc26b6263d2661869d28b159c7c049cfc4221a79854,58.01817138480742,114.44489148523853,102.02040338791448
1881,12034.472560577668,2654.9345625948768,True,0.9565661546746466,1.1470191694318814,31.146988894183096,100000,0.3064,12309.835989423846,12322.959480845611,78aa2e594e14a06f5df9bee79eb16e8d74f939ce63715b8bd07e576033f1b241,27.101530375700328,30.12802001922691,31.10136342217013
1882,13605.51575012804,3383.2916751484904,True,0.8146192914372192,1.4995864494792457,43.96170894367249,100000,0.1217,13747.685223772689,13762.34160337501,44b913ef4232861eed08c09bd6f3ae12ba22fac5b485d5facc64ff5bb737b0d4,43.510929701574284,42.74889812564638,29.332849253676002
1883,16458.571159078052,3633.9223604198937,True,0.8610662488372587,1.827931512122681,50.00052277287641,100000,0.10286,17095.643657412264,17113.86928877569,1922cb11b36d7eedbbddd2ebe0dff9be629cb49e8f835f47b0b47d3c89beed71,49.98831561399632,27.23417146149592,30.847490490004564
1884,56396.301635164265,9680.694826970066,True,0.7346458189346594,2.0309439037184256,85.44452012289321,100000,0.07276,60347.68809978087,60412.024648844636,2943614759dbedd17ba308f1242934d0d766cbc139c5356b8dd84979a4ae9ac3,41.55407326289142,53.75745321208393,85.54882251562137
1885,25003.879666629815,5025.676985334749,True,0.8228003847848133,1.8719189019721123,49.415225280805586,100000,0.15937,25568.438928214844,25595.69738959731,9ae53ef37b48beba1b234cc419d9998d2915e9c3be24a946d1060ca66b561453,26.31215975035083,49.39109675283644,47.1471436517061
1886,13758.153869261934,2874.2710856053773,True,0.9660431082925188,1.3325206680931028,36.42630391204281,100000,0.21949,14105.073714547732,14120.111105302181,d7a64e3baa7974f8117b834c10792759d4649c7471dda84e12fc03a4e81f44c3,28.893813820856224,36.40851763083576,27.221903387393326
1887,38136.8841810638,5831.891946934963,True,0.939517327707482,1.6494742961059532,53.563755706552755,100000,0.19102,39030.777652737794,39072.3882863929,66c036cb7156c191638d3409ebf972e83e9fd0ba21c87580040e7d4c9836993b,32.35271768017859,53.694526594508204,39.67588740568385
1888,17559.744115409223,3312.88387089968,True,0.9861811580440512,1.1664312112644555,35.14350901199448,100000,0.31049,17918.361219359158,17937.46394826281,3d11bbf1378e092ed43b23184954dd972219abf13f539f3779264f42f4882613,30.175713182418114,35.07486934595543,32.19200337231526
1889,83631.83390249993,16255.426920711965,True,0.568940466672733,1.3268093602270064,105.15447811584858,100000,0.05633,87084.0001334226,87176.84021104065,2f13092d2d1f6a77884b062849600170f4de5ab443d827c2d37c7e4387d42a76,104.97477075578732,78.17270162665014,80.50889730744656
1890,9754.59988651117,2274.534954192383,True,0.9706540762295706,1.3126325182713339,29.314580587419826,100000,0.29579,9907.175217462587,9917.737237061549,f7008fb029434798db51cf1093ff313078bfb5a3e92e8a0cc47cc62419742b68,22.32230880179747,29.20007050700022,29.10703106665928
1891,24340.52245006393,5375.689326106382,True,0.7555616270376988,2.1657512992566628,58.44598271507115,100000,0.09412,24983.956553850203,25010.591899747415,589e17d7614e2dc7529fefb1b53acbaf79773688928e60b6802dabfa83b8f261,47.00221363853623,26.42625976277143,58.00364251385845
1892,14535.519694591241,3474.64519100723,True,0.8289481563814926,1.205667069638363,43.40876312033393,100000,0.13744,14947.22878929823,14963.163999886247,ea23802258ce3f51d001746cd1d13543efb425f67b826677a48bc544c15d5a70,43.22859979683644,35.85250137599846,42.15821769841025
1893,22100.479622710292,3868.8126460021203,True,0.9844059384514705,1.1808584598418383,37.23494049217621,100000,0.32882,22569.686100123054,22593.74759713904,9356c021e42e7fea9d991c505181a1d2ab1ac4fbb3929a116c6bf382e0c99e9a,31.671516766294417,37.198578245601816,35.671363889477405
1894,14253.693906487004,2936.2632768485933,True,0.9682200751781829,1.1338055800043392,33.3337402570352,100000,0.29521,14537.79389092456,14553.29260378985,be13ed29953c03e41aded9af695f78423ad695006050c98df0393a09b0b096e3,29.598343094442633,29.370475729404312,33.44767393955436
1895,87119.25444437956,14700.437521233838,True,0.6464922116905585,1.3402512237152377,90.49763090567711,100000,0.09308,91724.06781321664,91821.8546576677,e1e9837d0e53e4c826ce5b552cf3d8be41cdf6c354bfa44e477d88e6cb749389,67.63018754938419,83.44959763934142,90.12203038678149
1896,40753.63691403878,15267.528921895137,True,0.37511084553459895,1.944456674050167,187.12198504792266,100000,0.00607,52878.416415204054,52934.78998872829,ffe793ab87684b4efdeeaaea85aef04c1b9c5bd9c6da8989d7ad94082d7c215d,184.60936073697644,114.16451187372039,93.1955198969146
1897,16729.887161898037,4571.233884485975,True,0.6920105094490636,3.0356893182559754,76.40362045272272,100000,0.03025,17938.350110848736,17957.47414986945,a5e2f01b38a24853da3d841ef7328c0447413538a813c24c991cb4c9026e9622,53.29227139488008,24.771486318656194,76.55284627391944
1898,25162.448253518625,5417.944648312801,True,0.766451756531559,1.3155858601430706,59.370639338682366,100000,0.0951,26461.288977991095,26489.499305018195,452ea11db92a781eed8ae0d23fc6f52f036358c57fa09a9dd9c58af18bcfa3d4,45.064286548819204,50.383872641909164,59.2691758437188
1899,34444.7207277739,5430.324978631736,True,0.942772159179178,1.102591708300602,45.52315459948285,100000,0.28226,35404.76266878696,35442.5076151512,c8ae868e4f875b2e04ac25d83d7a2d1c49233b2d9c4e1375f10ccb7b91158443,45.70097942213709,41.388727472772004,41.244244804365444
1900,44350.91930208586,7584.295774146628,True,0.7989212030162675,1.2028095492201183,61.16732634378633,100000,0.15116,45995.005792133765,46044.04097541933,3b3f509864b9b1971caf036a6f009f7a2a702cfb943d97d2a8d81102ddc7aff1,59.77851742045329,50.65419212844806,60.46545516747823
1901,55191.94354407373,8376.297277258454,True,0.836917214194808,1.5343608594870224,69.55178783402548,100000,0.12765,57103.274761243396,57164.15244776399,acd92d7dbc5cf285a4ccded75e200f75b013c70aacf955f5515917c6ba509be6,69.46688574926713,55.50898301499737,45.09998742362589
1902,12960.389387369834,4452.649884387329,True,0.5992540026340366,1.332009538668188,56.243768971312804,100000,0.05733,13561.898520150009,13576.356832920781,1301fbfb7490b9ce9edb18ee211789e742e20546d8b07cbcbc00a3fcf1726a83,55.776901748406395,55.721976192770356,42.306409228665714
1903,29629.82467893463,5981.769065171996,True,0.7741180664715783,2.3193724958162742,74.55331166991208,100000,0.05632,31029.78501848044,31062.865809959625,6a377364a126e1fe01c6f3e43a6e5f03a371a23d5a1175d59a9501646c675328,75.0265504646918,31.86171193314968,38.00471551923252
1904,23967.763456907822,5578.44682238055,True,0.7206468627294171,2.019084716617876,72.29312616715222,100000,0.0502,25217.964831952435,25244.849653604877,088c1ab6552c4d9e8acc9c2988b3dcc8dbb8e172d0cf6851e2bd5114c295d147,72.3813746121805,42.65929832666184,35.44057552335002
1905,56336.745600842034,10241.519334533807,True,0.6939277240865634,1.690594777153797,82.25102895667096,100000,0.07919,58588.133647508264,58650.59433910488,b30d77c9fb34eceb0f5f99b4094d0cc086089bb88df3232541385ba873b1f514,76.56815757123691,48.59557863162688,82.17070568620547
1906,14360.369923503502,2972.9426543912195,True,0.9610397344015594,1.0731981893691045,33.317290500590644,100000,0.29835,14670.684262873416,14686.324649897306,f00af78684ed7ab3fa4863e3f277137fe03c93922ebed5fade0adbf586c4b4d0,32.1622477146815,33.27661997996004,31.023473137024588
1907,14108.980935589825,2986.3452704791825,True,0.9455283125372561,1.4460646616972417,39.076077103880635,100000,0.182,14438.416420947799,14453.809187691953,cb4e45ee49ec02f3464e7e45ea1b48f3f1c5002fa1c2643e427f8a84346268ae,39.03791687233388,28.000069897434,26.998363819331594
1908,47900.79122768249,9046.624124541071,True,0.7050599344602029,2.384720480826095,105.13283805984744,100000,0.03284,50738.031659736866,50792.123373372684,e10902aa6a2191be1d97ffb781786c482bc02e74575f2205fb46d57ecd09f7c2,103.92647981062555,82.5457048829271,43.236392996048096
1909,59515.52091659433,12429.968132319154,True,0.5930631437451918,1.241109424448221,74.89076827171658,100000,0.11327,63257.94214165359,63325.38130670563,f89b40ab639d12d4b1801a0ba7248da3fdf4f5072381bfda88fc9a87c1bcb3b0,60.15396181981141,67.35781013501071,74.70792948199072
1910,72669.14817967011,13219.50177250745,True,0.6370434920708156,2.3445569645296307,119.13207894349378,100000,0.03478,78186.36833482106,78269.72266505114,a20899bffbd79842cb8bff9cf74a1252e8ef787f9ef57e7d0566e26f8e38e0bc,116.28175088283402,118.46312439864505,50.30247327460266
1911,11731.142882786144,2561.698327161419,True,0.9746522494024025,1.0413645605016606,28.37187493843875,100000,0.39623,12031.693682232866,12044.520646699628,f65e772f8c0fe2645c346a5d474b537bb894e4619f8570d5e119ebdd590aac14,28.240267120120798,28.441142211237675,27.194331300857066
1912,45737.5802760929,7236.4066294396325,True,0.8546926151026263,1.5984147474444128,61.275981472940586,100000,0.15319,46861.53889218901,46911.49788467201,186df659e5fb540db0305cc0f38668e9e7d77b63537b28bca197443769374fe0,38.207728682102115,60.887022606169,52.10552819097951
1913,18515.022742893216,5302.551382151263,True,0.6382861273724532,1.1771406167462808,49.45353910901274,100000,0.12055,19385.39467672923,19406.061407054975,d538689fbcd1159781a6014a0c6409799a0b6f4e25a7649dc275e39f9dfb635b,42.57157687948704,49.62256976026424,41.79886533090871
1914,21758.770114896044,3960.2993266728267,True,0.9517268938501227,1.0941802854206062,38.323972021456484,100000,0.29828,22322.918792094337,22346.717210978913,c4bf1fd4aa91ce7929a707cf5606becd1595fd72b0988cb7348496ac1fcdf7d3,38.361397775383686,35.13342649916238,36.415258571169105
1915,21909.463334400687,6359.7244327374,True,0.5953883323124518,1.5744626601909788,65.33597415203496,100000,0.06302,23369.574913718334,23394.48917059177,882f1fc3bf83b6c63c7c8812b90ee3e881c234ca4ed10ba70bca05b3aec9fe22,41.42517697090693,49.00198061402622,64.63412286719864
1916,41459.21637175418,7463.788731944407,True,0.7761378192591714,2.1764331863280244,88.11985463265174,100000,0.04745,43169.08410060715,43215.10657445379,1b19e3c352b5a513763837619f2c935784e3c7aefc68d7b5b4cf529a5d7e9b26,40.112175039692175,42.75835231503791,88.09834099626681
1917,13483.508507983142,2763.700748427004,True,0.9912770480769788,1.1501369468005644,31.1829060310166,100000,0.34193,13784.857019473357,13799.553027852398,6df7117e50a57a80d3bafffa6549616f4df99ba1160375c988f39b0d51bcc1c1,27.23936469213315,31.06871081850067,30.764190251791526
1918,19063.19822123524,3483.7223292168264,True,0.9906139392593699,1.0732226393304893,34.503277336635264,100000,0.35347,19304.071106231157,19324.65113766175,d2fc735943e7a43c4c6c6370e74b7ffa60dac1e63fa1244f45405fbd26637b8d,32.035147390435526,34.520124640022296,33.104951155511856
1919,17455.553519765028,3427.257078956136,True,0.9494961154892627,1.0951238027448162,36.32993834763707,100000,0.2788,17774.69075678097,17793.64031889305,46c72097e959e0317b85d8fce24738d6c5ea98f584f838daedf7312f55ebd912,36.45411294159872,33.314269637139844,33.08365967692536
1920,198803.31410252445,29278.09322899239,True,0.5626311179487574,2.0800439656032617,181.8917252471335,100000,0.02726,218112.2108568375,218344.73984671364,68f38599c5ae2e5c773d20e9d30446facd3077f64cfb406fb05e8ccdcd015fa1,87.17125406741286,179.53814579447285,175.4526871219298
1921,99562.51581054693,17493.9157300444,True,0.5938284525089604,1.8235505748530298,137.43885300140985,100000,0.03136,108248.0101874109,108363.41317363571,228492faf4265e6c313dd02bb117f53119fe8278def03e163d80bd4db1e213eb,75.43030799491439,79.75882655867949,137.3381897789967
1922,25336.727180289938,6601.292076868913,True,0.6319589262057951,4.3507049563218105,97.40386156778646,100000,0.02243,27559.612034278543,27588.993281309762,397cf9bb4c7922fafebb5e31c84a81b06671370e8c6777d7ea7a05635f8baa70,96.69045437856929,22.014556847260334,87.8917657115573
1923,150460.01169656057,26940.4704667399,True,0.5078003661585949,2.412127548105366,131.1298978263107,100000,0.05513,165275.4934807363,165451.69335234998,2114c42a1380228febe1178bdd699a15d21c71d956a5f6ca143ef6a4664c5e9f,53.09544324827546,101.8049499725752,131.1298978263107
1924,11831.611227864525,3483.834453926883,True,0.7207575635373039,1.3895498063128984,42.01058522986311,100000,0.12537,12359.050935152118,12372.226894528665,b83265a19cd78e6ae98b07c17ba804d6b95f1c222e00963a54a76897c0a1c35d,34.42078223423354,42.051611192001644,30.29767303931046
1925,54354.566573535914,8687.074703323116,True,0.7987936300922984,2.134214166170237,84.12946837599182,100000,0.071,56210.58226884401,56270.50825769157,39895dff00efa1eac8ef20bff862f6f10af11ed1918c3f09920b5e574238c3fe,39.353530617285244,84.37594142787461,53.073863838760474
1926,12129.52120378994,2599.838534272666,True,0.9819744469679057,1.012896244876782,28.514131156847284,100000,0.39943,12312.221236297688,12325.347270626353,33e69d634a96c4cdf2546bc51bbc7e6700d8e1333365f52537bc2ec24e202317,28.50716969904532,28.451478036629602,28.15213535114512
1927,23789.485414506267,5229.719447549539,True,0.7648843323636549,2.944520966691691,69.13992664401349,100000,0.05778,25390.986959049773,25418.056239244357,09c0ed1d054fd26d43918f2d1001594f7a3657a358327cda8895f0a54feae861,23.657130662008033,68.75168975123704,47.01042375575624
1928,44861.94541156579,10141.618091160915,True,0.6020449818613467,1.5558633782348388,80.56134236267302,100000,0.06825,47445.829036005845,47496.410939037494,443a7aabbc90122b6df82b6f618b2c61cf7a53d023fdcd8699328296d9cc072e,51.688283136988446,80.48266917677196,74.34616067649023
1929,61577.458700829484,13039.878731041332,True,0.5783069518806323,1.1861877345230925,87.10678586407303,100000,0.07425,65248.078542961375,65317.639388433294,f2e82cf37945597e168dd8ff5266bfda39cd7ceec141ce02158e39a7688d427d,73.34748643681345,73.24115491110047,86.46879670979516
1930,10439.1662727624,2330.450153394011,True,0.9911852935420776,1.2183515400477323,29.365284160972564,100000,0.31169,10493.993573066644,10505.181198535782,7b9ee4120dfef37350e5b6e938ecb0d830406c0ed747c720bf28d1955519cbba,24.174740769238156,29.40829971394274,27.386568724344528
1931,230046.10766237878,39754.787001919205,True,0.45670729977509483,1.5118282328896986,153.55815537398183,100000,0.05221,251355.0726875193,251623.0418256188,47c78ea41f7af6913d01998145f53139109d2b359acf4baa26bd7a0807b40f5c,153.37070645384756,114.45631063397622,99.79780507947744
1932,77319.46202176124,13720.315130690957,True,0.6397042761260764,1.1596825770511427,99.0880479536049,100000,0.06247,80807.30559968959,80893.45410587308,d8174a9cf8ec6c04c6016f1f7786af66848548a227fe40613d6cf3920b3b7f8a,84.42804867140651,97.99943414552087,95.48352667794887
1933,72485.30930703293,15943.054860448476,True,0.5273260769398506,3.269709066571437,174.17678456266427,100000,0.01108,77844.12989335583,77927.11936387092,ce1f159ea940e1e85ffef40235f307acbbb63f2298b9d56cd627c4d61108a95b,108.30768317409812,173.83659553031532,51.68747110251914
1934,20350.34521489331,4369.2603053076755,True,0.8250065422010995,1.901168747969851,46.30702675253593,100000,0.1578,20833.536199845435,20855.74679094012,96673c599b3731032510166089a56cccc6ae27e7926fd568486efcb93044942d,46.46530272288152,24.431026565485876,44.7016561961736
1935,97388.6253526945,18065.0156741128,True,0.5666539741168598,1.3823862411146581,135.59775695277108,100000,0.03166,104950.31072511127,105062.1980405634,bbd7254f84d712a7945f414680304042bbe249ed266d9cfa0dd179ad31a4ba26,135.49844218937795,108.31930194078782,96.93120907170744
1936,9835.547018050056,2230.7566361586332,True,0.9951707667646914,1.0451801522459252,27.477728916128086,100000,0.36299,10012.729103779044,10023.403654164178,9a0b651d652d30e6eb26fb60663df652e33e8e79a74ca219cc7059dde9da46ba,26.223252522740403,27.48443734603925,26.344004261141357
1937,106590.96035201188,21414.07051972833,True,0.5076898482356047,2.298342611206603,143.3617659091263,100000,0.03003,117644.23759987862,117769.65788527382,63dc2a8c1292db0afd452344884707e1a8108ffdfc4b5f4867132bb1e92ab3c6,60.113240466045994,142.31175297522157,76.82594633069633
1938,37935.21620145562,5565.507797539683,True,0.9810121162895614,1.132513840716984,45.415089920146045,100000,0.31041,38659.08232281661,38700.296692827105,2762f53b422a4dd5d009e82994a6fffc3e9d071df7420b95531063bc479eaf31,40.126272075441534,45.22659955670794,41.2017759138825
1939,17011.20070762369,3222.0202621250364,True,0.9927635797549528,1.1257873573160313,33.18123003928446,100000,0.35576,17280.2436758707,17298.666108943013,029b39cbe945d6ad503a08a394538b0c391ce9ee834fbf4725b68802a974bbfb,29.54393211749766,33.189330925524516,32.46835205015921
1940,37436.12233118437,6152.932890747382,True,0.8795540202449439,1.9675605632143032,52.09578787894827,100000,0.20462,38465.48507708379,38506.49305345949,4efe4f68ec98b7b8f7953a681a811cc778161ca01aa61b6e6702d8addf26620d,48.33105320800864,26.62023535904266,51.93044480218403
1941,74696.21803418652,13672.023183052217,True,0.6273603694079396,2.0199681953917104,107.98964974050153,100000,0.04759,79685.15176376914,79770.10394400226,25dd08d6396d556d805854d1cb27b1509a6c110e0ee30d5ab602b2229ca7e2c4,106.90869865667327,53.48071398891781,87.37248516602102
1942,12235.247745081744,2598.8177465001113,True,0.9880603666622995,1.0609946682920792,29.441232071443295,100000,0.36621,12425.487671149103,12438.734458596442,647a49a72bc53605d171f31806f3e9166221addba8cba3ff05996a2f9ec5d090,27.752098883750627,29.412480868248526,28.45650336202246
1943,91625.4294924374,15644.99815096641,True,0.6282308955417663,1.6715336485793821,147.02051254590603,100000,0.02325,98236.31346463096,98341.04300109002,a620eab480b251462fa97cb1b2051c0e55e17066f7578bdefb7b20c16c7013ea,145.58476535307494,92.56980025778606,86.9703862057447
1944,82262.71793550705,16175.144996824036,True,0.5655069911108286,1.3259674753328,89.98391411442168,100000,0.08864,85869.64935334197,85961.19481403258,b56087dc0c587228d48055ac3a29026494fcff18ac0fc9903e19911b1caa15a2,89.87407046926248,67.33415448259336,75.8799900759796
1945,6377.500479670118,1685.1923359653058,True,0.9868890169952237,1.0602039516694972,23.641284659082686,100000,0.37098,6517.469617413909,6524.417878681501,eea6850848045e7f271cb0d1ea277b5fc34d120ab88e7a566544ba9f68920dfe,22.429207076463697,23.53162049684573,22.256053136089562
1946,8573.896947626044,2846.3528173990544,True,0.7117282959879516,2.5782107963120584,52.39600453910893,100000,0.04843,9262.416032371433,9272.290675498281,780181e1316bdf74d246f7908bb051c6d314c37d96cb9338de0ef97ed11c7a9e,20.313685353541256,46.33259971695618,52.319252579334844
1947,14607.574889358351,5042.126584283917,True,0.5731335003476511,2.752760770582608,86.98269930100639,100000,0.01824,15960.216495232618,15977.231649979165,c5884355be8a2e4740628e493a9ab5b59cbbe2e40ff8433cd95b1fe6ee9e8dcb,86.21820292043114,31.556711709300654,77.42649454381575
1948,26763.166765023718,4699.983560341419,True,0.9206179797718925,1.156169475411383,41.74978394592493,100000,0.28378,27457.42355133642,27486.695855431244,ba8b073615ca2d6ee13685ae318b95a9e3687f69162b2a70cc09357a9143c99c,36.113155400491216,41.70901267254024,38.212875979802874
1949,24767.901776138595,5663.508627301857,True,0.7255344455411064,1.573124607181205,62.984589610772176,100000,0.07807,25935.96389260135,25963.6141716101,ed2e645814383a7c583d680e25f816a4870a8d10097d9a287a805bf27ce76aa3,39.99582948672325,52.743442960192525,62.431014116146244
1950,108500.24979703042,17234.532102944424,True,0.6383200006808925,1.664029544459229,132.96571597788164,100000,0.03669,114678.51030014816,114800.76882962641,ba861da0465770613f2bbde985871b09e0f03edbdedbb3efee3f36472ebcde7d,80.05211318394925,131.27767466175618,79.46779118990582
1951,25421.600581898903,4930.47480947974,True,0.8480028414819444,1.3545483150636946,47.52164447753427,100000,0.18363,26201.93220316948,26229.866030459896,327be5bfa6fa28e2b4a4660d63daf83be0fe9e0f763bf828ea423393dc5a45bd,47.25479930590749,44.969212401104215,34.631862491562444
1952,31522.265512119822,4866.664073106749,True,0.9915874847651533,1.0982166535807645,40.97949595089496,100000,0.34974,32000.771157635198,32034.88711548695,76543aa74a2771e571504c4963aa653563d3d5ee2681be9aa6b8999bd85f4d9c,37.37778243958583,41.0995530679386,40.109081852328586
1953,81744.71675344642,13383.01389301947,True,0.6806178339816943,1.097021628849176,63.135688124339026,100000,0.25443,85135.04586718896,85225.80816857866,e2eb2437bea35d20d0480b814ec1521399caff6de4b27c7f7fbfb55e29acb0bd,57.5095831034934,62.87365035624485,60.26868666166153
1954,33398.67675832641,6353.919059135918,True,0.789336077859735,2.1122190928489184,70.47466278744531,100000,0.07501,34908.6847767846,34945.90085550463,caf4b2399e692b4ad55bf9f17657b7ab3730bddb1b4013f858637d2ec538a3de,52.01291640782402,70.45745705922573,33.4049213383362
1955,172006.76116823117,37718.746106453924,True,0.396543245196097,1.1892497211671464,195.23904536440486,100000,0.01968,194733.38903643843,194940.9939113325,c93da6431bc7c138daa8ea80ae774322c2b5c9c2ae97ab332b94b09cc7e0dfc4,164.5422813959779,193.4754114096971,185.80122041759037
1956,19404.883200002416,4600.062690310046,True,0.7591502326959803,1.5724547631879306,53.593515362537346,100000,0.09995,20456.66504438477,20478.473853897634,f7bda43d6d58f6182c8f8863c6e03aabdcfe1b097729f7de6c459a1b13c567e4,53.55426229952768,51.48693431435168,34.09782740106746
1957,17297.292397556335,3539.404772468095,True,0.9138452180311977,1.0337871590369958,35.27103388321939,100000,0.30298,17675.99350264028,17694.837843807967,52dd96b26dfab29f04adc6df3392c3fbed1472dfe365fddbfcbafd2ff5c5b6a9,34.384091380784916,34.005203321492516,35.29686715998932
1958,69855.78844446504,13352.369890137592,True,0.6143191244244863,1.6815711647577358,108.16407758620431,100000,0.04374,73594.1397841481,73672.59834874465,78642b58510f434b56be7559d8be286132559f6c5828b1c12d2c9f0acb40e694,72.38225992768213,64.03757034827771,107.90000513115987
1959,17654.924911417842,4629.0660513081975,True,0.7083284136963782,1.250337438774366,47.34951927876216,100000,0.13105,18496.904288481845,18516.623800989364,841e0cd8f8afeb2263f6405fd20795696c0aafa82e423dc51fdcae8c053dbb62,37.8356876463351,47.34951927876216,44.07805591062503
1960,182062.2785578717,31129.410639360438,True,0.4990298703281281,2.195408011785316,229.00130963551163,100000,0.01288,205657.74178789803,205876.9930933169,5d161530d8dcbff1188cb63857fa02f9b9412a1d95e3ae3fd720582494256296,102.64804797138655,227.71541360972628,140.72175203920477
1961,9029.633765314036,2138.6645250737583,True,0.9805164470087505,1.0511320270157978,26.33772241930447,100000,0.37716,9161.689675970365,9171.456934930986,1e9a8ab61f2ec746677c9a8c1c4a2aaa0b5309e13c744c64736a746ef8c9e02b,25.60469010587656,26.402023499429724,25.12243200493715
1962,6259.388513742816,1654.3283190908437,True,0.9928501202530817,1.1004042033549803,23.806845261028855,100000,0.35419,6354.145341804443,6360.919483389874,db7953eee5935a7434353f18281cf91d651e61ef362305cc228828046bb6f25f,21.56914129972609,23.429051085743975,23.766159734459713
1963,50632.9325080071,8213.084565375284,True,0.8058728985541365,1.3818394281315565,73.16006480262465,100000,0.10204,53126.10741435765,53182.745050758575,b416aab552c073fe8f56d0ec2420a98756e0e4d9b1e4a742047ac3be893305a6,61.15724167094403,53.10177555131911,73.2136488344625
1964,40131.70989560488,7951.864230375119,True,0.7128644285493213,2.1024154357159683,99.48187329152094,100000,0.03204,41941.08612766063,41985.79943533498,fae9ddd0d7b35f81dea647ee59420551b9d53d6f3db950c75b0aac719e5dbe32,99.65188625857188,51.46535388299143,46.92357890605919
1965,45163.25096745625,8423.617421787087,True,0.728074165378135,1.6227472611525273,64.84392637114703,100000,0.13043,47282.53011630739,47332.93792668876,719fe2db04e87fc5510f31a590d25a3d58942e9aba0d8180cdbd195242d339d6,39.9733676970572,53.14479024119643,64.55896771033633
1966,18265.726191378893,3530.951288670603,True,0.9499126990473304,1.4607165395646564,43.075536844910644,100000,0.17549,18649.181330778727,18669.06318553517,b0db2cc2d7f6bc5e77523b65b45de70fdb739cb7805ecec929cfbb984e29b2f9,29.56184913843843,43.02295440247301,30.266453867102744
1967,33105.30305571286,6185.754940959292,True,0.8060397488858205,1.8000872080667998,67.500727217446,100000,0.08395,34329.01617215067,34365.61426733567,530775a365d970fdb8fd9d56194dc05fe74c01c09759d0c758a54d3e879158e2,50.16411466062149,67.22057283202203,37.32645194031133
1968,118961.36650547729,17780.144831342528,True,0.6578892546014954,1.7372025241998204,131.1600507448896,100000,0.04215,126449.64331999961,126584.45103074583,f5fc5d140f9647219c8b0927578db9d967edf6447055b4dcfb164ca1dacbaec5,75.76286134336152,129.43088991963958,98.62621003277832
1969,23217.37151681561,4819.538076764827,True,0.8166213736438711,2.0447406534403076,55.84527011534759,100000,0.10359,23987.90511977223,24013.47857723631,5dd0b80ea0e10578dc67eea74ef55e5b99a2dd4cf90d5076c0df92ad2df1a8f9,27.486343884897643,55.80436781789983,42.02029357800324
1970,7714.586459833202,1905.6475674271173,True,0.9907938604674006,1.0828303105908357,25.479972946016492,100000,0.35601,7830.227609420669,7838.575399346626,0c4c44b898f7d7bae61f84387bf905ccbc5ebd2d074a2c0554a8453a91f8f194,23.557777721329213,25.436428070376326,24.235833642011777
1971,22291.694695690414,4956.17495363379,True,0.7728577271873642,1.485889939224874,59.51345235309107,100000,0.0837,23457.741297862976,23482.74954874145,e49e6577d0420d7624372a24c5041a967dc9ae66eb1b0a933d5053b610af41f7,40.07277870845341,59.03397385512915,43.40006889128003
1972,15229.263989768873,3782.1810575196905,True,0.7855872373016985,1.8172650884258834,48.22171593862538,100000,0.10545,15721.351105307036,15738.11160614119,c0723c6bc01a18ba9c44b62622bcf9a4dc85c9d34334ee5961a27c403fe69cd6,48.480719295717606,26.465433942878384,32.363646756660444
1973,51990.85466774064,8054.6143000391285,True,0.836355043518075,1.568184612344339,64.86033104474302,100000,0.14669,53217.35592857907,53274.09084483766,079c28b524df995bc0d46f093deffeab3d70352a0589fe431adfd896579c4097,64.84449600298404,41.139438489805265,55.834357242129855
1974,10532.549504459492,2350.443937906018,True,0.9886059808864445,1.180369053816451,29.37475783747419,100000,0.31726,10691.865985589826,10703.264562440489,d7d62c4b2715865a0f13618e5747ca70596f3c4a4cc3605416231d4e5fdc5901,24.820809784057168,27.610551190008696,29.367586265736527
1975,24685.373494996747,4133.437573433134,True,0.9918954009281042,1.1825896014254509,39.10594546046427,100000,0.31531,25071.56343331733,25098.29217673277,81a7de9d596a52c5661196e974d204ae2d355121c25ea05bb419976ceda0916d,33.100662331892,39.14413486032801,36.24174047068417
1976,55025.791658063135,10974.111124917903,True,0.6375177835061268,1.6289256496084394,91.92039137444092,100000,0.0562,58034.628886333434,58096.499487615954,f0fba6c6d5515f52c37bb774dbc20fcf793e401446a6fb5fca20ee8d43487013,56.50770153340875,91.44911983663252,83.1682056722847
1977,17292.587176295547,5351.609396401866,True,0.6042820576727956,1.4204043582297985,64.20618553797124,100000,0.05233,18416.056753329267,18435.69007444197,ea97eef970ad5a01784a30aea8d1561ebd149615999c82c61f1394db08200786,46.06981916408628,64.33158824410009,44.89416879412832
1978,22827.002146494797,5200.111575857742,True,0.7483487693087266,3.3859094573434407,77.76974613676411,100000,0.03822,23902.208377620005,23927.690473959414,cc22c811727aad95f307416fc1e6432d9f0a89902663380853ffbc1ae7174f49,22.954986103356404,77.18115674949857,43.422707376655154
1979,11121.347125324444,2608.0156922133183,True,0.9238728158556381,1.2816663926489735,34.336559697956176,100000,0.20997,11301.676928956413,11313.72562402888,a183227dad12ce42c116174f376345a1bdcadb64b61c6d0bb3706166c5bbde70,29.94389434597155,26.624246484548053,34.32817674881117
1980,9227.610535696498,2169.533382063556,True,0.9806423055775481,1.1655131453328338,27.264445661786837,100000,0.35255,9500.053189923305,9510.181177546481,3569e1d28f4afa31069293c6875b70582ea2d844ea5ca902a6e6ec3a33427923,23.417070272989772,27.164600279724624,26.425744452464293
1981,22200.32415514867,4724.3791504925575,True,0.8085600088689937,1.3837476555320976,51.62341664158136,100000,0.12497,22859.214606914382,22883.584769689896,b09359d162cf0cb09097fa937edcfd1c71ed71e4a5934d2220292708f662594c,37.192554323561176,49.24137910611776,51.35874580430763
1982,30003.738132959235,4717.1916761185075,True,0.9898837127161509,1.1444794048975913,41.27481763316118,100000,0.32596,30474.395528298275,30506.884220157568,195e1e59c4d23207605f4d374f433a733461ae454a1f489a360bc857149dba13,36.18600344743207,41.30504821248233,39.22921509909581
1983,69641.2099058745,11799.76363491211,True,0.693726612470455,2.031966936875071,110.12458330025049,100000,0.04188,74366.06620858538,74445.34772239249,a87803237c6673aeb5e3e6253635a73b05e7d0bdbaab6522c36ffecfe7ac5073,52.88453499794744,109.80195268511305,105.98415707265318
1984,25389.13791343391,4224.95332444499,True,0.9887674904496845,1.0887332484826173,38.077324064488266,100000,0.35266,25886.346807693833,25913.94419002804,8a530692ec2a6a9fee649d54c38877a0d4d5dc3c15c044658b5275e0c17b7f0f,35.000274683300376,38.11450895127,36.366819272528836
1985,22586.228538025072,3890.1221347832015,True,0.9933067039648252,1.107281959843573,36.315290064214324,100000,0.35985,22914.23489822437,22938.66371802193,da89df1603850668503d779aff84fbb37df20d6b817aaa20b1ce1ff04ef70428,32.8220712445609,36.200031575240985,35.4641504533343
1986,53963.95629649458,8848.479318529862,True,0.7804612388101482,1.1571785756358546,60.36487556225228,100000,0.18967,55471.112370234216,55530.250011708216,5c4c93e75d24a00f20cd19d6742ed2982466d8dd0712a7daad5dd5f4e9e31ad0,60.453300672939164,52.215027860610306,58.41952312714063
1987,12419.700674798312,2633.633520890951,True,0.9847731582711239,1.1263481089518932,31.12612826295532,100000,0.31624,12679.65424566144,12693.171999583325,5a359378e1164c04d44a9851707cd311ab60ffcc8f0ad341becb8e4d098e8869,28.170057976263518,27.66851391733894,30.951347757572513
1988,64987.556010510794,14606.81384401668,True,0.5351580959291681,1.420482701283924,112.2610394372131,100000,0.03639,68451.74667626618,68524.72294589988,47bd68a30c90c0eb5308024f356493c5f39fda089103992f0e863df74bcf8ba4,78.65946855097695,90.80098233776538,111.63066738959202
1989,28487.935792909575,7716.8166828598605,True,0.5845476634692325,1.9211764356033492,77.59960084292621,100000,0.04902,30455.59373653325,30488.062383840126,e5c0a6ba4fb926b19a77e54b91eebd7a076140b2e50a6de1dacc35a3c7d8667c,63.409634770818855,77.03124439143994,40.33436284047605
1990,19027.216474716435,3767.1831374847034,True,0.9149223367285845,1.9372947632790942,49.053785841045396,100000,0.12456,19548.41243712171,19569.252960354366,1800d65f3d4abbcd7ddab666f50a20a5adc68fb5cc0850d1a263aef08c8a8eb7,25.269406280421336,49.00588175330999,32.047834694979855
1991,66695.8495499795,13119.811360997715,True,0.606209037049455,2.0993848846599543,116.25079404508892,100000,0.03235,67573.64884727816,67645.68897858019,2f762fcbc77fb9a6af214d8415bc9c4e5c77c7435e89337ff1d96647a79621c3,79.58184240781966,115.8250709223652,55.38657826635523
1992,33085.25107926559,7317.576883645273,True,0.6810930576255828,2.2147016605409964,89.42727301581957,100000,0.03619,34412.31167067774,34448.99856702642,f03ba3f5c31c0b05c79b5710f56118f324b01041168e3125b5bf25bc5cf2f537,88.88145225766635,42.857845930188915,39.823082514857155
1993,13326.88257852779,2809.168090619428,True,0.9676659185535095,1.2626363904504776,34.52285310424179,100000,0.24991,13671.588468736594,13686.163721741224,54796b239909ed84cb72901e9a3079ffa98cfa3f577db3659e7eb932c30bee57,27.291259363167704,34.51442467330814,29.330939649111674
1994,137889.13776522997,25417.412228934314,True,0.5078157454364963,2.249165895200893,223.07822447513564,100000,0.01104,162950.58074698993,163124.3020338082,687e115a692650244e24062ca846af0449cc9d83f404f3e6dfc750bc5b80fb55,222.3702125322214,99.39398429373108,100.64662080811783
1995,40270.1520948699,11107.985077652243,True,0.5114906313485159,1.6452137444962094,133.34144735150642,100000,0.0138,43500.06266521032,43546.43799463983,ebf1a4d4679fae13771171305b203df9c3f110678dcea58c43994bd683c6a7b9,85.6171890953276,133.21123109432722,80.73407945110739
1996,107676.20945088744,17350.55202952168,True,0.630837254917585,1.51011519785551,100.86145926925391,100000,0.08304,113286.55856225001,113407.33313477636,8307f4ff76e2db30e3be28707beb180a7b7be0306e9b9549a32273b9981861ab,99.06387955083216,66.38732768308316,67.02756155539774
1997,48669.112379232574,6641.687562542651,True,0.9706022637973011,1.0887364918109954,47.49325220713895,100000,0.34734,49472.724876323286,49525.4676489389,c159196586ca8dc373a3a24c5e18eff16247333242783b8a93c86c79362e4283,43.34223065192515,47.319326722981955,46.87871549645088
1998,25812.372143390483,4764.557154455708,True,0.886502970868395,1.6705826012049068,49.30015148903189,100000,0.16542,26354.093319896652,26382.189365847968,4bc36b23d3f1b125cab014728519b3d582c5d9a9a95fa63d63b38cc1a8292358,49.46865786619166,43.25799425087418,29.488616002960967
1999,12886.337051376839,2691.1231959970887,True,0.9877268716454733,1.1913554848269328,31.200668178987314,100000,0.32337,13058.90349823229,13072.825569020557,813be2a77f40c2c405841a6823398e904902048354d23361fad2896a7f59e7d3,26.23415556846492,31.27684168528367,29.669580702430565
2000,135942.3976999208,22689.46312786652,True,0.5635033752269394,1.312728080662668,134.5419533529193,100000,0.04436,143641.53095104583,143794.66689866243,ebc7b5083c7e2ee497199a745d6cd14dae6bb1ea859f9dca492aeb633cf54f15,134.04924600421475,102.4174342173834,118.28261084566954
2001,47978.642775290646,6442.751929395632,True,0.9910860283105389,1.1340605614801034,47.04483481578484,100000,0.35443,49066.10911256924,49118.418392935855,0c77e66fb95ee18c064d4b25d20d7200289dd86140b7dad2d28bb17aa39aa113,41.62365267880963,46.26381705028841,46.91849370666041
2002,17524.5029265513,3672.5111700892476,True,0.8884196137370465,1.702305632652584,43.341947218419065,100000,0.16659,18033.892917484543,18053.118814499492,1a65a9d35506c5cd448fe893bb8820b2b51136a4445aa8723677d386c3beabbe,25.554395149531754,43.087990496436134,40.12516207330202
2003,5004.010286409316,1428.834404070758,True,0.9901804669880478,1.1734186385018224,23.08483220098161,100000,0.31057,5079.897741150114,5085.31340992805,b395b155c4346f96881759e3d79405070abe55f0f9abc5f51f961ce38480ca2a,19.697629038679377,23.03974463808907,21.140431051240725
2004,10131.273331486307,2341.796268030572,True,0.9668914127575511,1.053225187968353,28.261047030373646,100000,0.34398,10323.173752340075,10334.179267141455,2382f3295f638a7f6e89c2b06ecd590a879ad915c5629c0e2a29bab760ebce88,28.102354627615203,28.24724769100335,26.846614744917936
2005,59127.89398604188,11048.716831182792,True,0.6643045418935857,2.9777802348298623,108.04722379882341,100000,0.03696,61985.21351850872,62051.295830132156,8e886940904a0ffb431925d73dee40d6d19248183e27e5b93f1a61742cc77c54,107.17672614614733,36.349871678412754,94.88424414169134
2006,53347.95893270315,12547.433792948948,True,0.5461866537681226,1.7561295566606365,120.15428676405455,100000,0.02485,57313.83962699897,57374.94179629996,17809616834511ac640371622ed5e7de72c9b8ba06614c566f7b1b358c1943d5,67.93880081678475,118.71689417337129,97.21467439845624
2007,10195.123339812657,2288.2030820439304,True,0.9936906751505141,1.0739922922335683,27.51853800894548,100000,0.37223,10313.420982430582,10324.416099823551,db9662a3bab7b71c05e37171b88ed1fef14ef72f9ddc76ed2799219f6ea4f7eb,25.684416701220353,27.263239072339054,27.538693188151253
2008,38875.996964404694,8141.176331613384,True,0.6816864416007714,2.5630777901441864,88.47350685514712,100000,0.04467,41131.162076433444,41175.011925703686,57fbc21690c5de0f3f24da6c0412645fb0b97304884d2877e1f1da8e48f3db96,73.02952311456357,88.64630667322359,34.17116402461981
2009,13644.230752248199,3377.6497864381845,True,0.8175271994808544,2.4326206070631824,47.81851989465291,100000,0.09764,14194.871348458264,14210.004472289856,79145312e59bac9cd74aaf02e95429edbbe23135f5e6c4871c5e6fc1c1ed7618,47.81851989465291,19.718134790544134,35.852215477656024
2010,48383.85414005185,6501.356321730082,True,0.9876743959615158,1.0411167873910452,46.47940186103145,100000,0.36962,49346.04561863925,49398.6533387527,97ebd96c5e9e906d02513bb89f346b758f5f4b0cc1d3f290e7ffcd5d281dfd9f,44.49358757253523,44.91344545067443,46.5020968814714
2011,6544.455802424392,1775.0013132580066,True,0.9532375428050053,1.3117837421894942,26.561414547052294,100000,0.26572,6620.535906721715,6627.594046753312,25750fe4d86e2ff34cc802d5021bb9e85987000799a23a3190da59cbd9d86dc3,20.167480283528477,23.75353063619447,26.45765902147787
2012,73790.36817783822,10612.206604263374,True,0.8016993771510462,1.2555320665654657,71.78915816558143,100000,0.15418,75843.77214332839,75924.62903646428,b0cfce4fd36e387d45be7861ccab0feb70e52d208f198718deb67f4162865f5a,71.66647161598205,57.01419226382724,62.11444739717299
2013,117300.3012029939,29678.337059264646,True,0.39046068619917984,1.7817443979944363,198.18053297176633,100000,0.01354,140125.42476222065,140274.8121960921,609d435fbb33a60ea8181500cbfbcfa0dd18276b98b873a4ecc51482cd43dacb,164.55370913988702,196.29356012364647,110.07341614032433
2014,15442.469953667625,3216.049116053169,True,0.9324795047119869,1.4182356454836125,38.98226623661539,100000,0.19905,15677.569449176386,15694.283274474887,6baaccd513acbb3a8b2e13d1744090c9d2a1653115844e7f5a96552d72b3e651,38.7062687461706,35.57512480284871,27.637817663850363
2015,67362.51091113448,12183.198392207916,True,0.6571557608640459,2.457940579961697,109.22368188072062,100000,0.04084,70754.07734261376,70829.50812234619,dee84f15340ed7c52e3385e6356389fc06f43d248b0e7a438020d09e2663ef96,71.46471373054962,109.75700063990384,44.225458105267364
2016,153146.498301445,23606.537763173168,True,0.5863944829773012,1.2116465325692347,114.18435164200707,100000,0.08187,162054.04010764763,162226.80559429107,66501ed0e3b254f3179b31ffc0866a26f1797e8c0bddafd1dfc49e6aed6cbaad,111.926311485024,112.9856389660778,94.05712950198532
2017,18541.37918407856,3454.192099196597,True,0.9807665869681184,1.0935521636163872,35.27803857345211,100000,0.32211,18803.244867132187,18823.290968715257,eba78214af4c67b494f975ef3d6a9b5ff441ee63b459a158281f4101c6d7119e,32.38413697172362,35.25220016629382,32.16881691207119
2018,110681.6872319426,18411.050308723792,True,0.6055119804492956,1.7566186752462296,137.50184387014207,100000,0.03434,118697.38698288254,118823.93002871957,e3e78947f10c80ced8a826ffd7a502fb4086e7ba4a97e7226f835b5e3ee01380,86.10650134934434,137.73683237284982,78.21760161558375
2019,82031.08163634797,13562.799834324762,True,0.6731632485316736,2.1140333307017607,119.39106087011788,100000,0.03821,86458.51521526123,86550.6884646644,6906ae5528417bd3ac6335d8e2f27d53cf7dee0e8599fbd8bf4e8ba1cfc9331d,61.64846038581527,119.4785054947786,56.82443192536495
2020,30544.855333168147,6263.157382052138,True,0.7544830971734997,1.5889965754361524,70.12456636651147,100000,0.07006,32121.51354075469,32155.758221818553,fa29d1d7053cbb409c8314ac90f4d79a0facdc43ada4b057c173bd40ca701d10,43.69089193538508,57.729501413055836,70.1074461110509
2021,108907.08470563043,17199.099218874748,True,0.6412329703516821,2.705388966783069,174.41594530060627,100000,0.01657,116895.1165590259,117019.7382079842,6e9d6e7e92e9cf4fdf23e6237057a4c3cb73d02d91399cb50e02f1a391e7f2dd,76.86054230165877,174.03270713954538,64.55433912981424
2022,34099.39864729457,7280.034431240492,True,0.6985248133034956,2.8051621675873615,74.10240159559899,100000,0.06619,35810.01745302269,35848.194440698375,1dc7b389cd746db881df256675c4132473641f5ea9facd489c36998b333bcb59,48.086958847925324,73.90339612256393,26.413453693743783
2023,134876.73410351714,21618.919649380463,True,0.588312620128492,1.4228889431132654,139.5038666307751,100000,0.0399,144028.00087790654,144181.54884033586,e12f4f17dd9bc81a41b562cdf2a835aaf27cf803bab845da4cfd470b7c6521b2,97.67995349049389,122.23617610787397,140.04880360980155
2024,60771.92408608281,11330.500848707881,True,0.6597362404347443,2.41119574603341,117.09491917658619,100000,0.03124,66686.8924771505,66757.98723926755,336f2505edd3f6837bb66db0f6ac893d8669415597e2b915cbd65939f58d9f3f,47.56981091548814,56.54632571564636,116.78045528231313
2025,51904.284612675525,9177.46633934794,True,0.7332129563157347,2.1422578780021793,98.37060690393614,100000,0.04217,53372.181600843935,53429.08157644078,95f527dfde756d794b66ce862491c6ca5ed24740c6f3ea47145a64cac454fc33,51.274718198218665,98.08241176652227,45.35470975050865
2026,50683.22984572323,8953.155738335716,True,0.7397486378347946,1.3747801014227699,63.3378356066771,100000,0.15387,51982.70930296785,52038.12796493893,5d2437bb39bf909dcc1715bf163696a7ca76955ed8350eccb69f9bca039725a1,63.446078978075235,61.96159845604373,45.848799456493566
2027,24143.469621739845,4089.929218492998,True,0.9877221365067149,1.1467544656880966,38.2337480660174,100000,0.3313,24619.394068491674,24645.640755055523,1f380553a191058c65df1a57859a70a7f31fb0a7fc3979de4124a7ab49a46ccf,33.342516623978064,38.18707601027275,36.478878770018554
2028,15934.817854532967,3819.9498726719353,True,0.8016618124882753,1.2338145591013026,46.07883128611907,100000,0.12582,16367.01003312319,16384.45886964336,30aa32690a320ddd7412ed46388ab7ee1683cd7f87924e576240703d555b05bc,46.10133071545799,37.40530127596335,40.11648251130386
2029,20109.7237929281,4258.566436221442,True,0.8397656406477437,2.2838585250047205,56.182289657619094,100000,0.08904,20994.172266019843,21016.554110902005,4dacfe8a9fa93d4af12085d5f02c0ca9e642a1323416e5e54b576d21210c1369,55.825663795534595,37.80234138095659,24.223125863123855
2030,58461.422526541166,10413.154272004107,True,0.699543524965357,1.3274332350669522,71.59224205767336,100000,0.12485,60911.84280223156,60976.780795490435,cf9eb3dae7a21b178a6946d0b81bdc51fcf965c748db60f9217595dee3f0f321,53.62426724437057,71.33006343685668,53.8165315663028
2031,53894.58100021116,11047.234584441114,True,0.6245884489651211,1.5117786499149315,103.6065186863099,100000,0.03899,57654.04464686368,57715.50950805297,5e78935b4664a9ede6bf7a335791c356a69597945861f4dd2d9739306a7e2f79,95.33519749235887,68.19413436970007,103.32827852382225
2032,16906.20650886909,3730.9944310178944,True,0.8538016112838522,2.0610808211824825,50.41719609705129,100000,0.10068,17155.15221959283,17173.441292914868,9e1b528d0a9801925302469a577f6a5a97542f83a4df445e1ce0117815687580,24.974729218973895,50.4048872112854,24.14387942977688
2033,42597.559503151344,8146.571769699201,True,0.7240452610810116,2.674411229387659,69.48745499861485,100000,0.09995,44587.93069862746,44635.46580198224,3ae8eb4249879cdbdfe03c24f6392f88b7bbc10e7905c4c42587dec8ec1b40ef,69.55531384138693,49.333378695305655,26.066277979827078
2034,25035.79149541,4165.95506330135,True,0.9934448454665145,1.053112950638662,37.33483119606551,100000,0.36721,25408.110962022438,25435.1984980822,fc2e65f43070adc4690e130d3179eb4687e2a7986b278d4e7bec65183fc071ac,35.457151697435265,36.48714093697515,37.25279665486322
2035,20609.583583400552,3725.4685596933446,True,0.9757742798991011,1.0872283010783585,36.12736780644752,100000,0.33722,21141.587135422873,21164.126139001186,f52792ae91f8e207b6b17493443a0f348c7f886735b8fc8f991bdbfbd7e990c4,33.29609703841294,33.587162257556685,36.153828280915135
2036,41790.849353078396,10028.032952366844,True,0.5807499360155491,1.521899327126185,99.24895709856617,100000,0.03504,45546.73549226654,45595.29277548589,4c376f5e6ba2cb20f2832ad1c43812b134abe96c0ef631c475bcc6e0ab8bc3b3,68.81519486326366,99.58818693239915,64.45366842826806
2037,28919.226211125148,6698.52234971336,True,0.6801889296723134,1.691415616312798,61.311183943340794,100000,0.09923,30407.267925614837,30439.685052871777,03d01a3c4ba3498074970c25f3103c3cae19d27c755158d176841c78501fe506,45.02540070839089,61.13156133413179,36.19395575561475
2038,20062.93855048205,4107.910074524106,True,0.8692130242957742,1.8262546216675353,51.35257508510523,100000,0.11574,20839.4118845328,20861.628739683114,18fd9f1e4db0d1ab64b2dffdce1c88fbeaf4d7ceba2146e751d294bf7da34c4a,33.24878640764137,51.16451633845567,28.070902249890285
2039,34245.640107369196,12025.191513138157,True,0.42409418243797664,2.1555851147270526,160.27260398508983,100000,0.00735,40232.82423255015,40275.71636564946,cd331c38c2936ae9316c27f303fff3318d3d259c0dd6ecbf0f599d8f62b0fe77,158.981345212749,74.67779900037695,113.74815912711333
2040,13313.470301544783,3659.5481293183693,True,0.7423080616591543,1.3336105344964926,43.99686232347932,100000,0.12191,13804.470383649948,13819.187301797152,e65c31f05b1528e8f133f95879aa0d85f99a1e8748e548a7cb0a36a0e66b6dd6,32.729111205967165,43.79277531563115,33.1480266431292
2041,5550.916402761087,1662.6118865158337,True,0.9118772230305708,1.2244741945603346,26.26009542013439,100000,0.23557,5671.842768216745,5677.889508399002,d971b745b1293a5186a5c7bc3705e9ef88f5ff25ee1280ad30ccb4f2b5a20932,26.131872297965764,26.253684264025956,21.413261402160373
2042,60617.22392434458,9814.565619484565,True,0.7603444908790397,1.5455722389413575,71.25692399074299,100000,0.13075,62898.1992182054,62965.254862049376,3fbf104a8f73679c28f5439b15f51ef4c9339819ff67166d34946344129e672b,71.36130425049507,68.66481420690003,45.96210771082592
2043,8614.20902176979,2538.6997047753857,True,0.8004786056568592,2.211979744460105,49.05765437564297,100000,0.05671,8902.157760946646,8911.648333453975,15b844c0daeae9a4ffb51f53db89116b35ad92b73a58bf9e2bee1ea679cdd382,26.888289568681262,48.87799987963842,21.899883062954878
2044,6008.797972844409,1635.572318689203,True,0.9772509645362025,1.2796027859134211,25.084477861330413,100000,0.29227,6133.589937671518,6140.12894558363,c327d5041f49da4d0416b9e824df458c73fdab318d67a1f18f2e45a04b4d1ebb,19.719731131221664,25.047733020713235,23.088008187796788
2045,111522.94183137023,21216.88892279384,True,0.5280948105273304,1.5376803665316425,116.16760345650957,100000,0.05743,119704.15015623072,119831.76651026461,2d95b6fb8c38978d9a1298cf3aed94ca08b1045ad851449b41ebb844ec2eb820,75.21398544107993,85.25386132574897,115.99743606863383
2046,60906.60686758502,9120.136143968313,True,0.8208410615097581,1.2061895510578797,63.99549792089675,100000,0.17922,62452.53077000942,62519.11128761598,d5433e9a971744569e851c1da9e3fe107cef4017c76199ad3607e1e2d9de65b3,56.63664061602801,53.02751951746181,63.77676330886243
2047,18850.741309500445,3706.0325985113636,True,0.9242593339499479,1.510859472365455,40.99553316753608,100000,0.20847,19097.14673398564,19117.506163758626,497985b970a5c25e5c35e31a0fe3f71f4308bbe171cc46b314e4665b6889ca06,40.97551581735662,36.241412499914105,27.033431417362046
2048,23180.639730619383,4603.971533456068,True,0.8539552371196795,2.033736970825869,57.64046215334736,100000,0.09502,24194.279336772313,24220.07280937462,09f1224cc8725c4a39b65c426ec7570ebd2c21668f68012e3a20380cffdd0869,57.75304118099061,33.4359712100472,28.208082613863475
2049,75408.8659258746,11975.87883726617,True,0.720761649709077,2.0533052302932226,112.97194034272036,100000,0.04085,78310.34306564635,78393.82956508796,bed92598336d64a63c9ac5f1affbfbdd1b78e011e9d2017548e844d0ee709ff0,54.66562152325971,112.17209017916105,85.14267085888129
2050,21960.223878225264,3896.536921016861,True,0.9732621580940439,1.064463284081823,36.39399211160713,100000,0.34774,22287.38120059316,22311.141732922817,afd1f75532de524ba735aba90e640207a6c8d72e419c671f61d8cf375666f1a9,34.33261365216063,34.43035142394474,36.42953311952863
2051,16597.202516903762,3449.2012057692846,True,0.9122674738476864,1.810580319337561,47.451954412550364,100000,0.11875,16869.850481321697,16887.83539503365,d7015e19cd466c5cd4eb38a5d29263acd530f43766f1b90fe186e36bf703ea04,26.297836063596023,29.95868020284552,47.0580661190868
2052,35792.283083734925,7022.085935425777,True,0.7479586439622036,1.8620038264612995,77.2048453346522,100000,0.06051,37023.38527154732,37062.855828217056,a9d7f1766a396cc9f0852965d00acbeba5f47fab82adb0b68ccc0a18bae552f7,76.7713220332125,41.10931827999913,64.53842539693582
2053,8535.779879747846,2225.4108771395568,True,0.907617210970175,1.9203588799449964,37.124472787327335,100000,0.12894,8771.701657817786,8781.053151335616,7d5bd15b0cb020eb9a7d2dcb75f453dd1c7ca24f90b97b5f59ae3e0be6765666,24.308553714749,36.97039172351274,19.260132976823872
2054,30064.988999613317,7373.757748164251,True,0.6341168474211399,1.9485678171705945,74.99011803008798,100000,0.0564,31623.251140377066,31656.96462489671,245320235b88289e81dbf0446a9461d5c00a7ce064efa0c551421acd873af9a2,73.96486251014537,38.447081997847846,52.983740619891265
2055,23461.839968382195,4410.3284240926405,True,0.8986444682923195,1.3780904375038534,44.34883041569239,100000,0.20808,24131.9353760731,24157.662383904124,4a7add844ec3721aa67d6afe2d0e4350b2a4ae2c2c105a1ef8fa96e8376061fe,32.28716120595574,44.1864201480568,41.858539645279976
2056,31571.643589110547,6509.3228540914915,True,0.7421296325516415,1.9397050454134297,78.10527944973387,100000,0.0513,32499.287400612116,32533.93482562913,61346da16edb3a5e87bf0e382adc25819af1b8b0902514150009efa896e94492,50.05526331922642,77.2853265648856,40.12048534234377
2057,6867.5462012183225,2008.0184954461772,True,0.8701299999746002,1.6144182777256346,32.6609999593249,100000,0.15066,6979.136557085073,6986.577000549708,d03b16950c05904223041cb96a89b77305111d27aa3de5569636fc00c3da9362,32.708843220984065,20.16593478933903,31.321388632868207
2058,72703.0870218757,14765.779720563205,True,0.5705096223359546,1.8658091717742615,131.3694237496812,100000,0.02655,80031.8233967816,80117.14516294634,d516fe5d720a924e1f71ae978d8a28c9425c3c7fa209c010a11b2c54c53585ac,73.76701040631512,130.7279714852785,70.11073249921951
2059,14014.121717738866,3271.9572600908177,True,0.8591198611981248,2.09181240188189,48.04226497997908,100000,0.09963,14688.446128266167,14704.105451179072,25e5e70f276d7c476b461a779c6afaf12f1270f642c9d518657152630d900bed,22.836496561528143,47.70212199061887,36.03169873498432
2060,39786.29540140031,7402.635915869765,True,0.7613541798748499,1.2198925163825334,66.39200754340473,100000,0.10596,41229.17589340206,41273.13023500567,4b81d3abbe79c9c0a40443385e09fcffb3b23d5729ddc6dbb32021fbaed22d6a,64.85215385282282,66.39200754340473,54.154222949832814
2061,14935.976713564305,3284.7059116822234,True,0.8929148606683626,1.2639707119374908,39.259560072186446,100000,0.18984,15273.526159956813,15289.809235516272,ed9b3264bdbbc25d8ccb5b0060e2b8f358f6cf144355d32a0838647ea4b044cd,34.18917255309792,39.067863001521474,31.0932648618586
2062,29024.09430322792,6487.274249271739,True,0.7040351092813443,1.6102543855926896,55.017230104991924,100000,0.13704,30343.020917807713,30375.36955145867,8e1e4ff059a4fde5338954cfcab4e4603e557d266a0b7b14351dc96dc57bbb1e,52.089066979286784,33.9828105873119,54.8291829317815
2063,78521.59851003553,14089.564205867766,True,0.6293795856253891,1.713406162380748,94.14488146080527,100000,0.0749,83097.366062743,83185.95599778621,a1c8c006684cb6259b420e2b2b32e0337ef88aa108d6ab4dea852c5c7c1e8663,54.864216808335485,93.34042080379156,89.63990178152847
2064,311850.8734284568,54871.80994470269,True,0.4052902430817792,1.9075364249994642,289.02255969121944,100000,0.0119,381994.83604067547,382402.07996807183,e77500d103240a5ddda2108775efbbee63bb6eed32f2861a3fb5a09534e276fa,288.52862465268464,149.8740031211304,191.99960569331253
2065,11801.293118925858,2532.68463705013,True,0.9897436865401296,1.1177226055100329,29.610048499759685,100000,0.34745,11992.92102682993,12005.706655846654,abadc40501bd61c8617aa8364540997ec435b7711eb7c58532e0dfa8c4de52fc,28.460634995984833,26.450968618315603,29.588361452518647
2066,69459.5920276376,12661.19102472612,True,0.6454031024066272,2.0289956168839702,105.63505137760052,100000,0.04717,73927.3811077044,74006.19494020662,75a99a8159af0770ce51a98ac4eb7873314b4556dddc7bcb864cef82d4223c7a,64.26820020336437,105.9961086821138,51.360401567014506
2067,184041.80360612427,31338.85474975576,True,0.4992813265118083,1.5242201436713718,178.2782640379894,100000,0.02728,205520.36248976606,205739.46733539106,3b42b34dbebf830b6a4a1bc2d2f3b8074ab4d3ac39992acdf20c8a8ee5e6b434,178.32178900479556,145.895688734214,116.64691104048134
2068,20528.03676039376,4563.9632107123125,True,0.7944018874099316,1.244128502352999,51.61297237229185,100000,0.11492,21008.136515718892,21030.533247859617,55dcca2c4badc768cab86929481df5681226cd56aca119a5d8b4a589f76cc00f,51.72637978228956,41.305498885833174,44.657317892432204
2069,5504.759137812139,1621.3296363124964,True,0.9299045026731263,1.0183291758439068,23.169645238965202,100000,0.33957,5615.685384979672,5621.672255888467,c75919a68d78ed3441098dbc47532a27f0301b9ce3101ab48dcefa555c412f16,23.186615193974212,22.598323420328605,22.977319082196452
2070,33159.87926240921,6753.081583209122,True,0.7391355458097307,1.3406824567602091,59.20677673945197,100000,0.12461,34386.06287003203,34422.72178258709,29cacfb14bc0bc532f55e494b30717c8f6f0ace7de396db4d8e02a27eb2dce35,44.029258288176436,58.946590708858665,49.030611987358654
2071,24340.78401699912,4484.18598422399,True,0.9057817151416397,1.1867561191078044,41.9409533470823,100000,0.25315,24831.795758566295,24858.268886145284,0f6ba641adf9cd68417bb9144401222ad047e8f14ebd13c1f3053bbf718d8eb5,40.23095842301913,35.152171103645884,41.582571177368465
2072,25891.00983316611,5616.083851931,True,0.7536155784468636,1.1421792834179552,63.37079780108523,100000,0.07913,26774.661649240003,26803.206062242436,9a66fb1fa3e7db1399f03d49e1993b6c3d9bfe73e9d2f6180407d94507ed7515,56.408674019227725,55.37209114504005,63.18514116690236
2073,12874.726330929834,2898.924003636097,True,0.9163737323015031,1.326648685087157,37.4221797952608,100000,0.18845,13131.02676173012,13145.025722984723,f50d14f21ba425ab3a7c9c9e2a0d80ba7392ebbbaaa44c56d36048b8373f5505,28.157997590086374,37.32168077725595,31.200376953324128
2074,49208.48239205448,11688.046396089463,True,0.5556084540038376,2.714504556833656,147.03945875514393,100000,0.0127,53681.01376338612,53738.242984331104,ed28c5183f6e1f47d1fd6e85f468693c3169ebc9b3e541e4fdcadd5086c6ce56,106.11539064458141,146.6804757015425,53.11154278033092
2075,6421.010335416708,1682.9836282502924,True,0.9926736163796173,1.1108136534227107,24.310617714645886,100000,0.3412,6517.9692367498765,6524.9180306606395,99ba7814e298dfa5c30a228715cfb8459f3ae24c11abc0e8aa1e54d9413bd646,21.871246650017106,24.245330411213004,23.17105750927186
2076,9636.309612149584,2377.9465470171544,True,0.9209213327237455,1.3637042841104512,32.96367314925092,100000,0.20706,9860.93983551249,9871.452563663619,da34e97d48a4ba51fa647ae9d23fc7533c6fc9ce4895ff7f1a38afa268cbe8d3,24.183554153686284,32.93148206219111,27.4589972620225
2077,17076.658169879767,3857.344262056293,True,0.8313763138130402,2.0805054048700375,55.03760432392056,100000,0.07949,17620.018645000222,17638.803311484626,c0805034ba7dfe3afcce495035498d8053164830ec44e71efdb21db7f6d7db40,32.396402349846795,26.262450598413757,54.9301090029754
2078,16464.68414728757,4150.331528671912,True,0.7541138853548676,1.8408624991157434,57.94087923681707,100000,0.06673,17258.047903182593,17276.446673386225,61ccbb5462ce06d86fa18cb56580f84f60657e8226e61dea468d7670e005e0dc,58.03989929410654,31.13473515630722,33.76583953571347
2079,23527.737179795255,4543.800575565043,True,0.8738796694137441,1.3166967431992327,45.07330825485886,100000,0.19933,24268.686643544064,24294.55944162663,9f7c983f5cdc0c77c565a323013c08adce215f9b3a8cdac324508705c6fd5ba2,44.83121529059936,34.22314176577419,44.391046264673015
2080,26591.95048595585,4409.7918941225635,True,0.9770110867631382,1.1822955600052325,39.44692310578327,100000,0.33286,27165.412935333825,27194.373927497494,703657ebbf2a30ed1f77ad022c08c119bc57c46b7409f67cfead7036118867af,33.4759532997321,39.54322907039699,39.02317686148287
2081,44996.18863890486,8899.072274186285,True,0.6874744197100014,1.7363519803293752,97.25253732163836,100000,0.03947,48270.883829186154,48322.34532147554,b4fe275287090d28e63b6f653d10c976d0ec8c7db674bbb09da039635a67db4d,69.54411177125945,55.03695837684515,96.56398175954666
2082,58288.29320326962,9629.52887079477,True,0.7549762860526572,1.823911438391213,84.40705821594094,100000,0.07526,60174.95977911105,60239.11218285915,b6dcdf7eb222e69f9b3db8647862215be108d6c33a9d8298b95e6282195da0cc,77.33879137803379,83.70641368973439,46.345574689367965
2083,35850.85246117539,6007.117795976419,True,0.875287985804527,1.9101430781173967,67.36027771225488,100000,0.09146,37167.05117754813,37206.67489615168,4d60fa75a5ad689653ada1526f59306eec79376215a52fe4c0875f349dfef3ec,35.37401302711432,66.96558858503464,34.97932389989407
2084,20747.538889592834,3994.990642865188,True,0.9139997625790334,1.5543992714590895,48.30020253306836,100000,0.14274,21384.930816284086,21407.72924807178,9edddd92065b7cb4c8e8feaaaf2e9bab98d9f0b9158f7dde484c05f28c2b8d6c,35.14028406946868,48.08794578365546,30.954109289380966
2085,40459.934802116426,8765.358737053273,True,0.6502263253159826,1.6114106053524226,79.1946339668183,100000,0.06363,42020.81704089927,42065.61534954006,d4d8f6539442c0b2dbed92a4daf210b6c235424748c183553b4f1c37360093ff,78.98195306505195,70.26203609263128,48.14322230893008
2086,17597.929658664478,3308.458995353641,True,0.9889312173075756,1.1409840740306856,34.40331172801561,100000,0.33,17866.109576866736,17885.156600399274,0105cf27b976c1638a0f4e50016467fcc6b6482b245f367f2e797d88e3cb86e3,30.11969625406835,34.4201102200703,33.076230855694696
2087,132910.3123501984,21251.950820237278,True,0.5926402010763393,1.4989549668835773,175.4874036031057,100000,0.02026,145576.94058589265,145732.13986983325,dc70c66b9d582f71402de5d5c2ddc4dd6b832838c2f754472cf5d38f0bfdb282,132.42958118583977,116.53460395518738,174.20209547124702
2088,30376.494075606086,4842.442733684746,True,0.9722502489123845,1.3409229548508865,43.18593957128297,100000,0.28782,30822.18257530556,30855.042042237084,9e0a75406a28490c21f22ed8935e903574fab0a961f6dae70267836490798c3e,32.3367374670715,43.14376580217039,41.48844536450159
2089,37920.22325611821,6570.539689304887,True,0.8307372258147688,1.7357641978849219,75.31242963624568,100000,0.0693,39359.403839461585,39401.36482083427,d090efe539fefda74251c90340941057ece740d50036ac614d5774b62e419aeb,74.79759857427916,43.172261910621316,44.532886860104256
2090,30738.711864471446,4777.154675921307,True,0.9933567882827123,1.0970443173776332,40.0300754306368,100000,0.36773,31361.98832311099,31395.42327586595,0df19aa29937304727119e15862f94404d4645d075c575e6f35aaef102f28d4e,36.638855661488606,39.38505956676423,39.89325388375474
2091,12192.41560490558,2606.556725466838,True,0.9828263294030966,1.154448964640332,31.101150778001312,100000,0.30992,12396.362886999847,12409.578624573312,3a177343bb68a57c27ac9414dc81781162d6f4c37ac02499a666a06272d43cee,31.078371614833827,26.894598646406408,29.043433038538822
2092,62840.66899925185,10196.947027058402,True,0.7496199933630442,1.7109290431374529,79.34929564901607,100000,0.09882,65643.14487488555,65713.12689978034,7fedf256fea1693e982d47a666f228d21f3a9aa9d38384388d559fdc10ffb2c0,46.04816302678496,74.23498557788807,79.05870984952017
2093,26211.39198288841,5096.475285947663,True,0.8372868274212729,1.378841870972025,51.42330825705797,100000,0.14992,27105.343429280532,27134.240381464428,ab308dfec6ff2bc93510094e869584c3ea24265c65d40829225a49df97abf3c6,51.297763070883505,40.78963098808138,37.17392962625699
2094,127166.24169319747,23983.738798088663,True,0.509896224473238,1.539988990075405,131.44887930318876,100000,0.0451,136195.4211140669,136340.61877894323,b812ace1f02e8bfc386211dab6e4fa8fdd558c5ee0f006e178861710cd689b07,85.10801462696693,114.37592915931756,131.1921432107997
2095,39637.68909286541,8564.80851247294,True,0.6564052078538236,1.4605841147546057,80.3043959707517,100000,0.05991,41250.81948244021,41294.79689823059,1333971d943ac5e847e3f7a66044164c14ec190385388833aae1f479dd084b33,54.75834422517322,63.247554053135985,79.95149579314585
2096,64083.90724178633,10858.384132620467,True,0.7132113487362999,1.710755790981698,80.99523701752754,100000,0.09553,67489.08207037854,67561.03204520956,0476c0172b742f91c66d681d2d5a644eadbc68117c3c56bddee6eda4ea3fb5fc,54.102287226551596,47.082436361995384,80.73817205629028
2097,47016.19052620316,8765.43440529285,True,0.7186911640412521,3.0930878986056833,74.86918460888502,100000,0.08853,49398.64947377169,49451.31327474944,e28b51bb2446a46de01d3d5cdf998307572b99a53f33c58dd758572bff7e7598,24.146043180746368,75.01541348507425,63.29882478041232
2098,24831.547373239126,4659.972219728599,True,0.8832900109646343,1.6602463785970671,47.188813254229785,100000,0.18365,25658.035441429776,25685.389421475025,f371654b1c1e79d4fd7470197106e5e38a6df3d544f79a06cd56f60c0fd1cf9e,40.31095155677491,28.340937647804022,47.15425113514709
2099,86680.0485872561,15627.272414064899,True,0.6061038449412562,2.3903797016515704,110.6020698355054,100000,0.05147,92588.96587737543,92687.67478791537,d154d2e341f4c0fe6be25ef8b9bee34f4a2b67b8fdcc92138975abe384a0ca52,109.27894937116466,103.82445276306598,45.418135122880884
2100,80885.67556392803,14453.98508230211,True,0.625764517317376,1.6286843941526645,96.16842973207636,100000,0.07257,85816.34214689147,85907.83077687644,2309af105cb433d2103aa58a0bacf36d6fa8c872d98e357c333237ca4575bb19,95.46407111587465,58.83742307338461,85.06304221662907
2101,24498.847612060705,4303.208568459852,True,0.9479574251492605,1.3894302575319102,46.23248659784187,100000,0.19152,25163.508393612505,25190.335159365408,b8dccbf8c224ef81f4b80834f9a53ca8deba6409d1852a0605814c60562002a1,33.669801640957594,33.161876373159046,46.16476322880206
2102,69000.9570410356,11807.119787589338,True,0.6890386205690598,1.4894903138959243,101.30481303201364,100000,0.05287,73082.74482076986,73160.65818822318,add2b59fbb25383f7badefb7809dc1ed7a65fd755426a9a53664525a64102d73,67.91577553366929,72.54077554269922,100.2165777357713
2103,197468.4039174652,31347.772908173956,True,0.5231294581710876,3.148574708135462,254.1465274563236,100000,0.01015,221530.68179053676,221766.85520540873,5cb4dbb59f228129898d924dc083ab000a7fb557249b5a4a858c5d118198f4ba,250.36163044098288,73.92958678325428,249.67910802838043
2104,340173.10865179147,62165.90735996698,True,0.37908083926577096,1.4800261606851697,302.2462242183732,100000,0.01136,417038.63030915946,417483.23435523344,a5b708b65e1fba75bf246fac8789f0a156d8997df7da1e8dc48ccd3595bcc534,301.36073723335835,204.54749353841078,213.476153970643
2105,57321.44889345693,10656.036791998591,True,0.6746831326475585,4.115624328557244,122.05786131161639,100000,0.02525,61048.35304846954,61113.436575027736,4fcd24fc2adc13799dd0ed109d473d9cf42874ccc120ce7b122a7c43967c7b92,122.29625557199064,29.054300483111817,52.670231901436026
2106,42025.15112459336,6007.323506211778,True,0.9730667366445819,1.203929673737218,47.264825510097154,100000,0.30234,42444.85821146017,42490.10858954114,ccfb40cf575413ac8d33f1f1ab30dad227fd271e264f1a6a008506b36dc08930,46.43399849917748,47.218668453934946,39.23349773787362
2107,25968.304585740767,4659.038069918554,True,0.9102281508818411,1.880375307003428,51.3173500781875,100000,0.14701,26415.25733203617,26443.41858481797,80dcdffb7b4a7e351f88f8b06324c6a26c8e7408d539b250630e6a36ed016a0b,27.387628728251435,40.04156514889826,51.367464677873244
2108,53915.172310775444,8767.897859154735,True,0.78715931831061,1.8778397150130726,67.65786361735707,100000,0.13346,54956.7779905465,55015.36730117144,a038b4542d5307a1b4fcf74a7f216cd464473916288a20db5b173f40f396e600,67.7074177166862,51.40411903740605,36.290118742024774
2109,12416.848355780143,4570.2304921266405,True,0.5673968743840159,1.3005713395366065,76.98935495110113,100000,0.02196,13324.155123856583,13338.359978870116,1ed2f6c4746b8f40b3736746f7140844e8459f3c70662248dcefaca6cbe60440,68.73781031644941,58.850993738256264,76.33148692783733
2110,105471.31250723226,17950.024154468687,True,0.6014164749774643,3.7663948841231183,163.37609403117938,100000,0.02067,119845.3821774815,119973.1490986895,5a4bfcbcfeeef62bfdddc362b4eb1b49a29ccc49733c53d09c251a81e7c8f221,134.89696045250213,42.100455871560015,160.6637955951149
2111,13686.764208068082,2915.378348903888,True,0.9491242228063655,1.2051680375582832,34.09294683480556,100000,0.26644,14038.100599376136,14053.06659022703,c892ad3b19118bedbc5b01022407b3e1c1f7f1ca17ba1878ae2db33084f6ea87,28.29980938436008,34.09294683480556,32.286753118215515
2112,142067.89786572612,22219.138992085536,True,0.5925898407056912,2.4146243836012014,181.59609130050256,100000,0.01959,155980.1117082517,156146.40179202927,5fd89fecf8721a17539bc24a37657b225a07de0e8318ba79bdc592e33f9738f7,180.22170682044504,73.75124459921534,79.64779736849434
2113,25718.068251346398,4270.234801511758,True,0.9867139431304955,1.102804983223616,39.19288740069558,100000,0.32651,26135.665790059116,26163.52897085962,9f5afe4d9ece29abb766a8b96f1698c4853fba0c0128f8dbe67fd9d0d79910a5,35.64294569521266,38.88669296787765,36.17878595264404
2114,30204.983055975626,9911.436441856273,True,0.4732238106850089,3.7609212268124375,141.2240086553451,100000,0.0092,34453.13401277042,34489.86442973601,4fcdab8f71116193c947594dcf9ac99a0963db70953ba0c98427f1476b35fa26,117.95100918211318,139.6035183216534,36.37483621371804
2115,85713.00505663655,16997.292551749866,True,0.5530981290910916,1.5589040211517606,157.54118013278026,100000,0.01827,94980.86758535818,95082.12649750446,cc6d4715aacb8b28607a596d8c63307bdb05eebda8e9073c4895cbd79c5812c2,157.0027093022483,103.11716404687107,98.0016911568174
2116,6217.59858251768,1645.897119496589,True,0.9934893728735272,1.1011044334000821,24.07631402929934,100000,0.34348,6373.6286086654745,6380.42352132257,7401fc7b8b9d1e100a53d83c3af324e34db499baf5a55e3c19dcc1569805116b,21.901451678019853,23.07705294898174,24.123338080137813
2117,14325.850239208614,4014.0843851163145,True,0.7106316796507367,2.4093833464243484,73.31066740600573,100000,0.02893,15155.325033676048,15171.482095252199,e16570164dc5f322a0c5b40eae32368a3bd6cb21c6f8c1ff60890be087454f0d,73.4538523032831,29.98828692352603,34.212241393208004
2118,46262.871472576575,6361.222893879349,True,0.9797123170535104,1.2517485519768436,49.37081650439811,100000,0.29435,47096.6775705414,47146.88724389705,f070ba27f5ae9d66cf35f3089b5487798772d736e88d1d85b6767949dcd64e85,49.611884944360995,39.438796777927394,47.29762792071733
2119,28804.714110349945,6610.039230269051,True,0.6874732438032315,1.3801403721526322,71.44252346249596,100000,0.06293,30510.083184091756,30542.60992248922,436f538e0e0f1ae892b29148a7271f76eb579cf823c91924fa456472dd086950,51.4016398056581,71.40763941783653,62.651744208321645
2120,46308.352988483675,8422.338690246725,True,0.7404418876928339,2.927998230974535,96.48012927027133,100000,0.03959,47273.13817894485,47323.535976600644,5a01c76c6757c13c0c6a0b34f464f0f43aa439c67cea15820b7a12ad5bd0f616,32.140414157540334,95.7970424175277,52.668351818439135
2121,44078.021406846754,8071.216634666529,True,0.7476411233847698,1.4739838679677966,62.33257630973651,100000,0.1435,46207.49602655629,46256.75774525398,40919654567ef45830d659cd25217caad0860cc3d4c7fd74810843516de72420,42.214493819142845,62.37823005215087,56.945434704842285
2122,26853.76540573985,4886.338041255279,True,0.8875048662453302,1.1545021563092759,42.881057879232415,100000,0.25897,27149.462198553192,27178.4061856684,5ca2e55378cec83015ad7c648b974a99f8a8339f9d7f5c6fa5e0c0c4f2dd417b,38.97611779403864,37.154510354832965,42.76589878824815
2123,60862.40051122197,10417.380796833524,True,0.7182764649903037,1.5363842773447165,77.51627712099136,100000,0.10321,63916.914175340644,63985.05586915413,89246c4be3496feeffcef30a03b098c612e1f2400b822528f57bf9b77e517b41,68.2052399277473,77.64875122739929,50.47263454142675
2124,91939.98205592566,15865.433278672628,True,0.6209192590725467,1.5311704851223407,100.09171263929107,100000,0.07273,96966.84168218779,97070.21783732952,d644243cc43a2271294097b22788e0f48092f5561b07a26ca0f3d4d9c6b52e7c,99.99396682616677,77.12144655507876,65.04983863422677
2125,17456.76625305871,6415.266309325905,True,0.5072771492026934,2.726862126475822,123.82344012338072,100000,0.00805,20319.816368074735,20341.479283488654,b3df43e028627394b63d8ad22ab93f4c7b32cfe8ef7504dac142ce05717923e0,122.82583916535546,87.84934497034774,43.90955731914319
2126,25137.35107072166,4905.2580850827835,True,0.8459965707005059,1.4894357250820272,49.2227190208758,100000,0.16242,25754.410167589467,25781.866892536684,b4068cd95cafd9c464d51b8a55de819a83ff14ea56dc8ae8902ab6d59f6ca314,42.70936118168764,49.05447730547242,32.710996380572254
2127,80759.0820046485,14438.742330580175,True,0.6257713475810134,1.7947430170216465,122.44919161045866,100000,0.03508,85633.29463931792,85724.58812272272,26b26ca3cabf3fdacfee363eded2dce769aaa50c13906ae82274b93cf07c8539,121.31318836797882,119.3999197490654,67.23345506150427
2128,16637.653313145176,3745.465367200932,True,0.841472096323179,1.1312353097372572,43.10599035114221,100000,0.15796,16821.910143281584,16839.84394789544,bbe393daf59cecd59bcc3a70286588597bca67a1712b30ada425eca8de0db845,40.58024872900497,43.15860996827007,37.92822002576087
2129,33093.55280882181,6435.484138811177,True,0.774578009179845,1.7015533447109794,66.12678786117377,100000,0.08793,33805.289250937094,33841.32900190341,281b451f236b7f3c24b1d0b43c123c729fe32abe54c65ab467bb2249ac845c99,59.20091090989361,65.9492012726794,38.019674173111376
2130,116133.25619639795,21969.463678215983,True,0.5239651533884678,3.493431805934945,246.30790987923876,100000,0.00679,134902.54801180205,135046.3673472609,934fef28e34b026c0d4651b8f9d3d14f8f311f2be903e9f17223ca2a460a4fe1,121.86107894782162,69.9055042076697,245.58630467451445
2131,26192.691215025727,5140.473763061535,True,0.8297254150345078,1.6177031006386589,55.564478089841046,100000,0.11737,26770.9710548772,26799.51153334441,8ec1640c64cabd6aae7bb55b983a5c6f9600f939c9cee5d8cda0858615f2338c,46.448430903226495,34.51075006361221,55.15751169758147
2132,55056.07790804599,9918.727251607776,True,0.7056104808226344,2.0414101526913453,94.26250962472756,100000,0.05209,58007.83455719191,58069.67659309396,2de8073c404ad2b454582d1464ff5d9c7bc50a750d41f574768a1fcc3dc0d851,52.10212934335526,93.68717692438132,46.2107224918098
2133,80426.06763692027,11552.379060569456,True,0.7799688354855846,2.1942557153696005,92.3279281202407,100000,0.08084,84594.25619631722,84684.44196292503,2ee5a1b60a823782b140fb07ab7f927c02a64bade5b03c3b8ef92822c717fe7d,92.14760013563085,65.16602543838279,41.49797745834061
2134,162836.23167328982,23799.664100017253,True,0.6059181928615492,2.3187029517253834,186.4993858915285,100000,0.02099,181033.92126013618,181226.92115995183,7c15dfa14f259832cbc0fc440b8212dce765603832a35039e378e0e7aa13f06c,79.08921711269166,185.04235943925093,87.69477959645603
2135,35755.672477300956,7474.744054572471,True,0.7021842732512592,1.124482509620289,50.84141869789967,100000,0.21077,36827.91053420597,36867.17269565088,e4b867b9af2bf29f23c8bd18d9b0caf6304cdbecb0790878048afb307adacd52,50.82900624216288,45.218576249132944,45.44200045239519
2136,35229.04241889094,6540.490416807372,True,0.7945862335677345,1.6162463174590218,58.36204626995746,100000,0.13749,36339.41614195733,36378.15752051188,bbc2e61af05f1e74898307f88fb6a74a4d79650747d792ede13ee0923318411b,46.02280504198305,58.36204626995745,36.06307107159725
2137,65859.13717133674,14443.483212321573,True,0.5460380092309909,3.3944355290732515,138.25198252818544,100000,0.01978,69495.34131831102,69569.43016209637,217fbb855f036204ca24259465b0365b623470048745adafc8bd19d61eb99a28,136.9693713621525,68.23153874041182,40.45288111817145
2138,10729.534380867606,2731.347221787949,True,0.8613132503658097,1.5031817912819017,38.12763678073753,100000,0.14928,11001.112130156222,11012.840393700435,fd29107a4102eaef98835e5c595e5c7894526a5b3faadacce5a699468e003d40,37.22471178861557,25.29120828448825,38.239338841618604
2139,9236.434272932018,2152.8357865847875,True,0.9888781550102773,1.1097331809836763,28.08692759958257,100000,0.31904,9398.815892515106,9408.835951258867,9c4f5d48d7434f00b0c7ed0a086e8b84bd382bcecc166a99c8c756a5d02e949a,25.364635056361315,28.025213159056143,26.26978018408223
2140,13075.196048260104,3058.5657045406906,True,0.8775363520594212,1.875591342555982,43.35012602605504,100000,0.12441,13475.400599660075,13489.766697171566,9538caad143195b6b44ec3f0293978c6a4a6aa6563efb517edf2e60734c95a86,23.167340300545526,33.98370475333563,43.11728843509478
2141,12591.369364461274,2642.2715197528187,True,0.9905779508466549,1.1141552917545599,30.335682171728124,100000,0.34505,12807.330888615012,12820.984758349494,5f991dfb7b0d9989cfe21f1b81c4bd4ffebb2a027a3d7670e539d1592ed81e00,27.225089761541163,29.528409379560557,30.380119206159367
2142,40686.230282238714,7782.703776047874,True,0.7350528949091092,1.5887626996359758,71.88660051555536,100000,0.08588,42418.09661169126,42463.318459284455,4297db49ddd505630452f7c626ba7d0dc12f6bf85647d20ce2831ec84163b38a,45.332785432538934,71.7812978780814,57.12668082962223
2143,8027.076042108357,1950.7038686823325,True,0.9938733160998229,1.1222704445181246,26.41140200549414,100000,0.3336,8171.762018861425,8180.473917935253,3b63e1b407379f5c6dae5d1e4a6cb15bad32f503f8721884849203357cf6604f,23.587135873070693,26.38560962072315,24.870307015427464
2144,36468.66777243212,6430.793075819416,True,0.8269885971083359,1.270184175970645,52.12502016367918,100000,0.19846,37370.33547876614,37410.175918354886,eb697f611f22e36a171a1c0929b6ea30391944f4c16719f43379ad62cfb17e4a,41.00264037289412,51.92140680366481,49.236255618475276
2145,109446.21068778214,18723.402178163873,True,0.5909714651445528,2.0893767354424044,159.35306204272962,100000,0.02145,115404.79060345876,115527.8234189094,d7a693b28dd3c96d133a87f796d11fe231841ca7f7f428658fe822760e205b68,85.31769166496728,74.61893872020396,157.56345245924194
2146,22745.236054038538,3905.302122679904,True,0.9940840811828966,1.051508460955922,35.55641737531688,100000,0.38775,23175.072131714976,23199.779029563233,aeb2c4f12a70755b9585ce40bb50b6c56a723a055609c68a8f5733fc68d01f03,33.87234877892736,35.6432250349246,35.69530963068921
2147,40980.39104830444,6285.324558513878,True,0.9145493558255812,1.2715983248062876,52.234713226488694,100000,0.22226,42116.692297101916,42161.59281816076,13032a15d7333adabec72382b0e0951b90a608532a05eea193efeca52e1841e9,47.28669839937013,52.183702764353455,41.02516417226907
2148,47452.81998883161,7430.426308875398,True,0.853057706411007,2.0414615604501276,74.12537226209007,100000,0.08996,48715.30328701651,48767.23857399718,bd21e07a1e8df212d4be560fa6e1f33d55145e7f80c6b2ddcf3ab0fbc57c1a41,36.47453315289124,56.84272321172483,73.36529764416824
2149,38180.38738652589,5771.656272583857,True,0.9500443637266167,1.3738739830501674,53.27223732010722,100000,0.19325,38845.22256003386,38886.63537377736,1ccefd8ea55a5b96955ba541bd4d2f22bc961e6a2fb130b0e628aeb3eb9b8a55,53.61039117028368,38.99174010880894,38.61456850668905
2150,4917.804890097053,1410.1263236305767,True,0.9917608663550286,1.1148310413677402,21.764888856250096,100000,0.36417,4992.16382621785,4997.485962045304,cd9d4637d0162a4696c24dfb8d77af31c3bc07c9df94f94257e1ffe02359cb7f,19.51719647680825,21.839280566207982,21.00503067596597
2151,45655.96861251721,9166.435676598969,True,0.6739308490659472,1.1556064073060857,81.22850256185144,100000,0.06646,47358.83167771996,47409.32083304268,bdc060bea791834011df6c3fa6d642ccf275af733733bb511f20f4d85e5024e1,70.08338087245679,80.27660604745475,74.4264087193917
2152,45104.01602374134,8696.414626861344,True,0.7046184788995749,1.4179107901363623,72.3870127641662,100000,0.09279,46794.89105497692,46844.778994334505,188cd80464f1217d91c4509cad91aaf2ffd86fe63b57388cfbdb6a9b8d02cd9d,72.29864971147558,50.77341007603747,53.15921249868456
2153,8687.353486499604,2311.044962100864,True,0.8843022399096206,1.7962467357262897,38.070291615461,100000,0.12222,8966.360405536667,8975.919424354432,0194b881371e8f15a882929322c8a8fb945417f15a4dcd7931fdfe6748902b69,25.08586842532452,21.275121461862852,37.97734656757169
2154,27218.930124189865,4786.689010605794,True,0.9141755726756151,1.5226136344716439,50.389544629988706,100000,0.1615,27473.19250468744,27502.481620031744,697f7a29648fb2401bd2770b8545fe62ccb3902941793abd9a59a574249f7708,33.09274293326895,44.79207324164768,50.20501260619724
2155,39679.310902936726,8141.735869958747,True,0.690997585058739,1.4823852405397155,86.82793940315958,100000,0.04837,42098.815098584295,42143.69656079769,d6fc87628e23c6210b74b0d395b0d43a3a9beff7a9564494797010b3fa7e5fd6,86.48876776486597,69.31820357625288,58.1891341947444
2156,5471.239310115838,1555.0979543442054,True,0.9655694469427903,1.1553666945411907,23.37676555564785,100000,0.32833,5576.723758185402,5582.669092182134,d73b41a280b6438ba8c4b5ba8159d485100d1ac2ec9c535c846fe9157b7b020f,20.306282189207778,22.144006434549233,23.399594428260784
2157,6682.903845667602,2218.059658288722,True,0.7735487876218269,1.6103799325013561,39.19906192028094,100000,0.08581,6871.953711658172,6879.279887706592,75ccbb108dca6b96b9913c5b432164b93abd547b2a6ce441d9bd0a668a2e91d9,38.16549290480478,24.260161613259807,39.33304308895378
2158,23660.142628479745,5570.130572101565,True,0.7155340757288476,1.903729646954217,61.07666375377565,100000,0.08159,24715.99810608853,24742.347782022825,4bb86e7963ee3936c61792346a4590817432fbc5029f14e2989a64004b8f71c4,32.02946136306399,60.95737339488156,43.347134163141064
2159,15051.124663744204,2967.2938834100632,True,0.9935037980856983,1.0472241409185565,31.48039552064607,100000,0.36958,15330.075840417108,15346.41920347731,95dbdb8cfea4d5d3ea976787ca109035da8b3d2dfef0dead16ad383ffeb3c6f5,30.004751980615787,31.388167799394182,30.99619998407363
2160,55336.41558196535,12082.79798842546,True,0.5811977969263983,2.7081466203478652,122.11025403145521,100000,0.02464,59650.26938203166,59713.86241440134,a81c951dee70803b1b5b315b72476b05f62b789f6498f72e1949af3d4ceaf415,116.1180272100874,43.51072162082737,122.46799891631298
2161,4928.484905099594,1426.7343428275094,True,0.9816348381505421,1.1138710571887565,22.44933500334004,100000,0.33174,4990.264720050294,4995.58483124448,0f7a193f8b97455df8be52bd5c10329c336a451afaaa7455c33d0eb636ebc182,20.218651569170262,22.367123083161793,22.361642288483242
2162,16982.711821080888,3408.3387966067326,True,0.9374455672134796,1.2294879987713856,38.23841817419125,100000,0.23335,17346.939419570444,17365.432956841145,4b09604f2ed8502d134bd4ea161af12d992decd48f9016d82f20205ee2dc4d64,38.21041152025508,30.900674842913347,34.30815107181466
2163,8881.840758122058,2260.3135097649465,True,0.9175944230387055,1.7946140348515873,34.43061062695469,100000,0.16827,9131.795375968222,9141.530764675648,b5703f9df7c34870dc3620cfbb9fc265fb7b4323a4b9fdb9b32b8a867dc88414,19.274753458888455,27.109062322248263,34.23727467860998
2164,23726.774569546902,5390.491952431879,True,0.7407668263206647,1.4304333746002877,52.884435047413746,100000,0.12596,24770.316816526887,24796.72440152927,9a5aaef92d692fda1f1a2aa209f98b0215f6f255af4019712894fcb18518a47e,52.445452920555326,51.64495610098999,37.003611046359325
2165,55281.76239087534,7510.790399383099,True,0.9343718272682361,1.3537567786981888,60.1171618210079,100000,0.19762,57087.57610939158,57148.43705961096,64e2c9d7597f10b3c0277aa80a74d8d06bd0100dfd6f5bd806e3bfb048dc574c,44.1925718366833,59.80894395034355,45.05851728283551
2166,115924.52330896509,21403.21730093209,True,0.5371826073668557,2.081646504260101,125.8973149890738,100000,0.04771,126582.63217957618,126717.58166947833,8f157ff8d586cf454d4c833cc50a07e7394e957588809b85cf06e635c8c9edb8,59.582994410722556,97.09707471935648,124.72932232071815
2167,47571.07231980216,9423.575569604356,True,0.6737472946087978,1.7030911425319515,68.20610441823548,100000,0.11869,50072.48765909662,50125.86983761023,a18341824abf0990b9bdaf2fdb7d6ccc1dc0f27e77b41f4110719b0b6f9bc163,40.097729355251715,65.19211396420701,68.00628184669769
2168,31136.933989656492,5372.609958679442,True,0.8908735037137159,2.0372844426923664,55.25339409878809,100000,0.14113,31652.755716509215,31686.500655798216,5db04ce82ea63b30fd25c854994af427676643d3a8b1ca8b36ca102ac82b4863,55.21292530428214,45.94557136241998,26.81732115927508
2169,20691.72136862839,3700.075330780278,True,0.9850795564753677,1.1611406365439925,37.3556093535329,100000,0.3038,21055.741807580733,21078.18929162748,b636750902ab26d6d8c2b52d5f8cba688830e356374893a24b91aa98fb1aeb2d,32.02039659185888,37.48328965894048,33.43399997315713
2170,10052.833881006853,2438.4166529204276,True,0.9237799803670449,1.5806595189006762,37.290225137468425,100000,0.15181,10466.481209227213,10477.639503820525,b1dea404f138ca40e1c939fe189c401ddfe85328b9dd89f388e9a93d7d5477e1,24.18038036257718,23.379223181889387,37.153664254396645
2171,74740.9093777068,10951.940558725226,True,0.7834873067949027,1.6314945783638197,70.26697181484893,100000,0.16586,76508.67418750691,76590.23993137655,b2c6d877675900f4edac16b82487f34d6cfcfd956dc59ccdf940af54b2059a19,69.9067163441185,70.0439565234444,42.75031586001063
2172,21869.464741977205,4260.785436595265,True,0.8876053180968371,1.5295472006459239,51.27659497057249,100000,0.12455,22326.290317709107,22350.092330970372,5b854dd799889b0392ae388fc632e8666a8b293aa3a0254ea72233a45f3f7f9d,38.056847829721775,51.088814471412675,33.75041504899009
2173,17957.45153422097,3813.254176857551,True,0.8696640249728886,1.3100941988668338,42.298415328343,100000,0.18263,18376.36940071304,18395.96041121885,91c64dcf1a4742d0b555c1ad609e5e3b72e6182ed51f6ade195e4eb528fa7175,33.551648291451755,42.38102942078116,32.384724235762604
2174,9896.25274820789,2673.654113553459,True,0.833731264500849,2.161283314864292,37.88907974484404,100000,0.14287,10332.335935412506,10343.351217998857,98192f55883f621fb4648034e0f8675d8b2e4a285db35a889baa18bd3f7d24a2,36.54779152145478,37.9075802720632,17.557000330984863
2175,31273.369943442045,5761.108302780528,True,0.8332229172710995,1.3205521973834067,54.89440640321047,100000,0.14658,32238.460807025374,32272.830165334894,777b66b4ad3243b64fae61b37996825f2f3b0a1d2ce340b407a4ca7fb5ff7f8f,41.613069307121215,54.545955581315084,41.69348103525092
2176,20805.248674851562,3892.180845179624,True,0.9398813980159078,1.3342378197176736,38.83525482213244,100000,0.2739,21329.75226751141,21352.491873559087,81697d4c526bed7f744a4c8bb596bd893a538eb1be1ecc4ccaf0fd581be255fb,38.218972702152314,38.721479661520725,29.107478589830713
2177,6167.5073584315915,1845.4751154223925,True,0.8812836545525213,1.7759938718042718,34.22438310881245,100000,0.11894,6339.428705943784,6346.187158153285,bb7671597a1d989fbbd33bea3a89e2ce2f069ba9ffe73f265d52a5461eb099b1,34.22438310881245,19.267926623271848,22.209084546685418
2178,32519.602795289178,5845.960566714247,True,0.8428010432160215,1.4668943546445898,57.50299684222922,100000,0.13118,33163.04234592793,33198.39739875887,ffce64a1ea6984ba1d02b9b81fe9cb17e744af2bddbce74464dcab49c74193a4,43.436101618617485,57.36260866634487,38.90156353755302
2179,191392.9984756446,41045.42951217426,True,0.39129414614957475,1.081753976110522,185.12656462447126,100000,0.02612,220340.6876042538,220575.59236871407,2942fe9bb4d51a3892e58f55b6f13a3c44041b8eeb4c5ffadf11da53e1f70673,169.53362888339643,180.56167619012763,184.22262632064084
2180,6954.417433244441,1782.3893429730465,True,0.9885274142797943,1.1477841770853798,25.317736541975563,100000,0.32752,7066.88063337407,7074.414620622186,1238f3133bda3765dd8f611df2ed1f67783e66e580de1e9b830df4cb3b617680,22.085027505976242,23.68592930391855,25.40427177429677
2181,10862.829560954791,2469.4194147034486,True,0.9605454294780145,1.3913152181407815,32.610030253338905,100000,0.24175,11146.419644997528,11158.302820591432,240f7ea68dd1a3b3d165914e80c4ea6e5dfc1d03601ea044d1a35bc45f831a45,23.446420677754656,32.57818452066963,27.65005739009912
2182,42822.37596460812,6629.936987523175,True,0.8928021561546097,1.6035457758993976,63.254046905076876,100000,0.13073,43990.1569697432,44037.054787726345,387cfcfda6ba3b1e00dac7e5263ec96af45284fc3ceb5c797550243fc7c6748b,41.75755440217966,39.25580742985973,62.3274739523658
2183,17630.149512691267,3301.9854603892295,True,0.992079094548388,1.1173563077675235,34.056407328335126,100000,0.34002,17857.31909905058,17876.35675107238,d58579f4b79a6c3135e859e7db51e3f89554fc5fd77a24e4e1e829ca644405e9,30.464520617924784,34.04809277576474,33.81528530379369
2184,67772.09118813684,11344.813535835461,True,0.7085774927899718,2.016576989966485,106.05998825801885,100000,0.04501,71396.84792310557,71472.96395926272,e44ca1a00ec54d0f3929331726063bd38788254a354b585b6c3ed0509cb31b42,52.253187574385265,82.80757872293563,104.842991322441
2185,31064.45723854737,4963.724309886507,True,0.9627620997890626,1.3060471652084062,46.241819576066646,100000,0.24074,31649.60559749648,31683.347178449923,649d8439ff97fe3394eaf680fa1bc4bde20a7b8d39b1131fa9c6ba517789256c,37.673083966146095,46.1402140154747,35.426472126390905
2186,19558.576424196595,4010.2790272585007,True,0.8753888844607788,1.653648372089241,45.09882412748247,100000,0.1633,19915.771830762755,19937.003995107054,eac5345988d198fd636ea9e9e1472af5d0c03e4780b8f51c0e11df4c9069e5c1,27.2949182158274,45.09882412748247,44.008789071666854
2187,21837.28938965326,4212.242072210529,True,0.8969535557640663,1.556846272264968,48.376840261886116,100000,0.14884,22405.129573505466,22429.015637138975,9b16cdf4bd75dc509e286f2bdaaa0d9a1e41c2bfeb2fa70602c46b2a5a8856f0,34.33385611359935,48.199678981630186,30.73157674839543
2188,51186.196078242385,8297.79550705741,True,0.8034458910621466,1.3444100025800658,65.91704110723418,100000,0.13816,52612.71815878661,52668.80847193341,6f457e5ed7c09a192f4454cea4e4f6f0888f1024291f45b60f98ff02b85e1728,65.86876202439197,65.78829688632162,48.568757339265815
2189,30114.303601227584,9024.43773155654,True,0.5186955492552625,1.1132370833107856,106.07993653522118,100000,0.02092,33202.954901751546,33238.35250527808,eeda8d54b312c22c4de391f99dceb7c7d668cf28eb4b5ba39fdfc296605dad4e,105.6396633611248,103.49009433465426,94.9436150727834
2190,71550.3532479594,12689.198397598138,True,0.656837276409127,1.1325010565752656,91.58835235023591,100000,0.07429,75886.8277598153,75967.73055445745,a3076e5f27206548cbdf14b657bf9351c143fa084cfef1cd4f5f829fc84b9866,91.49891059989388,80.22925005679843,85.10382545043893
2191,38080.73277080916,6522.75493304559,True,0.8391828382684503,1.3345990237887828,60.19748076527095,100000,0.13578,39380.93796626568,39422.92190512766,012be0d4d5615b85b0a26dc9ddbe6386f2c6998d8dbcf139275d835b345fc30b,44.677817755474535,60.06521091007383,45.80945984993886
2192,98678.18760795827,20037.64801949225,True,0.5153688403374291,2.196390068283059,209.28009738283566,100000,0.00921,112242.85840589808,112362.52029178427,fbc5e49d1c419447ecdd5b4b7966e7941436cafc09df29d5d2cc060da86ea892,206.6232211465301,93.75707487732016,109.34067587872762
2193,52962.93626107686,9914.29931688078,True,0.687918202400739,1.5600950002034943,85.70612909579563,100000,0.06652,55680.50740780588,55739.868284908836,7bcf553ddeb71df9706511af99118c1941e816ece1d0ae6a32ee918a7cd163e3,85.12024735392984,82.27453603629601,54.67532112483252
2194,86594.87176822398,15194.268419531007,True,0.6229680578206617,1.5754452310304905,106.3503016885602,100000,0.05793,92647.77817732595,92746.54978754077,0cf90ed4ba6a7ce1effbbe306c314393f3bed175153e1045834baf438d59418b,87.39626842863613,105.88294196434289,66.9882271378138
2195,6657.677654356466,1726.2069081531574,True,0.9914552501751374,1.0538494887796084,24.182349558631586,100000,0.35794,6730.092283617382,6737.26722148232,944ae43f50a4fad3bf24c3817c01b3898869573dfba3c90a80a125e2efa01b1c,22.918916256496047,23.550632907563816,24.15283008895552
2196,49287.84653863121,8068.148176176461,True,0.8057558881641417,1.2145476909765547,58.41053789092871,100000,0.18983,50298.35319063386,50351.97616393696,6f9f39e169971200623ef81bc6b30cd172e9a5d233fd90184532287b54f0025f,47.914894363652465,56.12887625456431,58.510360587519656
2197,6498.781607174536,1697.5032564783946,True,0.9921137533555641,1.1751981617146023,25.120409829607183,100000,0.31239,6584.041901965869,6591.061135812304,afabe82c68dc2f85a14f1b3e89db9b81290f758d46966cad4c77fc6725781e16,21.35480152018853,22.464858692834742,24.979352840817885
2198,17455.28072060682,3669.99875537459,True,0.8866851450141687,1.6391902425967473,44.44780783358523,100000,0.15357,17929.687704241158,17948.80250828758,ca7e3907757150676109eba07631593d44e5a8b451af9d63382ad1d0fd3284db,44.49121389592271,39.11971368165888,27.063679867422252
2199,6690.502533864002,1740.404891055152,True,0.986596693695494,1.0096730024151923,23.311070822410045,100000,0.40382,6801.266578747822,6808.5173953858375,087b3312f8c642cbb102487ea6496de873d26d8954b8ca047551f91eecdbc1db,23.305379643010042,23.22001195201,23.134644261009967
2200,58935.61576623539,10092.902744114415,True,0.7256378363969428,2.5623869240564043,88.07211707609304,100000,0.06817,61918.995709008785,61985.00742595851,a5971ed21a456057b3f79e99428b2b8b67111f2dc982480debdfd559ff2060bd,61.38815777642715,87.74958735047258,34.553684604805056
2201,48002.32082580434,8104.458385786185,True,0.7881368214142557,1.7030310085111255,78.4944831877003,100000,0.0786,50542.32904686816,50596.21212234149,69380355c9a60778b4eebcc45ade69f5247ca418f35cf845fbfb6cc3f5ade778,58.44926116271628,78.4178284189623,45.62875109128769
2202,21052.07571211083,4208.22793374314,True,0.8761560923142762,1.7386724356777172,50.47033469041891,100000,0.12657,21634.887235903294,21657.952145727853,876dd1efa70705ef871dcdbc03260bfbd2a1b859c722a77d780616c8ef73a9e1,28.981012498013982,33.601709643743256,50.32247238175557
2203,12787.877020150496,4006.9462265320617,True,0.659988311686704,1.1322001915861073,55.776918165282666,100000,0.05823,13434.627690272942,13448.950319867625,634b9e934ec9d9693d5f292b3385505bd50e98dcdff22e0bb9e952a0669e8170,53.93856759098747,55.80415298860556,49.4175869193874
2204,9807.107007664685,2316.209866242026,True,0.9566068651167814,1.252909502420137,30.346671601461114,100000,0.26922,10003.588448994595,10014.253254546022,e147dc32fcb01f1627a7ecaa83b4c1f3574ea4003a3d13f7d91d4fd92cb87915,24.204730498528676,30.302218469232407,28.56113745694155
2205,98030.01519672033,18287.402135941196,True,0.5622180995146254,1.4346255854100276,114.19791827830389,100000,0.05247,103896.50235761794,104007.26621008622,0d504ce0dede48b359113e9017a4347e50c9653150284c13a0c887fd66e5aaf6,93.12037281482787,113.026943530333,79.34747935059883
2206,127780.69859349837,19509.561345698014,True,0.6288496040270961,1.7212027760220066,121.14406427314611,100000,0.05713,135047.31218757736,135191.28585583332,189022ac474c90c40261d3ff4bcf1a67407775e1ac289094f3631e869fd5efbf,69.77022646981243,121.23279283584618,105.37995630010244
2207,60158.78800440548,11560.265592950778,True,0.6422671325305306,1.788238185691534,77.08782283120209,100000,0.10313,62814.174974154026,62881.14103992018,f739993969ad3deecf4d15562bd5fad06310392fbd2c10f9f78f31513b9cbf1a,74.52826621375984,76.76787825402181,42.72201118819061
2208,10328.166769551177,2426.7157066323243,True,0.9451064302934162,1.3045642446401142,32.479690315554734,100000,0.23186,10562.744437884296,10574.005358512308,13d03eb4e66bfa685d1c67f8a49210b1c1d443951183826e5263a9f63b150622,24.986207076248284,27.28579452534762,32.55898643448919
2209,27638.222183775142,4550.240171141652,True,0.9715307255801002,1.113030781761648,40.29506176088698,100000,0.32294,28092.644268585515,28122.59378021103,ba9c09b888e4464325955b47cd9ece8dac4d971196a8b5bfd7fedad2a854bfc3,40.41311369963958,36.58626335174284,36.192756889234175
2210,21439.599531249416,5380.92311904939,True,0.6935936633001405,2.073158481742395,79.32237315748209,100000,0.03502,23239.0590815721,23263.83419577905,39979874155cd8c411fd07a1a2946f19c8a1075478702dd69a9b57c7e24ee6ec,56.66437105927554,38.121604384888556,78.87695944102161
2211,66222.25694461633,11919.666435295183,True,0.6640834764816019,1.948697075893227,107.33438054584181,100000,0.0421,69217.1893248596,69290.98163136344,921819a468b52fe2b61564a048685aa57735cbb58bfe2f592f00d81fd129e52c,66.32405204138809,106.39101196682563,54.479535438184854
2212,13967.706152506833,2964.678828956141,True,0.9460698429218094,1.3062109755326872,36.48462298050549,100000,0.22219,14347.274213406774,14362.569813626556,bc2b0dabcf38a21ce3301672a5858bdb844998803855ccff6303761a8ad0d9ca,27.88009519750542,36.48462298050549,29.03805442296091
2213,20531.623725284968,3925.769588479955,True,0.9236515906078974,1.5340230193889384,45.199044840412114,100000,0.17103,20997.8761174563,21020.261911007045,7935cddd27d986b84e76967b728eccf6b48a6debeb686c3c6d548533294080c9,45.13283530207167,34.793112397905126,29.48531440761259
2214,45878.61278378201,10570.83173413428,True,0.5862935952053544,2.1040096086459164,113.34895729283556,100000,0.02526,48910.402405130386,48962.54568688901,32509f00502bb598390e9bef71224f3891e3eba7ae8ba4353c685e547b956720,53.74113160710124,105.29608947735335,113.23826495172929
2215,17200.608313912657,3287.747870157,True,0.9801250528929117,1.0528641807176935,33.965209686729565,100000,0.33789,17603.277719592254,17622.044538609698,618c1ca07d78b467f0e49f580182136be50fd2a9fe8ed88c91b30b44fc91e45f,32.12432185702889,33.998378836814254,32.38967505770646
2216,31814.088937517237,5114.189536027654,True,0.9494096297643404,1.2793938340250106,45.36413784338926,100000,0.26361,32720.141038077472,32755.023914713776,3643418b2577c69284b3775852c61830d4294c7f5b98a36045d681af6c202796,44.865752539934064,45.39736353028627,35.352130858422484
2217,17358.597598019536,4298.838876531638,True,0.7541817988902405,1.789347384540471,61.36483292796726,100000,0.05896,18114.712466927922,18134.024525502184,28deb7c32b8ed57cdfc7261e0d62c5e4a57bff2429d6b1a3b2edaaa36e82e888,34.23306719736455,42.128396043321274,61.020255008694
2218,221628.02002365104,36545.74214316252,True,0.484615294709381,1.2803901003606233,137.19770245625503,100000,0.0689,236578.37230113582,236830.588028635,8f6ed879f8a48c2f5d595f24c8161002dff75c65bfe04c4f440d076fa111b558,137.29818905473377,106.68327205155573,129.92917183296225
2219,5595.818102689463,1537.3080835290205,True,0.9915142028831482,1.1088079549030811,23.119656629606794,100000,0.34988,5748.817985785107,5754.946789092202,4ed4c956329c1a794f4a0775b20533e141aa75fe33c68233d6086984e70d4319,20.844944319613745,23.02934547089739,22.368945122834894
2220,30875.849458637123,5330.667815216862,True,0.8928567393071899,1.5664818469479542,52.47667355363606,100000,0.16478,31660.567370083118,31694.320637360313,c3419fffac186f1361a21cfa9f0f694cdca4ebce015a9b79fa8f9704c1eb9644,33.55381055590158,44.30281668663904,52.425426802118835
2221,91912.61389773991,15843.174195308171,True,0.6216682277135579,2.3109332811632126,132.3757472079736,100000,0.0316,97460.28069713841,97564.18290662278,cb8c5a410c9ec129c51c26563f8b7c0ff00dc516b5f49498e431bf52e5bf50fd,131.11533359930394,55.84601835336386,117.21846560627935
2222,28205.268965102518,4585.733679870468,True,0.9771520009808943,1.0174209458094563,39.02855366757244,100000,0.36594,28924.946040060342,28955.782866932586,c263051aeaf6caec4b01e4f269cea994b971410b6604960446f65d007b1f851a,38.43778942748711,38.97138293466095,38.4759032494281
2223,17433.316276513,3270.4527796552084,True,0.9941751748498631,1.1304951634357772,33.43123097884707,100000,0.35601,17686.202904327663,17705.058129717978,62566073052ded007297b8328634b44f1433e7f6b4daa9230e5a5fd3643120c1,29.66858510940164,33.36593560584151,32.925191838053976
2224,52365.888705140685,8709.95598540768,True,0.7771421831604467,1.6327666771505884,72.21674748691251,100000,0.10863,54397.48927373208,54455.48232777948,f1f09743f4cb13212fc6751b41adf0d7a759077c4f73a5eca3c586ea6493de85,44.32443925344191,44.39496342090959,71.52913685410255
2225,43246.3619807547,14618.101803916754,True,0.40759251039755456,2.4331969666090827,210.2707707002108,100000,0.00453,55995.12560716777,56054.82189810111,aa978dc0a2b44b539fe4e8b05697a7b8d99cab526eaa508e811f78affa0b9920,210.0654281506989,83.24073600839642,168.74024006142403
2226,195471.7616564216,34443.350417813985,True,0.4728986625256536,2.207844166483912,212.11320233825165,100000,0.01756,222814.22575468133,223051.76755319518,1da110f5ab4cfeb1975a5ea2c231f7a66acfd7925e610a376c921b213fd18d4d,105.77178119528295,207.55608275676582,95.31112033778129
2227,35366.40173554236,6336.935805618274,True,0.8222402532002329,1.3599485549355002,57.45913223331041,100000,0.14167,35733.074438017764,35771.169396899706,6d8165e16ae169154fa559db690e23a7008c48d75acb0069ee3266dcda874f77,48.41100227957867,57.37496358257803,42.12640969156034
2228,35745.14828365574,6043.913134462014,True,0.8682483752818393,1.6843245311471096,61.23417275630223,100000,0.12188,37207.399084270415,37247.06581769628,19ef8e9eab21b3a52c32c7827273c9bf29d5f33e42edd09453497bb344b52c3b,61.03982601659716,39.198242423589946,36.41758907088678
2229,9160.039754763893,2341.5129810004387,True,0.9041749282667593,1.8564765684674593,32.46981276142009,100000,0.20776,9456.198736867775,9466.27997134664,7b5dbd682b51d5e6d04372bb32cd5b3f81650331200222811b80d842357de3f6,32.46981276142009,28.149488553662778,17.590457645896286
2230,47644.47161573533,8923.03623886363,True,0.7122729929815225,1.317770852708983,67.91680358216831,100000,0.11869,49438.02878784103,49490.73457102641,9f193d9bf4ef87bc654c5a4c2cbf5e7f8ae9a52dd2fb8fef3c013864dfb53d48,60.455240688619554,51.567690219859244,67.68466606992457
2231,35831.438705189605,6826.624883055713,True,0.7699353313212908,2.128170529154261,75.64375594292387,100000,0.06422,36957.6933034855,36997.09382608005,7282bc9c1458383a682d2f8741d1e340d67f09e331ca52423ebb9143b17f9f4f,45.55985007597489,35.57805073829171,75.68069137063038
2232,59435.631134722826,13841.554812753227,True,0.5321047879467347,1.5266154740201177,145.15388999081256,100000,0.01576,64085.171640082335,64153.49271284103,e5af0626d8217f1861302a0ad98bac7815f3b105509591ae6a592ee6181e5f70,142.63779472974136,98.02140129750673,94.61935700084706
2233,19725.210717006223,4600.1497710460735,True,0.7674673709548382,1.666247598165705,54.15962204921442,100000,0.09698,20484.452290005887,20506.29072344548,acd4edb996927a3cb46509058bb824e2d5a9a7019e1a3faaace8e5ab64914a6a,50.179630292179866,54.14639948523755,32.40850430728138
2234,15560.27412130154,3049.9794802774272,True,0.9882466921923224,1.1379639353042708,32.48003891811942,100000,0.34866,15884.262309183836,15901.19648932521,a213a349f255cb613246dfe68239e9c2df4f4db9ecde1e13ecac2017588f803e,28.68171405440379,32.48003891811942,30.6482789107743
2235,84932.83054134717,19700.296984957942,True,0.47430941983882074,1.3233071289071903,144.50631900717647,100000,0.02343,94004.38349473577,94104.60137915447,cf1b39cb838e2111e0d2099be7de77639b92c26bb436e99a15fdd8ae15fe483a,142.84816544435,107.95638089891601,126.51358885735713
2236,6212.2709871775105,1710.6511547737086,True,0.9553362653334037,1.2991248588120614,26.46959794863504,100000,0.25724,6343.0164378308755,6349.778714914135,749bbd1cd686af0ebf707750e9bb5d168a59d23d39ce44bb54583edb837dbe06,20.356258188037202,26.495447165381755,24.020384661883895
2237,21966.338065046973,4111.027626245432,True,0.9226539343839434,1.2786628324764187,43.17428995019887,100000,0.21191,22674.74254257924,22698.916040057502,1b647c57626915cf89c3ea93b236e4da439cc66b359aaf53db70150e6331be69,33.57180505160728,37.398042173658595,42.99509978194853
2238,5288.335443121607,1477.790585607153,True,0.9933079063101848,1.0526252220671748,22.23907737005021,100000,0.36794,5380.747380428059,5386.483784402116,93e38c130591569a32030a60150697f9d6e63a19c37896908d749281e3098cd8,21.10974922235235,22.30423091703278,21.538676739987594
2239,9189.712820510127,2167.315070911014,True,0.9789564378510173,1.1200670536561128,27.982743997545157,100000,0.32172,9372.690141062802,9382.682347195427,940dae2ffcff85dd784dba95140395596d852546a2eb0b2ef187c504455a12f2,28.023734345197813,27.55917707180107,24.94262654663998
2240,70983.31263440532,13826.888003009755,True,0.5996030796113314,3.4099103270612394,144.01140543331246,100000,0.02032,80691.84981513664,80777.87523414019,154f897e22447b8e269b43bdd49c695d7896d24e2524a953ea2200e37fe82eab,88.91719832540215,143.16758860460163,40.80205957162087
2241,74946.19637241897,13297.124778987212,True,0.6464864768578339,1.5775276453397997,109.10555726787462,100000,0.04524,78122.92825287007,78206.21494975618,e8ad736d5c3bbafe3ac6b569f70b9a820fe3049a099e8af9d45227c8f79473f7,68.77698946915339,109.37192825729814,86.49066026581761
2242,33761.72990118261,5236.197717472967,True,0.9647568737516549,1.207404477292722,46.095302326384186,100000,0.26404,34383.89159588056,34420.54819364459,62651a2c8d2545212d2bcc3f506243a92229c76c49227f45abd73bb2ebc8330e,38.02637367208304,46.050287382706074,40.41216568702285
2243,139864.35288409764,25203.770198293518,True,0.5169993219586814,1.5222731422515852,204.29022210484257,100000,0.01339,151788.41304514837,151950.23436740093,1a35d652c38057b03a04119d79201fb246392d077a26a8e5634cff3dd0e6411a,133.31732511871195,165.43717449261788,204.24034656233647
2244,145142.45084051293,24641.948110059075,True,0.542007613728039,1.9378620406209488,139.93349766173512,100000,0.04213,153487.08189974196,153650.71416944833,484f8de829b14a9557ee42292cd72e8bca8cf5a3ce17f14853f8b13d9b892039,138.90859411440795,101.36296083065628,72.15320973183216
2245,111808.68404004695,19166.881604744085,True,0.5855756667940037,1.7446762007967695,123.00263699723146,100000,0.04833,119584.62976970621,119712.11870329604,12154692b3f48c4c3521722d4aad5bad0c53261d47549640b43c720a625d0cbc,70.02982164979096,77.56733675875216,122.37200824309525
2246,49270.52276676296,9165.514796833659,True,0.7091183248189024,1.8021015167957015,89.04986645089576,100000,0.05387,50578.05153725799,50631.97269640657,9d8627cebc2168b63fed1ec9bedc2c1120ba5d484448b9f19f2aa54e96614a1c,48.525220194921715,88.94116300063833,60.830450764064054
2247,11196.826597760402,2443.2657602293216,True,0.9906267488521238,1.1713642278284941,30.97306667472179,100000,0.28779,11369.559088741415,11381.680152848077,117b323bde058bfc5ae260843a79eb02d238ad8bb6f0a55a4fa8150394335c07,26.46624349646637,30.93525775544112,26.48136706417864
2248,108030.26720507449,17669.83037662765,True,0.6207957154313614,1.143056898397626,136.43641570489697,100000,0.03403,114912.73349288655,115035.24172723998,342a7ec98e956e4311b10f59138de7cb2b7a268740a645428a400019d2ade51e,135.9034609560497,118.68236063392283,118.74897997752875
2249,81130.93910117993,15685.908100475106,True,0.5777839322127611,1.34416381622677,121.19569546374223,100000,0.03732,88332.09323776078,88426.26390493034,d5e2638b44a9d7f62a3a92a2e64e6d9b04a07a59ba09f9a3cb395cda5a7e7c75,89.97951901983402,111.96399209834,120.60391960698567
2250,30176.25245521578,5067.903083530879,True,0.9249097544885876,1.551134644855712,53.432217511204584,100000,0.15262,30955.394706130894,30988.396190247502,b334ca12d429d4292fe939869ed048858e0e7f45986d087cc0d356d1a932cb57,34.42568896779026,34.62136359246507,53.22349791155143
2251,24656.71375686899,6933.253127611442,True,0.5908862225845063,1.6403638772218496,71.07696589815981,100000,0.05429,25919.211465960932,25946.843885241306,8435ceff8bd6193e688b040cbca3691084aa337a769e78c0fd6ce7d6688da9a0,70.67785207597777,56.34446002717894,43.39928996857854
2252,46913.276924378006,8158.6662437155355,True,0.7710137746109117,1.716351857672291,62.194838329110055,100000,0.15394,49241.334414381134,49293.83050209005,f277c81b113142709d97991da64a00c86502a7a4c8560d0388edcbd3bc1a2261,53.387952042273184,62.012626888692736,35.941206622315306
2253,51516.01123348193,10293.83952551887,True,0.6504314770435659,1.416050207133173,75.62567874742363,100000,0.09365,53855.608827401324,53913.02418379337,49041eb4ca82c582541db33ca685e8e797ad0627dc46b07a8ae80ca4be36a1d3,52.98967236452779,63.86455634456503,75.29333933886562
2254,17483.5641825983,4554.4666726487885,True,0.7152643464890106,1.0703571115714814,48.41263440095956,100000,0.11967,18054.137247820872,18073.38472727573,e9aa3881025087a153a70096f668727f1bc4b33e893c90aa505fa1d9994f0c55,45.04407951710374,46.426959943107704,48.294439492754094
2255,123460.35749614796,23728.64094021584,True,0.505315880070052,1.817768543951938,173.08402064845149,100000,0.01992,137333.20672205862,137479.617377886,68900bd37c52f03984cdb50fbb0929e870b329d1246dfd2914457171d5e7bf23,94.40178274625015,158.7166947157187,168.56253866373854
2256,91441.68546372252,20714.02934189384,True,0.4738588749767664,1.3349673629074743,127.40701753237872,100000,0.03605,99128.97578430024,99234.65698626517,169226e59918d8cde795110d9517ce8981b1000bd84f677505116a95c8ac2f62,126.84712341236337,122.49239136779966,94.52879059592259
2257,35957.509781176894,5375.392804654847,True,0.9800923296495402,1.1655378924147457,43.512556498478276,100000,0.33219,36386.95023925127,36425.742293811476,72e9197969fb759f949d919528ba1d8be1bad218c87f565d9835ae44eee5004b,41.345427219745474,37.39360324087977,43.512556498478276
2258,47337.22414707019,6794.251100095664,True,0.9314174911924681,1.3132103458731135,54.1471468060365,100000,0.22825,48178.44950164826,48229.81244988672,c57807312a764306d7cd0a58829cc3d05d0b61aea61d71f6afad160de1eb6a83,41.24489698116062,53.85631740424627,49.00475420165462
2259,16731.391980367804,3695.3738993921706,True,0.8560788875957754,1.6889664310529804,41.42930420036322,100000,0.1815,17159.903819715946,17178.19795870933,9096f74293d9feaf545d655769ec57b564dc1c319f9cfa42c4b58ed9bbd88e39,24.628993097628033,41.0752940326355,41.611366572337474
2260,70658.90817788728,11327.811394357968,True,0.7296524805953944,1.4102093659656119,80.91516754649255,100000,0.10492,73903.22604375999,73982.01412459707,6e5d2302c35a0d2bd4a7dc046f54e26de966939874c88822741113e3d0550f4c,62.622334258393906,57.288570772663185,80.2632631204588
2261,12577.346974946553,2667.0988117461116,True,0.9806282041719617,1.0825712418400264,29.540844631295247,100000,0.37423,12826.927106396111,12840.601867619003,e3a9a7d10f0ee3b2563ba19dfef74f947cdc6a304ac22d664b29af3a996b12ad,27.348360068816305,29.62739007455099,28.336420545986094
2262,39312.385346698844,7301.587132323409,True,0.7657490201969963,2.1832976360245135,74.44624110170771,100000,0.07366,40408.742870178496,40451.82254978403,b4f2d21bc26895f5a4f8333e8fc63e0de2edcce133ff9a917d543bfdc0752e10,67.95764049787235,34.16057376725089,74.02820800958386
2263,45038.15676426783,9643.367414036009,True,0.6348081339909599,1.0791539611755099,61.056313172426684,100000,0.15674,47433.68584814443,47484.25480534786,5a40019a4ee34da8e05bd9be8899fe5d564ac3b4860cc214c1a14cd44c990d08,59.35699195620192,60.78799929618067,56.68875952019987
2264,25815.49667164136,5006.646429276752,True,0.8437054580930862,1.5319530200304343,55.928731737053,100000,0.11384,26479.824493412434,26508.054581115295,1eab009e5f233bfee5aac7056a7ad8fb282dab195ea22e93908af0fd85920d9a,55.64198775109643,45.97461908170348,36.71688467796277
2265,86258.06149583352,15507.561665100788,True,0.6087987288211143,1.5642627023504756,91.08915863206175,100000,0.09074,91183.0570367157,91280.26711066464,7b60f61cf1e33809e2ce4ef8a841e99fbdb5b78261306ba83bd42c0796129c6b,58.28727655630709,58.99891060812007,90.75558017027441
2266,86026.86758941578,12674.955359760754,True,0.7435218900722543,1.5890058919404526,95.56958387198827,100000,0.07675,89074.37234484244,89169.33435427709,f510762b92abcaa61b74967684a16f9d05cfa02836c48e2a79541065bbfc6a64,95.66291354373826,67.73400927255419,60.05764377111763
2267,76283.89603762272,11186.910039857237,True,0.777551605656618,2.002549459874043,108.40719931734247,100000,0.04668,79071.599299618,79155.89737280151,baa058ea2cd53ae12caef26629fc0f3957478da63d54f66a6cd44e896e54b56e,107.74553428244658,62.56704569975527,54.005100148202466
2268,12345.212758808315,2857.76526251635,True,0.9039060453066619,1.534072982185909,36.24643747419479,100000,0.199,12599.820599896671,12613.253243329169,b70620cdbab812f2149d1ff0585922de77022a180fbbc11418041f77d9342556,34.936751745146736,36.08715137201328,23.64513694605676
2269,9190.223737751992,2137.242395720948,True,0.9927679166891267,1.0386293364067822,26.497794507982206,100000,0.37837,9359.683861436866,9369.66220160091,88606d16ca37fe39926819fd716716453de56bbc9c26cb9addf888f258db2ac7,25.579169796035554,25.46272441001415,26.510732884206803
2270,76220.7864370287,18574.468469896736,True,0.4680404052356261,1.3288263589509317,112.08143818496961,100000,0.04483,83923.797178049,84013.26816964419,a371f846064c96a43e2f429f81a2bb9926bab218d0c71e1d9447a1918e21a1c8,111.78043822890648,84.0884422710966,97.33244033787523
2271,78714.3986306807,16119.968784055389,True,0.5510056463486158,1.9033488378978443,103.12024997373177,100000,0.05777,84226.6525137867,84316.44637884697,f4ff0b227f60e3bf210169075cb2c86ebc8546be4b2939d8e77f9e67cee41589,80.03400260412434,101.76075449067964,53.77559910739528
2272,66176.74035572427,12141.044391379899,True,0.6516758970498223,1.3001586959761524,106.07426695134387,100000,0.04462,70806.80285051207,70882.28984080256,f3e9c1afb28324bcafe3ceec60b173b7292f84ac651f5b260e9195a457ed77dd,103.58815131967175,105.63401730823526,81.78284546688086
2273,43442.951558768444,7674.166139166729,True,0.7787519433115039,1.0873439139067256,65.4797047492477,100000,0.11981,44722.750702405,44770.429537095,92b10cd389c3127ada64e37a15c7cf123333a07045ad4fb8f49d6c652d54effa,65.20793839652865,60.22022651133206,65.23991090861324
2274,8910.688532211594,3027.3977800669245,True,0.6865763064564419,3.2974822227826324,54.26301700364755,100000,0.04471,9497.991610169604,9508.117399946746,bf325ed36a49ba2561d7474ccdb565f2c62a8b7dbc5b65370902f52146e172a9,37.001124631637595,53.89207841084918,16.526639089856033
2275,13530.37556281908,3457.209545730616,True,0.7942642013058706,1.7716166916686025,46.230175971017616,100000,0.10577,13894.868647500614,13909.681939055326,14ca069fb924b5eade0213acf795ff7ac8e888110cee89328e4d34339ae4cece,46.38818926779355,40.91415720091281,26.106053960196228
2276,13231.19149053905,3540.0019513915995,True,0.764210956088792,1.4519607123327656,51.3300384540742,100000,0.07746,13928.603097333784,13943.452353117706,7e228c6299b9e53f5e011db4c27a8e056929c8527e6b4b0811d732103e10b76d,35.08889347446478,43.17187072126114,50.929022528651736
2277,28564.346972266594,5714.544584232666,True,0.7907733639749215,1.4186258679321364,54.42801116390223,100000,0.13775,29530.738286954413,29562.220947724232,f956144cbd68c21aed7eb2e93acf7c366dd46c8dd8dd8a153f233c39b7b8d1b7,48.95331863472065,54.30841836593467,38.1501025516512
2278,13877.44233254577,3048.1610326694254,True,0.9161906145325995,1.163280729144274,35.605567811579405,100000,0.23669,14205.252546953438,14220.396738159887,960c2bb7418cbfc0790187af9973685a9c3f8f59ceddbb619abb02e0f46aa4dd,30.737619087340036,35.475176327894424,30.954938226815003
2279,26303.36537903782,7598.495058196161,True,0.5628993549428807,1.3938160454274908,76.00195963077627,100000,0.04841,28256.915638492424,28287.040279495428,5638fcd01ce7595f0fd740155705a14f40ba6cae729e0d4171c7a0622b6dcd30,64.81319457771033,53.90275701352663,75.51952531671373
2280,34869.79185530348,5500.418152977315,True,0.9383999755324471,1.521587979465476,53.123107412551875,100000,0.18164,36205.72161008618,36244.32045716887,8627d996ff5832b56bd618c2330a56585da61cd1044e171441b181770309eeb1,35.017673343234875,40.03687318909854,53.0712293779693
2281,15202.121324982101,3562.9524395869325,True,0.8329333069579531,1.927730476691401,50.17084742070401,100000,0.09413,15805.115364949526,15821.965166692627,135814d19325e52a94cb3a8e9ab60498188962cbb40c4efd198e8d37d6afeb4e,26.06532307403763,50.02386251615116,26.60426772406472
2282,6445.557811331116,2043.8054362130742,True,0.8195049475562566,1.4592872776642278,35.16686565440472,100000,0.11572,6691.518971387605,6698.652786321859,2103868814be4d16222c4e1149f35d0eefa8cbb133da5cf4b2b92ff973e3b908,24.21156277964387,26.43524886472464,35.123937351603935
2283,46641.8159572465,9804.32953247392,True,0.6391211534252992,1.2548568844189918,84.49188518709497,100000,0.06083,48784.079947843165,48836.0885574838,9caebfe5b9a88d372cc0845010f639225395b755527484db3b0ef104c349e54b,84.53314099040898,67.08193618858223,72.56895802934574
2284,13859.837669803406,2956.549233258055,True,0.9437807282551341,1.253565997472061,34.386240934645116,100000,0.26216,14172.153105761658,14187.262009720336,753bc12fd8a24a2b67a03f5a308274f51d3143dae441210303ada841d8ae5328,27.49388160668036,34.33587046452601,33.487967550854336
2285,10632.727379005577,2359.112972675667,True,0.9912088513480584,1.0962835673589861,28.06807831213031,100000,0.36703,10790.83132669745,10802.335410299478,6a2b93f6bfd82e22667ca001c26bd12d9426f13f3c722ad073b29c906c0a55d5,25.669682948544956,27.869354124861808,28.033815521221953
2286,26534.612831348848,4701.222276999521,True,0.9151279977880663,1.5463514366409854,51.244804027078615,100000,0.15218,27228.41688082504,27257.445041368424,d57c032a7dd84a2213378084b9547f32857f4c8512a0399ef2fcfeb68ce000a9,33.229052611308795,51.03211807286466,33.94217610484968
2287,104637.05769562411,17597.509265750974,True,0.6102249138011697,1.8726095226913042,165.3290478784209,100000,0.01921,115422.41596509879,115545.46757091212,2c9638829bdbea6785f89a29e37f5d967d248334444060881a6be8c05f2e4872,119.87970512668703,87.3466942404548,165.16759373010214
2288,32549.613862015784,6133.68633497361,True,0.8037601220167144,1.5793678998497078,62.16337664060373,100000,0.10679,34107.48356349719,34143.845483213096,784afc3ae609466c2e0225078d912c5772b8b10b14d023b003cc75b6bdf1b9cd,47.68489487421312,62.10267021810314,39.049406273504246
2289,68997.0503848133,15106.228605285141,True,0.538536431869544,2.591570390371134,180.97751829407818,100000,0.00977,76998.76348473487,77080.85171181979,4d9254ac04aaf8087db58413d70f8149d777ac498c07340df1f62db7f8bef8a5,86.02617873988532,180.88915036522366,68.28631702233834
2290,54780.0502098777,12471.156674767943,True,0.5593182710707997,2.1079324057124627,139.52463340164758,100000,0.01694,61176.04235879578,61241.26201467119,2c391d9081f7e092ec5842c31a370e9edeb801a671988d109d5e1133f45f3695,102.80403896635067,66.10047634665457,139.252124352035
2291,19562.63236071632,3567.554367676504,True,0.9841585121588875,1.1255978752910873,35.549216450698495,100000,0.33307,19894.861357641243,19916.07122937215,b4c9879fa38eeab29da634c43b8e2393a25e3f22b5ec14374c87e6c90c642f16,31.73045296478362,35.523179426930895,35.141303078339405
2292,37947.14394125113,8491.606005405149,True,0.6431027283700882,1.244136704396082,81.47023651632576,100000,0.0558,40118.661214452266,40161.431638587295,c8218cdaf1117f31d528c41ed4813589bddb1ca9accb1f1404311c5bd8c26fa9,65.14038686302902,70.19249625637539,80.83375029354195
2293,51630.402003254305,8752.999840224682,True,0.7660625085968242,1.7533886827841367,88.21580640063513,100000,0.05958,54381.98126050651,54439.957781492165,303e5824a6410d481a8703eb4dd35b94c66c73742eed22e88b4690233402709a,87.00973092250145,49.85829878356209,60.17455153402699
2294,15522.991025287716,3406.0384870661283,True,0.883523647159695,1.455781325439448,41.34910520123488,100000,0.17095,16068.774427756633,16085.905315896987,427a88b75d500f6adb1e907599dd9d09ac73356e19c34e95dfe46fb234e943d7,41.551005128975284,29.285584518745694,28.417414829461954
2295,48370.63047272671,7300.517873638866,True,0.8793969492442933,1.345772003619013,63.54420298965094,100000,0.14612,49848.578211260996,49901.72168036198,47d53e2b2c900176d559e8cdbfbef5bc5623038f0d317bac8cc2252b4609e9b6,63.54420298965094,51.70723353625649,46.82041128485511
2296,30266.883783624235,5003.610966682726,True,0.9386688261841674,1.3598650217920507,48.13560328512605,100000,0.20972,31099.571721153367,31132.72691209609,017c5a4e68da1055989d2c3f9f5b07e4b6103b8492ad0e0a9fef0b76dba146ec,41.14324880401033,48.029836578689014,35.267320668618964
2297,41693.31025613742,7991.826863728778,True,0.7275826083709266,2.07269062832626,85.83917024262084,100000,0.05157,43367.95720846149,43414.19170052895,254d5a6f598eb02ad4f8f429e8114ff88c2702765abf9be8aad05aa33e60ef3f,40.85533749706771,50.485000272088286,85.5038609838606
2298,43001.9814808087,6400.841117379252,True,0.927340845698429,1.1790087328056553,51.208609175807325,100000,0.24324,43428.94087104016,43475.24037766778,c6342b9671606ed134ab31239c59d07bb74008df13d7365054c4625569722467,51.40864280540031,46.857877732159636,43.29477870503436
2299,16774.78106376297,3189.418180335595,True,0.9935976739649475,1.0489001092275603,32.60000875696258,100000,0.36608,16863.373323515167,16881.35133194219,0e1e4e674dfe328493e34070311571314068a6f4b568a66b068020fcab2edb6e,30.9763755083248,32.552254837884995,32.369198148087605
2300,26039.64678493275,6241.530157904277,True,0.6806906374787016,1.6174546211261072,83.28729751068694,100000,0.03606,27699.844768208077,27729.37551707525,41ca1ef4494a13b20f71fecadf4acdd9931b2e720ca5b47fb8518a807069db5f,63.25849183489919,83.0432917562611,51.30220986803299
2301,7267.860303808468,2215.7111323679637,True,0.8189210454067017,2.9924711424715396,40.819836747423594,100000,0.08341,7543.053939091043,7551.0955737439,4e31d9faadc233b4e4a3b45cd62fac6cf916310ea645faa25c0b46cbc3c4beec,40.87963143015908,13.678033675741915,25.123732529359103
2302,44455.48945234682,8111.427607357764,True,0.7481759757510785,2.849710936261946,98.2302053794308,100000,0.03662,46149.691031031805,46198.891123939895,1b86dbdf2345a1d14aee1c9e13a9cff524c6dfcd0e83fb6414bcdb5b1b4b377e,34.198308806413166,35.30148005823295,97.34287198122793
2303,7788.322578797289,2961.765707555937,True,0.6415483288883609,1.308881060041084,56.420267402060475,100000,0.03421,8169.092172374289,8177.801225130139,b3847de6de04e0b3b74a6f03d7ca970c873abe9467b13d5e7daeea9589b1e055,56.37894396402186,42.962601080817045,45.84146726417413
2304,104032.03620305979,18922.4455175328,True,0.5653077338475807,3.013467281737085,176.8605806461895,100000,0.01565,115112.57873153867,115235.30002049966,e7d43f01b78d4ead29c4235177178096176e3058316d310874288322e823c457,129.5365580904708,174.35620718977373,57.94602031913729
2305,45302.9974688933,8632.2901064672,True,0.7119388988470047,2.7166188873995436,90.23500621708911,100000,0.04763,46528.713101705216,46578.31726928151,fe7e7cb9f5db13cc3c4d53e3352df85e40557a241cb46adba799d299ca88af75,70.38594845302728,32.62647563659887,88.82508424494708
2306,49660.002297053084,11548.702570959456,True,0.5657467722134105,1.1556337157463252,80.19959554117179,100000,0.07602,52138.64028936319,52194.225189045676,c3c28b9d21c3ddaec89e219fcf4ca2c0e2cf067866c9bd4fedcff83135d28f0f,70.85994537683123,69.0585872738557,79.45555632472536
2307,70493.91478252927,10602.88441297256,True,0.7783253643483742,2.3947633986508783,93.32385261229263,100000,0.06881,74360.9341355419,74440.21017805625,e323ff2ff8359fa2fbd6e422e1dfc9251b0dbbda38680d8d8c8bc500f7a67417,38.81278880005871,67.16765563990202,92.89095388191333
2308,32904.92971095585,5623.372507671568,True,0.883068885298819,1.2856332568022635,52.10789469004129,100000,0.18232,34297.320678498996,34333.88498318188,add17e00b7dae9378d68428d83f8afec1f2dda2ed8e5630a00b47f248ada3b0c,51.967956496293624,45.708902739579685,40.23859152944351
2309,48712.949013022495,8813.415871055058,True,0.731873702528496,2.3012846244897958,95.22540202000474,100000,0.0461,52926.68234084441,52983.107370575046,f7bee43aa5435de4ff270c66eaeaff9e1bdef84abfc59adb5ce82467eebe6475,95.13240846334458,69.88465783011088,41.17289721128623
2310,22464.060386659097,3941.4555552697084,True,0.9768315152635739,1.1443110006406783,37.971625168676795,100000,0.31339,22812.768400838693,22837.089047407208,0fd0279a3c85f9578603b352554f630a64abe61bd5059994cbfac733aba91c74,35.03290320127675,33.07684536177705,37.86038017306544
2311,63713.45419697318,12756.207844060315,True,0.6047603432469,1.1958802144948426,73.58093871372857,100000,0.12668,67099.50688411298,67171.04153362049,1f981122afef8fd73a14f61c027fc67cee67a0eb639dc1b2e93e378b1e2101b8,61.02403535413475,66.21565920380945,73.16776449731847
2312,8250.325815883925,2067.3480725278996,True,0.9551052980468622,1.380547062304198,31.858267242476487,100000,0.19426,8351.51256926036,8360.41610003491,0e149ec4256f2fe81704c07c3202f0628ecb486b1be05123bf7516ba8447353b,22.89812958052997,23.115910704257836,31.694931399680588
2313,34297.95346540052,5667.393004983573,True,0.9007679650773017,1.578337090595738,56.144812952489445,100000,0.1495,35179.155703879296,35216.66013111142,160b1f88fedaa9c551fdc851713f23215ee89b5c1f48e7a262509c6ad75814c7,37.53039498630764,35.43318883842413,56.172227411938906
2314,21207.101157667894,4439.996901677765,True,0.83449229170645,1.6335162150893492,51.13458466195411,100000,0.12383,22013.311181458095,22036.779528290877,20c8fd21d436419f63e9c673ce300ba6a696cf7dd7689fbbcb0dd278d25e2cf5,47.38937582440863,51.122100632495616,31.222557675670707
2315,224091.36612143906,38193.03501386409,True,0.46714320525213476,1.2355902327655788,261.3229849243263,100000,0.01094,259576.54897269732,259853.28301015,c7e2ebe9e99bb3740183fa66ae564160e21016f2e41f78ab2cecb13ca51f3483,210.6023372156253,258.5796039790758,213.9837137295387
2316,7175.636755462794,1815.6942773280002,True,0.9908662365659959,1.0914569123653144,25.484342929577654,100000,0.33084,7280.373083561709,7288.134674682129,7e51cebe6f99777b2ede27d006618e964cb964fde128ea2629797ba32352eb31,23.393830423635734,25.490564692988194,24.333316698627492
2317,35457.262959966865,8719.103687685423,True,0.5986170572268319,1.5277147633929617,80.27609728321637,100000,0.05427,37327.92724546554,37367.72247372196,f927f1bcdced18092c5122fd62e308ffc598462c90d8c6d038e93f8efa6716a2,52.58319555929431,80.02131474789367,56.99289328603351
2318,48112.82773672681,7920.370501385649,True,0.8076921869494998,1.5021208192875064,63.23575231469897,100000,0.14703,49432.130417885586,49484.829912830595,ab501bdfef735c9411a5b3721c8147a15389892fce2b965fe0958589b3b2ff73,42.11599910021944,62.726284583647924,55.34672169145406
2319,44813.521360519226,10910.370553440069,True,0.5592216858115258,1.4181301486988156,113.25457321782514,100000,0.02531,48884.89540685141,48937.01149565039,e08548734acaa645ccf1fdf70748fd345f55b87bd355bbcedff904201abb6f60,92.59999162756259,112.53567211829792,78.55377014449249
2320,21793.688425678993,3978.4666478451013,True,0.9483942115607182,1.2987562444993386,38.43330745496294,100000,0.29539,22296.38068745469,22320.150814119213,f197415edc05f0a227f65df9f5ee36d5e68c11b4144e5d861518e310af427e00,29.613163654263438,38.18934603068828,38.5834375622089
2321,8121.384925701706,1978.535459922099,True,0.9875528566849346,1.0028010026168706,25.26018984673648,100000,0.38857,8327.111879331094,8335.989396579122,0d84fd708c07e9c945d6bbb1f5efc861a2aa162472fa6418149271f0491987c4,25.334194309178088,25.358862463325295,25.14301611453726
2322,51987.18204079999,9555.98881059109,True,0.7049192060357642,2.118978204305499,74.3555875813116,100000,0.09935,54303.02246861259,54360.9148117888,701354f761e87509f2505a808226972dda4079eac507fd71d0f9e8681e23df08,61.41234198915457,34.944947776861525,74.10144250657079
2323,20623.621200635625,3664.2456896238223,True,0.9925281225633761,1.1306644001354111,35.59969269240884,100000,0.34769,20856.731425126753,20878.96674460451,3be0d1452c91e050e940a90878fd344ae5a639b78b50d0c5a89c4543c6d5f44a,31.497384354807036,35.6692233421987,35.478014055276574
2324,25796.597835308796,5205.938267026028,True,0.8110109775852028,1.7810739635354877,59.31104769961726,100000,0.09682,26858.834737838606,26887.46888760174,74a7e79caa3d2f0a43227de9a6264c781266e0e3437287c3bc1bdaa4b8ed5d38,33.18870149597724,51.12971421566127,59.16624533706937
2325,106171.64006823806,19307.60859375853,True,0.5616011508026962,2.4515329703230493,177.21838137555753,100000,0.01607,118920.705011267,119047.48613600552,d043c4f7aeae3548d4a2bfefa2e86986d3f2980a31b66bd92363fe7fc9207a07,160.47435950242743,71.73537019547715,175.70406415188944
2326,20532.984735805367,6207.052447448821,True,0.5842070124270933,2.81884489705182,104.18546672696817,100000,0.01451,21817.457512309877,21840.717059939376,db5a5e98d4183b2e9089496fa64a8bc904fa3a32df86b923eef888fcb6b2de16,48.45539895382675,103.14259462349997,36.475087716423914
2327,71069.92098267276,13240.9806692704,True,0.6266444457749857,1.7979651425756311,98.87357678555887,100000,0.05894,75747.12761261642,75827.88147321226,bd9c40366fbb5912b83f3a21cd17af7e86730cff283c6c89c2383d04d8f6e1b9,55.109466748396216,98.55976904673751,75.74836034010833
2328,103301.04219523148,18490.461871496926,True,0.5758015554424112,1.7098470100683179,102.93633874286061,100000,0.07516,108995.4137814708,109111.61357316595,4bdaf608fcadc52ab83c164bfd0738e711dc6d81e634e772d3771574715f4e47,78.03157514564995,102.50911272757041,60.012689677234164
2329,22666.4583163702,4135.806923553895,True,0.9365112078267974,1.3106026211362936,41.294487420758884,100000,0.24428,22870.699726274277,22895.082133312477,05ccab693fcb7904b10c3a9c8958206eda7ca957e6c788ebd3f736ef83a35194,41.23399744895113,31.424540354127302,39.30840001307102
2330,54509.437779884734,10551.137730323408,True,0.6589199155265523,1.2863927088829328,86.41164372442594,100000,0.06846,58731.21637437346,58793.829606177795,6639fcd590cffbce08199df9995514bb999f81fffb512cd227766689a2dd33b4,86.51712668795673,66.8340056931107,69.85081845009138
2331,14972.507954255887,3599.765069186871,True,0.8160930281832294,1.8951654437865817,53.225539198373,100000,0.07662,15360.935248421001,15377.31151063409,b01aa81b81aca8c1287eedc40753264ae88704b7ed0cc46f0690a9f4f6a92c08,28.10713898585957,33.395907163041656,53.19955016556129
2332,9127.804067181913,2669.108657222492,True,0.7913381014128055,1.3302743307944942,40.10267639569288,100000,0.11054,9478.832200725781,9488.937564695005,3578bfbf02152466052fb6f63ab56408ae23474ef7ff3b5c59c8c97260510948,38.027049590056436,39.994978778419295,30.067216604290245
2333,17265.955565701966,5129.658752912439,True,0.629780769906989,3.163102975288529,103.12957743798705,100000,0.01323,19294.114906847422,19314.684323993846,a63146d5d2d52bf55cf5d45465896c7036126cbfc18e0c03b804fe7136390975,32.51754132352546,46.11372584904133,102.8274400040867
2334,31030.159226602496,5673.8205358501045,True,0.8416493629548761,1.3724303195142793,50.77400837090724,100000,0.18218,31705.91932267812,31739.720939580882,02474ee9639cdc19f15a6d4072246d48e74a4b9003a49e25a2b7f7dcc23167ce,46.001549087997255,36.79132247188787,50.40212842678438
2335,22849.755001734393,5078.463265016264,True,0.7667836449574332,1.9087216403213012,62.99234478712978,100000,0.07075,23512.83896596922,23537.905956361,f0041ecaf6cd405f5be72e4cdd15506c7ee44f32aff0459740005363a85c1407,32.6495966755558,62.777038921158145,50.996732254424394
2336,53985.654371865625,8257.663726354494,True,0.8365254876872401,1.2805164372889186,58.21866482789903,100000,0.21103,55366.39212349199,55425.418122921335,d49b816c413a8f334d20a545475c263d8eca5da095a69d43eafd6ff35d296d4e,56.342477387156194,57.962821085979556,45.483331896796116
2337,50175.876857594354,7991.235915088635,True,0.8232533116299463,1.5635969836484802,63.17588311717273,100000,0.15364,51507.86688495447,51562.77931837752,ac67e6817a09b41518cd627771b08ed6e88aa2c302dc55ece2a780fb6169d6cc,56.26602090123197,63.02164512128119,40.28696452686894
2338,29921.401405227032,5628.65248443233,True,0.8280711271938008,1.9157580259728624,57.729329751778465,100000,0.12346,31581.381223791566,31615.050070877256,99894c8f1d57918b2691b6fb95e53b8fb5a731a09af4179bb28833865a0c9278,54.47359850845306,57.46154233349628,29.82306195184649
2339,56064.84490085995,8479.040611414357,True,0.8354705756778471,1.4519450335615147,65.67199870208137,100000,0.15394,57970.55871394311,58032.361010143555,bc02cb9c7448fa4361adbfea86eb568e0f3293271e67b0472011317d3343829d,45.19759871610532,50.873352510181675,65.39943425434323
2340,30239.575777399095,5501.174218678179,True,0.8532556806770388,1.4650195670424682,57.09823454061505,100000,0.12615,31222.710129234285,31255.996597786532,91ac2f903f3753491f40e03c1b01e3d5fab077ef00a476153a64e058f0fd2da0,48.246335386979666,56.97277455261077,38.26529634130574
2341,62156.98845297707,9276.474531367621,True,0.8180147679421415,1.181107360551017,72.08238273750734,100000,0.12922,64347.612931172924,64416.213792064846,42ad7b5b57ad8cc2499acf01b03fa9f491341d877194d5a92f79d49c371c0e03,67.06688491519543,72.02958802358827,60.43234919936529
2342,13866.281036385279,2827.883439012206,True,0.9870275736637009,1.083864183764058,30.92123020790187,100000,0.35884,14105.433633310678,14120.471407773804,2d045cb4114c78608252cf71fdcec4b421f4ffa864c28df75e34be58a3faea21,28.57345125412807,30.83818979474588,30.332398187341234
2343,60839.685180407665,11921.305204276727,True,0.6275065881509292,3.32668197953535,132.58089213596202,100000,0.02101,65100.476173532035,65169.879660414386,e82720da9bbbb09089ccf89c5756ca451393922c38ed32eb11e7f8d3616bbec1,130.4122105507302,38.46982185146261,74.73859373582428
2344,34682.191812741425,7442.5978593998625,True,0.6910305717304515,1.8790503296815324,57.33401719612303,100000,0.14453,36216.82889971087,36255.43958825271,a87711a006c833ed044cae1db901cefbb0c5456426367ced6eafe12f2b80503e,57.33401719612303,30.528684449400465,53.83462649811747
2345,22507.59144509307,4618.577075114876,True,0.8346965359086234,1.5110787708578302,50.04591486930741,100000,0.13901,23166.863693847412,23191.56184069653,70f9b16cbb93dda4f3bb917260bf801b6ea7bba25bc40f725268dd356952fe85,33.09921469261566,47.113537044933935,49.66714940032584
2346,10291.688739136793,2372.899201585209,True,0.9642639479504732,1.2142088666278024,29.839988549037358,100000,0.29389,10382.35960100926,10393.428213725027,66fb8ea6cb68e0e681b73ea4258f52670519120fc058d01f00e7c8ae245f0798,27.363036374556714,29.82541824212865,24.601963215356243
2347,79660.59737357398,14464.38098050858,True,0.6189847909645501,1.7279206908035656,106.2931367917119,100000,0.05219,83333.24033616304,83422.08173629535,bc90e2747a0117b9c75a6c48534ebf061eedaefef5252627bbc7f6c577e566f2,105.90387969896881,61.762125381902905,62.59254051308817
2348,31344.627831458612,6576.415502562025,True,0.7310329601617908,1.2279755154124277,54.25352746707952,100000,0.1523,32336.956797597377,32371.431162284603,aa15a087ebdf268ca2da6811a1a3842bbef7277d882c3132faa00a0c71e01df6,44.34590086908747,47.418854573277514,54.240281976975254
2349,17284.372326899513,3522.353857695076,True,0.9178116158706908,1.4662460275607665,42.55983239972977,100000,0.17374,17807.987655194916,17826.972715063508,f9b76453d6c3ae26d45f634631b5b2ffe6762e59a0923fb741b9f8dbac90ae91,31.3899545116171,42.341630134008504,29.000120172765087
2350,79720.62428562758,12333.448518207619,True,0.726295566503757,1.932029187561946,77.96974426245897,100000,0.13143,82830.09105710509,82918.39605080166,4918de51b4d97bfc89b4de5f15c6d8b438d927b7c1db6cf9231a3ade5266558a,75.38090509749452,77.45578354588515,40.22218496742573
2351,52154.90977770248,9108.649073606033,True,0.7411286797731114,1.2530406808213268,63.09814029268685,100000,0.1608,53709.489454281436,53766.74903310331,57591040ef19d012a7ca7d66c101cd8304ccd94a2035f3ddff5cf72cd047a2f1,60.10960532765236,63.02111619564987,50.21971126810526
2352,12771.286506345748,4145.22756763118,True,0.6374197445599719,3.1045828033991767,67.00192654195976,100000,0.03474,13893.350330138714,13908.16200301834,20d161f9c5a4813644a166da43d8ee3fee7fb3155d47806d62b87c580ad5b57a,21.657849302137386,67.13278967973703,33.63182640875715
2353,15571.676353534594,3522.7777622186095,True,0.8560302741071156,1.3460794104552467,42.9714713446359,100000,0.15181,16016.084611615584,16033.159327248793,d7e5ba7bbcab228ab9c472a944927dc8920219ccb33bdb28440023101c044463,43.002944590249655,31.50471885936075,33.26722061373058
2354,25472.354201655446,4862.509669129311,True,0.8609997723571946,1.7754532459901606,53.60719583144055,100000,0.1279,26197.214514605843,26225.143312377957,a5af9789a037b43b0c011f4fa1263a13b65a4069ea2f544faba62745b44f6064,53.58102044285097,43.98774052477337,30.03625840653224
2355,8422.352259188652,2893.4113786410035,True,0.6918780304842942,1.403695364962034,53.17367401701334,100000,0.04627,9249.213565372698,9259.074133376002,443ea7ebf280f4629d9af70eebd41a0eb5a3fa2411ae84c1d6f661fdebba03c0,52.901055082844074,37.60843106134952,40.75003973130002
2356,38393.431023045974,7519.48502025018,True,0.7319262262401984,1.3555509664038756,71.18939672387697,100000,0.08454,40553.04625656269,40596.279777718584,9302f77f2d972a907c7b2452c74fc7f61486dfa2c5ad5dbcbadcb140fbf2f1e2,52.07115053338266,63.87232250006052,70.37252620482857
2357,104337.32618536463,17922.296417174854,True,0.5980216918752369,3.1441328342892905,174.30214758897552,100000,0.01654,116455.23636386762,116579.38905743342,ee2865fc53e54a928e9c68d0465dfc99109a9d607c292ded51628f5173af71be,64.53349775846713,173.91915947171458,54.53325247443168
2358,115921.40426102754,18517.608289396972,True,0.6208809292727139,2.6217929744844377,171.35863437453276,100000,0.01836,122830.42535756082,122961.37462730709,57fe8189716a8a8683616f350dec76d64979e79531405df7e6008b748c48121a,100.2381074124464,170.18723745986313,64.36407690068816
2359,280880.4983871254,52390.84075777174,True,0.3958917770255389,2.273713573417582,321.46221838539844,100000,0.00819,361733.7375134908,362119.3811244453,3068492a5635da94dd78bf5284d6d3976a186cbcb7832b7a0090365a832a4a04,319.657132686457,168.73627185757,135.22446344678747
2360,25011.00560777968,4382.243699622006,True,0.9437892686662926,1.2322528224145826,41.24843148397959,100000,0.27048,25239.036717217357,25265.94400356437,50413a25b375c611b375d3805f4bb7a0af4dc8be321efedaa62b5066b94bf653,41.28871315535066,33.2323788811359,39.365263347381884
2361,21197.314818663755,4353.824354691459,True,0.8507470529669671,2.0158004519374066,50.45264548133248,100000,0.12569,21461.884730158974,21484.765202359675,d36094a6ce7e2739a41a9239d37a6d5afae0d5771651950695e306224882821c,45.34086621503536,50.35410515812676,25.226322740666244
2362,106797.3009572219,19665.259729325386,True,0.5535514029593933,1.15709066719966,111.24140808989523,100000,0.06115,111920.90043875495,112040.21908589907,086b685969bccf5b402d434219b34b6f8b1c3e05a069a52567cf9df8b71a6393,110.07359057332651,95.10923123310866,104.61472264704014
2363,25259.636939887147,5018.555533041173,True,0.8295771723995982,2.141998661182084,62.49911113250134,100000,0.08039,26093.891530502784,26121.71017584908,6bf53f7b277afc23763bad10b712292da4cfa16bf82b871e65da85582b1c3bc0,28.77003760750275,41.823745999557175,62.04135397088635
2364,59523.13708345997,11611.731092503343,True,0.6349083363454346,2.3262236102225358,110.1059706862375,100000,0.03608,64034.56158111782,64102.8286985943,58a2c119b1484ad0ffa22663982b75e3d6872234f63bf02d8c6c796f1d4790ea,109.94468264324007,56.370171027597664,46.77353246925128
2365,9406.59100655798,2177.539113390594,True,0.9896303388574279,1.1632643751007792,27.392502618988,100000,0.34938,9547.913539986204,9558.09255143245,c7b4632f7b3889ecf81ad760d81b3bfbe93fbe9d46d95c5ff2281bdd7ce431c2,23.580557674451093,27.365752128149147,27.312251146471436
2366,10753.574192289294,2489.0035264838607,True,0.946586928759504,1.3844140227344381,31.155922802926582,100000,0.2732,10985.450054583584,10997.161620820483,5acba9803ed91bb4aa8a162cfc84bd6d5cd72a17ca225348a4a4a8dea8a27954,22.530235190983532,31.117890670598793,29.535753965762677
2367,7524.684866008615,2174.245122901061,True,0.8540851368775026,2.1247067523504026,37.28878933369849,100000,0.11255,7758.819535759971,7767.0911976820325,7c595ec25e98f3e02658a18bb0afeda92680c35cbe31b8a15371ea8bdd801f91,28.130458750275473,17.501879271004718,37.08850775036319
2368,6651.72258923404,1729.4197789755372,True,0.9890231456603623,1.2408635474782383,25.296809750207103,100000,0.31407,6759.880518997578,6767.087214040426,417d255bcc7f5737b00a5c94e5d023b00a728add3f30d1b909ebde1dc14a2e13,20.39925844847023,24.067789940565696,25.30298572915003
2369,82605.06669474542,14468.315703583634,True,0.633972770813637,1.5176179009020736,112.89052682773018,100000,0.04659,89121.0944875808,89216.10630739795,d493476331ad01c514d3e4e637b65c6d8f9186c0dfad535df559e02a16425a0f,74.00172473936902,111.29197932870471,80.34079240791834
2370,50200.588326222496,9430.061835250566,True,0.697871487879505,1.3585867135659353,72.16590097006336,100000,0.10236,51149.53535760148,51204.06577450302,28833711a462ca2ed459ff1d991aa82e7a1b614210988ebce9dbadf129c3f9fb,71.83114703489949,52.80302861505858,54.81155222604177
2371,12583.396200945775,2697.448847628974,True,0.9699056458156126,1.071696934968339,30.189518299545384,100000,0.3512,12848.083766389725,12861.781082685335,b191349a77f1d5cc05bc465990071b600a2e01ee4cd426bac563fd6a880fab4d,30.30744610540298,28.258450478627196,29.305059755613392
2372,16503.562373093107,3518.0585444428298,True,0.8910447753998696,1.0205898079423765,35.87734816180945,100000,0.27578,16933.20141657652,16951.253868593303,e4688432c9a9ae7dc9a3db7a1f0fd371e8d2fb4f66f269a88af22e5e13216811,35.85982992540232,35.29924636037404,35.15910046911698
2373,20493.27014575579,4145.2531301729505,True,0.8736562308057454,1.7982858846753997,47.26366283896478,100000,0.15157,21277.013977928247,21299.69735979133,271026496b68627ef791caf760e72c380bd89f77112e1179904d17fc240afa01,26.343491763026506,45.35973110839125,47.32135773989125
2374,117236.64514651243,23974.612116109092,True,0.4831790806110837,2.0965503466984736,159.55856190531568,100000,0.02407,130002.50837860306,130141.10379165165,9478dbbaa3c80aeec182ff4826e3a3fd74f57f17c6b799c5610508ff7d6fda1c,149.7419706943441,74.73464380257523,157.7666444620431
2375,65817.07278867904,9007.5230535296,True,0.875194240428088,2.0526668247557462,76.81912666994509,100000,0.11281,67994.06363900562,68066.55197367266,726e03d7437f70630ddfc55d036510727af75e0635f491a73af99f74f5246b09,76.96916402672232,37.24677381994896,47.58059676798113
2376,25953.541167608608,4765.201501131192,True,0.8896119393590121,1.4962823013358881,48.46951037923024,100000,0.17794,26939.825968797006,26968.54646314876,98f43476b068a2ee60c3343beb09a93db54ac8d6d1f3e6514cf64e0e11f81c3b,44.268661701342864,48.35117661365595,32.42345176735617
2377,23001.17975350549,4679.470650524728,True,0.8358354845605986,2.1534173109492722,61.167926397794446,100000,0.07744,23564.15768295472,23589.279384127574,b52b5b34a83aa60b852c4a12600deccf349af8d08d9c26960e9c3bf41bbabced,60.82445415483807,34.377091447197955,28.33646004390014
2378,24554.948866727413,6590.157629690414,True,0.6199371721904883,2.451022202606741,73.62956585818473,100000,0.04943,26233.886264421508,26261.85415787244,21a7710273529412e24e97bfca3644e03278ce65fa4ece9cc450bee22e822917,60.93853228985505,72.58695970101317,29.741239431730136
2379,61366.8871696558,8752.513393055488,True,0.8596217657410191,1.5022871020713646,71.14411595959271,100000,0.13302,63686.76755219786,63754.66388715875,0e69cb75dffc59f25e1445f3c4995ed4090c66e3b278547c65d7a025665f90aa,70.90094759449644,47.43520036270696,52.97596525311469
2380,41983.599437695615,6814.8503121297,True,0.8571975412826096,1.4968844649290975,56.92613564377366,100000,0.17497,42915.482862953875,42961.23497303046,43b9febeb65b1b2017da61db2e86fc18b59a8db0c08cad2e2684dddade94cbb8,37.88589984495288,54.07704926511799,56.731563891084974
2381,126039.9121307481,19656.206406367408,True,0.6184764228063102,2.2310033773577174,110.22024892977552,100000,0.07392,131601.67667088963,131741.9769540424,076607b624efbfb76a30f6a10f9e1e9930d58327546817903d844a2827e22c52,109.70897336100948,49.35154700615437,108.87478690670699
2382,7406.962656420798,2248.1000861718558,True,0.8173886173806716,2.3872195620789083,39.00204943833904,100000,0.09596,7569.511033219289,7577.580873727052,81b3b5bddb43fe95c2943e3ca32cbbec85f85ef6d05171a5fd16261c0ee8421c,29.03253143005267,38.81160974381591,16.41590166789466
2383,42557.89843672842,8250.548434848712,True,0.7144767302691692,2.5317268676244282,66.1642327292825,100000,0.1152,44364.70749430317,44412.004619848216,4db72623413e9611d45292c01ab02c083a780e4664606f7b937f44d853025587,59.37981433419006,65.53425102116677,26.1846243296306
2384,24846.956724314867,4433.252003778976,True,0.9288462694554219,1.43505020740434,47.27137499949916,100000,0.18049,25349.135418508056,25376.16008085935,842f8ebd79b8421fe56b413259d2985e48bd7d2e43da566ee6580933beb7841b,33.041490874894066,37.49626400717109,47.07518032787037
2385,92110.99992618966,22044.67054298385,True,0.44742630113822635,1.42086279685767,121.08481509645881,100000,0.04306,101638.53015263932,101746.8867854754,d7f2fff0c7d94a920a0d7edbba98be7ebbb597408fe2858113cc10bf8a64a91f,85.78811850828208,103.90945436134098,119.10417969326966
2386,35600.058772740354,8463.796315070624,True,0.6183286898295975,1.8019432543680607,94.3604781851395,100000,0.03461,38662.265611462644,38703.48337517077,373e75731ca5770e989bfd32e36274f53466d384db608b3bb13d7a373f90c588,51.71857263809525,94.15314315006472,56.00349669630717
2387,11757.634838209911,2657.5748042869845,True,0.940903907472423,1.31230332026563,34.05879386528176,100000,0.23035,12100.165502052783,12113.065464189118,1bf577ff943aa0dd1599ea1fdf258a8ea876be71a90182350f5c27dc02997af3,33.93406683696652,25.860070537359928,28.45439272631694
2388,33481.8710285238,6635.526316018353,True,0.7570918330783424,3.417763764006961,93.3536892239382,100000,0.03279,35469.18214409057,35506.99576792803,e24537b73e23bbfba25aed506efe40d341455fe6a295fda232536860dc733d1d,92.55598924277663,26.734345082929572,35.79393772612181
2389,20122.928037592937,3880.047776373838,True,0.9220925233860847,1.436537386693785,42.042727166352805,100000,0.21008,20757.38539198439,20779.514798855776,79be6412c5e857b4b5d7345893f8d0e28e66d228065c97e65d511eef773942dd,37.21848845341681,41.80664739954955,29.273891083603075
2390,16970.26054067112,3699.0886571855735,True,0.8633397240822667,2.1762833826842622,48.366726056373466,100000,0.11699,17599.6534195077,17618.416374666107,4c34fe33f9b62166d4db1c83bd74c857a4e09ae725e084f1cd1f4205e1bb96fd,48.57927514548838,22.252708802059523,35.96802919133631
2391,51372.85860373594,11675.839667474793,True,0.572380931092993,2.849267953590196,146.2200816506442,100000,0.01443,59979.48037301105,60043.42437655694,ff27c72910cfe798eaccaa2a693ab7a527d1e2ed7ddd07fdfdb88c5834e4d006,106.80920026824401,145.11343552487028,49.31714912118285
2392,76083.9245811581,12957.710803282916,True,0.670117735922902,1.314671014888859,95.32585309434722,100000,0.07118,81979.52299469433,82066.92119948812,588f988392e870e241c676ee227e5f903a636154cced8c8d2f32bac19d9dabb0,83.61957767773183,72.4253063548849,95.23276144093478
2393,18383.052041262436,3594.8252562598896,True,0.9370255175989802,1.2234358158952006,38.34183970154652,100000,0.25037,18763.611507004378,18783.615355541853,7640195ceb05d42f61694f4d7060053bc942ea406086ed4cbd70b29df391d3a4,31.424207978049722,33.043626500600396,38.34183970154652
2394,63338.40745242132,11584.62073149894,True,0.6633057022416122,3.7486629603301465,99.20092089001616,100000,0.05269,68389.68627439287,68462.59638155675,ec7314d67a4917d5665d3def4768fa14069b17b4278a71196b8d1ae51105359a,25.829536652637266,97.57824957662967,59.14273652671374
2395,24529.423894916792,4596.092024011838,True,0.8882876847565586,1.78754935849849,56.32320596321871,100000,0.10563,25093.698931807216,25120.451273833118,e9e504d9183578f6aaec58fe2145f7c28cdc0344d9530ff7b6dac546e4e73a0c,33.290644930896605,31.585547875369482,55.663168393337244
2396,36354.2450415028,5370.208033836844,True,0.98824153126055,1.1391443113154356,44.49914391436235,100000,0.31565,36980.779676562,37020.2048114925,f539157d2efc78f3a0343006f5018ecba916c53762947778d4a2e66f13a995ff,39.02366331552479,44.564328207205655,41.20733712577548
2397,6694.15786947609,1732.9235127454576,True,0.9912168973863523,1.0743812582997536,24.466783931490212,100000,0.34936,6803.292457009944,6810.545433432706,6bb7f7d5c67819b5e86045938499d640659d06d7646bb5848e9068cf64ec2e30,22.746463186307306,24.44289058780712,24.006837065590613
2398,39602.902839020615,5908.493060798,True,0.950952318326636,1.4042422926826879,55.19244242115977,100000,0.18243,40780.29841847248,40823.774212701726,f20d993dac3a3c6a6ff55e148a6d0ddd42842dcf5c91a862584a46727fce4b07,39.197952881629334,55.003796377728065,41.515604272361635
2399,10899.145095213942,2974.8906954464246,True,0.7991127634056401,1.7377494030697909,45.103873782600914,100000,0.09249,11283.702069941515,11295.7316020529,6fd120b79634d2222a843a04e43442818a23ef77142288d605bba8846de47b5f,25.92151339947328,44.56430107377585,37.12040002957707
2400,127272.4329391693,21440.892256292078,True,0.5706863708385455,2.128860540168159,145.45438929913539,100000,0.03239,132527.72516968867,132669.0127112859,aee56baa09beaa6244985e2c66db1d89fcb9ef0bf1a1d9233a34c02a287f0095,145.34785532259792,67.25845052064511,128.0893511235306
2401,68135.46371017705,11686.094761168428,True,0.6903407840983452,1.8636546482517151,100.45449762979027,100000,0.05237,70583.96223173755,70659.21165209195,8c63843f7056d6f13185839f7011dc7665fe48498cd4f00699511759b447e05e,99.86589705774072,53.48907698500307,69.06246712048082
2402,138656.17241269053,25436.993326804062,True,0.5093048595398318,2.6300241638269117,229.41755309531982,100000,0.00983,157815.17077486715,157983.4172114295,5edc8ca56ea5682a82268582da288669044cb0fe0eaac015696ba4e2642fc0ca,85.30345052836232,128.20722144413747,227.34517773776935
2403,20823.414369660193,4221.979210918775,True,0.8669671888717275,1.5658193225523975,46.023853499911354,100000,0.1657,21477.64925916022,21500.54653789361,c9c56e27fde2c5887da8dbfcaa8352244ef201eb438998fe3b90ab15db815f6b,46.15868900821187,40.012437088179766,29.394140809513694
2404,18345.165300784287,3442.0397412308375,True,0.9772732177971619,1.0266064936693393,33.37656901612459,100000,0.37456,18516.62240567953,18536.36293963218,8bc746177db47d5043a3ad63abe4bea13773ee181ecf0ee3eab5a14fe2d6ca66,33.21359748772554,32.61060283264908,33.295083251925064
2405,16969.667510412055,3211.1838769092474,True,0.9944917209741786,1.0943692686967454,32.95601343747177,100000,0.363,17275.313622291662,17293.73079944375,805732163a6c988101a1142d7e716c6306ac36b7fd8d5b0918fc3de4e88ed6b4,30.172131442997834,32.8916462237267,32.58590195843766
2406,18761.97068600585,3444.4001379259353,True,0.9913404531619981,1.1018746400384751,34.418642278021906,100000,0.34969,18957.441237429746,18977.651727453474,2d769106790f7b4712d370240ba654667ea59767488da009ce2e5f9f52d2ef31,31.225506519806977,34.38503032267228,33.09097004171149
2407,32691.39152836002,7298.713602619197,True,0.6774232113195072,1.773617523405753,94.25929566756818,100000,0.03179,35397.97354362987,35435.711252121415,52ee18045da5edea33d1ab0a0758dd59718b023411ce6f32df8b5c72525ef211,54.930893251583306,52.997841289650765,93.66097006030336
2408,41393.9838580468,7361.898793907668,True,0.7860540910636776,1.112074859024606,56.51932364000652,100000,0.17812,42758.145053928965,42803.72942648339,500d372087211c59779a9daf1c93c3029bc7455072646913c432cf82214dd0b1,50.79287849581641,52.1589461326232,56.45033032501628
2409,56408.62049783681,9741.417473412257,True,0.7301727506652297,1.16453600199333,67.96798647684439,100000,0.14211,59327.10466679638,59390.35317391224,fd0133974df0a9564a6e7ad9a83a18f9faf53450ce18f1f38030f17c70c4804c,57.79601975069555,67.4535803291925,67.08851790182663
2410,14675.744880027756,2922.8983292209364,True,0.9917537495847657,1.1649986520285367,33.152792729362645,100000,0.30772,14908.411813087567,14924.30564097521,de6db09b06748123d991985fe9c8749b73a6fe7df801a3deb2e8b872a97ec339,28.482587308258584,33.079947237525666,30.01234263683513
2411,35298.65632637526,7039.069892263864,True,0.7392777401590994,2.1526314141879146,84.43951685713319,100000,0.04585,36702.1799962993,36741.308116670305,ceacc6cb80fd312af5320ea340d2488e3242fc4e4fd4cafd89e0051c504a3f2b,45.641867754319556,38.88010956849443,84.43951685713319
2412,15322.088814318731,3006.649146405129,True,0.9922322897281473,1.0693012391004628,32.116567294804696,100000,0.35209,15508.020044953299,15524.553113972524,bf03bbf18c15f15dff0a415cdd9bfcdc6fba1ddf17eb7844dcf522dacbbfac48,30.06223608600616,32.06952154193145,31.112924566842054
2413,23385.88938807705,4550.954820542323,True,0.868995500726363,1.192511594298202,41.016781503590565,100000,0.26015,23868.43089755405,23893.876983789818,bf4600f10a954ca31b40219f4f785e275da17650e55e468b8b129924b07a8392,40.846545838170385,34.52779849228033,39.06407828259442
2414,28277.44476187992,5779.294431534752,True,0.7766691931375777,1.3540964063800864,49.35221827252127,100000,0.18405,29415.15610129255,29446.515540126402,1d1e4cee2a0742e36c937665d11cf9cb71d77c09f95404585bd604fac1a8b3a0,48.78592084605435,49.09919176282328,36.31532858236795
2415,64990.82753411486,16172.35741045015,True,0.48336904909824163,3.4252846520315154,175.54811421401268,100000,0.0101,72648.25397709795,72725.70413473561,cb6d768ef218e93e5e033502ce110b526f0ab1a17f5841283b52deba83bb60a5,175.16238837711666,48.92289364631237,64.33049790899244
2416,14905.013429984965,3081.2806883842663,True,0.9505488561275325,1.062061076870045,33.469893415067276,100000,0.30536,15222.656114425454,15238.88495753154,94904f01785b06b1288512674729209315ebc568d1f71817e4c8b95b577f0871,31.533280929869292,32.07259073587379,33.502578857855426
2417,241984.76862282815,40684.93153893445,True,0.4615752945334189,1.3172006661471976,152.94226610652294,100000,0.0547,260186.75826396988,260464.14284432228,50a8658345b751896271b398f2430e031a876966cb82de8b5ddff49db889a880,128.67164282301712,116.05091871559407,151.63538639125724
2418,24059.52800103489,4782.058809697159,True,0.8428053435746907,1.7925865044789304,55.951601797047346,100000,0.10667,24842.492600310172,24868.977131770658,c9c1bfa209432e4f2d68f93946d9a5027d2e514fdde49815fadc40aa37173891,30.899053531474877,55.80134114769004,41.430959045518705
2419,46224.71405334098,9414.953311692183,True,0.6615796063167353,1.7613299669744322,86.543602937867,100000,0.05614,48382.981195073364,48434.562194139355,72daf760d2793ca69e7001245c6be442e87058d6cb9ee503cb4751b0b92f9f88,86.14215556095796,48.23707165701913,74.18324949093044
2420,28280.39723787601,4941.377751964676,True,0.9084333565198305,1.178730832050075,46.43522566933808,100000,0.21618,28778.853980364966,28809.53505878583,f70ae050e46c4c95e61ac0076b5ce15e86f3d4cb2407bdbab678bbf2359d4ef4,39.34977253375793,46.44656239435501,41.367709586771156
2421,62724.607984181435,12350.551953806333,True,0.6181440995381882,2.14138856069271,116.38111944986977,100000,0.03218,67444.87160403897,67516.77444618061,74f320045e3e3f37e9fd716bdfe6f3f0c50775542ae9311b8345252a31051d25,115.55713203188972,76.1762161242922,53.44552873173951
2422,106224.50946367515,19412.380258449244,True,0.558755516773264,1.8148758872126591,158.47344312959956,100000,0.02243,118689.98005280881,118816.51520213252,9bdd0741e91977c1dd2ba3f019aecb760d5c0a76c0e6077d9b22824b58e97168,86.58778460059663,108.1380062371169,158.27999410234173
2423,69286.53513513767,9343.84406362066,True,0.8730875023662115,1.6529381604452107,76.03187481185584,100000,0.12378,72335.73166533823,72412.84864356706,0fcb78a398a085c03fddf68f7bc5876982de603b740badf749d1e2221a8267c2,47.40854694079098,45.84929950812596,76.08756222016531
2424,10498.994914005132,2838.5311763661794,True,0.8168750023027913,1.327906828626719,36.012334336043594,100000,0.17239,10704.864923704892,10716.277358697369,313588b378cff4720a86e86f96adb7507eda8a2b916a67c8d4d48d96518bb2b3,31.282198624912866,27.070795268720268,36.117839221793716
2425,36470.774295027484,6857.347704179076,True,0.7755764424339239,1.169606173101208,63.43786357399519,100000,0.11197,38006.91553434294,38047.43463065025,6cfc20221494d19332ab9dfb9d9ddc5c650028fc639a20a0fb27bab537ce9334,63.31396149670222,54.22264657533134,59.11677862840323
2426,60672.64531026544,9828.461720600257,True,0.7597321894162126,2.4147930125707564,75.94396633896245,100000,0.10791,62842.98713003577,62909.9839123834,9c984e2486cda2e73089c833df9bd6284c81a4ef102148cea89d4e3be703c607,30.824424814093035,75.51752316860207,74.16402962789303
2427,18407.17237122015,3401.2779120982077,True,0.9912123972471584,1.1388299833166506,34.599661279830045,100000,0.34148,18805.98632559653,18826.035349842976,b8ada46fe9d5818b6acf06c2d03e06d939ca36cae345471f88bfc11aeedbe4d7,30.350728266218102,34.66723874326722,33.86475636495085
2428,142358.29165992793,27157.880875913845,True,0.4854860521313096,3.2751031322322857,177.17782036570972,100000,0.02104,155592.65846152493,155758.53548217443,7c383709f1e0dd614ed35d788969f4a804ccc195f875c9317f36d47b2b0e99be,54.0054952945773,177.61038340371192,99.87880547471283
2429,17937.69288011065,3629.6940003019545,True,0.9129741902647792,1.2640996797480422,38.42379223938127,100000,0.24171,18231.004409272937,18250.440446453347,c3af218c9147f64b7a533bfcdff98e4d8beabbfcb1b634aaf29881122001f9e4,30.356296798495556,37.044813367508944,38.35812657881592
2430,64767.23851931691,11512.314465200583,True,0.6774725983199397,2.3762762025966033,126.33048460173373,100000,0.02529,67793.58761464199,67865.86222222207,e87b1c4a61df2218355c988760f373b9f1e9353eba2630b2e8a93d4b12684cc6,52.86387954281534,58.69309379811994,125.6519517254549
2431,74559.96360809823,12441.412889167917,True,0.6885754685223707,1.862960310403884,88.53289592663404,100000,0.08629,79614.06178660829,79698.93817795957,c6d01e48a6a18ebfe4d265aeb73543c5e94bdbb08d01484bdef32e159357d45a,88.74904069207992,47.57346287463905,83.34542155593283
2432,37961.349071663964,6625.529315417033,True,0.8244379408575867,1.337194267954403,56.515627473099855,100000,0.1623,38952.87191258949,38994.39949109152,74e42ee0c7cca2ad92caa7bb46a1b9a9e0a648ca37becfb5db4d576ad9b3d8ba,56.681200600462454,51.07930979136125,41.86240570151
2433,49082.42936739529,10012.638744510357,True,0.647469940882825,1.9745298086721128,99.35574903404421,100000,0.0404,52683.627712726804,52739.793622406636,d6d70e383741b5e605d16b99c4db8390165d8baf9577b6e12e0ab1da3756d4c6,50.55111840501664,50.47834808101709,98.33696449805059
2434,58926.2681387329,9786.052014915062,True,0.7483117475016432,3.2016231526773247,88.06845973255469,100000,0.06691,60766.96331359215,60831.74685111918,c9469e425b92eaf091a995715c28e711c000b2ad31db587aad1d483e7ea4040c,87.46642924610168,64.03024245203807,27.876161631654583
2435,39684.82905741617,7507.494191480546,True,0.7494433245028448,1.0972537288754518,66.18317374064463,100000,0.10681,41168.968426791835,41212.85858133623,6622b8d5de7ee6209f1eeb0f04494bb8817f8ff3d91b52a032ded8072104ce30,64.22805557106015,65.87617171401567,60.36629323609579
2436,84094.68596776207,16680.81324634253,True,0.5564753608405936,1.8172038481784318,125.3086222723839,100000,0.03377,88346.47531657916,88440.66131645409,ec942b8cf9ef8733806f0bda237336c7b33a9033343b463ef01f530e4ab304a1,98.84574183644347,68.25281647697474,124.60498498911612
2437,9251.050151646892,2140.585739672598,True,0.9955861664456863,1.0370074661997282,26.466510379581734,100000,0.38013,9369.954818969134,9379.944108980364,23467e9b9314a9ea39d9092cd6ca7512e5b9962a8a575857a6dc74eaa4065476,25.503739372121366,26.330817821483294,26.46004882919609
2438,13804.475876261655,3575.3514954510842,True,0.7783566887899592,3.4008085602878864,66.3530932668402,100000,0.03691,14336.49105324444,14351.77515755883,7d18a032b6cc2f855e2dc3a4add2be03a456e146f5bd7d0a11c16d739b693b0d,19.398884078867468,66.11010098192747,24.574619747508933
2439,38268.314417860056,6739.659768488793,True,0.8148400632344491,1.165600482137863,57.49705374076194,100000,0.15767,39847.50582462449,39889.98717054309,bf194b3feb994ff9c5d911975b541aebe85f0e38f2f55612fe2c3670c8647580,49.80457682427328,57.44090427421823,49.04655902593316
2440,18024.06976467214,3674.9012346905847,True,0.9046356378783202,1.6746429692535172,47.568037103584075,100000,0.12816,18340.59801531867,18360.150890022338,488bbf19eb9ab6b0505d206336323827fc1b76b64daad756faed523382c36cf0,28.301588481795505,47.35899787803121,33.10949066951128
2441,25229.109757961738,4182.934826841593,True,0.9944989079607424,1.1001500287131365,37.92189188516292,100000,0.35601,25813.53520128556,25841.05495931244,5496384d54e2e9e5732b9338162f0ae968c0e66f62656d7ddb3146e3dcfbcf1f,34.43152244163109,38.014474629023184,36.63499174550529
2442,29902.705524172972,6029.763634418012,True,0.772664262544384,2.0128998030272243,56.43746567184252,100000,0.12889,30806.12234101015,30838.964686158164,8df91aad9a35c01cb9296afb1284de58354f2b8abc14fa33aee4625029d1f313,56.06544136199395,55.307614064154265,27.984495307498086
2443,44780.691131751286,7836.078833343343,True,0.7782381610838968,2.5369998875226583,94.21626398103876,100000,0.04134,45968.82580280235,46017.83307565391,942dc64fa967aa2ab8c4cbd4bc4270c6205fbf67c739d481cc074479675fda0a,36.423694827630584,42.13969619464429,93.61821152412787
2444,221272.23783048312,36750.41460764397,True,0.4814004591798161,1.7284922979518138,171.07078772593977,100000,0.03579,238234.45136871052,238488.4326387771,070248c0091d72aa8cd6848020a20c0c8f7f16d59f75fedb3029fc7795cb73cc,158.45765835747446,170.15195048717737,97.56380862495001
2445,17126.150225799804,3240.2674216514188,True,0.9916150349770966,1.0090383663594082,32.277690804111316,100000,0.39012,17442.98825475018,17461.584189491132,831062bf18d4aab342779caaa9be7d80ec91875e5c250e535a8255e0a7d1959b,32.05704252713008,32.26981050850484,32.32497257775015
2446,21251.618472510785,6024.885513386283,True,0.6158335324047937,1.1605768351420336,79.41706399066456,100000,0.03363,22396.68031691897,22420.557372817006,d9a1208085206e7c39d9724865d9c020354a763e5fb6838afa87e1da8c38d0f1,67.86126073421045,69.23787488053298,79.37828612738787
2447,28943.940618233337,6365.293148599929,True,0.7162052287079197,2.8498663727837688,82.22031334883144,100000,0.04082,30166.55276884651,30198.71327015832,0371698de46f6170715b493ed6b02ad3a13c29391e115c1ed279b431537ba2e3,28.443892581858922,81.21664741439747,51.0464494253121
2448,20574.281686622704,4547.2841433548565,True,0.7985126850094652,1.3715279937168896,52.34151666355976,100000,0.11306,21555.752624368313,21578.73316894247,7bbb3260d7c7f5eb59c242f0b93e699f535d85badc24a16a5f833d9f1e09abef,52.07316416113429,37.79936677021723,48.58458162960308
2449,25584.871185818996,7217.653075042961,True,0.5817596701408865,2.2573230665102373,102.35688825411094,100000,0.02005,28587.810981464423,28618.288389327903,f88d460aea5bafa644ddab3fa78499724b6658775d4e8ba8a7670f343e2f2559,49.51664406140646,102.35688825411094,45.155980731244746
2450,24126.616477345222,7668.092805230055,True,0.5265759797630136,1.3248471252862526,77.07100859515563,100000,0.04222,25698.433920355717,25725.8309691382,5042dcf6e1c4675b8e092ee880d772b8dd5d092a6d57e55fd5aff04382e706ba,58.010234252652545,77.07100859515563,68.7918963437229
2451,85436.01936210944,13397.225250589736,True,0.7002126226764971,1.2691379895373869,94.35678177043565,100000,0.07885,88071.6959100364,88165.5889681379,188985ccadbae0f956c465831ba639c657790ef3cfea610db22caefe6df75f1b,74.08481693694361,93.82694632592393,85.74119671620153
2452,60296.52580016828,11771.139585108263,True,0.631723657385608,1.5569283854432086,83.35140797422011,100000,0.08275,63712.1300879688,63780.0534618781,83f0b97dd5a469756d19cad51649dfd233d1ab243f1c90b2481d49f5e46e6c84,82.4763809862095,81.25541309596213,53.681888241209144
2453,43820.10242104473,7219.883890341688,True,0.8325356446237395,1.2136262259215589,55.204921009488174,100000,0.20129,45026.77891362214,45074.78187217743,bbf605c623820ada98787dc127b98893a26ffc66ab4906bfe9a9ca4c32f2122f,54.24799977128659,55.204921009488174,45.473975460452415
2454,192731.9477754601,36026.087921323,True,0.44788806884100035,2.526301990198501,218.23982289689576,100000,0.01572,217255.03235856496,217486.64751216583,1bd2306e984872c40eed8ccc12ff1a558d212a836fc2aaeaa228bcc46d53a0fe,194.74281071488133,217.49388600222863,84.07774427033726
2455,5951.332675261496,1629.750573786062,True,0.9744789606995772,1.0617494679960047,22.64606120359305,100000,0.38976,6018.532338165688,6024.948683402084,75751bc581bb4a15f69f249c74bada3f427b36bd4f1e1060c3943d6d1e835472,21.65640179064306,21.27491296665675,22.701349438953383
2456,34878.453931945216,6542.433327910587,True,0.7890714000739395,1.5550186595264976,71.39300060415812,100000,0.07545,36504.08375061719,36543.00068097859,87bc974e7106e2f0b3ca953fbc69eb5c541332a9d91a49ab2519742d9a1d4bef,56.682138174981006,71.09669176375999,45.68385121667441
2457,41609.13351084994,7375.609257098879,True,0.787309221776707,2.0759511609705257,66.22428704044373,100000,0.1107,42747.90118982727,42793.47464141876,f369da16feadac17dfb28cbbd3253095b0b18299f912b0913a6d494ba2f2af79,52.49762207527363,66.0141025356767,31.98846482165964
2458,49169.42910822378,8243.13255339516,True,0.7873876853017727,1.673173201480391,83.00059775890173,100000,0.06901,52465.158518742755,52521.09151885369,5e36d2dda9b86a825e290682550064140ddc16394fae4896d49d7d1096169169,82.83848721640388,52.19959468430929,49.62608982215583
2459,28982.12469786235,4846.364756367099,True,0.9415025643314419,1.5667762259689513,52.21218566593147,100000,0.15599,29520.769974263807,29552.242007835495,3f95312c70d31a3ff979bd9e2553e2ea82a915e813590d02bc6afc936d664fb1,33.38469586403187,52.16119720336708,37.85893345405676
2460,10029.877229179028,2259.9976041456935,True,0.9951912687763463,1.0598851942297536,27.57330155037137,100000,0.36867,10275.889177189285,10286.844282000076,987b8888d7c421e25d14bafe389cefb65677cb064f65000d928ccf00fb18b2d9,26.018264280318682,27.458861578116405,26.570268852372017
2461,8284.35827923437,2575.234206841961,True,0.7688470882149296,1.5079558150860275,35.08877491160297,100000,0.14917,8568.433055345304,8577.56784461434,c106f1a6eba943483d0cac54d6d68652f0c620715bf168d17ae6975ccccb05f1,33.73525283249328,35.00310895722893,23.39537213954778
2462,44769.84917666018,7000.097346924409,True,0.8710380610706223,1.5121125833205975,61.31066212668178,100000,0.14968,45865.6016814813,45914.49890730447,9261ae141ccf86d75a34047f555faa78773e454c0294590bf8a0fcf6833b3317,61.460346360389494,53.28758719994802,40.75901683861193
2463,59739.527068447846,11582.373837690842,True,0.6380593340978248,1.9850592816083785,117.48713908780826,100000,0.0287,61882.54749500525,61948.520354587235,5a507983f8dedab54421f2bcaede2ebb8722b7198d361f2287f00480557ee5ab,117.34372216997647,57.69662604373201,63.47632783235344
2464,5468.168543780356,1515.2634627888242,True,0.9905823099850987,1.1248238706590021,23.07869280469976,100000,0.33977,5553.080266769001,5559.000394487021,5d11488b3ec81571e1012bc373d36c3190f7acb25164b1e7e0b46b8229fbd9a6,20.56572967215677,23.039251679301103,22.374386994009456
2465,4749.566602110036,1378.6017275045688,True,0.9911695713229287,1.1262366143429003,22.013147859697284,100000,0.34098,4836.048638921201,4841.204340661064,ac898c1093bf494575b1405e8d6c30df47079c68a2a72ac8752504542138533c,19.557091079452736,21.991650644990543,21.47034318835221
2466,28950.93934726571,5674.097733252017,True,0.8035799375497784,1.3377746855873527,58.20818581343437,100000,0.1172,30732.302870310854,30765.066516669413,2e4b605132b2cc38dde672612f09f4fa709d9b07be96d76442da15f3f774f3bf,58.13713089911133,53.4759285195199,43.65613936007578
2467,40720.78958080511,6611.63362852184,True,0.8657373175756423,1.8924857909960746,61.412401340901894,100000,0.13713,42229.50744848172,42274.528241546854,64f09bdf2fd60ac3270c0510416c84ec05d4c48d620fe5c51182fc6802b1e112,32.65532473644636,49.597710848560425,61.24747545839459
2468,10052.352917156733,3315.660607286619,True,0.6793483733397804,1.5692346759981384,52.31433621895418,100000,0.05509,10486.974975412824,10498.155118369095,1998f75b42342f35ccb63f584747bfdf90138919be7ed8fd366f5833f8bae488,52.39096854739991,45.30247816616955,33.16902616226172
2469,13419.496403316269,3688.605495550849,True,0.7403653090657375,1.688290904214083,63.219038131238904,100000,0.0422,14176.577749658685,14191.69137072134,e5c733c8f89f5b14e700f31a1ba6fc4182a341cc99827bdd380ecb1d585108fd,38.95626275469897,62.98752309902001,37.289354522722945
2470,11546.95866130713,2733.83779354493,True,0.9036975858698726,1.6265530598310352,38.232606986035364,100000,0.16141,11993.542449456385,12006.32874097052,61e1d62a468fdc6734581b977368c8f53b8628c7b164a74e8b14812ca4adf41e,23.49401166597925,38.18593632321062,27.38634494556342
2471,5031.506047146446,1451.1663648109152,True,0.978510717383103,1.1124371102193533,22.898860208509035,100000,0.3207,5119.833752642871,5125.291997122436,8fa4109b38b93102b5cfe363e04b0350f04c22ca3024c3f64ed5ae4a09aa7d26,20.59555688675471,22.965946713026156,21.28878410009824
2472,42653.547239915526,11123.270903355064,True,0.5307480165309643,2.983494460934711,165.31564288787425,100000,0.00841,50518.814251359145,50572.67225775624,5706bf332f95d4bd9a899170e35f19c321cd551cfbdf6e239764328b7b38924e,55.2532019320068,164.10483495656658,62.80057137049129
2473,15790.53277776803,4867.246215915055,True,0.6253627335817982,1.355711844726423,53.158073369639084,100000,0.08294,16564.83176090276,16582.491494769558,c756f1ef99cecadfb095301f37cd7d9d320ee8350939907024032b2a3be28db4,39.15476253813504,52.82064419297633,41.257205869649084
2474,31626.424528801075,5344.767169455323,True,0.9048752943877247,1.8323401459740285,55.11046075920035,100000,0.14654,32611.713244065868,32646.480526048774,24b4d0c07c9f2230769f57e64b15e91b6d1cbaba628a54cb05399420fae6e884,54.949004331194885,43.57978085914305,29.748346860007807
2475,17209.450402150513,3307.8814392257473,True,0.974493297920834,1.136520534937783,34.26743088536276,100000,0.32647,17466.39258497718,17485.013471027574,1fc39b23ec180ee701232c04f03d425d4650f0dcd8e7005b5301e2f4d7a57dde,30.260082400477806,33.522850477941546,34.351091605297725
2476,41661.357765160676,5951.007988909118,True,0.9765980910150229,1.1646120413460253,46.817271798211635,100000,0.30896,42153.71596611378,42198.6559580318,72fdf3ae3f2b241f56dfded021badfb416ecd1b6889d6b455b1a987ce3f57506,40.26788294558096,46.71440181623315,45.445672038498415
2477,24682.22577078531,4976.7627135174125,True,0.8237461609968455,2.302059529670875,54.071485736366924,100000,0.11929,25074.036232854145,25100.76761251621,f8b03b7d4efdba173f206954ca43354630b60483dc05c8bc40dac8d6ae9682a7,53.873470041531604,23.603470824371108,41.53049173012948
2478,80086.60011588491,14239.484403736165,True,0.631000589512036,1.5772197710213343,107.90837023365171,100000,0.05114,85436.10195105645,85527.18520773239,4af68ffc9fe69800a671619b6c348869c53d79934294c67e7f845f009a6c2bb1,68.25942072153114,106.93361200644344,86.70079258763374
2479,61404.32455197646,11564.22413866804,True,0.6508790048024824,1.638701480434618,107.2993428077308,100000,0.03861,63417.0869910662,63484.69582012254,74b05466a6efa344815d35fbade33c34c3a74c17e27dde3384afd368085e2777,107.16836216465495,65.33314476623062,67.71699247021095
2480,104741.36341487513,16569.64755604199,True,0.6485094896088857,2.4436307432838564,147.48382255848924,100000,0.0266,113456.68608731414,113577.64203245324,a42b6a3947da0c946a3b9e492aac2dab0a66bcdc4aaa4d00725d0f17a0dee9c5,81.77142603279518,59.06914328789101,146.1155644390501
2481,107222.97297688179,20165.671144413234,True,0.5412484601024503,1.1592212862570814,101.37544115763367,100000,0.08196,113531.27699586809,113652.31246222502,0c6e1753c1ac605324502f0ea4bf6f18534fefb2e1fab62f7b3a7e77998e8219,96.64821721693346,87.68876660681056,100.88044388635618
2482,60414.48914982362,9697.766578082885,True,0.7677853177929824,1.5308216972504436,82.07942489279937,100000,0.08585,63118.76830953656,63186.05910164572,4da1d83db5d282e8e261b8658af668724027b712fb6b3460e364faf95505d75c,81.69868537303296,53.30353276729647,70.15626624748305
2483,19373.785356903787,3549.971675637456,True,0.982657619000299,1.0646789297453259,34.48530388832637,100000,0.36136,19704.14303113959,19725.149578445697,a5fd363b7b5b13e9a192581a49e55effdc10d54622a05e2d762497babd2f03ad,32.4310035590413,32.54887325006585,34.5863350520617
2484,10617.904382821003,2500.0556859767908,True,0.9344591387535138,1.122862369322883,30.500781318260607,100000,0.29025,10950.158956653402,10961.832899121688,feca40e7743aebcd5f55a8c0f2c71635d24e0492f5c26bf8864256bb9a0851fa,30.418870040306295,30.024206610162786,27.12007948269168
2485,12454.316457493609,2817.4049178055466,True,0.9222488463422062,1.3036139719773638,34.35712168891013,100000,0.23738,12799.993422598882,12813.639469875583,e114619678eac1c191e7afb29b1954ba162e70622f2a350c8392293c4a91f34c,26.50598255296777,34.264854028124475,29.575979266381125
2486,309960.7187163963,65787.30886585254,True,0.33667673696439554,2.9062664015474065,468.20573253317605,100000,0.00309,421680.930208106,422130.4834007774,fc4b4033eb7d603b6df25855929bcc39797faa0e994381dc7ee1cfb57c08309b,388.53302853522104,462.37602248454516,156.14478287117151
2487,11295.487657740237,2468.1519749593454,True,0.9863905066072605,1.0558054679133098,29.09418821150564,100000,0.35139,11505.975145750574,11518.241642741596,a10964d609734e68e1277ff5acb634dcf82ad645a1e1cc39cad320c2c1dc479a,29.12260050468094,28.106861023664017,27.48889364710128
2488,20635.141671309368,4414.31090661911,True,0.8241877902774611,1.566929701596347,47.016549078570904,100000,0.1562,21584.827387651487,21607.83892877237,c34fc4334359af3b32b979680e8285aeafd44a8492def0bad03087699c70bcd7,47.15429287469953,42.735012748906115,29.98223295733086
2489,9839.964963368773,2296.318974924463,True,0.967047065439128,1.2619914469421165,29.19261469270663,100000,0.30244,10003.996162622725,10014.661402836839,cfa640606e1e7214708dbb786ae5bd2b8c313f18b84bde35a44a096a79660597,23.155958285303676,29.206868899099554,29.235377311885397
2490,53712.342932616244,10660.089060379485,True,0.6458118692754078,1.852183037771973,89.11133750079739,100000,0.06163,57983.75757340555,58045.57394088354,368a4de692c3d109387a1c3dd8be35a05013d9379038b70d9478865644d9b9b0,48.03658037152359,61.17702174127008,88.67622354815677
2491,57325.24336433867,8420.007364581103,True,0.853890649551665,1.6856425087578555,72.67453748816169,100000,0.11595,59174.26662367255,59237.352190457714,a0f9ae8f833142044d236f226c3daad5a2f7466362ae6fc48738eaec69f1f8d8,54.48816030911732,72.47936661111828,42.653708037485515
2492,30728.987849494384,6233.154182914562,True,0.7611584830565237,1.3138717189655171,55.36077756562884,100000,0.14086,31776.753840167497,31810.63097360707,c8369c013a5c77462cf8a0077b44b64be5b73e4b20c0e4dc070d3ffb59b173c4,41.95308924895309,43.80475588139724,55.4689040843117
2493,16091.258832239351,3110.1536802275677,True,0.9910501291955233,1.07054152829291,32.374094023500504,100000,0.36122,16295.96041382814,16313.333504491895,e4b5a58d1efb81d385a5ef7ce81f3f10f17eadccd44a1ebde9d1670a7929dd89,30.15311735831407,32.453132338987565,32.176498234782855
2494,27846.211669909844,9015.510934667087,True,0.49280056082319385,3.7517946832748392,169.283382613332,100000,0.00498,32120.89441874789,32155.138439767008,416c2f03496807d7029aaa3a419eaa1400915cbe1d3b925381f175cfdac11e15,164.98517172666538,44.759253752499646,118.28345728499909
2495,64217.04275599469,10533.154436177068,True,0.736250959988164,2.6391024222923276,104.12202990131811,100000,0.04416,66278.43500955043,66349.09431598173,2d56c00b0914b7db6dfe5bd774bc120c5098e566fe8e6dd6ec92f3c5df7ba0c7,103.86782572675435,88.4630527481902,39.63043081449095
2496,59143.471185530616,9819.057870746485,True,0.7476279198730592,1.2240237226958957,64.90361710126717,100000,0.1673,60816.01300975279,60880.84883906236,81fb56727e7fcdf04754a15421072c209dee3729245c8e529ff89f2cf6f088ab,59.801330795942945,64.5391680794583,52.87679938157436
2497,25336.174163930493,7195.996758043592,True,0.5797229889030635,2.317223426079517,121.14086557902641,100000,0.01147,27111.32461026049,27140.227938969427,ae2434dba85e53c1b5d208dc564fc764e50102aa3a4d21b9f04e522ffa384492,74.79620338119088,120.07615094014827,51.46120754577781
2498,44797.021635425364,6968.947748600271,True,0.8752853842332772,1.411373504764734,51.33126068155195,100000,0.2568,46180.23224057241,46229.46489340262,3f83b0d629d15cd0c5ef20364204c10f3af8fc46e8bd3571e5dced027ec3f542,51.04302362206082,36.09229266671622,48.473954178770256
2499,21304.477958765132,5672.579729029832,True,0.6551651383261933,2.2905211344289205,67.1318458981089,100000,0.05536,22268.817186843316,22292.55792811521,8d4eff2990b2f61853a12e2d9c7777bb2df7ad1a73ce94acd52584b5d41429f9,29.263650110125354,61.477430166944956,66.85322251425447
2500,57646.35962949088,9522.485797681418,True,0.7578473134748036,1.1354892269117354,64.0185262490028,100000,0.1702,59373.39377683133,59436.69163267448,7e975fcac5cf8294c21e75d12d148418cb06fa3f26f22edf76fdfbb5dd111cba,56.18813522098757,63.846601495892685,56.938352325468074
2501,23437.968353926033,4225.654619674562,True,0.937281624460658,1.1879082067923417,41.89072321460071,100000,0.24586,24030.165040844317,24055.78355152537,a118a160abee1d30b56af78704a5e3846b8058c5bb26485efa01cd61a927dab7,35.079389801289174,37.227107544225234,41.87026875990608
2502,60268.99174685517,10964.636880968583,True,0.6779835473744592,2.406833350722851,106.2460565551855,100000,0.04123,65745.6609075178,65815.75222454908,e15ead10024b38223aa976132df7b6c3463d894744053f1a5162cb18a72c3736,42.86416222105568,105.07880251588293,56.15788877977944
2503,48545.55800289772,8197.755250235074,True,0.7850346776348084,1.7651825558802534,65.78454089140689,100000,0.13219,50036.33004754535,50089.67367850188,55e057511a5ab0bcfbabc8c65c161c6293ab4e0c171152c0a4d6c870cac47c7b,66.10575446997821,61.62482504890827,37.51774597713049
2504,38189.533609457205,6993.960457345369,True,0.7841344268368309,1.4920296720880772,70.5016931505561,100000,0.08605,40092.655043703926,40135.39774271255,dab67802fb149d5e4a4690465203035a0b70d2bf31ded5fea9e590f9b58fe2a6,55.88842716305069,70.48448082312677,47.419962067817885
2505,11891.394834804514,4011.6279450084157,True,0.6280371625630435,2.1213835659032463,79.04632527196495,100000,0.01931,12680.68255897078,12694.201409175417,57d9e556a04ac51ca17bf1ed8835020193d5f93e6efe3791a831db9ee4221682,37.52577624300191,43.22845913310584,78.56386479056867
2506,98038.99902599251,12637.447524745825,True,0.813624476058496,2.3260808913739623,89.46625282447476,100000,0.10619,101105.93878924049,101213.7276274939,7670a12bc72fc7f1c07be87246d3ca0cc04dd6f79ebd6b67f58827bd2a4baa34,89.20414466190306,78.61060642463005,38.65003280588577
2507,130765.75394439767,20460.131496473623,True,0.6089360961342415,3.3319762284268393,174.01205743007557,100000,0.02075,145368.87465757754,145523.85212285,8db6620ae8f03978963a027bc64f5f511f8e3c71ecf158cf6f18a0a220d95b12,172.2702375192765,128.08748856242136,51.95721343676329
2508,32524.737454479746,6138.960449877823,True,0.8026603720533494,1.7380521607118047,68.3551791905351,100000,0.07936,33700.10384684756,33736.03145986584,f0fc64f9b79e2fac8f507da49d2d95398c5d8f7330bcb91b893d80e1ae8a41e7,68.05479021948294,39.13400761762813,54.25358582725332
2509,54261.65487708457,9547.864658219138,True,0.7259497501720117,1.9802792880092546,88.20132350168788,100000,0.06193,56499.12052211287,56559.35412101266,59f4996ebcd57a2434a98c029a94e8ea2e0df7ff1f6a7da8827ec43b65f6ec2f,88.17978997544236,44.31599701329924,78.85577311112817
2510,14519.771706704161,2959.450039503135,True,0.9725523115839809,1.0566767536234332,31.26076873309694,100000,0.36389,14780.338596268606,14796.095885557077,5e26d06e53e9391df525d0845c19a27b3c43b56f4d7e233f045c43f79e79580d,29.642779726403447,30.53572648953146,31.253136709480458
2511,25360.66171206049,4860.808475453345,True,0.8587814779028373,2.0475142092802225,57.48600900391301,100000,0.10585,26735.766505859257,26764.269452827473,76e7e432ff156a27e097cfab3d4e67473e9ac9694fc8190bddb3191856df90cd,57.275488951408455,27.76759492535202,42.23032253241559
2512,13498.576931824371,2792.2792723416023,True,0.9818623249516778,1.1046441772236615,31.23649244886749,100000,0.33758,13679.769927742978,13694.353902984622,b0b51b835ebb914b35b7610bbe2acfc0cb0cb15fc480f9c79708135073ac6703,31.328005610338785,29.75702967174828,28.224184217104145
2513,40196.56909571006,9344.766799764107,True,0.6072604271152059,2.409836684470009,92.80765910238571,100000,0.03994,42449.718812921026,42494.97437287946,f3d0e4382f95c1e11e6b6c43520c09135d21ef09cbc28121a17e850d4463abe8,38.39418416723452,92.71702662279354,90.33792403349898
2514,12904.479764328897,2695.1565542077915,True,0.9871741956606641,1.040062774057701,29.575844070865088,100000,0.38297,13173.206509842505,13187.250438841851,e9ba1593470318eb76d0f7d5f20f53ced6e1b366d7c3984b2e363ebbdda294bd,28.528847637692373,29.590285400977816,29.207590152990548
2515,26913.922261554613,4957.3122450218125,True,0.8761043681701562,1.1040885878269886,45.51382052746568,100000,0.22175,27797.696445750436,27827.331514094483,e268f799328d0e6035b088f597df418da5936a5328de56503fdd86057e997196,41.1024468093495,45.54715584523482,42.924777514062484
2516,75261.69174895853,12740.090740741005,True,0.6766450681649512,1.46644972341437,85.54283312636386,100000,0.09552,79498.78743779112,79583.54093539066,8c616d259ef494db6f8752f4a6d41469c586d1e5533d711044c2d1bb62ea42e6,72.28118785408822,85.27133487669522,58.18416335206291
2517,34684.33307025379,5755.329740551268,True,0.893654155365886,2.1936789919175905,64.58815095106598,100000,0.10103,36192.96888388294,36231.55413530982,1b6be39b210384260f4bd5622cd06afc3d285b9325fac96678efe7ad60bce27c,38.569974908766454,64.46200221873968,29.47149758973201
2518,19228.847435326792,3567.7608498500285,True,0.9728754060998301,1.1329662400584584,34.48591344590439,100000,0.35988,19624.48258275597,19645.404204218074,17978e3743d3616176a53e06ac397add0e42cebd9e16219f526ad83b1032d47d,34.67114052007672,34.03126517293592,30.528789588586257
2519,96415.35967838542,18242.8794384792,True,0.5573844993090359,1.974467716890124,142.41773469069267,100000,0.0285,109459.2283826756,109575.92264618541,b76904db407a9b6056657a93cee6b861cf6ec4c02c46ea47b63285808e469e54,141.9309553240741,70.79162788824469,135.74190337706645
2520,70947.8377655862,12105.73465977515,True,0.6846244684678401,2.2498868296756074,112.95858140050552,100000,0.03946,75618.85052396213,75699.46762861141,3d6692131e9d6ed4bb34b551073750df77a5429ee2f37a2e70a6ce7adbd265e9,112.7655369498699,49.99851271462805,73.1638467909036
2521,207824.99947077024,31272.869488010292,True,0.5425605976192875,3.3923168686358083,227.8474099639751,100000,0.01495,235119.57211522234,235370.2326187738,5d0bf78b178e3e5ef74b2e5964e19032b41d00fc9c5e8949a268e58db64352d7,226.2898593099245,137.6763524562594,65.94558215632142
2522,22250.049764445343,3919.133599917549,True,0.9761458534790541,1.1749531457648812,37.84868655941413,100000,0.31219,22505.399594250892,22529.39255555211,4547de90e92af8e2881dbb59b26853ef33de598a799b62cd1cfd415bbf855518,38.01501379527093,32.23976255024314,36.10225058291773
2523,40702.505183693196,7067.217151733619,True,0.80968566188743,1.5071375424568192,60.415571516007006,100000,0.14149,41484.6769675281,41528.903698313574,461b670a03a74936871c8af3eca0c51912416375588c91ed05229a965562314b,55.666105200539654,60.50407088834491,40.237714622965605
2524,38176.160512877614,7549.950538968699,True,0.7262199634912622,2.236850890343096,85.99080960212711,100000,0.04676,39531.738843799256,39573.883551173894,0ed5aa8b47a9970e7a076e07ea64937f3fc28da6d69020edc9922659efb88c01,85.00409865210273,50.93108010125986,38.502720900952426
2525,74343.58619757673,11442.00173125387,True,0.7472704115861136,1.435663138220593,82.29893725568928,100000,0.10343,76655.70949143467,76737.43198934646,8bd2a057875cde6413937abd3638736fce131cfb34dcde5f67a8347c77bfff75,75.62822261484727,82.2587522277324,57.00246215683361
2526,56592.77708347167,7449.254245791611,True,0.9569266828518139,1.2624075532644508,54.326033975435095,100000,0.26913,57372.18837860239,57433.35275339026,111234d0452068d6ab956fccdadf317aea46001441e7cb34c44a21166d93457f,42.734004264856424,54.21992844032682,50.970446427636006
2527,10341.458986667372,2544.8591214520893,True,0.902003566653325,1.1911635057684755,33.99239004442404,100000,0.20375,10640.401684265253,10651.745395127646,ccf3f27e0c301ecb4dc3c51eb5da1c0d800ca759d3566582c7376ea9de54ad3a,28.57319309642382,30.249575613263097,33.793215884007495
2528,138941.19422994312,22293.061086832757,True,0.5819269046255996,1.3299578405862138,122.9422094853436,100000,0.06011,148513.20524922825,148671.53487902842,3c6e3a83e578ac8248287d18a14c68f787c63d87627b427d2ae4f53af021dc24,110.54593689807629,123.4224524911457,92.1166115504198
2529,58899.63907594903,12603.506409123462,True,0.5808551268253173,1.764799762545699,90.91340702622242,100000,0.06253,62472.30508842399,62538.90668739169,b8cc396ff6094b306975fa9ce83d240fa64f26809f4b3edf58654dc88e4802b4,51.27196538832368,89.91460250567066,77.4850351388043
2530,24049.0107762901,4053.9398035190243,True,0.9938899676454851,1.1117027122051701,37.29673234779236,100000,0.35681,24613.006756317794,24639.246633380968,87d4c48796012f86f9a6e45a967026dd93ab72e65e6de7c015b30d712c8918b3,33.663578976999105,35.675927084631454,37.36047188061329
2531,40030.663632964046,5740.8897073144935,True,0.9857499893960744,1.0777843506224196,44.32817054128729,100000,0.3523,40800.67694789954,40844.174467638055,a002fc2bfcfc53bad59493e4526122d86c9d0b9fcc28b501db44b28d92e244ad,41.07065605570929,44.13336901058828,44.24159208319884
2532,37265.82244400421,5982.639473958252,True,0.9018447178302924,1.427468469732349,51.954394373302165,100000,0.20493,38210.93824793643,38251.67485244888,1bddf36f8203f92ce0e5006ae5304aa08653012f452af5d40f3cde3e1ef1a926,47.273932575512006,36.327486690707374,51.814868411850426
2533,10466.846594435956,2324.6165658773225,True,0.9954284189713587,1.0445057119720846,27.546982818965247,100000,0.3845,10686.45743355312,10697.850244357323,2923a418c814fc273bab05ff01262122898b12cc14a8295c205e949e2db7e7ce,26.34987272575826,27.53353214376067,27.553708156567538
2534,123333.40474477613,24868.72780033987,True,0.4818194966131942,2.203730516581684,258.77603155928455,100000,0.00649,149531.3120110323,149690.7270424062,b70831059adfcad93749d10899af42e9c5a10ea18c471ac0c3e3d95f26b9dace,113.56199138862647,259.1550980117639,138.35925515498855
2535,5178.812429075512,1458.2849227219735,True,0.9926478203065278,1.1455865407024233,22.457942129604888,100000,0.35065,5280.7914920304065,5286.421333232626,e27d51c744c8bd66358fbc081ee9a89ec1e127fbbdee2f03a379495a7441be70,19.634250675321077,22.403113169327533,22.23314339246773
2536,31140.537626474732,5735.554384736739,True,0.8345636404658445,1.1207902699050287,48.82674491958265,100000,0.20913,32367.186996309847,32401.69358935117,a8f633df568dcfd2dda205fd94674aa1f55ba0c590bb393f96c2423bd2169509,43.5578432461316,47.88501814989343,48.4572065669198
2537,74787.33394921794,13822.174298098782,True,0.6210498488309586,1.7242099421960546,106.04211085503619,100000,0.05043,79953.84652364314,80039.08515882005,dfe2d0961852c5ec49be9ee2dd4a22a93cf3c51fc00efec5082af8cc0ea99a2f,61.020814278642646,105.21365686398121,81.42149380837128
2538,31373.726113234025,5916.789496887397,True,0.8130340604593079,1.8220050096148988,63.44559096112374,100000,0.09689,32900.20457298945,32935.279414998615,1f1f906400663000b47d3ebbe3e75ef761b4494683dabc117a23f13cdeae0940,42.27124456369792,63.10481874404741,34.851704019171976
2539,17234.117206632232,3264.8313937481616,True,0.9882861931619858,1.138797639250851,34.24007773140262,100000,0.32714,17460.359315596685,17478.973769590702,290d0237f0a9373189a7e77dec229df8a1a5277c3bd9d1094ad957f5b2c0c904,30.06874013668341,33.29546621195719,34.24007773140262
2540,30874.89161400296,5154.791803744295,True,0.9233009653544223,1.821238096320498,53.506668304917696,100000,0.15726,32030.026787452654,32064.173934672584,496b86a4b0971a14a79477dcf1f404198e3bf5a462afa3003e1346ad5c46aa39,53.55892091068422,40.1430643801299,29.300648683576757
2541,44565.56241962335,6466.089569839556,True,0.9401027780047047,1.4906232759555362,57.148893864552775,100000,0.18341,45515.76004538335,45564.28430574097,13ccd2e42addc74b39e04442c66d962e3e1b6b0cf5e8a5e189fbbe32db5301b9,40.61533936516434,38.131818098589534,57.372131731211184
2542,10594.54115124852,2709.8218301706165,True,0.8608579387542891,1.4355362890790841,35.20634407585973,100000,0.18767,10888.622535579765,10900.230874193156,daa7a76ed848b69a6b8002ecee92f15f30e0c001a8b1386ccbeb325bbf9f2bb3,35.10320048969999,24.505197011786155,31.845582226821364
2543,13368.22623332992,3478.8421054749056,True,0.7830063144688708,1.3299478693318292,46.91754873812306,100000,0.10173,13969.159867167002,13984.052360441778,ec5d5fa930b88d01b574699a3adeff927d5815fabb0caa19a0019fc8f613a368,46.89463977877826,35.27979739097144,39.231592877947136
2544,68906.36570706857,15588.02550956504,True,0.5214338807055158,1.6262603554557151,121.15846900924447,100000,0.03053,72194.38754178063,72271.35383332323,fc11ec5e855aef78cfc44d500e72e8161a821c14fbd6052a675577d176f6339d,86.87559166995874,120.12317935706585,74.18589850468388
2545,154815.8554955559,24382.817680969092,True,0.5718435029185265,1.3642506681290523,140.94572961069053,100000,0.04525,168457.22857284898,168636.8204858533,f498b384289c38c456d402d85d1a1cf37fb9718867fc349c9556f3f82e5847d3,140.84249787513582,102.37147109174911,125.63302217007596
2546,12036.946448393675,2570.8762426545672,True,0.9879777690088248,1.0861605711097615,29.50460002852178,100000,0.36015,12298.946591590944,12312.058473847552,8b457dd1bec22b7d11b31310f9520f8f914bbe470d178b0cc533f10d3994cd21,27.192349879802173,29.54781965746981,28.41690603332969
2547,66532.52364421397,9006.25629348675,True,0.8816492062087344,1.2311793004321034,64.56096451013222,100000,0.18854,67457.28131324137,67529.19738534908,e165a02ceb671fa89fc746a6599a12bdd35e7401cf5ba26badd4f46f8f12e442,52.45578366448244,58.65023167534228,64.65553623548885
2548,43472.42918073437,7395.786340559362,True,0.8084299119797769,1.65631946130626,62.19223239499587,100000,0.13927,44543.18993916469,44590.67734448568,f9cc269a9fa92fca3fd571533c4d33db924dd94b267bc052f69229b2187a26d1,61.8430084337935,37.533984004011174,58.836645637355716
2549,57681.339236258755,8357.614720483289,True,0.8638241364242873,1.2432089335120324,62.37833018916423,100000,0.18392,59353.385307408076,59416.66183226217,7dca1b16796cb3116eb9dcafa8f41510c86a51dbb3e53640879dae6ee2878b6b,50.347353419281475,62.42401744272075,59.728469482886254
2550,19441.012403899822,7707.293885791925,True,0.4536575295014296,1.6472683578903176,142.0020486868042,100000,0.00581,22119.497885085613,22143.07943734984,d4078aaa7382d1c36b19ffaf94965797d2b2d4f1200efd5dbd61d98cbe923729,85.66578669557938,88.57793808466423,141.44735318412137
2551,19448.23208633138,3524.9840007526145,True,0.9921569829590983,1.074995830579629,34.49507365659875,100000,0.35924,19605.19738868437,19626.09845023981,6b918d23f0a8d863cfe370a9c23d53bb0ea244ed5999a1f164a09aa66237bca5,32.05279549243526,34.54560354965041,34.234002542498516
2552,51720.130560354446,8037.370199115416,True,0.8352373251853175,1.373766375494504,70.50304863409515,100000,0.11514,53649.44296929157,53706.63853267641,1b9e12755d36a415c030a30b002918a7c6842600aa88f48346f3eca456ab6fd6,51.99944089931675,51.15602063977803,70.26207141708409
2553,15068.925627253178,3169.649865738494,True,0.9308099707370492,1.5324976744454712,39.08951476096894,100000,0.19414,15417.400877815693,15433.83733792286,5f78538a8281971ec8a377157a4440f63b87e8c7cbec5aba8cce06835ab3d194,32.94360472530878,25.65249406188586,38.86047463541638
2554,92415.34135295812,15947.358516501321,True,0.6198568638994755,1.3247522237646319,104.57140918863786,100000,0.06425,97684.87278708369,97789.01443374404,037813ff7bbe82a37321c1b7848c9cae84984ac74de5a8afb3aab4a9d0451a42,101.89074562301116,104.36716815506631,79.14340050897884
2555,109512.93549772224,18564.59747310348,True,0.5962689588510971,2.2658053008208277,173.0050780972327,100000,0.01761,121241.47469295523,121370.72998558967,02fdcdc9793eb238f07526fe2725eb0122213ace9e9e38c78225389f389acfd9,74.65490125411593,170.13292348038414,93.38726261547401
2556,18533.73672723188,5454.469176693474,True,0.6209266389234273,1.9286850581684505,85.16322255278078,100000,0.02377,19520.940752315084,19541.751988039738,9438f17f1edbe80beecf41be5e4880f2d7bda2ff730e703d195be3cff1df258c,54.18343700501629,43.7459522097292,83.97808981706093
2557,18650.51776722252,6310.667948636263,True,0.5389345884193462,3.234636619985481,113.04265594948794,100000,0.01013,19455.921497066796,19476.663415894032,61acb694aa450e0c4b901f49373942992c20941b80117b232b745ca731358b42,33.49054272331631,56.328139842017784,111.88352715313087
2558,16590.761493634454,3398.127256569922,True,0.9257392958511405,1.3766546551092913,36.31281424934379,100000,0.26557,16907.291465684433,16925.3162951546,f82eed9f8c9029284d06f7fd31796cdbd77e8104f204b760eb9f8e9061506192,36.45466118000529,33.6177225667753,26.374663669872504
2559,31867.593103952193,4990.702820000494,True,0.9739917019656419,1.193545850258219,44.42061386140168,100000,0.27819,32419.81138319733,32454.37407899184,ba2c0f8c8db0df8732ab1affdb0b987b7b9338214e698fef273d0abee73ad603,37.31721979909257,44.17118170348854,37.64256609202276
2560,33174.852599495855,5372.679515007824,True,0.9293212269354806,1.1518363744245161,44.08026416346837,100000,0.2964,33754.063757365875,33790.04889693639,45fd4759bd703d4ca934abdb3c3414925d980b379bef4a41b9c72b94b7e7ae29,38.45185152736145,43.854266715364645,43.5852221342888
2561,13474.09276442048,2885.195703974453,True,0.9490924886335161,1.356232727557534,37.08383750561626,100000,0.20106,13633.11154482004,13647.645777653373,066961c42c7f3c71c2d937981dc5fedea4b4dd2f75a763068eddc99e7ce8eff4,29.415377943297663,37.18342788954247,27.396409250975296
2562,5842.23977051453,1740.2228007073263,True,0.9014303742625835,1.461139505172675,31.145590570273665,100000,0.14993,6022.73220677009,6029.153029477963,22302cf70700e52ef430ccfac327720cde927a0b7707613e7b4d6c810fc099f8,22.089340968419187,30.940285163682507,21.252911534158912
2563,28311.233367425313,6170.463305346771,True,0.7280125682273644,3.0676395034919755,90.43704442609408,100000,0.03018,29680.6644589315,29712.30695569211,2cba4818c490273a4b034a1608ff395b42d4345d2f9aa1131b0bf7a0c22b60ff,29.122671288578637,39.75388146708555,90.12793343440332
2564,11810.749641784385,2558.2958330908023,True,0.980358691446556,1.1224227101695838,29.61595519431961,100000,0.3487,12043.271639752096,12056.110947456116,77d964438a5c705379eb3f412cc35eea97e6a2c63d67ab2d30ef1342573cea30,28.083098138363617,29.565341989641816,26.42009284180758
2565,12705.204062748957,2903.6097285500396,True,0.9068462153530017,1.242203491138026,34.13931160568039,100000,0.24572,12999.303609527005,13013.162140993636,3e3febdbdabb943438055c33001c5a1a1bf96faf3908f020c0b0e4cc94b7b912,27.471477307695935,30.43866357029902,34.12264201993543
2566,23563.97706580923,4011.786189334576,True,0.9907834414008161,1.1322875663653933,37.59986750342007,100000,0.34114,24110.537393518767,24136.241589003566,098fe5ad2b340e963ffc7b696aaa70fd16d25c009fc561ee64ab691162a1de61,33.29460923703726,35.98424819663249,37.76510129615971
2567,34092.008322805894,6133.720110685942,True,0.8289504283845613,2.082260637581457,61.31276627333317,100000,0.11518,35297.59439010039,35335.225084577985,fae20476c03fc5b0e1c9bc1d63b7131636e9625b94d6c2294832f92b5bec4d90,29.54119732432202,51.02910650043769,61.22295265086246
2568,64816.91507685729,13209.094701574524,True,0.5907494266306769,2.922100204990649,138.02080481837388,100000,0.02051,71699.25259289016,71775.69102205838,ffd8c14631253b1af1ffcd836593e78f0129760380bbf2bf1c2a1160890550e6,98.86548860769261,137.2120891651412,46.45060533255087
2569,40179.25560317889,6841.636130673832,True,0.8291989484779393,1.8124414335153483,69.22202436034043,100000,0.09504,41913.56645307979,41958.250422084355,0a832c009cede63733f5fd835495d553aba202fe70e041ebcf2687926484fb61,44.277759722678695,68.66432738673416,38.10929319642766
2570,62275.20733244784,12746.21988945885,True,0.596091377142835,2.7968106627626823,138.2943791450419,100000,0.01868,65690.9829483378,65761.01597330665,4368c0770d4a405e8a0f53d1eaa0256ac22415cd3d7ece16051d9dfc069a0922,109.02161871565923,138.15932604040808,49.66577922909097
2571,24517.312277237623,5449.428018419498,True,0.7489424434597809,2.284219883192998,57.30178800105229,100000,0.10219,25563.96542457157,25591.219116760803,9be1c21c0e1d56d6186db2e7e131fb339eb3f2b5b162cd437109f510c4d918fa,57.38572616706945,24.537923865684984,44.5152073777706
2572,7673.235031770336,1901.3397517486524,True,0.9894869334336807,1.1455106489155709,25.542960060081583,100000,0.35316,7825.290747696464,7833.633274444055,8689076f2bc484eb261640ceebb4ce6a29f837e8d493c3fe2f9a0ae49ac0ad35,22.293965384470617,25.48683539198082,24.651201444702757
2573,13145.935205539428,2706.2557204176837,True,0.9953510624767007,1.0946091165748848,30.189247358973645,100000,0.36588,13384.767436924853,13399.036910603601,601f5eaaf12449ea024505a33870e2820c4753d714a8581f6e4335841640e977,27.661192709528343,30.122913563507147,28.95838693198424
2574,23405.489989857262,4713.160147974295,True,0.839557448969925,1.0290292264499148,43.33794553044204,100000,0.22285,24117.53393312581,24143.24558760744,95f06fa3e57844799d0cf49df1736a862e29a5d29ffb4126936a9627c30604b5,43.40142884909015,41.98363473261573,43.04169004341753
2575,57056.21011929247,10628.47856518301,True,0.6743442168673676,1.0540210470273372,91.18936024061114,100000,0.05984,60330.84289370473,60395.16148412813,4be6bb72bc9c49ad0a8323088284fc6c725d20fb2a54b4302b51077b834962cf,91.07804510359867,86.02433788323276,87.38238255478484
2576,82706.23664515678,11921.302543081205,True,0.7700505838884038,2.197767266154862,108.16163173979635,100000,0.05179,87132.6462764325,87225.5382156059,d12f0f862517b7175a93794630e3a90068c63d332e1ccd4ec0716d6f0c46c06b,69.68714505891664,48.75987622254247,107.55427882719495
2577,53528.345523933844,8232.741758153343,True,0.8343126820256858,1.7895841527676506,66.42193771826359,100000,0.14338,55864.832487986285,55924.38987368699,a1decfb2bc3b09da1db1d1b57cabcd76fbf60efc7e97641e7a35697afcd14657,37.24882591280553,66.3570725447106,59.95163665635266
2578,22616.17856487185,4140.1164718436585,True,0.9341523593803007,1.233576837744025,41.09615410839358,100000,0.24878,22958.01361022561,22982.48910242009,0cd286f8d392564d1d32cb127f058c515bb25b70a1342f12cb5492e24befb391,33.41069169456802,40.93562225640767,36.330364752561806
2579,90579.81733869882,15192.282795426307,True,0.642020234021988,1.8262374083513995,135.42683976795144,100000,0.02913,96198.88066363339,96301.43809707584,811cf7837b7983321b21c610a5796730a16407acee3d94567265ee224ffbc386,74.55750089763929,72.21001417314598,135.03008144831878
2580,31489.98916515932,5978.520159964941,True,0.8066257846407981,1.7851419097237042,57.27583420200375,100000,0.12929,32299.403864948134,32333.83819452929,f7264b3737cb211413477d2c42603d01a6baca3033dbbe391b648071c8dc8ef4,57.52753464527427,51.696474376173796,31.854089431680798
2581,28617.99554801018,4958.900667199772,True,0.912413123871985,1.5299704060473631,53.90349786487042,100000,0.14301,29780.538896301226,29812.287868998897,ae58885a69a800b2b8959a286cfb744bdd274d4c9761a0eb39e97fcb60b456ff,38.15093757574691,34.953049396751915,53.745577460969436
2582,13705.964363559864,4787.256758966961,True,0.5785449881263792,2.3356380286836793,86.99229070557001,100000,0.01657,14503.743510167014,14519.205921989778,3ecc0fe0d0502ef44145c477c674b321086e3e686e417a82789c4f235f4ec7ea,86.29142508220971,61.52750639014559,36.965352044200344
2583,24431.135412040752,4264.465484156188,True,0.9548063267104916,1.4028805549986272,44.19802106826026,100000,0.21771,24992.065660250166,25018.709651249417,10c958cfb85f5188a83b76a60d92b370cc855c208f00887133e266cfa6eacc07,37.151803354008806,44.05774414592448,31.70258444788786
2584,26047.352117286933,5422.7039293936805,True,0.7836292143914899,2.7616087950686325,70.46610744059382,100000,0.05859,27257.09981904108,27286.15855840729,7378df62e3b273c384e79696cb53d86283c01e0b4e88470118aadf9b35bd11a4,31.981565852554663,70.56932927766499,25.538802855361702
2585,20981.65786913993,4821.12235728363,True,0.7630667057571319,1.2739020847536568,46.183079866611635,100000,0.16532,21651.56902349849,21674.6517177433,5f3cf5eee359931818ffe9cd1b93cb2e6fe439d72528c5970c69a93192b50d88,42.10146978074411,35.90012849006139,46.137979202679404
2586,7337.297851030237,1869.78080136885,True,0.9766018165677459,1.0878495688061751,26.022133340467008,100000,0.32005,7498.2829892033515,7506.276893636464,fb0625bd8399ff609a1ebdeac3212513beaeebd3435a94bf16dc6984c282e9bc,24.363984707199947,23.951035813857576,25.863306843027637
2587,8108.971535160595,2026.3977879819163,True,0.9632446503793849,1.4740483875097736,29.368704607717657,100000,0.24383,8212.14886969663,8220.903825111005,711cf5264f73a1acdfcc396baf99a0026c6535c0589e482e5b8db045ae00c38d,19.954371319159723,29.440405546701342,28.006386767027628
2588,14348.835681755818,2875.0199371763224,True,0.9932403903552841,1.099832632174639,31.189007463778093,100000,0.36129,14573.904039201703,14589.441249023557,a6bf7f2c3769091d0e2b19e31f55ce9fdada070ce29d7855082356fb467155cb,28.32595404425159,31.06717540337271,31.15854944867675
2589,7529.019883712067,1875.3604303310763,True,0.9905848287669761,1.0959545678936307,25.58980827767823,100000,0.34365,7656.543357521656,7664.705983015542,2d56c7c64e59e0e333e23d0daf7792bd8e628373005e080789835b14ea630e31,23.378189105242175,25.571065742318602,24.159128078559988
2590,45992.78376575946,8656.549528908656,True,0.7171320030789741,1.7293517001636982,84.13977318042771,100000,0.05889,46640.249688208256,46689.97276471538,df0e2adea912fcb164c8b63689f293f18dee75ab8e4efa04082b95f9e62162df,48.10921601283245,84.59169579028352,76.84738561229982
2591,55410.56698792451,9207.951180964197,True,0.7633367634227703,1.540541168935318,81.76060323090039,100000,0.08025,58316.654810397835,58378.82607895151,ac28fa85a48eccd9275350963c21f0ea1679dc135afd8916357b14e0a71cb2db,81.46118695930285,65.99134626009685,52.817030309805276
2592,54567.905374389615,10757.911123661475,True,0.6467171253269116,2.742126209699181,131.8062925448456,100000,0.02035,61956.681502566345,62022.733396264906,ef3400ceb568582c4ea5e71bc1af2c0e4d5d70fdb490d4a14332b7dc89946f6e,130.80873515497984,46.48295644068102,52.580928227118584
2593,91504.0784768964,16326.792279226187,True,0.6014648124859625,1.5110526192602867,94.33705734574238,100000,0.0873,97448.80568994572,97552.69566594799,40d7f394570fb4691fdd9f02608a49c33f5bc2ccd264852203b45cb6566f9237,94.01461623176768,78.21500164700711,62.25416650525919
2594,39475.20112635125,7069.786177815966,True,0.7930381495313972,1.5547819474025568,60.20989569476109,100000,0.14104,40931.836008470775,40975.473356620314,e3853323bf8f3861d7ec7693b530a9b25253582f4d1b248fa903c7b14a280b2a,50.50810586113259,60.13639728693056,38.469066658493595
2595,61913.080648055795,11608.372311298901,True,0.6519801975473274,2.6506572417141987,101.4253726450215,100000,0.04761,66047.03396682817,66117.44657707262,7846344005ccba6f79c6053e02246504093db635205bb6bb664dc743b6939744,82.97764251305347,37.84879933786996,100.63298692123226
2596,24550.09087429687,5767.061209776666,True,0.7083234712157348,1.5786287901583458,75.53741840883522,100000,0.04522,25913.869902126782,25941.496626776687,84225698d56728c6648c94b4b012b84fb52bf69d219f34aec7a91be8cb9a74b7,75.20546686309328,47.653488566511285,50.65949423073006
2597,21424.539965777265,4153.38639731156,True,0.8981649956083005,1.2366539428407846,43.44920905318196,100000,0.20232,22064.787179382325,22088.310404673084,513448f549651c45997287e5e902be12e2ea718a1caf545c0b8b3cd4764471ed,35.132758882846346,43.59771709193796,35.97076853011231
2598,5518.346794871152,1700.8229491459094,True,0.8879005885790032,1.6969968732365146,32.14530344865807,100000,0.12883,5689.64143680416,5695.707152111247,d514ca56867e97b402bf22d21d0ed30437a4aed9722cbd61ee568c87cd2d66dd,18.921466458670558,32.011887882586976,22.170527891225355
2599,11128.115481963963,2797.826648505022,True,0.8615445470884352,1.4412344121312608,39.438992078345876,100000,0.14112,11510.15816708667,11522.429123588341,b879b24f0309cce150c51e1d2e0ff284f759943fb054c540be823b4a35fd6da6,33.863997836802355,39.51602135974889,27.32613757772109
2600,54081.088214809715,11977.573264400462,True,0.5774028232045324,1.35059673900787,104.37263630486038,100000,0.03731,56402.780039525576,56462.91093003037,cbd485c1ce194260e51363a94c762ede8f04451048b2712b61b6dabbb8158579,101.82447623882375,76.6741363870422,97.41615932458038
2601,20914.220169841497,3766.9754820064773,True,0.9745088362411485,1.1594517385562852,37.50165553022178,100000,0.304,21317.69312744509,21340.419877267763,02eeed02095190216d929e180ec7511fdfc55fac04703e0ebf2ac6ee3408cac2,35.9268789796363,32.420254451297694,37.55658959593988
2602,17404.151052465604,4361.661132927372,True,0.7446189751768615,2.2609952186309172,66.47367505385807,100000,0.04728,18464.68226505345,18484.367425726527,98969ca3665ada4e301d1f64679b7cdc6a0df45a9f364f01ac13f1ae16ed288a,28.87937127889171,66.53859075215286,38.949418976869964
2603,87430.8189814824,12699.710493741095,True,0.750124473135913,1.5924392654410553,75.13182024272622,100000,0.15901,89662.6295798624,89758.21872915364,ba8c08ec3c82d7f5d2e2e3188feeb45d76a2a2cc0473b4ebfbfef6357ba84f35,74.43479651977124,47.01241584035822,74.19634103560244
2604,100117.12038017502,18606.760109948264,True,0.5603838352024827,1.4720878921630223,138.47148872279445,100000,0.02989,105516.96737124235,105629.45879820667,39f83e861b206fefeb8668e4f22efb290b8d3da93c517c271322be7ebbe2f65d,136.9163889959271,102.63658197324314,94.01592044386996
2605,8024.27450287068,2284.7919016466194,True,0.8483492074378105,2.2053367507557233,34.1620058982638,100000,0.15722,8333.994002157911,8342.878856423256,6368c16523552bdd95ba09ec19acaa36651673f75c1d39f0e37c00c870a0d217,34.13698489785004,30.842553176703987,15.567232424098972
2606,20529.78002083735,3649.8833110315345,True,0.9934088127114571,1.0737587073162227,35.517962381972595,100000,0.35261,21006.517253163023,21028.91225901118,c1d60e809aaa5c47e1d7ba16131ec3815fea71134aa900d373c0c57c552fb928,33.142004937475406,35.422577229091324,34.1305419764268
2607,117283.37952351496,21221.45263215716,True,0.5460092460881678,1.8009310176851432,168.30996798451383,100000,0.02058,130463.84812269075,130602.93536911377,f394dae29682d6007c27963489c2e606b2b394fdd1fddfb0b2fe1cbc9fd9d0d3,125.65719777750081,168.02232887907155,93.56489187029737
2608,59865.887244839796,9668.876010921555,True,0.7654105000231409,2.1518903614017515,95.55669631751576,100000,0.0548,63573.95636911993,63641.7324363051,88d9f67d72033ec459c29c8b8a9f9d8c004023730de0ca8779de30b50a9c2910,95.55669631751576,61.05270367747528,44.15064643088345
2609,27743.984596241935,4990.937138357806,True,0.8880033027274401,1.745483165870893,51.568198384806195,100000,0.15826,28855.748211456634,28886.51126666281,cbd8dc029febc53a2641e430e64adbd0ce9e95014197020aaa024affe1fe29c1,29.58624663190785,51.60596806135756,41.01786873478969
2610,20961.56143839883,3999.9851092632116,True,0.9191255456553384,1.3753992358675942,43.13240747659091,100000,0.19998,21335.99809100675,21358.74435571431,54bfcac89ebb4df53314c76134897c3181eadf0ea4705d687004af3ba2c2d6dc,43.237711205781814,36.95107857308533,31.412102417644213
2611,19952.058059997882,3606.9746230193023,True,0.9862783598219349,1.1934035506114,37.209623778349695,100000,0.29559,20247.475213393867,20269.061006048094,fec33d3677e8504968a9745cfffcc87c7e4f6d43487aa8951871f90175b83a87,31.268438731708898,37.13694873190761,33.16707432000848
2612,46593.405272763535,8268.05475687109,True,0.7573507880098647,1.8426633516221864,81.64683355261225,100000,0.06776,49035.06308898431,49087.339271247554,a35e0737940792b4b2f3a71e9119c2710a5f660a8ffd1180a26971c23ad30093,74.71004203007585,44.33167915551993,81.20830075521053
2613,17648.833236324743,3320.942944486606,True,0.9871126326993279,1.1388009808769983,33.580285804682376,100000,0.35815,18031.564990686275,18050.788405903153,eb934c3592def844c034228c3507e4a29df8b52fec4041d86b91d302dc25ee00,33.76064866789112,29.554914630341788,33.51469930897011
2614,10089.950090727703,2288.6879944287184,True,0.9866358195609244,1.198468186413128,29.080956209508344,100000,0.31039,10149.603341850354,10160.423813585767,1bf81d94befa269b9ee3aa02c9ad1617bbe57e9f8a7d51e780938fb7cce2b14b,28.96025888149036,24.19626434619249,27.199497860992793
2615,10341.866891659061,2322.8793918925903,True,0.9882270999547513,1.0994839500905897,28.62115760640502,100000,0.33923,10574.77509465019,10586.048841137219,d5dcbf9be0a3278af72c60cc01d2d86f9c8f8697a3eec3b3ce7fd39caff323f6,25.96587443002955,26.552831763754654,28.66308313024253
2616,62309.39967639421,9744.972958659266,True,0.7799603596185019,1.828690390853812,84.2657477556508,100000,0.08212,65330.725224150425,65400.374179083185,06c60e0e5b52638873aaa80c6ab8f921a5a95331625deea62226017c80af265b,45.712522342054704,84.03944814009608,54.74393427192061
2617,6776.985203047785,1935.36149184463,True,0.8948420563906451,1.5097001943568849,30.192168172559377,100000,0.19061,6974.994807196905,6982.430835150302,01dc040f0e35e3e25d2aacb35ac50c9a0bd7d2dc2b8159256e07c6c89b12cbf2,28.327271066197675,19.88732171131963,30.155312498520612
2618,44118.820495154105,7925.057873554423,True,0.7618993637309437,1.1503896832015312,60.09975133951333,100000,0.15892,45868.21963335793,45917.11965017435,167a455148a9ce9263568f66e051737211aa9dae6b02b9a1db51e648bb687f0a,53.10083010197724,51.97102520619049,59.83564110413461
2619,19805.205306058826,3568.357595821762,True,0.9920540181806343,1.1067928377993899,35.17969686481723,100000,0.34473,19955.869708091726,19977.144620702515,91435a31ab227e68c38306c6923015725120831b090be3bdc8a8cdb14707a85e,31.64970286788367,35.18828565799711,34.38093909908773
2620,36566.555147422456,6523.478671684105,True,0.8166969052881344,2.01987601732554,71.3115453668159,100000,0.07815,37681.12217383983,37721.293942499906,261ec3151ca1d9511d268987116f625e3f02576fe08e67432a7c8382ed599c7b,42.23676979001352,35.081241189974136,71.3115453668159
2621,43329.773945375164,7880.767552447218,True,0.7570186089449185,2.0690566078690726,79.35616905645111,100000,0.06795,45148.86578169079,45196.99889681087,9e9cddd03e4c7fc119296fa4f287a246d2bd877a06055c933d43613dac9f5b5b,38.16690748076384,54.615488420443285,79.37554312116217
2622,56606.694400069275,10852.674904262596,True,0.6569402334171025,3.4540283787818296,130.1890269425956,100000,0.02026,59439.874759562095,59503.243490647365,d65517d2ed9444aea57387d0b929ed50c9ca95dd69c5f436e948871a9c87b229,128.85408086554753,36.75869376443159,45.76957978450626
2623,59918.14053555194,11769.578460401919,True,0.6291614445658146,2.8415424755645624,126.2319654338861,100000,0.02315,61911.928157989816,61977.93234023759,1294ce18d7e9e9b0cbcd06e802ce7116596d5476e81c68a3a91cd6b3362c325d,126.01623697733405,48.04580910923545,43.45387481977036
2624,44152.05661887004,9411.73571043478,True,0.6418718946161402,1.2480438096005688,75.14027085582839,100000,0.08212,46321.48896584027,46370.87221218153,aade8f4adff7d7db918df9d7cecd33342a5237f81c8bf16c739ef1bf9267b179,62.18884721710407,60.09754085051118,74.6816510385931
2625,57977.45169370602,8828.927296360285,True,0.8205069532355078,1.807220686790674,79.27236775237033,100000,0.09048,59928.49675112074,59992.38640112974,46a14f2a118bc5c4541d42c7893d41277d94880515f2c73f4f107911311e59bc,43.564965774068746,79.29172135777861,47.338918828686005
2626,43327.44687734795,9590.827498165792,True,0.6220187034572837,1.6467166694379038,104.21779342738321,100000,0.03115,46881.22744233951,46931.20742474625,fe8e9a1203b1dfae6c3cd37378d249159cb64afd68c315dc9e590c4c25dfde1f,61.777539658614856,69.81777958123524,103.93791165792493
2627,32885.386268637805,6709.667625129389,True,0.7398069647649139,2.0595758961700055,74.39360443427033,100000,0.06232,34115.32789274017,34151.69817527972,ad855aa76608bb87461fd3fa30469df97ed603f6bdc06fdec0cf2385c9982199,35.6439083745741,74.32095442993999,60.22685358985362
2628,215288.8704930021,40576.68952880984,True,0.42810986158192493,2.5327395067703495,201.07726036604237,100000,0.02269,245266.74969661958,245528.22808580793,55de394dc7659b0ce8f0053b4039a44952863df54480a79bd2ea23d1a535cda4,78.57035039449482,199.60452652547076,89.00221509854364
2629,7552.592700839096,1879.0893907600957,True,0.9906815165108583,1.104600429986748,25.67926672062545,100000,0.34016,7658.54730004739,7666.712061940377,e9edbaa0efd401a4eb73318ee5346f68ec7a5a05378ac3e06f4209c625c0df72,23.190333886619513,24.96456056677992,25.597765141678153
2630,19906.714918567206,4826.624553035174,True,0.735936491519491,1.7555959047472192,52.20064820746296,100000,0.11008,20818.59469891663,20840.789360907183,2e70041dd4abbbd95b318d0a3054f6ac79ec8d3fd169ec0fab7ee879b5b7ff84,51.550688964645424,52.00948372428134,29.745193583061166
2631,11352.02929612838,2695.244649269051,True,0.9062922525665963,1.3577955979090857,35.18747429396264,100000,0.19971,11568.562522319084,11580.895743586547,3e0f87b4fa66dd5d82042bae8cd60899f932c42df53f1256d95268900ff9eda8,25.75489451496582,34.65485139205207,35.02425114660295
2632,10212.362287878195,2295.012935306955,True,0.9918586738401689,1.1507291618239184,28.243909481465465,100000,0.3458,10358.92582802939,10369.969458046855,bc37efe2aced19410963bf27d2c3c1a35256f5946a8ce2a6d369f63f3e501841,24.561720110590816,28.112895252913745,27.450928624441897
2633,153068.48588231156,23174.518652168386,True,0.5971231741143986,1.9439001902728064,179.1707753093819,100000,0.02166,165643.83350423223,165820.42606240508,7bbbde67eae340a0c194171b414f4910efa0f7eab86769e2686fd5f4566dc81f,177.77100362727737,97.89653201718669,91.59755944771624
2634,129011.43639256705,23000.20905655354,True,0.5368312817976851,1.226219078494963,161.91884312246935,100000,0.02469,139356.9293152635,139505.49745768253,46fa7a3e87358b3c1f532d3541a2543403245ecaec71da30d0c06492ebbf39ae,146.93660641753382,161.76071925223255,132.11249358283513
2635,44399.6827720562,8965.514010599643,True,0.67633548769663,2.432117037245667,95.41503023146379,100000,0.04202,48531.27782424302,48583.01692204749,20cb7afa0244867d78da1b5a3e6d0fe2396d92e23a477ec6df3937069a1b8634,94.94913652916172,49.33814307378914,39.08848162314361
2636,96494.37268852459,18014.521814763706,True,0.5647584150135786,2.9072716042643973,164.14128896418592,100000,0.01839,108131.08217148189,108246.36050098382,2135e076e28376c5f2947e0624bde677f919422dd27926fbbf502c25be406384,55.842501506736596,93.05079906612298,163.0192293716573
2637,38410.40968906736,6513.748432671992,True,0.845186274681641,1.6257062821977182,57.14597706117041,100000,0.15767,39122.02775235879,39163.73566756182,346dec9eba79435ba5617f042f94a28a268a728d1b91ebad40dee86326501087,49.36095381895042,35.11631451732566,56.74137907904787
2638,18274.503522271436,3385.7177366984,True,0.9909774387001531,1.112125570138137,34.26917905243043,100000,0.34703,18569.20983472831,18589.006432033442,27147f03d75f51c32495b9a25b4594b858bf88e94dad48162a053eacd53eda00,30.74688306095748,34.09348257779639,33.457628669597
2639,31817.154367838473,6373.192414154541,True,0.7619058660645581,2.347975546221931,82.34824949114322,100000,0.04496,33381.41324120308,33417.00109880684,b72f87593ca2e2d2e956a178d95cf0735b2b8b134187f78ebb57f28cac5fac27,34.58988360583787,47.2054906750987,81.7250083450921
2640,19155.930900450618,3489.019186575496,True,0.9923151181365127,1.1165304876897792,34.10784071078099,100000,0.36915,19475.15185230747,19495.91427257781,9d151e85413cba90bc34a6086fb1c4437344046a6f864efa40ad5102374a0dab,30.602127590849648,34.15780336807217,33.71646656200006
2641,11765.231235962134,2549.1804644881217,True,0.9813347722022323,1.201068402809299,30.137414586588847,100000,0.32948,11991.19143964104,12003.975224748337,a517ebc886a98658fa1b81a9ecc1031540213daf1b4e0c5ec40057014b9ae449,25.060555195781646,30.071194681491363,29.600297578575912
2642,16470.61344058575,3151.1067224674243,True,0.9934839651609727,1.1460425428902563,33.89790825226274,100000,0.32395,16776.9104189905,16794.796249488685,57c090ebde5f4317e5f9b01ee334ffb71d0140955e525c41a1dd7081f7f2c298,29.702049003264396,33.87308068274204,31.382047874165114
2643,22617.900429799716,3970.3159879096793,True,0.9741531603336393,1.0534192350039282,36.31757043714009,100000,0.36153,23025.549604964843,23050.09709714766,92e7b2e0da854a6b0b2dddd6e5a1fc30fe6f9099976cb7730dfc38f6f29d0587,36.47716913535018,34.952114908009335,34.464452219034065
2644,41252.285843541125,8741.863393534824,True,0.660458379256065,1.4621739057030931,75.20146327530408,100000,0.07523,42538.80025195385,42584.15078145547,faba970ba71e1b64f983e9092db36fa0aebab3e3d53996aa280be0f4d9558649,51.425610018097345,59.90780631526299,74.7791894336703
2645,18543.24794289286,3502.535607882,True,0.9672946124462187,1.1273024152606215,35.49837941817337,100000,0.31708,18858.61229153952,18878.717420222547,330cadb3656a3f86010d42ec0c76dda7be0f7ff7b94b01155a1805ae3ef1ff22,31.641743958923577,35.56771219047449,35.325047487420576
2646,19020.079913105834,3818.166749210659,True,0.9024797338079846,1.7374557729480236,45.22133707537584,100000,0.15724,19333.41325635229,19354.024569390185,3d6d78c60cff1a20e25f7fd2e0f58aeecaf3421438f7c973c6605f96a4984f3f,35.649340189548,45.25445817186659,25.9227781867633
2647,12900.825069367289,2679.578642451264,True,0.9927257212798362,1.1565419381591553,31.37362539421721,100000,0.32001,13139.322475079167,13153.330280377118,4b3fac0ef7e301a48425262dc529871be446e290469f06b09eb9f82e88e67f2a,27.114900853400613,29.56596533732384,31.30468920560687
2648,40080.6353666115,5811.985154729638,True,0.9745019065362256,1.1785017764791998,47.49513399850123,100000,0.28967,41263.51049537081,41307.501441024615,2443b8d5a1e06c116f4baa4ef4200ae77c5d629569dbdb670ca55dbacc212964,40.39869307880329,47.50672949020007,43.320756986914205
2649,12848.063377559754,2802.0961569790034,True,0.9467301400063619,1.183508380521701,31.163313171897173,100000,0.32351,13017.688753423137,13031.566885254744,28d5153cfeee5858d508494e4c7209aa5c2af8a36396957ec68fefd762cddb7c,26.316870181052813,30.432923019430838,31.140488479632594
2650,26703.12101691993,4362.589714658889,True,0.9903326619632652,1.0752871451645807,39.022417204319666,100000,0.34387,27167.651260137136,27196.614638574352,09a916b2de5e1d2abd936adc0303995282b1424f7c9f7dbb15931365918823e2,36.240545665339845,39.079578948271305,37.23134922716827
2651,25485.547303106443,4230.329562823947,True,0.9900092032268847,1.1243947319850986,39.45989830423245,100000,0.31735,25925.174558486553,25952.8133350079,6e46b79ef14e5dc308173c9e080c8ef3f8b9a3f54c442b5a8f2ceb5922d32517,35.88577177325827,39.33465936918484,35.02836675639385
2652,49574.10118893315,10099.466290479042,True,0.6461831064313129,2.785650980696198,127.21245566139498,100000,0.0193,52827.67764455183,52883.99712557462,f2033533a1ed918bf1474106d639f8d2648fff13ad4814c6e96002c6592fce7c,44.614426893943815,126.467070179004,47.84443065097143
2653,62120.062279277365,11485.827148558068,True,0.6604041137489562,1.3224016697137226,83.10147877052819,100000,0.08562,65330.62021507959,65400.26905806236,14ab0014348ad1cbe131bc5c4f66ee60d5b1e6abc0b7dce56ece80c5758ba185,76.95407933999351,62.3463975248616,82.97974808873542
2654,75792.16450803145,11775.279543725821,True,0.7355221769708267,2.4716286708109303,112.52696525996492,100000,0.04204,79643.03995803007,79727.94724295166,4052fd85a938d4e1c969773cf84e584d14d5c1fdcc18708a31d37f4883991384,112.14235160917404,45.52177281146531,46.8129757819776
2655,20545.38486879064,3667.156418094872,True,0.9892306044201512,1.1314410751555783,36.317591364568955,100000,0.3298,21004.728202898437,21027.121301443705,3780939874a7aef480e2e8488f0706725824876e803b0c26bdeff80ba312491f,32.150289621075935,36.15799257439262,35.20039983333466
2656,22465.537083750576,4469.2244086534065,True,0.8615156404987675,1.4557746261017595,48.20729539430383,100000,0.15444,23004.53157971049,23029.056664618798,4f84230d36e68d8b0f71a399e2707e8cd44bde25aed79eba97041a7b12343b63,33.10720750590251,47.79536782135446,47.87775333594432
2657,46100.72605540988,6303.886035444047,True,0.9863119193504795,1.2004504004783807,47.38749445589153,100000,0.33352,47187.658052031205,47237.96471949544,a03c093f2af927837458b7a736a2590790aa6215cc9a9f4526d900889e3946fd,39.659260496776405,46.27685005458156,47.202387055673206
2658,29208.270243956304,4629.742372304103,True,0.9906749730832034,1.0553344932376172,40.052720246145924,100000,0.34701,29645.128942159066,29676.733554576636,a9602a20f7b3379444f49ccba947aa0c8d0b5123c1a00b9973bead57f10773af,37.85255861153097,37.90145109230019,40.04294174999208
2659,77518.69178232312,11739.746310730776,True,0.7489101252061107,1.559402761529652,83.8338335285524,100000,0.10297,80664.78713168492,80750.78369921603,ee14276220fd22d9f29103a3fd0721fcf91efc847f2ea84ba3d7e2f79827f5ec,63.32565452571805,83.17888170411061,53.33763920298036
2660,30259.87309374176,5119.556820049479,True,0.9172685260015414,1.6790660718385246,49.00345501085022,100000,0.19669,30773.55615330956,30806.363779710282,c936835494f14c6f7cd355be883e0c0e6a923536285b2ab2d9fd71aeb1f4d82d,48.85989020124812,43.99065040891021,29.203475019893894
2661,57699.4981288232,9661.259907871936,True,0.7474205755302429,1.3505197826109543,63.555047740601225,100000,0.17494,59711.031231519686,59774.689041975034,aab2eeb847154f631c2665301069264eef334aaca9c0658a30987aec40c3bd6b,63.803309645837956,57.05368909721453,45.943968837871154
2662,98810.53150650558,18721.13884927951,True,0.5521037332101896,1.9425958838593218,97.23801428245892,100000,0.0841,102806.25563661124,102915.85717924024,10a62e95120bdb6e9f5cfe2e8366c637e91171b247a4626c684260c9eca597f5,49.75851512110203,96.92939753791009,83.32652102818136
2663,53015.1088586894,12928.672750521655,True,0.5278736130878953,2.8077807911682537,142.992774766148,100000,0.01594,61964.92092026828,62030.98159799348,6fab5c91f20f220fca6c670b095d2ffcc5f19338680a7ed7b0afed5ef1d954ad,76.10455297612367,49.32831805287282,142.8182230391385
2664,47213.35104514534,10634.713425963575,True,0.5940206608063987,1.133550287158414,67.19356025691653,100000,0.12231,49335.57864410606,49388.17520539901,a4cbeba4643ecf2b3c95ec68f55dae760f7ee7bc45a601136d2e8f715e33af36,62.74789257390276,67.09513219013392,59.089649425149744
2665,10944.76977217695,2400.098867569663,True,0.9932519188815737,1.0965677188276677,28.45433829808954,100000,0.36291,11116.285923484613,11128.136973578543,bcf6fd9e0b04e1bf71878889dfa7a485277c994f281b27801d08e76244e8274c,25.779797222707586,28.350135399048682,28.391816558665028
2666,5260.729513605981,1488.7340505568764,True,0.9825718502158487,1.1487404124797396,23.544986584847308,100000,0.3064,5317.400898128092,5323.069768544616,000b70e083b51be0dc60aab5398d43bdfd77cf4b8d00a4bef65ad56d6fdef4a2,21.42961669636493,20.481149219192133,23.50474857066422
2667,46048.37075715543,7218.404734757776,True,0.8607011989102986,1.773646884315362,64.29454477657598,100000,0.13319,47066.21753789654,47116.39473787255,8da338a6637a3ed7a532fb96e3f7e3caa411f8c3526984b55981f96427a37bcf,36.18137834716984,51.54865357575085,64.23175713519261
2668,10105.943514369848,2843.9304913858705,True,0.7948461187359324,1.488925632873111,37.31644804779289,100000,0.15244,10532.103986657687,10543.332241562206,b9ebfc0b66c24ae158da3b852b5fee80c538953eec2c2622d3248d7939bb5c71,25.099319914958354,37.30733758684372,33.3898393787014
2669,11246.8142510081,2446.5200755568444,True,0.9922513284177732,1.0871671358043682,28.432034522016863,100000,0.37571,11481.321268755406,11493.561482297688,05bdd92abd66ff435bc61af873c8b782e499125125eb7c845de07024f694a237,26.092777775454437,27.585181931273198,28.348737545878144
2670,51130.8930647952,14177.826569114568,True,0.46989055667663443,1.5752122145735268,139.27993907490364,100000,0.01542,55394.33839884547,55453.39419174283,0780c6b37c687b0b4f55bd8192c176b9e668c8c72c5c91e7859a68dabdcc4aa5,85.92783350641639,136.62763554759835,106.16014887496317
2671,19954.244776599004,3677.679542562775,True,0.9673874243324352,1.07512946851287,35.60981819210062,100000,0.33667,20212.916862518636,20234.465812584414,771bc2d60e443f70309ae8ca21f5bffa14c9ede59de0fdb354c538a53a5e700b,35.731531437874395,33.08861524392943,35.505492552865945
2672,8921.588849918,2378.04998010668,True,0.8747647679746858,2.0792412553816395,42.47771499812177,100000,0.09082,9255.081326377493,9264.948149989023,8113d6a7ac1438ce1dc08cd42a53669ee1661c21da32126ae16c3a4dd3ca1597,20.518105254830054,42.36363910335142,24.43298255263059
2673,43349.852716966714,7077.458428386131,True,0.8432024924011126,1.702767189829341,63.50814468969618,100000,0.1289,43899.188854502,43945.9896915602,969643435935180abd6dd8397b5bc9ebbf036f3e84f5af857b40bbb53b398cee,63.539154525970446,43.87891832808597,36.684636312456334
2674,146656.5151403071,23647.35084841116,True,0.5687252849132106,3.2721665064095786,177.3793236634932,100000,0.02213,164212.30584410753,164387.37225351742,9db90892bdbcf03a1999902b9090f546fa0052ca218fd345e9edabc74a72102b,53.59055493983712,72.68827997294272,176.29668618996112
2675,54764.947451982036,9617.269031446413,True,0.7251605053327697,1.2044208944378365,71.3689083849334,100000,0.117,56549.442233759975,56609.72948053545,82141c08c046c47953c5b7b6acd7877981c8c8f2b4a12014d7f2fb73914860c9,71.0726995366561,59.27661775525962,64.39928842546726
2676,11068.717653645332,2414.8023678006202,True,0.9946433981499088,1.0751173467074027,28.48119476465203,100000,0.36277,11143.491282472982,11155.371336145485,5168cfe3eb3c892a3b9db82a0071d8fb30bf237aa90b041bc3c15461ffa54369,26.499471007834202,28.453381097889675,28.10571026336023
2677,28786.25774405453,5753.669715333309,True,0.7894585567003753,2.1328412467810844,71.41576668182202,100000,0.0624,30219.146913340883,30251.363485164493,59a08248313b1889cd50cb88d96d1332047042aad0c5a5e1cf18b4d2ee84fffe,70.82296002479518,33.53716484679801,39.73548151071104
2678,19194.95986952432,4767.806083138403,True,0.7271494501762079,2.2649385440323098,73.13399213679239,100000,0.03891,20236.452159345616,20258.02620034408,b957698ebc56aa86c239bae213b5af2c8a1cd872554241dd564c2042ceafc082,32.25501874880749,72.27695316643934,50.08321483000553
2679,143634.4393309861,27058.815423142878,True,0.4901711351918041,1.409731687046601,128.4239797904149,100000,0.05417,152550.10476777278,152712.7381280408,47de3e41e0df2d2cee3d453547a07f116a5e1e47242e85c30c052049436d712c,90.26675727944448,108.01284433056136,128.4239797904149
2680,10582.557995996274,2922.2019862142097,True,0.7976903367710281,1.4441328403251672,42.10796520883868,100000,0.11023,10942.28130194091,10953.94684605733,8e550d194a7177e05047469ae55aa916f75d6b3366b8a913957e2e7b98025c6c,39.17808969992291,29.04174846556867,42.0154428243466
2681,113725.22424073005,19743.122070954145,True,0.5749624665629282,3.3237046904111542,197.52073909065268,100000,0.01322,135451.82559049467,135596.2305096769,57d26a05282a325dacada3e412642c73abe7a5e1fe8de15e9263e588d831b937,197.13495639711624,71.63502390604603,59.77220607980078
2682,321217.9835931524,54826.776999747766,True,0.41370551361457303,2.773060705395665,318.82648372923535,100000,0.00907,390828.0781231641,391244.7391522012,40800516775bcf7b88d30dc5780837ce289f69e30f8b8d78a542999dc4d41fa7,313.76698142396185,168.90953849913103,111.38688921302143
2683,61857.93228517065,11483.627209289381,True,0.6586711445967776,1.7264378745715934,116.2308829770912,100000,0.03061,63906.236510875635,63974.36682125249,2524f7569f9e259994099eada3c1d609f2ce4d089cc56e3794e45c18593f15e9,66.60006893242993,67.08247249947354,116.17412961626252
2684,115974.04616850246,14578.71833889111,True,0.7888697784475053,1.2610087554702976,77.04671746800076,100000,0.19483,118476.86500681049,118603.1729546118,c99de476bfa0101f048a874a09d38c12f801cc258cde5b76db6c093834a64827,77.02790723424394,72.66393300265794,61.07682900844689
2685,37567.003925211335,6801.20273683262,True,0.7975711639279284,2.410017785426417,68.23868709748366,100000,0.09062,38285.23761841117,38326.053433333225,dc874b38f21de074990f94e04eaa087ed0b9bbeea383eab268e4cf8da80c8092,68.0221092331606,28.213431787008933,65.4564945327181
2686,26649.028321363337,6001.070123762402,True,0.7189681887096652,2.5144306380575405,76.26406202997066,100000,0.04696,27695.116070522974,27724.641778135036,09aebf519f67c9dbe6636cf950f09ec5897b44c5487a09c8e3b0cffe28fa94a4,57.29114230132318,75.77996397997573,30.125794034299936
2687,20770.118738426918,3890.771735776715,True,0.9391631094488875,1.1963363500970872,41.11670571926996,100000,0.23096,21345.533179165417,21368.289609211304,63f36013c5ed9bb62fb151d685a6dd9d32c7fee159df05f0c35d677a7c933069,34.31076663780877,40.97617010401855,36.860484228798654
2688,145253.9763611923,25223.66235609303,True,0.5297789118067054,1.398379686984097,123.58385127171633,100000,0.06134,153937.43598978937,154101.54838108647,903eae4fe694d8f61775089c70f16e5ecdec3494fc65f455f6a36b954469fba6,88.04142529562213,123.88556965861017,93.44218442102184
2689,87193.38156926821,16187.568100695864,True,0.5874328060007156,1.6527413688949153,114.27429005689143,100000,0.04664,92537.85723716787,92636.51166088915,ed5fc2b3fc31225eb7090798f8f426173b22491468e7f73acdedd76fdf4f9830,69.27320854767123,113.8279061113567,82.1067469817948
2690,13166.751805003072,2739.7001937245086,True,0.9842381245855463,1.0960005641937804,30.455341708542704,100000,0.35515,13338.824254988323,13353.044748733088,ae7e52448445502302e8354af422b349b5cd7b7009971c6721cb9e4c0bd057ed,29.600272300221803,27.600153423366823,30.462777094702016
2691,59632.951696457574,11502.21731743342,True,0.6417414532805212,4.800016642523995,150.48009895002878,100000,0.01384,62703.039867034444,62769.88745188611,03fd43e0742ae375e97b60df34de947dc2cfae2a2f3622cc12d4b10c2174e8a2,31.181636714803936,59.57116221862102,149.41468809320483
2692,28111.43969015681,5872.964409600075,True,0.7612877019547544,2.625552853293552,76.28510059566068,100000,0.05079,29978.692277358863,30010.652500978053,8a66569b012102e3e55cdf787ccfab92ae3fa7d0253aa7e3c6f7fcef3dcb6f2d,28.69072203799201,76.34097347207353,43.84158369193975
2693,59130.82460350741,9633.774757699644,True,0.7618981634455296,1.1275579235352418,66.82078965579444,100000,0.15444,61264.64275724003,61329.95686982225,86776eabf66f7dc93927b8f7b5c880681abb541d059f4b28c504b9aaa8b273a6,66.6413392929493,59.57752046459017,61.50253344783815
2694,65799.13965656918,11997.184462096484,True,0.6569791670249138,2.079464735149617,87.56972695079924,100000,0.07605,67901.05258453537,67973.44176030402,0d16af3d6d7b1b1fe1e0529e391601e331c17dc7ad97ff3234a4178349d425a4,76.00351057375275,87.35593367211078,41.187275139334645
2695,47294.43442633783,7906.217344933848,True,0.7999362901910122,2.0826656852751366,78.23678476160265,100000,0.07778,49524.05796644081,49576.855465160676,386a9c1676b1ea2a8c6c01d51034c236f6ca98c37a85fc9483818bad28dfd080,77.75926532336044,37.752686787428615,45.99467229148905
2696,95375.50425221282,18124.76673189852,True,0.5569757197266078,3.103743457227773,164.2460339216468,100000,0.01823,107395.63850844301,107510.13278293304,4c31d92a0b2d4a4c10bd596269d9abe8025b0c9db61e20a5b0760d1cc23b507b,61.87295662624537,163.44405133413878,52.89075164615531
2697,46774.55039075598,9723.977576605648,True,0.6456243825969613,1.5687145557112125,77.04488888653955,100000,0.07929,48213.11802636496,48264.517934647985,0b44565570bebc63b95890235417f1d78690ea01eb6088739276eab5ff913ad2,49.093544920377994,55.771019421042425,76.53702462874253
2698,24084.509097203296,4083.2647448789794,True,0.9877228889142429,1.0851786637667211,37.31299068437036,100000,0.35542,24549.199954603977,24575.371807364016,38341a6dc462ea072e694b88e6abee14f4cb1cfbd20bc350e3a5b50d30d7e356,34.48900945581695,37.25833298317255,36.52045401700215
2699,79086.79573425541,12971.57739134133,True,0.686900744034418,2.144913248675524,129.42911373044348,100000,0.02902,83658.22422038695,83747.41208518541,b962e7f2aaceee450ae368ec92cf4e6487e61726d55992de2f9900b8aa411dd3,82.06235555614299,59.026754015739364,127.72277287559875
2700,39365.70996435645,8350.422950379703,True,0.6701742087853326,2.470334606536308,86.41805349157332,100000,0.04855,41659.876250592744,41704.289760982,19f08229b630e15a8fb9d557572a971ca92fb800021fb217796223f13f114f9c,75.93226916898739,86.54464243711763,34.179015296960145
2701,20925.885425914817,4301.238729359821,True,0.8537809733800275,1.1558900907104896,45.35713913387643,100000,0.17127,21248.758530072424,21271.41178885931,cc613c387b8ab3b45757a88b0631036ad546c8b6566355df37fa42101fe8f9be,40.130437553996146,39.21133536939855,45.35713913387643
2702,12578.46239896513,2723.266600691843,True,0.9604593793777156,1.138760044533771,32.34352271722567,100000,0.28647,12887.135906820058,12900.874856524146,58cf4880f478c866143b7e5b43edec2c18ed08ae94c02c3c150b83c3de9debf6,32.50145007424338,28.4900952059937,29.93513052270569
2703,57231.478900547336,9293.41063400838,True,0.7727973836369076,3.196139624896273,95.05072251094708,100000,0.0531,60628.397591506255,60693.033404395304,b3495df29e0885b7b44d6ea8bb1f5ae65acbeb2d12638345647f051665364573,95.42201439575547,29.23923592866048,51.33110307475951
2704,18202.61541943088,3630.6697824769244,True,0.9216935949784277,1.238040661226746,37.50458789049851,100000,0.26248,18410.463062666513,18430.090420356824,9624a8c07656fcc061ea45781d23b4b19aa521858f40ef388a5fc22c47eb1f2e,35.1513947538144,30.25272421635915,37.54121346461033
2705,29671.2519388919,6663.232928583998,True,0.6955948799610496,1.632919823082119,60.475126725845556,100000,0.10551,31026.96429852855,31060.042082843876,15a3cc2b364c537fc328debbf3a9b4d7784aa85ecfefdcf28c596789832f452a,49.062218288570506,60.593242207731976,36.97014583044856
2706,54060.903786612114,11177.447782265941,True,0.6185816169376761,1.9547678021346684,112.36107650473181,100000,0.03039,57318.34946208237,57379.456439309484,d8a5c7da0c59197b263668d6952de5158e1753f1cd0a558047b5515af064f480,69.53987522936893,56.94863154878497,110.6328665877889
2707,22643.177525682506,3974.0043594108993,True,0.9739740059517791,1.0790390805845536,36.14358416244346,100000,0.36609,22982.476174084884,23006.977745769556,bee101685a8e1830e2d4c0cd63e9248c60ab4e1425e5122234c7aa5f557e7820,33.56694193211302,36.011222404036076,36.16123239689777
2708,11865.598285946835,2568.2351375381995,True,0.9795856962625826,1.0769011489248415,29.44941673012083,100000,0.35572,12079.631285116782,12092.509355765698,ee226c85202ff7a7d94212f5b2e2533b5c2d2083ffc1e71aa076053c7cd26997,28.30623868810686,27.349995420258704,29.40627793608257
2709,51665.68754983748,8812.022356957128,True,0.7612781114318674,2.002433801149949,84.30218585546126,100000,0.06779,54000.45785068213,54058.02763032693,f46bf7dedf7122708b8284949301b9d44e4c5d433b11f27981cbfe92a3287e00,83.9111356769325,75.18454221923827,41.80120592588911
2710,31553.34355009942,6261.318819934272,True,0.7712264167477885,1.7990785860825163,54.4266034632557,100000,0.15154,32484.50718130508,32519.138849159997,e2c7290f0ab3980a845d6e461468b33cc8aa00670763a554c2d43aea0a3965e6,54.36016473832497,52.23412554054154,30.45551150824758
2711,7600.347653848364,1932.6923404022118,True,0.9672610603568301,1.148572984081258,27.867057304997132,100000,0.26867,7730.503995307459,7738.745470088723,8e93ea897bf1bdb5592f96a2e83640613f7ad7ba49b76d56aa85014b461736c9,24.213588122188675,27.921485151295958,24.274819449274844
2712,19818.623491183655,3821.5585255271344,True,0.9267429001958597,1.381513498977666,43.256233199776105,100000,0.18784,20213.870307035166,20235.42027356624,38d3ce7b18097a655ba3ebf74c6fce92604b3580f52366bd3cce452c0804a694,43.09782414264802,31.24882666946716,36.34959830899154
2713,47064.338317769056,6530.836490710524,True,0.9652577235212753,1.3100330945342469,49.08204020575934,100000,0.30513,47969.813637758874,48020.954159721914,eff0ce7ea0513aa33443b7b9645df783ae38b2108065faa46f0ed1eb99f21b0a,37.578437032534495,49.05807436581513,47.83581652865999
2714,45910.2289410327,9400.850218017644,True,0.6595635247875675,3.612610042519252,117.49582873061837,100000,0.02255,48632.79101592599,48684.63833674021,215bd5fe986aef94ec6b9678fd55dc0025b3e1377b6aee0756073129b9743e5d,116.54920706359921,78.9711954334454,32.371592461548545
2715,27711.407925982883,4740.14599327855,True,0.9342536449692446,1.1626410689465425,44.44389840957854,100000,0.24303,28366.88363479686,28397.125512459847,0f72450f98ff5003b18a40e76937c12383f26ecfd5a73e80cfb415947db7a5a8,44.57410514320034,39.86496161054481,38.1397223900558
2716,11748.179328690383,2817.9303670467175,True,0.8868855494013649,1.0106182369941255,31.547474520746064,100000,0.28872,12052.744922124484,12065.594329275817,4d6be17f5a8630347c53a1d4202f22b64e29e04349463cb42132a32d635752ce,31.154671493266076,31.262499775319398,31.501262399866064
2717,45314.123253725935,8222.100610077028,True,0.7475789407176815,1.8908123681706257,79.28766680187219,100000,0.07105,47086.48786575655,47136.68667588838,5461f78960e472786135105efd49257fb211d44c8fcabfeb27f3c8395812d507,78.76501860762157,41.54085277266057,57.56873072967966
2718,35914.51199866077,5830.249391630687,True,0.9029082861382179,1.5457496927333454,57.54283006204861,100000,0.1458,36935.712240636734,36975.08932926432,9607da323d69331a981661962d7fa03197041f9e3cac5543b978dc952709d587,57.47258734957052,41.19032659715003,37.383171580837725
2719,7884.469633091902,2833.4222259893395,True,0.6761159034360441,3.404489478006759,65.14280118455247,100000,0.02416,8879.970445169041,8889.437363823585,51d04f56cdd5a8e8d54693e151186d7cbfcf208203f02f4b68ad0c00bea26bdd,64.52254502093001,19.140469049220926,38.91709826625974
2720,19085.809670689952,3767.9435834472606,True,0.9166146453615234,1.563459140289965,39.332231840957405,100000,0.23982,19401.99871625518,19422.6831481141,c01f9e3fe418b972267e5bc5356e07698b66562e798e639e5763b57f0164828d,39.581899328229106,37.824624321662895,25.20681361877763
2721,9656.787478194483,2249.8591818962177,True,0.9747290368693594,1.2035250232626953,31.084580460512683,100000,0.24664,9849.492275580114,9859.9927995106,214dfebea48a9a3e3e6ceac76ff98d6b15ee07262c3f66355b87831202299c9d,26.182080710148625,25.711562158256097,31.130114513921633
2722,53330.81329423841,10487.132355964877,True,0.6533504277726278,2.463347720967628,104.31041634321036,100000,0.03742,56467.96298004052,56528.16336194729,3ee2283898457f96d7cfae3ee775eae1780184006947eeefdb1bc3d035b00a62,103.67375608720933,41.96864407558856,88.01191378958374
2723,20165.480901174033,3809.2367619179527,True,0.9405572018220596,1.161379122742786,38.507354369424135,100000,0.2718,20634.587856099126,20656.586348764158,24a3405d0f4f8339fe5144a781071322db5709e0de79608747368f455d17c43d,36.852741486362945,33.01704798472108,38.52615678854983
2724,42532.41578096187,7160.325682983019,True,0.8229334494236432,1.9980223310761707,65.41899915696567,100000,0.1178,43850.27070967896,43897.019395201234,ea4b0022338c36346be824efa9209f4ed55eb06c7c094ef717753918d1f0516d,52.99322246162404,65.45094202764778,32.374099436320655
2725,70976.86605417605,12108.42212562716,True,0.6846592044125642,2.114175878038416,110.29467949204815,100000,0.04364,77850.91701696222,77933.91372321616,15fab457672080b7d4cdab181e90ec4391703dfb02a5dcad459a6c0076635665,109.48685713248724,74.45429413952957,51.767949541860986
2726,12981.76801117612,2752.453312946597,True,0.9704803042033907,1.139430915978408,30.893418274969207,100000,0.33833,13263.364466727566,13277.504512943642,e774182ed62199b41beb5ea2b11b8308168e152c4e81fffd617c90242ba232d3,27.084537359720315,30.259861845502066,30.923587628753353
2727,135665.75246154834,22411.50056946867,True,0.5697180869192553,3.1950682489853808,223.13263544045492,100000,0.00955,141061.32473994282,141211.70993490054,9a4595681a394238ef70502b09eb4af51f1dfea43c1da7378bf8f93abe30c791,221.988644877894,92.90837640226951,70.21923024481111
2728,121101.8464648958,20263.003287327505,True,0.584181078618438,1.7252221437601856,160.40619091952294,100000,0.02411,132304.88814354813,132445.93811903946,05e83000523f32a841ed919a8e580f4676b17fe10d11c555d07c35269ca90ac2,106.44141282208577,91.28584742026561,158.36978419886492
