instance_id,mesh_volume,occ_volume_est,occ_fraction_inside,uncorrected_volume,uncorrected_error_pct,global_train_mean_volume,global_train_mean_error_pct,occupancy_only_ols_volume,occupancy_only_ols_error_pct
1,7442.123167069028,7816.453620743662,0.04665,7816.453620743662,5.029887913317865,7541.1827633429575,1.3310663375239784,7282.4440128970755,-2.1456128928169726
2,16203.333530945318,16839.637343284478,0.18327,16839.637343284478,3.9269932395327167,16246.59839816734,0.2670121375912826,16422.564291696537,1.352997889801677
3,39440.16129839994,40998.06122995598,0.13207,40998.06122995598,3.950034381880796,39554.238748033174,0.28924184353644744,39560.32963524631,0.30468520637425556
4,70614.8126576975,75306.7158109598,0.0327,75306.7158109598,6.644361114439401,72654.65066285981,2.8886828816644172,70115.58572023152,-0.7069719775169014
5,60821.14328166293,64650.18307100266,0.07335,64650.18307100266,6.295573517267572,62373.40741434952,2.5521784842123862,62045.41364057375,2.0129025744241913
6,21892.783723095956,22248.66417239841,0.25232,22248.66417239841,1.625560521693803,21465.136352761227,-1.953371374530044,21745.63579987201,-0.6721297989561337
7,45143.757379832125,49018.89762602284,0.02485,49018.89762602284,8.58400024966004,47292.60656961036,4.76001404069708,45344.7250430188,0.44517265476102796
8,23298.856746432317,23565.331009728412,0.07737,23565.331009728412,1.1437224847390848,22735.434334493973,-2.418240594679044,22675.616045027065,-2.6749840483082377
9,25012.48623936867,25312.94294967467,0.31675,25312.94294967467,1.2012268889651345,24421.50089075932,-2.362761314303752,24850.73997348621,-0.6466620884247765
10,18853.704955086625,20034.337794123636,0.07234,20034.337794123636,6.262073379473798,19328.79156950226,2.519858115672169,19275.39980606522,2.2366683470604665
11,53523.59818671667,56412.89025732123,0.06874,56412.89025732123,5.398164862768184,54426.206087869556,1.6863737337017959,53817.78495644449,0.549639373462063
12,130526.69951110164,142295.70513636054,0.00863,142295.70513636054,9.016550383439291,137284.49894774155,5.177331122254514,128225.35731577773,-1.7631198857733898
13,59867.90716042061,62941.08847494617,0.03878,62941.08847494617,5.133269994374001,60724.501742536995,1.4308076275675985,58959.5733469916,-1.5172299425718405
14,18691.53930929603,18940.81372800943,0.23515,18940.81372800943,1.3336216701501202,18273.777973976496,-2.235029059975624,18564.622261687768,-0.6790080020062428
15,91282.46419705104,95343.4185731378,0.04558,95343.4185731378,4.448778209274007,91985.72391369645,0.7704214854753255,88554.82143663098,-2.9881344510287455
16,13172.52347563292,13527.298881411249,0.16355,13527.298881411249,2.693298717095538,13050.910055726974,-0.9232355526328062,13230.778147928886,0.44224382976980614
17,101402.7447244468,112701.48810797816,0.0375,112701.48810797816,11.142443347302589,108732.49695584146,7.228356837196692,104049.61573068758,2.610255780978532
18,7074.695481032864,7196.2618961253465,0.17589,7196.2618961253465,1.7183271763201668,6942.832236289665,-1.8638716690594248,7039.426015267611,-0.49852980753462006
19,14806.54292054047,15418.833449129568,0.10262,15418.833449129568,4.135270007826697,14875.83073848894,0.4679540546385752,14879.81648254691,0.4948728572203631
20,28388.73720767907,29354.153728528603,0.14711,29354.153728528603,3.4007025877445196,28320.39296473667,-0.24074421642084065,28388.253046807593,-0.001705468150747791
21,6363.497503072972,6484.324993185202,0.1821,6484.324993185202,1.8987591344835408,6255.967506894752,-1.689793955702712,6338.2095304047725,-0.3973910990927254
22,31624.81786001405,33834.33318101036,0.05926,33834.33318101036,6.9866499493424605,32642.79461937917,3.218917382769293,31678.756778640374,0.17055882776964015
23,33608.89644145728,34831.78860951738,0.05377,34831.78860951738,3.638596614412015,33605.12281188552,-0.011228067480073545,33061.570338271085,-1.628515545399023
24,261999.10092267473,284672.51584920246,0.03697,284672.51584920246,8.654004859817999,274647.24718922284,4.827553309154675,259336.3360702867,-1.016325950360386
25,19230.310704349107,19510.27660420087,0.13075,19510.27660420087,1.4558573917812234,18823.1861627364,-2.1170980951474183,18988.505683014246,-1.2574160919832433
26,34744.65801884782,35844.253115461994,0.17582,35844.253115461994,3.164788946886987,34581.93150943392,-0.46834972249727436,34796.93663317879,0.15046518605137393
27,24139.849336130428,25013.34521645024,0.10636,25013.34521645024,3.6184810773132625,24132.45404530337,-0.030635198770645466,24296.200480150434,0.6476889803367358
28,15193.133534872772,15741.520482623058,0.17771,15741.520482623058,3.609439398999381,15187.153751840851,-0.03935845767559787,15317.804071346864,0.8205715837877436
29,21384.499639262325,22324.991038034495,0.10856,22324.991038034495,4.398005165598606,21538.775226788097,0.7214365083507479,21528.99585253063,0.6757053740130692
30,6554.071355532903,6690.914824183582,0.2439,6690.914824183582,2.0879154532725153,6455.281895260392,-1.5072991262005897,6554.72991344667,0.010048073602542118
31,260814.45529338848,303319.54934692185,0.01072,303319.54934692185,16.297062218319013,292637.5909465624,12.201446280029327,268452.9978864233,2.928726701302753
32,28660.010259305214,28973.23818830974,0.23734,28973.23818830974,1.0929093401242929,27952.892069117635,-2.4672642605143347,28347.084638186643,-1.0918545328048923
33,7434.211120071031,7619.1702368879005,0.17383,7619.1702368879005,2.487945443431294,7350.84707838747,-1.1213569313157201,7445.905431208437,0.1573039956564326
34,56958.5975383785,60475.15512946136,0.05113,60475.15512946136,6.173883738470587,58345.41079633453,2.4347742358326263,56872.205922059504,-0.1516744092246669
35,41296.074376535755,43041.76180185153,0.12956,43041.76180185153,4.227247872034212,41525.966627964815,0.5566927484024653,41299.81375804492,0.009055053211759478
36,74777.18749283969,78527.86917097053,0.06113,78527.86917097053,5.01581004031475,75762.36515529048,1.3174842428315792,75132.87250150736,0.47565978421122423
37,11479.344569745122,11633.119983583738,0.26337,11633.119983583738,1.3395835703364556,11223.438167826773,-2.229277119120676,11398.925178655129,-0.7005573410693411
38,128180.05259240548,141457.77112294655,0.03728,141457.77112294655,10.358646499204017,136476.07432893405,6.472162843394003,128925.10754603441,0.5812565516711832
39,37032.64419563587,40284.37533868541,0.02248,40284.37533868541,8.78071553808395,38865.68662416365,4.949801636751072,37554.41038167051,1.408935811545775
40,69686.76934518204,77030.90180983496,0.03609,77030.90180983496,10.538775916379418,74318.11626585506,6.6459486703026815,72224.23918402982,3.64125050234263
41,24386.6239238863,25048.343314860096,0.09676,25048.343314860096,2.713452231186664,24166.21962100867,-0.9037917817798058,24189.621385984934,-0.807830302858803
42,126845.06177721528,135229.05189541186,0.0531,135229.05189541186,6.609630679136602,130466.71095834725,2.855175542815269,127555.17276170338,0.5598254867306585
43,54822.96989673931,56733.640360618214,0.10869,56733.640360618214,3.4851640972346276,54735.66038360086,-0.15925717505437254,54629.18710222813,-0.3534700781008038
44,132027.4453352288,146938.19455652422,0.0417,146938.19455652422,11.293673965618112,141763.4945246397,7.374261589846154,135892.99565413158,2.9278384574418004
45,97506.68615837848,114481.1015148466,0.006,114481.1015148466,17.4084629733974,110449.4379882394,13.273707003885082,100992.04522827394,3.5744821275478955
46,12051.145135385408,12289.946391830115,0.23742,12289.946391830115,1.9815648534803776,11857.13322043105,-1.6099043931077306,12041.602112887196,-0.07918768209164151
47,30324.997747658996,32727.921387323175,0.02366,32727.921387323175,7.923903769620821,31575.347161420686,4.123164077920549,30485.649148236203,0.5297655812344093
48,128879.88109182616,139203.69399026595,0.03683,139203.69399026595,8.010414667502786,134301.3786875366,4.2066283346798405,128894.34608931215,0.011223627274836723
49,172306.7552317902,195751.40787102445,0.00813,195751.40787102445,13.606345617556359,188857.66033581865,9.60548823623537,173030.63821793065,0.4201129463361264
50,17115.193872694203,17420.059984317733,0.30604,17420.059984317733,1.7812600540267232,16806.58038339884,-1.8031550889279102,17110.325461208966,-0.028444968379848223
51,72649.8761927027,78357.10294536191,0.0299,78357.10294536191,7.8557969424763785,75597.61277785638,4.057455758540951,71596.69502237858,-1.4496668480625696
52,80369.36756630785,86096.4883639474,0.05867,86096.4883639474,7.12599958300586,83064.44143818584,3.3533595615947265,81529.26999512459,1.4432145778175753
53,63139.89858451489,67682.35409042888,0.07349,67682.35409042888,7.194271146688269,65298.79492851858,3.419226816010701,63862.043964943936,1.1437227436506436
54,48249.89813837376,50241.54603083484,0.07868,50241.54603083484,4.127776367007696,48472.197151652326,0.4607243162276564,47758.58333117111,-1.018271180166297
55,41130.85988447912,41961.84176204978,0.24928,41961.84176204978,2.020336749352114,40484.07796782756,-1.5724979211913515,41014.562907557454,-0.2827487128844397
56,22524.951681970808,22883.49007834551,0.15268,22883.49007834551,1.59173880342518,22077.60569140695,-1.986001998494491,22277.34315500622,-1.0992632990319606
57,16870.304420412092,17077.734315999023,0.27725,17077.734315999023,1.2295563281949695,16476.310346035105,-2.3354295486231913,16740.359375645967,-0.7702590393620867
58,66723.99417960068,69800.56299467017,0.02838,69800.56299467017,4.610888261257728,67342.40719219683,0.9268225324335022,65801.97563672671,-1.381839552938291
59,40904.64091312851,42374.85593424726,0.11121,42374.85593424726,3.5942499146762508,40882.54708278863,-0.05401301624136101,40884.00565083219,-0.05044723981356691
60,25624.923132436175,26825.53170595806,0.09707,26825.53170595806,4.685315804917067,25880.821039047412,0.9986289726165776,25912.05839500926,1.120531215212206
61,39370.84921849895,41840.2993973636,0.05655,41840.2993973636,6.272280704842759,40366.81594209828,2.5297059712172887,39260.26028190738,-0.2808904018753333
62,126875.6977990147,138131.8522353258,0.02825,138131.8522353258,8.87179706719099,133267.28382053258,5.03767556151129,126336.36582982661,-0.42508689886573414
63,206776.2100475075,225839.26312622856,0.04749,225839.26312622856,9.219171332302324,217885.91617224435,5.372816400002867,208377.07079113412,0.7741996737723467
64,86188.55590666518,92415.10437079788,0.01749,92415.10437079788,7.224333205994915,89160.53570689466,3.4482301843505647,85743.53932137483,-0.5163290887159722
65,9961.437025226796,10244.478514059978,0.2545,10244.478514059978,2.841372064255343,9883.700273566805,-0.7803768820013324,10050.439202754542,0.8934672507827202
66,14239.622774271833,14645.821521783531,0.09413,14645.821521783531,2.85259486118985,14130.04185452626,-0.769549316598217,14120.736462233446,-0.8348979037084536
67,350937.9405910079,407673.1026283444,0.02697,407673.1026283444,16.16672222495803,393316.141025976,12.075696450375183,371144.43236849847,5.757853295503246
68,40841.2715964825,41777.58113128416,0.3717,41777.58113128416,2.2925572544668427,40306.30641564887,-1.309864164169905,41022.56449557376,0.4438963137153529
69,137040.12320928904,147197.51872973598,0.0354,147197.51872973598,7.411986564646078,142013.68611791581,3.629274983233266,139122.6555657289,1.5196515499766416
70,20103.530557920592,20684.34123535592,0.08959,20684.34123535592,2.889097891347725,19955.903938483243,-0.7343318080971883,19990.234552276535,-0.563562730027134
71,17959.924755285872,18661.999789216028,0.08962,18661.999789216028,3.9091201299355394,18004.782983226647,0.24976846257427354,17952.514971651635,-0.04125732003446014
72,30207.950756537623,31462.438648689073,0.04464,31462.438648689073,4.152840099158173,30354.43073577092,0.484905382737999,30011.788262902468,-0.6493737202372118
73,13024.069324790447,13416.776899558665,0.24047,13416.776899558665,3.0152448130840614,12944.280309686477,-0.612627383302522,13128.029238764646,0.7982137639295006
74,354516.9209673971,409667.42115246854,0.01512,409667.42115246854,15.556521261263946,395240.22593819606,11.48698484113937,365852.2896738479,3.197412601779104
75,7658.926718326872,7809.4864835268845,0.16252,7809.4864835268845,1.9658076221011678,7534.460986737058,-1.6251067044679046,7645.579975949752,-0.1742638736206059
76,22723.56264156633,23284.652090322314,0.09981,23284.652090322314,2.4691966554999167,22464.640041869792,-1.1394454460363135,22568.39964742339,-0.6828286417514096
77,14972.49169736798,15663.418805324063,0.0947,15663.418805324063,4.61464345361795,15111.802569423253,0.9304454787559813,15041.32877478576,0.4597569917496269
78,56947.49441366829,66585.00838152907,0.01054,66585.00838152907,16.923508342357607,64240.09427641949,12.805830946270502,60417.985197939815,6.094193993965358
79,71048.93077260054,75009.7121508578,0.03603,75009.7121508578,5.574723412705751,72368.106535448,1.8567144480606146,71000.0630808828,-0.06878033375919967
80,44483.94839413249,46790.601748197296,0.04053,46790.601748197296,5.185361096159036,45142.78424853998,1.4810642449499811,43820.089582209024,-1.49235586293196
81,66672.56830366437,69764.3623944033,0.05043,69764.3623944033,4.6372806229050045,67307.48146295937,0.952285438297884,64966.18820326276,-2.559343585850482
82,42056.11577292663,44120.877200071074,0.02864,44120.877200071074,4.909539050854583,42567.078983459985,1.214955782631466,41475.238955859415,-1.381194640521577
83,66418.35882213795,67895.06508057822,0.07163,67895.06508057822,2.2233404808973845,65504.01490810508,-1.376643341160233,64421.04797369504,-3.007166819330054
84,182205.7123060619,195303.75676058477,0.06981,195303.75676058477,7.188602535425059,188425.7740863973,3.4137578353675258,182749.5452382805,0.29847194434007296
85,81236.97485542655,85357.68173077985,0.04114,85357.68173077985,5.072452393367333,82351.65324576304,1.3721318307583719,79975.75742353714,-1.5525164915778045
86,5680.520164371756,5804.481625559899,0.17548,5804.481625559899,2.1822202474630625,5600.066079666531,-1.4163154495926977,5663.834987764119,-0.2937262103616223
87,237191.54775210013,283214.4999729469,0.00845,283214.4999729469,19.403285090473577,273240.5780361533,15.19827777410081,254593.64938082203,7.336729235777684
88,86264.0709496112,93698.49778222396,0.05006,93698.49778222396,8.618219324422306,90398.73204789891,4.793028027512025,87432.24051103805,1.3541785688611974
89,160926.61580084547,176703.37493872957,0.02638,176703.37493872957,9.803697827964397,170480.43907995394,5.936757715039387,160884.76427274707,-0.02600659181833942
90,42142.89951124843,43749.04477404492,0.14553,43749.04477404492,3.81118831742413,42208.3413233837,0.1552854997976416,42393.39655731719,0.5943991727524356
91,16960.24450695344,17444.166660249037,0.25466,17444.166660249037,2.8532734483703637,16829.838098193206,-0.7688946271191432,17094.795633465674,0.7933324690989618
92,20824.42384949188,21288.69438516785,0.3063,21288.69438516785,2.229452008043431,20538.973675408277,-1.3707470427354318,20891.996232977242,0.324486208952246
93,20483.39205721102,21138.60187578868,0.16203,21138.60187578868,3.1987368925402215,20394.166951085976,-0.4355973164787974,20516.956674277953,0.16386259157266103
94,53316.59788277951,54336.041233396616,0.08015,54336.041233396616,1.912056265965112,52422.497139898354,-1.6769651072765401,52251.92330814502,-1.9968914313986286
95,22396.925699243173,22834.80096159,0.19806,22834.80096159,1.9550686028378728,22030.631251865132,-1.6354675293244303,22265.633209414198,-0.5862076411380479
96,56884.587324305634,58805.163447703686,0.28911,58805.163447703686,3.376268008148897,56734.230957439904,-0.2643182871460925,57444.957532668064,0.9851002437051948
97,10012.939855274317,10357.946459171084,0.13501,10357.946459171084,3.4456074727647,9993.17223532616,-0.1974207399013328,10096.68189857299,0.8363382234295669
98,6400.341140952711,6545.795911928716,0.27167,6545.795911928716,2.2726096589650524,6315.2736136495105,-1.329109268237183,6440.5470749541555,0.6281842344962874
99,28721.71437112676,29592.492642907662,0.24559,29592.492642907662,3.03177679622173,28550.33833384618,-0.596677604498641,28964.217769409606,0.8443207642459871
100,157715.76060211027,188257.60338246505,0.00673,188257.60338246505,19.36511776867158,181627.76401928303,15.161454585061174,166917.6880733309,5.83450089965043
101,60102.11510322507,62741.44421287512,0.03245,62741.44421287512,4.391408031343014,60531.88832205497,0.7150717043680865,59317.73154188459,-1.3050847877704608
102,120688.0695429123,128856.6422583043,0.05669,128856.6422583043,6.768334887059857,124318.71750147005,3.0082906888048377,120467.5739323072,-0.1826987633824828
103,49892.09975532958,51560.986544103886,0.1217,51560.986544103886,3.344992086840426,49745.17112920076,-0.29449276909442323,49498.00159958925,-0.7899009215346364
104,78971.10262587717,84877.63184936118,0.01803,84877.63184936118,7.4793551401529434,81888.50920794875,3.6942710498708564,78549.2394222202,-0.5341994598398125
105,69766.70959717622,73720.31923425288,0.11065,73720.31923425288,5.666899958310023,71124.12197292558,1.9456448262887616,70797.82858139699,1.4779527229739076
106,43576.5698762237,44582.1298651668,0.21239,44582.1298651668,2.307570310832907,43012.0877836574,-1.2953798203247158,43434.78779205267,-0.3253631127317913
107,22451.96736132927,22736.66195175532,0.33438,22736.66195175532,1.2680162314702148,21935.948388601828,-2.298324081907488,22342.709719338636,-0.4866283663801152
108,25684.92885087819,26295.351944431583,0.21798,26295.351944431583,2.376580823320129,25369.312537482692,-1.2287996405514923,25725.482662684604,0.15788952362634223
109,32288.39166552779,32978.651396691275,0.1546,32978.651396691275,2.1377953362119007,31817.247250213084,-1.459175855506345,32013.96277223947,-0.8499305141336899
110,37806.91279444479,38920.45487633033,0.15491,38920.45487633033,2.9453398851682078,37549.79914112575,-0.6800704800123625,37617.16509474362,-0.5018862575022265
111,48431.02611381721,50008.37347865021,0.19949,50008.37347865021,3.256894374127217,48247.23620174624,-0.3794879580685584,48565.88751285889,0.2784607510168069
112,110980.2434316525,120090.97629229457,0.01923,120090.97629229457,8.20932859662804,115861.75065954239,4.398537142240255,109775.25473595622,-1.0857686543446654
113,143284.10194236625,162505.21278343577,0.00733,162505.21278343577,13.414684937482392,156782.29144014703,9.420577241158412,143145.34307696926,-0.09684177345286038
114,149684.35372520963,171656.37684592447,0.01175,171656.37684592447,14.678904356998501,165611.18035076756,10.640274837807295,156114.01402015763,4.295479210039255
115,18889.47516026192,19395.32444700745,0.10896,19395.32444700745,2.677942518009657,18712.282258165724,-0.9380509547928684,18566.97154869252,-1.7073190696576757
116,13668.150847284973,13947.213122947129,0.29112,13947.213122947129,2.0416973647725545,13456.036241334832,-1.5518895593128135,13714.022172317467,0.3356073952140104
117,41164.15497611925,42508.010895402906,0.13319,42508.010895402906,3.264626518055014,41011.012745945096,-0.3720281158765437,41192.01910749735,0.06769027906503577
118,56552.34641921179,61325.36355137299,0.03252,61325.36355137299,8.439998398615911,59165.67755766395,4.621083480922317,57540.19165826585,1.7467802869422178
119,56949.40864584619,60770.34367057459,0.04169,60770.34367057459,6.709349781820939,58630.20372752673,2.951382853038864,57574.0591278111,1.0968515684674607
120,64524.359770857765,66413.57404882909,0.11775,66413.57404882909,2.9279085986755993,64074.69732051978,-0.6968878915418197,63782.01305487668,-1.1504906342617582
121,74505.28208925293,78097.09983222923,0.06439,78097.09983222923,4.820890066121097,75346.76615478321,1.1294287356998778,74498.92343357646,-0.008534503189783216
122,31900.804272352572,33473.05216924422,0.07247,33473.05216924422,4.928552532621455,32294.23678601295,1.2332996695050502,31968.444517023167,0.2120330387068492
123,78066.84555807947,83936.35376637054,0.08271,83936.35376637054,7.518567153996658,80980.3799719326,3.7321021401915733,80553.25244640246,3.1849716362283065
124,14962.512413116716,15306.831058200583,0.26891,15306.831058200583,2.3012087514261648,14767.77271871315,-1.301517345662151,15004.256473114578,0.2789909798923018
125,84199.98165832456,90152.33641518108,0.03868,90152.33641518108,7.0693064768239555,86977.45530594952,3.298663007903846,83804.6443167783,-0.46952188558722074
126,38665.48026907618,39780.20429386422,0.1415,39780.20429386422,2.8829954187316043,38379.270894286856,-0.7402193708640592,38362.278904331724,-0.7841655208585374
127,6470.6822235865875,6559.038516001948,0.23719,6559.038516001948,1.3654865030040986,6328.049854950783,-2.20428640609005,6446.8855211801465,-0.3677618770969504
128,89271.82914768635,92589.4863426305,0.12885,92589.4863426305,3.7163540017261187,89328.77649536834,0.0637909497606115,88970.72131967655,-0.33729322103579484
129,44000.16215518379,46017.53398768006,0.11995,46017.53398768006,4.584919085937034,44396.941497674394,0.901767909607254,44460.904089153526,1.0471368999612984
130,12133.07439323487,12483.469653877006,0.24688,12483.469653877006,2.8879346593103206,12043.841203215072,-0.735454074768993,12242.908079610797,0.9052420088775381
131,14446.893475331482,14939.357305246169,0.18172,14939.357305246169,3.408787022314397,14413.240232982476,-0.2329444901526423,14579.04151163666,0.9147159320501919
132,18120.711269478776,18571.649594229344,0.26619,18571.649594229344,2.4885244185204547,17917.614637304392,-1.1207983459041393,18174.304735218608,0.2957580690008621
133,8552.242294125652,8942.248873243163,0.12126,8942.248873243163,4.560284492704314,8627.33105579516,0.8780008690947083,8627.689864148258,0.8821963577251513
134,47876.97063747844,49115.35431050569,0.21003,49115.35431050569,2.586595719274354,47385.66635371768,-1.0261808072212553,47898.42149618772,0.04480412696055147
135,80913.39569199689,87027.30396697493,0.0304,87027.30396697493,7.556113821067534,83962.47664980321,3.7683265320032744,81546.21657473143,0.7820965580821904
136,134967.13740081675,151021.8469878599,0.02372,151021.8469878599,11.895273098491298,145703.3335898835,7.954674297627773,138609.0655563368,2.698381417622042
137,91955.2661053038,98523.73109328302,0.05199,98523.73109328302,7.143109107484125,95054.03585190266,3.369866542553712,91615.97589647904,-0.3689731139880803
138,111833.75369129726,121411.08873011028,0.02439,121411.08873011028,8.56390376133669,117135.372898573,4.740625287344091,111383.98671661927,-0.4021746206601562
139,77529.15813211775,83509.17535158698,0.03364,83509.17535158698,7.713249264591071,80568.24543436064,3.919928160530217,77522.7925185834,-0.008210605774283675
140,6823.891365144659,7056.943310033397,0.198,7056.943310033397,3.4152352729284408,6808.420011638102,-0.22672332659899874,6893.93289041518,1.0264161828290819
141,9399.186502343497,9719.6803206222,0.2021,9719.6803206222,3.409803797368993,9377.38381822654,-0.23196352271039888,9496.686676398758,1.0373256667579822
142,45365.02244809148,46271.23499100075,0.16227,46271.23499100075,1.9976018835793585,44641.70795137757,-1.5944321366567316,44999.84027741559,-0.8049862007535435
143,103658.77154264729,105196.44169195367,0.02236,105196.44169195367,1.4833960758195541,101491.75461708911,-2.0905292367531247,97407.49921747643,-6.030625514984955
144,22579.501919349208,23058.260963892084,0.17413,23058.260963892084,2.120325976422932,22246.22169727952,-1.4760299995106863,22523.21190019623,-0.2492969922633259
145,69589.4410707408,73575.48639441819,0.05842,73575.48639441819,5.727945593966477,70984.389689166,2.004540627086193,69435.5043329027,-0.22120703294860045
146,26019.275190647048,26519.97341539546,0.07446,26519.97341539546,1.924335789831666,25586.0235482938,-1.6651180295329082,25478.73569276926,-2.077457938075433
147,28104.503566829702,28450.743076460443,0.35912,28450.743076460443,1.2319716262107816,27448.797588092108,-2.3330993097899433,27969.49334453358,-0.48038643335250875
148,6587.747025497927,6795.610956024164,0.09957,6795.610956024164,3.155311363986768,6556.290959361992,-0.4774935348030862,6619.740392293958,0.485649595714599
149,10647.050101448202,11144.404799200229,0.0519,11144.404799200229,4.67129104318178,10751.933991703196,0.9850981187806029,10652.335031114339,0.04963750161575131
150,110780.89364408836,126727.63725529837,0.00608,126727.63725529837,14.394850128617808,122264.68934359406,10.366224103950895,112712.98069077874,1.7440616185113056
151,29776.422983554145,31049.59197590819,0.13195,31049.59197590819,4.275762045216891,29956.123221424987,0.6034984053326031,30075.295565445154,1.0037222471486196
152,8091.405274696682,8254.089067998026,0.22572,8254.089067998026,2.010575268181003,7963.406069664898,-1.5819156337658846,8095.716902415493,0.053286512941008723
153,100683.4388671236,105963.6399212932,0.08494,105963.6399212932,5.2443590659811745,102231.93454316305,1.5379844922490893,101216.77691597959,0.5297177518537755
154,6767.836246991678,6890.651933819988,0.28694,6890.651933819988,1.8146964900768836,6647.984893509194,-1.7708961787566646,6778.017460937573,0.15043528794627115
155,30071.751808597448,31785.567425203764,0.14752,31785.567425203764,5.6990880595002125,30666.179935347296,1.9766993640187636,30701.718233948617,2.094877709023457
156,40111.72415673145,41323.889091340345,0.28106,41323.889091340345,3.021971655649902,39868.5919792182,-0.6061374389274232,40401.776087210994,0.7231101045325428
157,17625.815180770383,18116.614331094108,0.10543,18116.614331094108,2.7845472410216843,17478.60428176899,-0.8352005140845997,17609.505965254375,-0.09253027646517475
158,17152.402025831205,17347.291976757177,0.29194,17347.291976757177,1.136225413982661,16736.375035684352,-2.425473642235787,17039.991714362255,-0.6553619213195971
159,101977.79746574316,110654.95029402884,0.01946,110654.95029402884,8.508864717538689,106758.03175257759,4.687524545173893,101376.89591822286,-0.5892474268452075
160,29590.280154171993,30232.6508129867,0.21221,30232.6508129867,2.1708840047063083,29167.952151089543,-1.427252465613793,29479.080417773854,-0.37579818717079494
161,40657.859779326885,41718.900075233985,0.34136,41718.900075233985,2.6096806414945606,40249.69192141762,-1.0039088631930482,40881.14337642411,0.5491769569502924
162,34282.52671524762,34953.4114496466,0.26296,34953.4114496466,1.9569290792693872,33722.46247896641,-1.6336725730082158,34109.78460538913,-0.5038779996973219
163,12264.873016569234,12547.260723820264,0.23757,12547.260723820264,2.302410362256002,12105.385752757928,-1.3003580517780056,12326.036750491807,0.4986903153415767
164,41224.27116801853,43570.82446528827,0.08002,43570.82446528827,5.692164423491808,42036.39737211319,1.9700195566457968,41618.55335767259,0.9564321660098463
165,32921.41560683754,34303.201175778304,0.06584,34303.201175778304,4.197224036301095,33095.15056134288,0.527726257522354,32554.07188704366,-1.1158199397646285
166,43576.67146876248,46801.114926083275,0.04497,46801.114926083275,7.399471663713952,45152.92718544058,3.617200817662325,44586.96881200418,2.3184362393670277
167,51904.32590466648,54542.45381949178,0.05405,54542.45381949178,5.082674456982228,52621.64052536755,1.3819939055148778,51414.69277572413,-0.943337805487876
168,62794.85171868917,64477.38629677071,0.08454,64477.38629677071,2.6794148437821352,62206.69599781389,-0.9366304796930236,61040.66596500825,-2.793518426541375
169,18487.579105612214,19045.643862393892,0.18947,19045.643862393892,3.018592935254927,18374.916321474786,-0.6093971714405177,18615.935515152592,0.6942845723992841
170,15097.677541999,15592.580078901434,0.18088,15592.580078901434,3.2780044183994717,15043.458559646517,-0.3591213430122364,15260.210929498598,1.0765456279448138
171,15324.35715074418,15813.351695159414,0.20765,15813.351695159414,3.1909628547875935,15256.455295498914,-0.4430975771271939,15390.769642101302,0.4333786448842858
172,24032.12854488961,25922.870230651464,0.00759,25922.870230651464,7.867558140886843,25009.948455520436,4.068802764617208,23159.34553065128,-3.63173412878538
173,30236.383330827503,38151.84783689045,0.00301,38151.84783689045,26.178608795426705,36808.26001880231,21.734995935424763,33381.125301012675,10.400522892494713
174,28492.325874827875,33659.04165622164,0.01223,33659.04165622164,18.13371012283138,32473.67630953739,13.97341323484904,30264.463451322154,6.219701347933504
175,128863.8744389846,137584.71586979125,0.05003,137584.71586979125,6.767483492773496,132739.41587310215,3.007469277941488,128481.50203366244,-0.29672583335463854
176,49478.31480018976,51010.61528314626,0.12845,51010.61528314626,3.09691324198178,49214.18220916696,-0.5338350590343599,49281.399916884955,-0.39798219502829024
177,28648.317008987815,29794.44938569828,0.26367,29794.44938569828,4.00069706136974,28745.182796766258,0.3381203431533253,29184.239042622627,1.8706929048107002
178,282122.4948313891,321781.75013991434,0.0261,321781.75013991434,14.057459449388343,310449.61122440366,10.04071526091681,292233.9050337642,3.584049619445695
179,22045.866446349024,23872.218100976657,0.02364,23872.218100976657,8.284326946605859,23031.513829761745,4.470894286742588,22172.079281505106,0.5725011328687524
180,177106.88194043384,194846.4643486617,0.01651,194846.4643486617,10.016314563199312,187984.58607173935,6.141886759072412,173631.26767138613,-1.9624388566767625
181,19680.061776524748,20209.921073236084,0.19338,20209.921073236084,2.6923660236848335,19498.191359000157,-0.9241353995216306,19660.079256661906,-0.10153687569557368
182,26898.049208365275,28134.06080670696,0.13988,28134.06080670696,4.5951718980322465,27143.26786962957,0.9116596499795016,27154.845701226874,0.954703037652771
183,8350.91386683993,8678.201365158213,0.11791,8678.201365158213,3.9191818229366016,8372.582468611137,0.25947581446443824,8424.24927351482,0.8781722317373397
184,23694.25005611067,24503.09950281305,0.06859,24503.09950281305,3.4136950728000715,23640.177577297625,-0.22820928573387134,23542.43596953747,-0.6407212138543672
185,34163.1723041753,35683.571151244534,0.078,35683.571151244534,4.450403005705117,34426.90825749252,0.771989061697842,33903.13648974187,-0.7611582792083071
186,30250.918009907735,30940.28445942638,0.17032,30940.28445942638,2.2788281971901414,29850.66517111316,-1.3231097273262438,30127.624651042974,-0.40756898294583843
187,49888.45867812209,51809.97674834631,0.16552,51809.97674834631,3.8516284550335733,49985.39268331977,0.19430146323640152,50253.34785022388,0.7314099929525364
188,35394.158772963965,36174.84724046003,0.27247,36174.84724046003,2.205698608360196,34900.88315145242,-1.3936639225575753,35393.80101688772,-0.0010107771695855305
189,75577.92955043273,78118.36588087097,0.12679,78118.36588087097,3.361346818508726,75367.28328022688,-0.2787139995218957,75156.06111709813,-0.5581899846212268
190,49718.01853843862,51777.87328035199,0.12657,51777.87328035199,4.143074890084009,49954.41979827126,0.4754840735454291,49897.995451494586,0.3619953456448055
191,24604.106283658748,24963.964385422387,0.14684,24963.964385422387,1.4625936728400735,24084.81225148545,-2.110599044673267,24285.5773210891,-1.2946170809756463
192,102693.99491277333,109392.55018789494,0.05091,109392.55018789494,6.522830551885006,105540.08939882848,2.7714322424330584,102910.72803812621,0.21104751600808935
193,52302.01905695128,55727.71222452353,0.03995,55727.71222452353,6.5498296802692035,53765.15786556031,2.797480546622544,51893.951445783765,-0.7802138780209855
194,58046.4999606227,60812.557069570474,0.08961,60812.557069570474,4.765243573383748,58670.930503675576,1.0757419370271748,58082.65444772904,0.06228538694126318
195,59909.482670687576,63380.55087000521,0.02694,63380.55087000521,5.79385440264526,61148.48765732085,2.0681283352818713,59936.354564794274,0.0448541581545836
196,20543.70835770991,21556.921495215825,0.06421,21556.921495215825,4.931987545109706,20797.754672149178,1.2366137116813336,20793.601962715635,1.216399691110004
197,39768.3318208023,41856.484698538225,0.03655,41856.484698538225,5.250793237054108,40382.43124798504,1.5441920720987268,39313.87928799718,-1.1427498011555959
198,196138.0665423364,218952.5047443933,0.01467,218952.5047443933,11.631825786929738,211241.6877120923,7.700504769937555,196617.0804846562,0.2442228328055851
199,22611.71650131948,23546.53010215811,0.11585,23546.53010215811,4.134200076248451,22717.29553562384,0.46692180267784433,22852.97602269873,1.0669668592615311
200,144051.89296738966,151821.24385538592,0.03952,151821.24385538592,5.393438939226636,146474.57821960395,1.6818142422902582,139952.0263275277,-2.8461039667073806
201,228368.57036287215,261956.42901686043,0.01302,261956.42901686043,14.707741350142012,252731.1493291857,10.6680962829526,235306.31547812544,3.037959691313641
202,8230.36063914683,8361.53407647738,0.1438,8361.53407647738,1.5937750857069055,8067.067203635094,-1.984037427655927,8124.860431979043,-1.2818418510846974
203,39530.30060504258,40838.36859918337,0.19337,40838.36859918337,3.309026175161245,39400.16998833129,-0.32919207473643963,39823.25337554926,0.7410840950430542
204,68903.43006764857,72480.25044312615,0.08738,72480.25044312615,5.19106287156661,69927.72449566214,1.4865652218009062,69400.34974389493,0.7211827854701536
205,7328.039782937839,7465.5255926005475,0.09407,7465.5255926005475,1.8761607979097317,7202.613314151367,-1.7115964500971637,7252.974437181419,-1.0243577816157368
206,55239.55813137322,56520.45900904408,0.19746,56520.45900904408,2.318810868516663,54529.98660723628,-1.2845351196499544,55080.89109670309,-0.2872344385753012
207,17637.087021263975,18136.44035695316,0.15812,18136.44035695316,2.831268763867567,17497.732097493128,-0.7901243759972032,17641.47066883421,0.02485471418804952
208,86044.10278446643,91785.46232620088,0.0368,91785.46232620088,6.672577615360908,88553.06767034292,2.915905686367881,85299.17516947039,-0.865750924106945
209,29845.473084160487,31365.52611852438,0.10168,31365.52611852438,5.093077365795251,30260.93115942975,1.392030456671689,30276.19262892077,1.4431654125424798
210,17585.939826866328,18368.66877065181,0.02735,18368.66877065181,4.450879233589178,17721.782158494592,0.7724485183369989,16944.9036919645,-3.645162790347467
211,97416.17246535502,106385.00076636662,0.03266,106385.00076636662,9.206713910055608,102638.45638749187,5.360797688899233,98548.8181500946,1.1626875251564472
212,149464.9479425424,177461.28000601236,0.01527,177461.28000601236,18.731035235252858,171211.65311984476,14.549702439706635,159210.03524343835,6.519981731530899
213,46385.728419079845,47290.52130853869,0.21082,47290.52130853869,1.950584630868235,45625.09821781878,-1.639793589935734,45966.095459913115,-0.9046596301678922
214,20041.983887315455,21955.120243729736,0.01063,21955.120243729736,9.54564362076502,21181.930115947456,5.687791363575889,19818.890469707814,-1.1131304109511686
215,68879.31658602704,70939.90433338248,0.08325,70939.90433338248,2.9915914522494758,68441.62452040557,-0.6354477473289211,68014.1925267387,-1.2559997720184124
216,18269.022651554445,18871.00307112035,0.16183,18871.00307112035,3.295088254295231,18206.425828365034,-0.34263914596485145,18313.687765976938,0.24448551668247998
217,18607.251725729027,19658.524543013908,0.07559,19658.524543013908,5.6498016621726155,18966.213276453433,1.9291486782438305,18867.42006610328,1.3982093874427948
218,7814.381990359598,8005.084462342389,0.16415,8005.084462342389,2.4404037608867446,7723.170621305051,-1.167224345662543,7792.7141534311795,-0.2772815170175913
219,66110.7541316595,69374.99512685198,0.09851,69374.99512685198,4.9375340488353014,66931.8264832029,1.2419648850294784,66496.33458475364,0.5832340867361063
220,40744.99510376756,41994.35021686621,0.14642,41994.35021686621,3.0662787169733363,40515.44157733891,-0.5633907326385135,40579.18996656061,-0.40693375170295365
221,25688.16389862871,26491.037279607477,0.08728,26491.037279607477,3.12546036434167,25558.106451995427,-0.5062932763373773,25493.48437938432,-0.7578568869796909
222,32592.041734774964,33665.86047955662,0.21593,33665.86047955662,3.2947268339924785,32480.25499540889,-0.34298783818382805,32858.9596622254,0.8189665735658602
223,44887.387521683915,47694.621781172376,0.03354,47694.621781172376,6.253948858423453,46014.96754561682,2.51201971464301,44117.4653380648,-1.7152305494437248
224,64554.75569897034,68091.01965028912,0.03255,68091.01965028912,5.477929415160321,65693.06857556118,1.7633292299934933,63462.2877523752,-1.692312107398397
225,24224.23811155421,25329.280885782497,0.11383,25329.280885782497,4.561723547875873,24437.26345625807,0.8793892452793273,24352.018845884482,0.5274912413832489
226,83359.72757030018,87710.40259841026,0.06176,87710.40259841026,5.219156965743443,84621.51870071136,1.5136699305393853,83335.40234294027,-0.029181030299541
227,16347.822889551657,16819.516128432013,0.16831,16819.516128432013,2.885358142592964,16227.185789075636,-0.7379398546892957,16391.98396925167,0.2701343169568826
228,25691.643761108917,26569.743657636867,0.09214,26569.743657636867,3.417842410913341,25634.041039489843,-0.2242080037956562,25612.18609372174,-0.3092743622245653
229,30762.910955669853,33818.21250216428,0.01058,33818.21250216428,9.931769951475644,32627.24166002624,6.060319542071091,30333.402175231407,-1.3961903054537927
230,16407.734179309617,17491.14472686748,0.04744,17491.14472686748,6.603047902397496,16875.16174539019,2.8488245907226206,16500.03675320061,0.5625552735208705
231,655049.1134599297,797998.2578569939,0.01136,797998.2578569939,21.82266053945414,769895.2746752598,17.532450446153526,693736.0556572843,5.905960545921896
232,30422.987642539985,31237.35717319144,0.08017,31237.35717319144,2.676823000489059,30137.2759203357,-0.9391310464353486,29870.441382265188,-1.816213012236123
233,32300.62462748699,34806.037931539875,0.041,34806.037931539875,7.756547537228875,33580.278991614774,3.9617016044910525,32308.573731738743,0.024609753970472603
234,37469.0809269879,38386.62793376314,0.29422,38386.62793376314,2.448811083899205,37034.77190073988,-1.1591131020649237,37584.21826526891,0.30728626225275946
235,34592.38974326601,35588.48159663233,0.0772,35588.48159663233,2.8795115363783985,34335.167457251286,-0.7435805618627334,33982.29386445206,-1.763670805462958
236,71639.41644512884,73605.58480113656,0.32382,73605.58480113656,2.7445342990945143,71013.42812487633,-0.8738043263263773,71995.68623438265,0.4973097310566388
237,131481.03970186494,149216.66220715808,0.0102,149216.66220715808,13.48911032762512,143961.72172683218,9.492381603664967,132780.59704903906,0.9883990498712913
238,14091.303376502294,14615.438205919898,0.14762,14615.438205919898,3.7195624521974002,14100.72854327268,0.06688640872003493,14124.704462494676,0.2370333325452334
239,67938.48084963333,71237.20532767067,0.07944,71237.20532767067,4.855458109724786,68728.4555108308,1.1627794017736504,67709.20333628578,-0.3374781279772865
240,45998.58991730696,48320.251509108784,0.07068,48320.251509108784,5.047245135069445,46618.56456665308,1.3478122926391167,45780.32988922205,-0.4744928670145865
241,104161.31927401356,111836.25821337044,0.08651,111836.25821337044,7.368319634246068,107897.73773073344,3.587145864474528,105839.0445476902,1.6106989479108824
242,7277.448470085805,7411.245794979014,0.32115,7411.245794979014,1.8385197152984034,7150.245079900615,-1.7479119324315895,7296.527814536455,0.26217079418804357
243,8580.66108233098,8708.737283866967,0.13069,8708.737283866967,1.492614616835497,8402.04300851867,-2.081635343692967,8509.417421250779,-0.8302817276736874
244,73704.87362121776,76547.26736311354,0.07437,76547.26736311354,3.8564529077186105,73851.51389982867,0.19895601390556017,73134.86295067634,-0.7733690359077339
245,129499.61898933577,133990.9540218365,0.06628,133990.9540218365,3.4682225844004932,129272.21498913175,-0.1756020612097231,127875.19138685252,-1.2543879396409774
246,168124.7014162171,193657.6049173556,0.01366,193657.6049173556,15.186884072393436,186837.59452206644,11.130365108885965,174964.0131789802,4.067999351166951
247,120460.01812960493,127098.70088061396,0.08426,127098.70088061396,5.511108875864834,122622.6852776974,1.7953402146807074,119541.69442827607,-0.7623473045976326
248,110352.85053015768,114938.06706841387,0.12669,114938.06706841387,4.155050382684156,110890.31065546251,0.4870378270454889,110376.77758695357,0.021682318744775664
249,40383.37026027807,41089.83208929475,0.2583,41089.83208929475,1.7493879893218711,39642.777726987275,-1.8339047199813718,40103.1214831093,-0.6939707492527591
250,7266.978534622525,7525.174797617488,0.14283,7525.174797617488,3.553007095931582,7260.1618621945745,-0.09380339291596984,7343.121184225401,1.0477896589360158
251,26301.563102342418,27486.479042205356,0.04492,27486.479042205356,4.505116046724278,26518.491893558457,0.8247752818794307,26261.16158468397,-0.15360880834816015
252,19021.62999235864,19654.141394821196,0.14835,19654.141394821196,3.3252218801261835,18961.984488923456,-0.31356673144807834,19088.51954978852,0.3516499766673675
253,246385.17783480257,304581.00782607595,0.0063,304581.00782607595,23.619858346467893,293854.62483446574,19.266356611553427,272732.37715903035,10.69350013493635
254,23248.96598170749,23862.730355193915,0.20699,23862.730355193915,2.639964177199716,23022.36021247808,-0.9746918181552822,23298.088408680702,0.2112886526302482
255,58169.84953821736,60799.87968742117,0.08052,60799.87968742117,4.521294399216025,58658.69957896377,0.8403838837940381,58141.228899341826,-0.04920184443097941
256,111402.81474423032,125773.9077620684,0.02444,125773.9077620684,12.900116618087853,121344.54719675773,8.92413039594433,117638.33623734262,5.5972746356799385
257,34161.82248425732,35920.22012079706,0.07482,35920.22012079706,5.147259451248698,34655.22319630521,1.4443044198688915,34109.9537951658,-0.15183232427199433
258,133353.14294688,143840.72118543813,0.01747,143840.72118543813,7.864515231362623,138775.10440178934,4.065867016774516,130618.983117722,-2.050315252222523
259,36809.45634621119,37494.86017269805,0.28442,37494.86017269805,1.8620319192989232,36174.40938917812,-1.7252277541405014,36684.594852821756,-0.3392103708760308
260,18784.770500551043,18843.89121211233,0.17894,18843.89121211233,0.31472682383610895,18180.268763568936,-3.21804164157542,18417.525415840406,-1.9550150197462646
261,25084.127957350516,25362.81845771194,0.28681,25362.81845771194,1.1110232766922135,24469.61994062171,-2.4497882396933623,24899.80062904463,-0.7348365014693381
262,115653.99261270845,120995.51433876398,0.00978,120995.51433876398,4.618536382001737,116734.43372731119,0.9342013104734148,110299.85324306301,-4.629446203015997
263,48106.70596893495,49771.951030127115,0.0796,49771.951030127115,3.461565342402584,48019.13980660635,-0.18202485612950348,47945.6325651537,-0.3348252609215563
264,13382.131921223609,14543.645653071317,0.02216,14543.645653071317,8.679586621064361,14031.464297830053,4.852234161409097,13389.30804002774,0.05362463056242106
265,70196.03425173204,74168.71239187218,0.04508,74168.71239187218,5.659405381639648,71556.724136964,1.9384141849842162,69419.4979933342,-1.1062395001020797
266,33618.504860010544,34781.47675867176,0.18135,34781.47675867176,3.4593207029994355,33556.58278583304,-0.18419044640847204,33845.10520790146,0.6740345795700708
267,54676.642509248246,58448.58173138272,0.03381,58448.58173138272,6.898629925011357,56390.20692514646,3.1339971462373217,54607.22418806418,-0.12696156530153102
268,24715.10027841844,25384.157584636127,0.07757,25384.157584636127,2.707079067779139,24490.207570761086,-0.9099405024616924,24366.251454031328,-1.4114805137640074
269,96584.1763706578,103415.0412311495,0.0626,103415.0412311495,7.072447182525132,99773.08946516187,3.3016931078503786,97525.94181161092,0.9750721871240264
270,56944.288293019774,59005.4330163559,0.09043,59005.4330163559,3.6195811469800665,56927.447663176405,-0.029573870089849574,56296.037746795526,-1.13839432479782
271,20278.395206515364,20731.70930413621,0.19069,20731.70930413621,2.2354535110115537,20001.6038531953,-1.3649568937838419,20260.029906951033,-0.09056584299348414
272,49702.94200890203,50200.785634469314,0.1629,50200.785634469314,1.0016381434284405,48432.872207961365,-2.555321173368741,48697.9377316608,-2.022021708616817
273,28165.73800820931,29458.99703467987,0.12538,29458.99703467987,4.591603550716905,28421.544020133657,0.9082169686084107,28284.37800189428,0.4212209658784438
274,13414.190211076822,14059.778880967506,0.07489,14059.778880967506,4.812729354005918,13564.637788188908,1.1215554181410958,13413.078693407595,-0.008286133204737922
275,16560.924147540518,17312.215135658706,0.08321,17312.215135658706,4.536528163675957,16702.533490359718,0.8550811630897437,16507.784344018688,-0.32087462661147814
276,44465.91545761782,45836.49602879305,0.06457,45836.49602879305,3.082317224485309,44222.27912502929,-0.5479170508043474,43890.16035000142,-1.2948234657738644
277,85979.22685819714,92127.53746502649,0.03964,92127.53746502649,7.150925672976283,88883.09600107257,3.3774078332487134,84489.09780225728,-1.7331268381809095
278,16072.417562328515,16648.636879723024,0.11322,16648.636879723024,3.5851440217997244,16062.324368858495,-0.06279822827448545,16103.992920729484,0.19645680731301685
279,90605.70874590796,95795.28546275751,0.10777,95795.28546275751,5.727648719577982,92421.67747584418,2.004254207677869,91231.36264686575,0.6905237093971062
280,76357.37410623765,81064.86212262731,0.05956,81064.86212262731,6.165073211972993,78210.01321233051,2.426273988305616,77529.2585221386,1.5347364018444054
281,24397.212856340473,24962.795197760355,0.29971,24962.795197760355,2.3182252200291575,24083.684238927348,-1.285100143443818,24463.30090282411,0.27088359179709975
282,33409.267315371624,34742.88842063428,0.08721,34742.88842063428,3.9917699860752442,33519.353407422605,0.3295076513106565,33273.08631131391,-0.4076144585040131
283,108211.85292408468,114502.21264934629,0.03009,114502.21264934629,5.813004356994567,110469.80565512879,2.086603888603733,107123.42635825487,-1.0058293397797957
284,35558.4892499038,37529.18716854782,0.11205,37529.18716854782,5.542130614138352,36207.527496440045,1.8252694651193613,36205.05704676451,1.8183218986516758
285,115281.6209827485,125870.1962734012,0.00891,125870.1962734012,9.184963917394295,121437.44473024324,5.339813662418869,112147.57566389425,-2.718599280732914
286,265688.1651118165,298836.0440438421,0.02355,298836.0440438421,12.476234655794748,288311.9805672962,8.515176220197219,271533.23329366714,2.1999731073421014
287,75282.04124160392,78142.4201453518,0.14978,78142.4201453518,3.7995501404751053,75390.49042933686,0.1440571827547643,75768.61047798701,0.6463284315332718
288,22062.849379214094,22727.221936066984,0.17502,22727.221936066984,3.0112726848364746,21926.8408205091,-0.6164596257142163,22074.39737523655,0.052341362731400665
289,60275.841807582474,63351.37171864013,0.05018,63351.37171864013,5.102425480635553,61120.33610368798,1.401049360374551,60511.865344193284,0.3915723605557586
290,5884.11590243666,6002.118847535161,0.15344,6002.118847535161,2.0054490267541247,5790.743141678322,-1.5868613451286984,5844.459485619326,-0.6739570986511567
291,16087.484425854354,16398.30152461227,0.33756,16398.30152461227,1.9320428883113472,15820.805035844536,-1.6576823507672533,16121.770712330366,0.2131239761818282
292,69911.415699719,74088.93672622535,0.05409,74088.93672622535,5.975449051767856,71479.75791879141,2.2433277932872864,69670.74465427369,-0.3442514259459961
293,46975.78720638548,50851.642222710885,0.0286,50851.642222710885,8.250750539415241,49060.80767880327,4.438500334773243,47899.929557009,1.9672737926952788
294,21973.099755259096,22319.072163273144,0.18984,22319.072163273144,1.5745270893390506,21533.064796138293,-2.00260757026548,21814.025676462672,-0.7239491950076449
295,6896.691792049468,7006.557750686732,0.2674,7006.557750686732,1.5930240461654144,6759.808872865642,-1.984762017952213,6889.762024381252,-0.10047959046400878
296,66276.15639052352,68816.25861935718,0.08599,68816.25861935718,3.832603408481372,66392.76691424592,0.1759464188527904,65507.02818395144,-1.160490059260666
297,52696.19085271797,56088.499389297474,0.04623,56088.499389297474,6.437483396211241,54113.23924366868,2.689090744549749,53015.39787331391,0.6057497049228866
298,8516.22529893523,8697.518522763465,0.28367,8697.518522763465,2.128797882448019,8391.219336817316,-1.467856447310556,8546.434319010925,0.3547231198718137
299,17107.143757741713,17387.07087126964,0.2333,17387.07087126964,1.636317070178639,16774.75304292361,-1.942993637775925,17016.314843585744,-0.5309414326682416
300,42755.38629719193,45379.94711550171,0.06508,45379.94711550171,6.138550123407849,43781.80842532493,2.4006849593133373,43218.81299489965,1.0839024923934737
301,64935.83573311475,69534.0703227751,0.02785,69534.0703227751,7.081197212212698,67085.29955216439,3.310134989074287,65484.91423584604,0.8455708570349163
302,52772.27572461785,54699.8814756112,0.0671,54699.8814756112,3.652686423932505,52773.524075683854,0.002365543363169742,52566.60839294613,-0.38972609925893575
303,22510.44765125317,22902.530225614428,0.22884,22902.530225614428,1.7417804409564086,22095.975304707645,-1.8412443544740031,22385.620565060377,-0.5545295594592159
304,19887.005695203363,20478.197079157773,0.14243,20478.197079157773,2.972752122744171,19757.01952965623,-0.6536236150346375,19949.136441746374,0.3124188100272818
305,86026.2184159622,89930.81574951316,0.11654,89930.81574951316,4.538845721046436,86763.73589984623,0.85731710339505,86014.7171755834,-0.01336945943989365
306,8703.413614542582,8947.673787930928,0.16877,8947.673787930928,2.80648701999191,8632.564922088104,-0.8140333849708803,8728.775250089417,0.29139871629744185
307,127025.72658627995,130805.44226049472,0.02066,130805.44226049472,2.97555131215681,126198.88691061482,-0.6509230042494707,120415.98718728438,-5.203465137832552
308,32648.721628653828,34618.876575573144,0.07763,34618.876575573144,6.03440149763852,33399.70886863285,2.300204119844995,33055.47576375108,1.2458501123678412
309,22937.30110667874,23369.11364191052,0.18988,23369.11364191052,1.8825777855183023,22546.12712385181,-1.7054054485644454,22808.955191166686,-0.5595510775881274
310,34806.353499723395,35397.532383325684,0.30598,35397.532383325684,1.6984798008415014,34150.94287332483,-1.8830200825368681,34698.27645150483,-0.31050954021776267
311,7681.543698884067,7911.110169454779,0.27195,7911.110169454779,2.988546047118912,7632.505806786013,-0.6383859028905703,7765.9610905918125,1.0989638934164825
312,21036.04995001993,21752.988612159883,0.2013,21752.988612159883,3.408142991879881,20986.91692327966,-0.2335658398654017,21245.355089421595,0.9949830880747967
313,128727.52480962493,134164.35883731695,0.02328,134164.35883731695,4.223520988019125,129439.51303361979,0.5530971134944274,125864.35869254965,-2.2242066110644276
314,26668.790246122742,28216.3698621389,0.0631,28216.3698621389,5.802961445696453,27222.678259584824,2.0769146569841412,27014.18360674227,1.295121966283208
315,11273.306968293691,11427.356240467796,0.21315,11427.356240467796,1.3664958526133475,11024.920775132356,-2.2033126025923444,11209.98682067955,-0.5616821026184105
316,31726.724701066378,33068.69983106615,0.10871,33068.69983106615,4.229794101484008,31904.124462581065,0.5591493076772647,32073.541424333416,1.0931374938156768
317,21810.432416958636,22299.961437305465,0.2075,22299.961437305465,2.2444718701046806,21514.627089698126,-1.3562561328701928,21730.886869599635,-0.36471329792228113
318,23382.345754918857,23780.01543786143,0.17133,23780.01543786143,1.700726210752057,22942.55825379906,-1.880852784102216,23154.270668234385,-0.975415764846832
319,99780.28692871552,109517.5666488086,0.02803,109517.5666488086,9.758720905512664,105660.7031740672,5.89336473801958,101199.73305318944,1.4225717004481941
320,6423.2823973047925,6664.722868285296,0.07164,6664.722868285296,3.7588331953428034,6430.012337486235,0.10477416008156659,6392.430780597496,-0.480309206399554
321,29329.611497652833,29688.644706669187,0.37017,29688.644706669187,1.2241321677414208,28643.104225013747,-2.3406626872436553,29181.138563733548,-0.5062219590981187
322,57164.82909513002,58842.77084999294,0.13963,58842.77084999294,2.9352694330120332,56770.51394556706,-0.689786282587801,56830.62463982755,-0.584633000032786
323,70212.7913051304,76237.00526520268,0.01946,76237.00526520268,8.57993799718384,73552.1782549942,4.756094847948011,70664.08244555001,0.6427477558303973
324,98539.14651566534,102426.6414427229,0.04093,102426.6414427229,3.945127459003861,98819.4980016376,0.2845077270155816,95640.58150562384,-2.9415365492136747
325,56056.94141906694,58423.60123137469,0.07877,58423.60123137469,4.221885376541024,56366.106159604875,0.551519103096787,55616.14202738785,-0.7863422094041783
326,17617.37662422285,17985.942299753773,0.2457,17985.942299753773,2.09205765076379,17352.534107466465,-1.5033028038478835,17640.39400829276,0.13065159791305625
327,11800.06914390998,12160.720515469067,0.15536,12160.720515469067,3.0563496464359297,11732.45827208803,-0.57297013261014,11878.903192179016,0.6680812400978509
328,27828.22987070256,29792.679491684685,0.04496,29792.679491684685,7.05919718972241,28743.475232840738,3.288909738027379,28457.266530053108,2.260426416891126
329,71782.06530035059,76149.10824637912,0.05359,76149.10824637912,6.083752156971167,73467.37669210354,2.34781680451972,71062.90576170765,-1.001865209135222
330,106460.60926849938,115032.57796319916,0.02555,115032.57796319916,8.051774974423465,110981.49317445187,4.246532061967234,105067.15553172487,-1.3088913790265333
331,30101.523456629195,30655.853251523487,0.31117,30655.853251523487,1.8415340196750618,29576.25073376503,-1.7450037823533604,30090.95914647708,-0.035095599620860174
332,19888.5519291684,20259.07074240995,0.21889,20259.07074240995,1.86297531645907,19545.61013175591,-1.7243175804545707,19812.381380562034,-0.38298690059307416
333,11981.604021928804,12312.91858595772,0.20667,12312.91858595772,2.765193737186955,11879.296406294714,-0.8538724485206317,12017.75601805943,0.3017291847106529
334,11806.688279656568,11979.3611764714,0.13206,11979.3611764714,1.4625006837214016,11557.485837326707,-2.1106887590082946,11605.140707726694,-1.7070627017158446
335,41182.331812193275,42945.72556941294,0.04694,42945.72556941294,4.281918190697409,41433.312488906115,0.6094377507747772,40281.10198591176,-2.1883895025455513
336,27800.341887352904,28471.32835622963,0.13772,28471.32835622963,2.413590709047986,27468.657919197,-1.1930931263359534,27712.07856986408,-0.3174900432752481
337,66300.28929160097,68782.49262442146,0.11618,68782.49262442146,3.7438800936498096,66360.19005121425,0.09034765949484935,65800.67180505418,-0.7535675815068976
338,36485.10034520462,37787.61840346418,0.16597,37787.61840346418,3.569999934043633,36456.857597892784,-0.07740898899719628,36755.351910738136,0.7407176161680296
339,46546.58077312177,48409.824798640235,0.26887,48409.824798640235,4.002966479106851,46704.98336728127,0.3403098391514092,47351.44796905875,1.7291650268793646
340,32297.989975817956,32880.418671576736,0.22311,32880.418671576736,1.8032970354961764,31722.473972026666,-1.7818941804805477,32185.03773296516,-0.34971910926149263
341,97677.7896703438,100720.91686196093,0.07523,100720.91686196093,3.1154750756415384,97173.84366380393,-0.5159269146452372,96478.99112851439,-1.2272990061254263
342,19278.94855727852,20128.335013633252,0.11506,20128.335013633252,4.405771683197202,19419.47850323995,0.7289295136812424,19411.915950149032,0.689702513990631
343,15861.90350465448,16633.21622772053,0.08347,16633.21622772053,4.862674412561652,16047.44678361036,1.1697415691719115,15971.30769236328,0.6897292476700345
344,8769.967084533951,8933.533827951602,0.17733,8933.533827951602,1.8650781906137892,8618.922926927095,-1.7222887628988603,8758.806218784788,-0.12726234479084608
345,36763.54525040115,37236.02751005769,0.3668,37236.02751005769,1.285192318745132,35924.69199702043,-2.2817528822837385,36577.540842626535,-0.5059479615138196
346,160850.00000848583,181479.63184584747,0.01674,181479.63184584747,12.825385039647674,175088.4912745793,8.852030628127029,163753.9337820739,1.805367593058671
347,136363.8225168582,144336.46736952072,0.04579,144336.46736952072,5.846598243956436,139253.3919679658,2.119014704761879,135330.1800672468,-0.758003428279963
348,28778.322247181317,30129.773739251443,0.06577,30129.773739251443,4.696074637229741,29068.698083600855,1.009008912769338,28928.44363121387,0.5216474495738144
349,69717.47142583848,73846.27678260594,0.08903,73846.27678260594,5.922196075569741,71245.6436934706,2.191950219046168,70840.0255651879,1.610147523126293
350,14122.811657725517,14453.769850415249,0.24236,14453.769850415249,2.343429911201067,13944.753637635913,-1.2607830820444477,14131.95698870446,0.06475573845057259
351,41876.25838037235,42768.92918325889,0.11174,42768.92918325889,2.1316871120103498,41262.742314172654,-1.4650689673059492,41280.19761171678,-1.423385927275067
352,77805.35226218622,80546.94040141845,0.1125,80546.94040141845,3.5236497998154537,77710.33106154336,-0.12212681760331856,77066.6719401222,-0.9493952544226358
353,62284.20902282535,64204.68872264817,0.16825,64204.68872264817,3.083413484658726,61943.601972651275,-0.5468593974585989,62089.036717171,-0.31335760494738407
354,198038.8894962798,213134.81606938495,0.04219,213134.81606938495,7.622708151667723,205628.87969362747,3.832575620199208,197201.5190844926,-0.42283130041632644
355,33637.09188206,34459.4728519677,0.32151,34459.4728519677,2.444863464389768,33245.9188416984,-1.162921698858943,33821.92264018185,0.5494849518202116
356,84654.79898604068,91245.9401953716,0.02196,91245.9401953716,7.785903797867122,88032.5458082731,3.9900240301667944,83782.8078790917,-1.0300551385075796
357,45995.10598048076,47885.80389454915,0.1081,47885.80389454915,4.110650195850751,46199.416827607085,0.44420127483353333,45993.297519240776,-0.003931855795158423
358,36609.1122266138,37723.56867768497,0.22975,37723.56867768497,3.044205071602346,36395.06350155718,-0.5846870138003668,36805.16552913009,0.535531430816194
359,39365.374294563,40623.08312470031,0.07863,40623.08312470031,3.1949622039057157,39192.46618963398,-0.4392390724782147,38912.787640274975,-1.1497074837937826
360,15463.301113881158,15830.515618229245,0.25115,15830.515618229245,2.374748455350484,15273.014759302556,-1.230567478297273,15519.444344266081,0.3630740290928136
361,26461.885836063782,26822.696321191674,0.33044,26822.696321191674,1.3635100966090663,25878.085507594766,-2.206193209681906,26353.960993518675,-0.40785015555475645
362,26214.746714605353,26953.06158335995,0.23234,26953.06158335995,2.816410460846641,26003.85971616847,-0.804459416422243,26340.77027881977,0.48073538755271095
363,66486.34142590185,68515.89955576022,0.23638,68515.89955576022,3.05259409125449,66102.98555007328,-0.5765934289764019,66912.61763487,0.6411485424314245
364,31548.03568332068,33435.9676683167,0.03515,33435.9676683167,5.984309146683775,32258.458284309872,2.25187586358917,31774.549132634205,0.7179954136836475
365,59634.121438433365,62013.68247736031,0.20025,62013.68247736031,3.990267621169896,59829.756060805434,0.32805819496148914,60086.00658040118,0.7577627221931005
366,45123.100148414494,47638.71679069755,0.05064,47638.71679069755,5.575008441372464,45961.03135268211,1.8569894389161457,45369.72107566371,0.5465513815275269
367,36652.12023731184,37662.35216420425,0.2355,37662.35216420425,2.75627145265116,36336.0028407138,-0.8624805183200079,36712.62682037873,0.1650834458555961
368,22255.07014669573,22593.819775834658,0.20933,22593.819775834658,1.5221233943817802,21798.136663848214,-2.053165772273946,22031.23700935705,-1.005762443628655
369,28912.495286847265,29606.289740521283,0.23526,29606.289740521283,2.399635336869843,28563.64954117323,-1.206557034296285,28977.029553060827,0.22320545346676823
370,20528.758277792946,20883.658244872226,0.24268,20883.658244872226,1.7287941251819205,20148.201631213928,-1.8537733331425388,20414.876590427462,-0.5547422100472321
371,40387.34202801623,43354.47801591086,0.0837,43354.47801591086,7.346697848638728,41827.6699627129,3.5662855299997798,41362.61110768022,2.4147889677598844
372,35825.75088290702,37291.69048015273,0.12072,37291.69048015273,4.091860075834797,35978.39469277023,0.42607288361409257,36050.104053013114,0.6262343833053796
373,28065.01268343853,28862.917488758703,0.15962,28862.917488758703,2.843058773285456,27846.45651685051,-0.7787495735464001,28059.45515701538,-0.01980232998942677
374,8414.268682838881,8693.402990351804,0.18019,8693.402990351804,3.31739237281814,8387.248740484161,-0.32112050818899895,8515.595159323388,1.2042220221843314
375,90078.89961419988,95398.11082372608,0.05019,95398.11082372608,5.905057935107916,92038.4900756206,2.1754156298683602,90499.39489506287,0.4668077459470954
376,96848.24161565932,102697.489012448,0.07441,102697.489012448,6.039601028587915,99080.80717372605,2.305220539704389,97253.89376711754,0.41885339856559956
377,98688.4921468242,105242.55510273132,0.02744,105242.55510273132,6.641162321293037,101536.24405889843,2.885596739929386,96152.84761993318,-2.5693416443313355
378,109894.1852586002,120645.7185454838,0.03269,120645.7185454838,9.783532460414857,116396.9566392397,5.91730250816942,111969.817521801,1.8887553134103285
379,34529.916186262795,35611.86915240311,0.18572,35611.86915240311,3.133378489261296,34357.73137703036,-0.498654002817811,34663.54803883781,0.38700311884389826
380,41214.19891430889,42869.29577824217,0.13403,42869.29577824217,4.015841403042919,41359.57431405744,0.35273134885094315,41598.335130520805,0.9320482414582498
381,253603.1365148086,279648.9826005374,0.03719,279648.9826005374,10.270317017237641,269800.62694633205,6.386944047349208,258933.2508668352,2.1017541128539596
382,79603.87977331819,94893.29055279744,0.00593,94893.29055279744,19.206866327392234,91551.44798333336,15.00877626070154,82491.41065192757,3.6273745536423263
383,16964.798660300887,17402.242940176588,0.14386,17402.242940176588,2.5785409460788777,16789.39079938924,-1.0339519166951083,16957.514384456612,-0.04293759089118998
384,11158.860366083934,11351.067868141216,0.09528,11351.067868141216,1.7224653392157618,10951.319038801965,-1.859879239216644,10914.122425171994,-2.193216268354725
385,36753.36674802721,38286.352449513,0.12603,38286.352449513,4.171007548765782,36938.0278029554,0.5024330320380743,36864.53895549517,0.3024816970649935
386,110716.26194054847,117612.01170259184,0.07348,117612.01170259184,6.22830796594831,113470.08738846613,2.4872818135752928,110232.68152099787,-0.43677451810130163
387,26940.885198674776,28469.63476956579,0.15084,28469.63476956579,5.6744593194221205,27467.023975316915,1.9529379705311989,27515.603992139808,2.1332587597875374
388,37253.04740604697,37920.35985316849,0.17188,37920.35985316849,1.791296265908171,36584.92431216776,-1.793472320792644,36902.64527206939,-0.9405999196744896
389,20054.76819795374,20711.71188146032,0.18114,20711.71188146032,3.275748076577667,19982.310676709934,-0.36129822358754726,20198.94297896489,0.7189052478096425
390,133094.76499219195,144540.7812901182,0.02708,144540.7812901182,8.599899701988821,139450.51059632073,4.7753535644333045,132001.05203216203,-0.8217550555756903
391,35817.666942896736,36548.64496644815,0.23449,36548.64496644815,2.040830924908632,35261.51689982105,-1.552725485895945,35698.612433805414,-0.33239046329044397
392,109435.8550328768,120803.05149460355,0.04888,120803.05149460355,10.387086077329787,116548.74881783832,6.499600869225763,111862.84874676926,2.2177317600007296
393,37605.44057656111,38535.26119241599,0.13277,38535.26119241599,2.4725693984673613,37178.17076454657,-1.1361914804445816,37487.77390841637,-0.31289799119672557
394,101783.85345182718,108733.44001668954,0.0379,108733.44001668954,6.8277888183428725,104904.19101019768,3.065650840039491,100989.83561303253,-0.7801019629999018
395,19020.81629573809,19679.07271599909,0.0999,19679.07271599909,3.460715933671543,18986.037807558285,-0.1828443513625433,18918.162321104628,-0.5396927925562345
396,10054.648794825684,10378.853672463994,0.13164,10378.853672463994,3.22442766777844,10013.34316247087,-0.41081128936169,10106.073090767031,0.5114479579616082
397,27104.962021404597,27691.826526603545,0.29839,27691.826526603545,2.1651552388655126,26716.607686855026,-1.4327794823799755,27133.904336241834,0.10677865851418389
398,37591.46268468697,38630.133792385575,0.12773,38630.133792385575,2.7630505266870387,37269.70225060381,-0.8559401819026036,37334.29950175652,-0.6840999646316237
399,16482.653877920256,16850.49865445119,0.15584,16850.49865445119,2.231708432728108,16257.077208191919,-1.3685700822154256,16449.29821038333,-0.20236830660873562
400,23780.843012713547,24654.56653937892,0.10341,24654.56653937892,3.6740645661647475,23786.310422291914,0.022990814814449756,23732.91588288786,-0.20153671507803228
401,17948.704158987137,18640.324539979927,0.10314,18640.324539979927,3.8533165116908297,17983.87106794365,0.195930071859296,18097.99515092244,0.8317647369576298
402,61968.84210301086,66220.29782565015,0.07539,66220.29782565015,6.860634438791191,63888.2276766735,3.0973397412719983,62199.78504689311,0.3726759062213203
403,16595.67915588929,16957.589932623396,0.14654,16957.589932623396,2.1807530341755976,16360.397069121354,-1.4177309922531411,16437.654467935525,-0.9522038023836332
404,35003.41939873076,36485.5777195196,0.03664,36485.5777195196,4.234324378156562,35200.67068252797,0.5635200422858144,33956.0335973171,-2.992238528135438
405,34532.89106746176,35267.649889096814,0.20829,35267.649889096814,2.127707234820475,34025.63443112549,-1.4689086857666234,34443.23476934188,-0.25962580991186757
406,33585.02410189687,34968.884704375305,0.10317,34968.884704375305,4.1204692849997615,33737.39081443856,0.4536745666145814,33421.48681586519,-0.48693514566348073
407,150815.25711868305,158128.66361610554,0.02365,158128.66361610554,4.849248436229003,152559.8705386777,1.1567884134041861,145666.33157208803,-3.414061445085159
408,73725.82702527622,76774.05094315785,0.12949,76774.05094315785,4.134540148103838,74070.31087705384,0.46724989827449104,73479.20082904975,-0.33451804635832305
409,32024.823464022633,35101.242249306524,0.02388,35101.242249306524,9.606356733675693,33865.08714385639,5.746366352030474,32781.05324260382,2.361386252232589
410,63090.12093281242,65921.48752114114,0.05819,65921.48752114114,4.487812903931476,63599.94052917576,0.8080815012326159,62364.98201423703,-1.1493699930415713
411,79043.15509721446,89961.51717499815,0.01669,89961.51717499815,13.813165813479111,86793.35611790307,9.805024876798885,80521.99487340769,1.8709270579779114
412,6646.530860833377,6918.588679009183,0.08053,6918.588679009183,4.093230346359866,6674.937794595379,0.42739489753065296,6682.226844336932,0.5370618786095571
413,14160.751090094049,14414.78670502263,0.22397,14414.78670502263,1.7939416723897317,13907.143355740869,-1.7909200771884737,14099.710303116906,-0.4310561395280965
414,29020.051571213717,29925.72129557759,0.0898,29925.72129557759,3.1208411954107174,28871.831723776555,-0.5107497726991928,28811.467936092755,-0.7187569415895378
415,38112.17629489818,41634.14959687552,0.02006,41634.14959687552,9.241071081130592,40167.92608775543,5.3939449087100355,38016.21950412734,-0.25177462978854814
416,15715.905959301424,16242.292545544957,0.13491,16242.292545544957,3.3493874779264132,15670.290201246538,-0.2902521698272764,15817.13164572212,0.6440970484478115
417,195174.7713700592,222028.99424217865,0.00899,222028.99424217865,13.759064598160986,214209.83294751393,9.75282893574574,199574.88584996428,2.2544483843981444
418,6835.912154763383,6976.837609168671,0.15705,6976.837609168671,2.0615457193534636,6731.135381047649,-1.5327402012140223,6789.312362626924,-0.681690915293387
419,12448.103860442216,13160.390437015314,0.05948,13160.390437015314,5.722048791998069,12696.922970169322,1.9988514918951372,12506.71789767997,0.4708671930671926
420,86221.29984383726,94171.09372961737,0.05273,94171.09372961737,9.220220409781167,90854.68465574793,5.373828532279834,88864.49168339696,3.065590340608426
421,12348.975255204028,12761.55251601892,0.11118,12761.55251601892,3.34098378439156,12312.13086352859,-0.29835991176605514,12351.161111778863,0.017700712242607608
422,50280.12578507918,53339.12816725653,0.0732,53339.12816725653,6.083919509774027,51460.69220946601,2.3479782636844027,50854.435291696216,1.1422197093776232
423,49416.11282576877,51865.9230780062,0.0656,51865.9230780062,4.957513070433062,50039.36875960375,1.261240308464684,49674.43111997561,0.5227410240008723
424,48314.07693719206,49378.772929393825,0.1203,49378.772929393825,2.203697265262594,47639.80819920001,-1.3955947846599592,47451.82279351644,-1.7846851235439054
425,56991.81925425956,57978.61147338408,0.46289,57978.61147338408,1.7314629222873412,55936.78753818847,-1.8511985226585481,56920.21786566384,-0.12563450251741326
426,101174.81397322414,111926.20205831518,0.0141,111926.20205831518,10.626545938534049,107984.51403698132,6.730627708946768,103335.89141446137,2.1359836073522764
427,9421.857387759545,9733.19316874644,0.08049,9733.19316874644,3.3043992089221152,9390.420786435214,-0.33365609380981986,9431.94378048735,0.10705312458783034
428,24821.343428609,25361.403453505776,0.19172,25361.403453505776,2.1757888586896756,24468.254768403294,-1.4225203451265989,24787.82623908518,-0.1350337447294958
429,27293.11305595137,28739.0429647097,0.07121,28739.0429647097,5.297783018720326,27726.944463059706,1.5895270217764157,27653.498868970615,1.3204276561653128
430,7190.925228456588,7562.0817274210685,0.08305,7562.0817274210685,5.161456796904318,7295.769046268953,1.4580017797635847,7258.004691865731,0.9328349451290352
431,12441.684874092876,12630.833016451006,0.2162,12630.833016451006,1.5202775530184898,12186.014892679832,-2.054946608922892,12379.297104749614,-0.5014414846109094
432,20868.344931713746,21615.11453124321,0.15118,21615.11453124321,3.5784802387207604,20853.898332884488,-0.069227333919053,21006.156237622465,0.6603844548270121
433,57236.610640966355,64670.551216132946,0.02705,64670.551216132946,12.98808663182065,62393.05825761304,9.009002383093634,60450.83384603273,5.615677044939904
434,39062.03369103173,39895.91123657512,0.24805,39895.91123657512,2.134752000213558,38490.90300320834,-1.4621120148040734,38915.37137073208,-0.3754600220247095
435,11020.670603382698,11223.141163727683,0.19889,11223.141163727683,1.8371891115486205,10827.897509665736,-1.7491956765116612,10975.650460408317,-0.40850638399956285
436,7414.512321744842,7705.479289567114,0.07285,7705.479289567114,3.9242900300933137,7434.116598295786,0.2644041266672392,7357.138946284745,-0.7737983696086914
437,17695.530607240624,17987.029746474414,0.26078,17987.029746474414,1.6473037497644505,17353.58325774147,-1.9323938744127633,17662.759949831234,-0.1851917195180408
438,31567.832279846887,32263.51591431507,0.10385,32263.51591431507,2.2037738552998842,31127.296585267246,-1.3955208918823403,31116.236904487978,-1.4305555457705954
439,73017.18308048461,75682.09143531288,0.14389,75682.09143531288,3.649700306694692,73016.80674098687,-0.000515412238411006,73075.5295301661,0.07990783432054727
440,47204.44229026694,50123.40713262596,0.0855,50123.40713262596,6.183665563528717,48358.218733039466,2.4442115758465777,48286.2726262854,2.2917977282013613
441,21036.066885057586,21615.65747041592,0.16781,21615.65747041592,2.7552231532883775,20854.422151450995,-0.863491899883706,21039.659850188516,0.017080023326432325
442,45065.862109306945,46424.96559626049,0.14306,46424.96559626049,3.0158160153622493,44790.02464931158,-0.6120762969680338,44797.64447739407,-0.5951680925626479
443,45377.556899007024,47457.173760152546,0.07232,47457.173760152546,4.582919406115105,45785.88169541072,0.8998386522052426,44915.16806350477,-1.0189813359307909
444,53902.98672357929,57816.637671432785,0.01306,57816.637671432785,7.2605456315865124,55780.51794296608,3.4831673224620774,52294.93026039477,-2.9832418589916365
445,31264.181827264023,32295.81803068573,0.23786,32295.81803068573,3.2997383687234816,31158.46112292246,-0.3381527939086082,31535.586791635404,0.8681019252987587
446,20081.757263937227,20566.15671870019,0.23527,20566.15671870019,2.4121367886108525,19841.88150796143,-1.1944958442783649,20120.956507923518,0.19519827608256435
447,59799.53309858536,62425.85525887516,0.06883,62425.85525887516,4.391877367938735,60227.413416211486,0.7155245124083498,58941.12514029085,-1.435476020990556
448,30721.371305901634,31519.247137752485,0.09669,31519.247137752485,2.5971361235999746,30409.238608921944,-1.0160116027103538,30393.122551930937,-1.0684703840275533
449,5890.291267071295,6047.335248403843,0.20227,6047.335248403843,2.6661496726057887,5834.367163440108,-0.9494284933551866,5922.61400854869,0.5487460638507136
450,20291.448519847396,21418.052341632872,0.06439,21418.052341632872,5.5521113767877495,20663.77605241035,1.8348987367696967,20296.165463565558,0.023245968436147457
451,158964.94192898573,164853.72297735678,0.05981,164853.72297735678,3.704452678000991,159048.09450804107,0.05230875314161665,155599.92816954182,-2.116827596456561
452,138357.82017074848,148872.87783359544,0.05884,148872.87783359544,7.5999012198011195,143630.04435522505,3.8105718765806484,139317.37513744098,0.6935314285150707
453,21096.3120567486,21532.07029215002,0.32195,21532.07029215002,2.065565935075475,20773.778650119082,-1.5288615648171633,21161.209813486257,0.3076260749418358
454,37731.20888709687,39353.10746863974,0.17411,39353.10746863974,4.298559811311842,37967.215072946885,0.6254933059691048,38285.41221696165,1.4688194367774576
455,11350.442255550315,11670.359804622947,0.14722,11670.359804622947,2.8185469946441444,11259.366519756806,-0.8023981246102818,11396.289698851999,0.40392649263745195
456,17747.681528104593,18482.69786294528,0.10403,18482.69786294528,4.141478049832825,17831.795505601403,0.47394346897431383,17896.19736651373,0.8368182524232992
457,25404.64377691863,26951.114341964603,0.03791,26951.114341964603,6.0873538657960635,26001.98105047695,2.351291672513156,25661.337837564402,1.0104218067367388
458,24057.035600291372,24599.63279020161,0.21098,24599.63279020161,2.2554615577975223,23733.311266597782,-1.3456534673360498,24070.891314737222,0.057595269326049525
459,65797.13955023703,68357.71360991235,0.05928,68357.71360991235,3.891619114718936,65950.37041460248,0.2328837779467019,65074.892599148,-1.0976874618349952
460,60840.89973483413,65787.21539825707,0.01404,65787.21539825707,8.129918664879575,63470.39704720541,4.321923777970982,59093.68034464436,-2.8717842730872856
461,55603.31690570128,58618.23484668738,0.06267,58618.23484668738,5.4221908130034135,56553.88539251275,1.7095535657046357,55762.64798432461,0.2865495936034579
462,41760.510971676325,43186.49347635914,0.11663,43186.49347635914,3.4146672813701207,41665.60130912124,-0.22727131528504918,41780.89388072389,0.04880905087916165
463,43666.641118212116,45424.84558672871,0.05334,45424.84558672871,4.02642480276163,43825.125713924834,0.3629420345926615,43015.15959284534,-1.4919432974089264
464,5814.905848958886,5961.662504335873,0.28566,5961.662504335873,2.5238010586751347,5751.711543359526,-1.086764037816268,5864.704413201587,0.8563950223135164
465,62398.12862801121,68705.68468303508,0.02044,68705.68468303508,10.10856606393855,66286.08704340857,6.230889452751964,63213.70865048898,1.3070584653906536
466,16827.749599674004,17160.912202572763,0.15607,17160.912202572763,1.9798405064525904,16556.55896963808,-1.6115680140687094,16685.47589392415,-0.8454707797209471
467,19238.1407100392,19867.043011483944,0.09478,19867.043011483944,3.2690388895874944,19167.388381758454,-0.3677711341607104,19125.25372075465,-0.5867874187324262
468,45682.357038677,47397.19760183897,0.18963,47397.19760183897,3.753835559995511,45728.017708335356,0.09995252569761082,46184.34840616354,1.098873613420448
469,38742.61093602413,40372.82946950464,0.13912,40372.82946950464,4.207817940232528,38951.02567932164,0.5379470775515482,38940.49384841531,0.5107629754689036
470,46828.80652891452,47661.872605231554,0.08098,47661.872605231554,1.7789607253873907,45983.371692420274,-1.8053734424605339,45583.588149150455,-2.6590863019223088
471,23353.07229259078,23840.88026953403,0.22467,23840.88026953403,2.0888385512257246,23001.279617959026,-1.5064085368474922,23277.785437910792,-0.3223852251075021
472,80918.68395512232,85208.25809068553,0.08202,85208.25809068553,5.30109231378777,82207.49183525778,1.592719773903184,81562.42629990773,0.7955422818572089
473,38915.46411744639,39691.50000859126,0.17876,39691.50000859126,1.9941581290224386,38293.69049432647,-1.5977546130335751,38541.686796770846,-0.9604853215870457
474,32510.829552128733,33281.050029583086,0.27483,33281.050029583086,2.3691197304558598,32108.996356479158,-1.2359979772440632,32598.226595664615,0.26882440325231016
475,122662.54756124238,127262.40291076856,0.07601,127262.40291076856,3.7500080024259974,122780.62223837351,0.09625976264040492,121228.94144488884,-1.168739884224046
476,33924.163999173245,35169.56811307972,0.13471,35169.56811307972,3.6711416497598126,33931.00678608513,0.020170834311650232,33872.11023857378,-0.1534415427325797
477,36566.834468232606,38376.68895062663,0.07667,38376.68895062663,4.949442599321352,37025.182937259655,1.2534540539057115,36854.47409770121,0.7866134262141111
478,38816.99076940173,40154.02107555645,0.07371,40154.02107555645,3.444446052239214,38739.92302727777,-0.19854125885695462,38232.41948352462,-1.505967552585008
479,55850.331318389006,57214.27608251043,0.26446,57214.27608251043,2.4421426550648606,55199.3696304339,-1.165546689856023,55871.23594022213,0.03742971857041422
480,134740.67330383664,157960.38910028906,0.00715,157960.38910028906,17.232892805940338,152397.52212087126,13.10431986429139,140310.8695214277,4.134012455934832
481,15013.344327905806,15342.600780862082,0.27156,15342.600780862082,2.1930919971260066,14802.282744496273,-1.4058265686828109,15059.420585172631,0.30690202169800784
482,49001.34912520985,49782.55311429734,0.35051,49782.55311429734,1.5942499605293259,48029.36851879212,-1.9835792764278604,48843.8919368145,-0.3213323535093071
483,57383.86171079829,58339.178277399915,0.13064,58339.178277399915,1.6647826376973596,56284.656315950015,-1.9155305378157017,56140.792627029645,-2.1662346288812473
484,20599.78558649463,21152.028807704304,0.21592,21152.028807704304,2.680820239079229,20407.12102878407,-0.9352745779881877,20650.90592101909,0.24815954666039808
485,13751.68928283175,14086.808267480445,0.17573,14086.808267480445,2.4369295855678708,13590.715284911226,-1.1705761714780105,13750.761132017986,-0.006749358530977467
486,46216.671336883795,47712.23182528259,0.22534,47712.23182528259,3.2359762075838683,46031.957419484075,-0.3996694527247491,46560.8742601504,0.744759224993996
487,52971.01793028944,54115.357647822166,0.17632,54115.357647822166,2.1603128696501495,52209.585334566305,-1.4374513186157567,52479.900139329904,-0.9271443331631879
488,54637.343176060145,56866.43422673291,0.0742,56866.43422673291,4.079794003690629,54863.77766834547,0.41443174049602405,53793.9062862853,-1.5437004084495887
489,35130.38085322506,35750.48231580008,0.27131,35750.48231580008,1.7651430115881883,34491.46302175062,-1.818704539936089,34927.17162745046,-0.5784429910498656
490,48527.60171513646,49388.02393427586,0.28953,49388.02393427586,1.773057370916864,47648.73341285123,-1.8110688993952406,48358.25470834387,-0.3489704844403363
491,65391.94975529019,67835.7219304096,0.09832,67835.7219304096,3.7371147125364823,65446.76163662319,0.08382053377842258,64931.17004713551,-0.7046428648771141
492,25903.1316760449,27076.65311469981,0.06999,27076.65311469981,4.530423013446572,26123.098743361294,0.8491910170067118,26123.44867843575,0.8505419543328729
493,25735.386093023146,26103.96136288391,0.12869,26103.96136288391,1.4321730730151527,25184.662128913365,-2.139948326864549,25286.506139819492,-1.744213013090734
494,17802.217685780208,17859.739188143634,0.21841,17859.739188143634,0.32311425114956993,17230.775471628225,-3.209949593012962,17448.15991087737,-1.9888408351822817
495,43705.26453188118,44349.2544642596,0.24422,44349.2544642596,1.4734836621539182,42787.41352029743,-2.1000925664555026,43386.623195755696,-0.7290685448043566
496,46237.045413372056,51448.23223119514,0.02456,51448.23223119514,11.270587839758406,49636.38766776712,7.351988484566863,47642.56323310014,3.0398088960104763
497,17126.29035268498,17687.290470195734,0.07216,17687.290470195734,3.2756662765722755,17064.399853931463,-0.361377142854602,17010.525256748482,-0.6759496280427713
498,104244.41384261772,110777.39344809602,0.07781,110777.39344809602,6.266982915114672,106876.16284472535,2.5245947529436874,105238.18277180508,0.953306649781438
499,219937.098377327,257913.604442804,0.01846,257913.604442804,17.266985126958435,248830.70029278586,13.137211561229488,232254.6028019896,5.6004669132855955
500,17116.175202903218,18021.794740771507,0.06538,18021.794740771507,5.291015820606226,17387.123938526063,1.5829981430482754,17254.407827835614,0.8076139867331467
501,36073.83966238166,37853.03087529503,0.1064,37853.03087529503,4.9320816125064,36519.96644865976,1.2367044663208704,36258.38641990747,0.5115805782057059
502,20779.617213820035,21182.00821773615,0.2452,21182.00821773615,1.9364697615724014,20436.044658496063,-1.6534113780280357,20768.752588979878,-0.0522850095281413
503,15590.282568871518,15898.595392777508,0.17008,15898.595392777508,1.9775961246628393,15338.696978793138,-1.6137333558065903,15503.574988685357,-0.5561642632397557
504,45588.44712476151,47845.72897091083,0.11491,47845.72897091083,4.951433945472727,46160.753216454636,1.2553752711227606,45934.144617492195,0.7583006540771597
505,40585.07603633941,41186.52729953651,0.22777,41186.52729953651,1.4819517959226314,39736.067636728156,-2.0919226536647573,40193.040199708914,-0.9659605818638117
506,34897.12329418878,37363.81865787234,0.03384,37363.81865787234,7.068477659000405,36047.98274343389,3.2978633784314093,35073.12542744823,0.5043456785125855
507,90283.47158111172,98173.48627569692,0.00918,98173.48627569692,8.739157407673147,94716.1255527459,4.909707052693291,89449.31342363496,-0.9239323021903778
508,36099.60342566689,37286.42109540229,0.22118,37286.42109540229,3.2876196886184372,35973.31087914048,-0.34984469230101567,36425.45039276407,0.9026330933749271
509,48829.592266643485,50061.33680731155,0.05513,50061.33680731155,2.522537018007198,48298.33432892378,-1.087983562956385,47215.583999869355,-3.3053896046490117
510,54801.66505389629,59573.09038785748,0.02344,59573.09038785748,8.706715989867453,57475.1139314303,4.878408119360467,55284.1996694965,0.880510866094375
511,51889.25446506288,53956.187496825805,0.11127,53956.187496825805,3.9833546522711982,52056.02065454992,0.321388679036283,51661.9626261319,-0.4380325777931793
512,64470.742463953,68249.15074251288,0.0256,68249.15074251288,5.860655755085298,65845.6307891796,2.1325771546610195,64166.988752667516,-0.4711497024488587
513,18677.358485506837,19318.64852027036,0.15904,19318.64852027036,3.433515693673428,18638.306615869507,-0.2090866846488626,18775.91156823222,0.5276607117749466
514,17414.33768257461,17923.681291169327,0.20395,17923.681291169327,2.9248520264103073,17292.46573534444,-0.6998368209668815,17456.50023326331,0.24211400661473537
515,7110.539886140795,7213.422213378581,0.29576,7213.422213378581,1.4468989540205701,6959.388221262205,-2.125741044969043,7093.07086733544,-0.24567781188322702
516,44106.11517043805,46044.18613663054,0.10486,46044.18613663054,4.394109430638471,44422.65504195207,0.7176779688957469,44350.83458090782,0.5548423603486841
517,31743.338362150374,33026.43937379307,0.06941,33026.43937379307,4.042111125818515,31863.352285399207,0.37807593479812773,31418.929705759077,-1.0219739735317535
518,85781.6296438767,94141.76016903752,0.01972,94141.76016903752,9.745828518143075,90826.38413070608,5.880926379893614,86089.2721012571,0.3586344286738097
519,34684.27968168121,35193.97004327887,0.24018,35193.97004327887,1.469514045773468,33954.54935722273,-2.103922385460111,34450.5083252879,-0.6739980144860325
520,25353.896978242716,26203.717961040613,0.10097,26203.717961040613,3.3518357494596085,25280.905614136973,-0.28789011870001824,25186.742003595235,-0.6592871099497022
521,77572.97435281295,84069.26429640318,0.02199,84069.26429640318,8.374424208673737,81108.60981205973,4.5578186072461335,76667.64690560343,-1.1670655337926883
522,41353.90503988663,41892.18154090068,0.22336,41892.18154090068,1.3016340306795104,40416.87096008352,-2.265890195615927,40942.16975490804,-0.9956382222705784
523,78496.06476613106,81286.53596644457,0.05883,81286.53596644457,3.5549185919413473,78423.88040213156,-0.09195921377023186,77348.2645031433,-1.4622392427027786
524,13706.552151294998,13971.237528806258,0.1579,13971.237528806258,1.9310864949085849,13479.21458334963,-1.6586050630091442,13651.038016359451,-0.4050189597119225
525,157098.72918765832,171911.66910645156,0.0236,171911.66910645156,9.429064127628184,165857.4820226143,5.575317432704008,157289.88033551347,0.1216758078461666
526,20085.462914523745,21241.288413318376,0.03747,21241.288413318376,5.7545375165779955,20493.23719245365,2.0301960660067397,19951.29500636833,-0.667985142918448
527,81363.11061601918,94050.4955160354,0.01414,94050.4955160354,15.593534716110359,90738.33353109713,11.522694798780343,86743.59098992452,6.612923637221413
528,33407.610952846626,35349.043918912066,0.04329,35349.043918912066,5.811349302425994,34104.162019781914,2.0850071198399656,33268.01193534413,-0.4178659099554616
529,12355.815694741746,12793.346497690502,0.02577,12793.346497690502,3.5410920149525626,12342.80516138708,-0.10529886230177254,12107.114283265348,-2.0128287570867376
530,8422.096313232083,8633.6319743168,0.19882,8633.6319743168,2.5116746854624727,8329.582671222974,-1.09846335838929,8448.062846370889,0.30831436940479406
531,33085.754067235954,34549.47784248568,0.1329,34549.47784248568,4.424030270778134,33332.754140165176,0.746545091362516,33310.99739326973,0.6807864362893046
532,16802.606810292178,17139.221243729808,0.34878,17139.221243729808,2.003346488066615,16535.631897991065,-1.5888898390312933,16860.306783339332,0.34339893624013573
533,35062.51675958556,36383.50871706437,0.08232,36383.50871706437,3.7675331937421896,35102.19622859604,0.11316777196157535,35005.87894619269,-0.16153379342737084
534,28107.453630106706,28680.38934245266,0.26282,28680.38934245266,2.0383764388114844,27670.356436489885,-1.555093532729812,28126.448614608795,0.06757988379901825
535,23392.839985470753,23918.379520271144,0.20562,23918.379520271144,2.2465828652134645,23076.049589379276,-1.3542194803548235,23391.65831115341,-0.005051435901237689
536,52988.721251153525,55730.5612013882,0.06501,55730.5612013882,5.174384067958582,53767.90651044038,1.4704737930808065,52378.81610418868,-1.1510093706055824
537,44108.80285227433,45750.58838892399,0.04104,45750.58838892399,3.7221267195761243,44139.39688143729,0.06936037068479006,43142.36159046451,-2.1910394282214973
538,38145.80270812891,40170.609094651,0.07626,40170.609094651,5.30807124971211,38755.926868628776,1.5994529337033603,38290.6261754642,0.37965767411789475
539,122000.856601147,131720.64916267636,0.06495,131720.64916267636,7.966987144447635,127081.86311062815,4.164730192093913,122781.78409097395,0.6401000055106243
540,33138.04947587267,34258.4116144674,0.13525,34258.4116144674,3.380893433122689,33051.93834719514,-0.25985575505954595,33016.886182182665,-0.36563194154871637
541,24956.77067427317,25375.523527465655,0.04307,25375.523527465655,1.6779128143536548,24481.877577867777,-1.9028627645921392,23817.182177991643,-4.566249821160873
542,13325.641778907777,13790.010882635188,0.18821,13790.010882635188,3.4847785302350553,13304.370168391828,-0.159629163599595,13408.526290448768,0.6219926433275624
543,45111.18372269722,46293.8760426698,0.03115,46293.8760426698,2.62172752380585,44663.551656576245,-0.9922862341024241,43172.09933061631,-4.298456019244923
544,30048.342284556464,30896.116099305014,0.05548,30896.116099305014,2.8213663393480193,29808.052281407217,-0.7996780683397153,29042.770451853692,-3.346513505404225
545,55213.624299642695,59507.91073010162,0.02571,59507.91073010162,7.777584762691836,57412.22969576047,3.981997965187012,55947.24690475529,1.3286985131264695
546,31758.45850460963,32563.228236129547,0.16487,32563.228236129547,2.5340327251812678,31416.45398386431,-1.0768926983520832,31478.123392990445,-0.882710071014603
547,9527.275665210822,9731.988415214244,0.20925,9731.988415214244,2.1487018660637514,9389.258460524783,-1.448653419256185,9551.53806908424,0.2546625575453154
548,36664.630509860704,37651.74932645414,0.16609,37651.74932645414,2.692291734204044,36325.773401486855,-0.9242070727610852,36565.530936211384,-0.27028657393034505
549,9777.974603218125,10028.852652627103,0.14664,10028.852652627103,2.5657465844348692,9675.668075275085,-1.0462957012525753,9777.324396490989,-0.0066497076697480395
550,26856.258617035444,27474.818064506744,0.04489,27474.818064506744,2.3032227098041647,26507.241578736513,-1.2995743125497894,26187.04349443591,-2.4918404761526847
551,13884.95385280239,14648.259575402706,0.06581,14648.259575402706,5.49735872868069,14132.394047582231,1.782074304336989,13856.133777410942,-0.20756335020610805
552,29637.277406199937,30405.82301132395,0.15592,30405.82301132395,2.593172087268858,29335.025770476903,-1.0198360381774019,29652.907231303052,0.052737047633955036
553,14522.351911200562,14918.831602871564,0.19952,14918.831602871564,2.7301341690061376,14393.437381144131,-0.8876973292253232,14564.177855729813,0.2880108179790897
554,19011.37316115793,19416.921927767948,0.19028,19416.921927767948,2.133190291791176,18733.119143733682,-1.463618724778648,18956.376139803844,-0.28928484485514216
555,17322.045592434788,17809.453218252216,0.13036,17809.453218252216,2.8137994627510876,17182.260415084325,-0.8069784633952914,17305.30633986094,-0.09663554159652366
556,132722.20013924417,146605.95981857646,0.01912,146605.95981857646,10.46076667261866,141442.960046888,6.570686666205461,134807.41592612216,1.5711130351141689
557,26877.416531472885,27259.32125909633,0.23355,27259.32125909633,1.4209130820897364,26299.333891520957,-2.1508117764034607,26696.264439131814,-0.6739936932887325
558,23466.687523293334,23850.30041153523,0.17447,23850.30041153523,1.6347125595000067,23010.36801225323,-1.9445416426462137,23213.352803952253,-1.0795504013492163
559,9280.006103965316,9480.401506134183,0.35633,9480.401506134183,2.159431792649791,9146.531649327151,-1.4383013668615052,9327.766113849642,0.5146549404091427
560,58018.88191623636,60693.38803370887,0.0284,60693.38803370887,4.609716749339943,58555.958225610906,0.9256922774726117,56803.950481496155,-2.0940276589511586
561,44602.964331049065,45254.64548024464,0.10142,45254.64548024464,1.461071386104984,43660.91951868425,-2.112067721268107,43273.41007479284,-2.980865232158336
562,16925.7684715715,18207.44971514574,0.05655,18207.44971514574,7.572366629774896,17566.240729926743,3.7840069680202593,17445.89710709767,3.072998643457625
563,62788.187685495104,66846.35038491535,0.07358,66846.35038491535,6.463258216254797,64492.232638252004,2.7139578566790723,62915.22115612354,0.20232065187921755
564,11919.501848679643,12207.629830685775,0.29421,12207.629830685775,2.417282078261085,11777.715589090929,-1.1895317555105756,11982.69651079308,0.5301787181688056
565,38052.3747074621,38790.35682412818,0.11412,38790.35682412818,1.939385182500497,37424.282732225474,-1.6505986290349828,37375.76992543185,-1.7780881935275494
566,137644.1211696519,147767.27531466522,0.02914,147767.27531466522,7.3545851860510325,142563.3776719176,3.57389510025099,138180.89728454128,0.38997387634724934
567,168786.98667173306,182622.73205995568,0.01901,182622.73205995568,8.19716357347573,176191.33510244128,4.386800532856627,166667.61686533736,-1.255647635038104
568,21702.330855087093,22212.7609834958,0.27546,22212.7609834958,2.351959942998749,21430.497560997286,-1.25255345107822,21753.916698208777,0.2376972476649586
569,35876.55459012217,37250.447615259145,0.07081,37250.447615259145,3.8295010232539006,35938.60427157192,0.1729532898536279,35560.0350473345,-0.882246208990245
570,120746.05443057104,127624.75103238413,0.0347,127624.75103238413,5.696829295377381,123130.20960134402,1.9745201464482331,119134.7423477761,-1.3344635486382983
571,8286.157904556441,8482.870688440826,0.23336,8482.870688440826,2.3739927014450712,8184.130722603959,-1.2312966169324313,8308.47182243946,0.26929148756322796
572,32666.336581200823,33285.351989500086,0.30597,33285.351989500086,1.894964275410982,32113.146814928576,-1.6934551718009394,32657.368289519283,-0.02745423154275617
573,7868.197971164712,7972.58024075658,0.11453,7972.58024075658,1.3266350182647546,7691.811095943284,-2.241769664005,7740.4419319526205,-1.6237013822007262
574,28351.701610421485,29024.646228291534,0.23765,29024.646228291534,2.3735598911025724,28002.489679980332,-1.2317141850589741,28430.496698527142,0.27792013752252487
575,68177.42476534231,71155.3117117648,0.09355,71155.3117117648,4.367848971520982,68649.44592993107,0.692342320369832,67599.90439685798,-0.8470844571675684
576,67700.43734074193,70266.15686804829,0.07435,70266.15686804829,3.789812338128451,67791.60431700535,0.1346623151111448,66894.95464859155,-1.189774724934678
577,54231.18672935861,56940.42964804401,0.08566,56940.42964804401,4.995728624206408,54935.16720416727,1.2981100308976812,54228.74752406037,-0.004497790746160746
578,5821.083477061831,6087.859981746366,0.13959,6087.859981746366,4.582935560635337,5873.464743416874,0.8998542378141794,5917.427247743601,1.655083131197399
579,11043.84687054379,11626.742526585973,0.04947,11626.742526585973,5.27801284167464,11217.28530476137,1.5704530880464862,11082.812670465872,0.352828143841899
580,5498.574254896824,5705.040536645561,0.15437,5705.040536645561,3.7549057660695606,5504.126992444323,0.10098504248723383,5579.754542495868,1.4763879477802444
581,38468.5601143451,40266.16171644256,0.12094,40266.16171644256,4.6729110649169625,38848.11442828299,0.9866610884569083,38959.71006563688,1.276756784844224
582,25208.604931007136,25804.61567961412,0.24524,25804.61567961412,2.3643146863469466,24895.85845700717,-1.2406338028459585,25201.727655506744,-0.027281460117345446
583,7682.299319221939,7894.04275310213,0.23322,7894.04275310213,2.7562507666212044,7616.039451037183,-0.8625004758531896,7748.790954799635,0.8655173772170954
584,91134.8336167436,92498.71100736878,0.0708,92498.71100736878,1.496548944567988,89241.19798127141,-2.0778395705813746,87135.29353218761,-4.388596462880012
585,33180.02424110158,34093.273041679495,0.07998,34093.273041679495,2.7524054652336094,32892.615434388965,-0.8662103578471414,32897.77441372265,-0.850661908285455
586,10141.881673019472,10402.486111307278,0.23935,10402.486111307278,2.5695866574848125,10036.14334131256,-1.042590863470716,10180.708110030988,0.3828326760585865
587,63681.13849662169,65162.20621754722,0.25082,65162.20621754722,2.325755719653322,62867.39871967848,-1.2778348442786913,63450.39070643478,-0.3623487199418518
588,49945.532087966334,51727.16073293944,0.16264,51727.16073293944,3.5671431867723813,49905.49318692186,-0.08016513063461295,50062.25459293219,0.23369959250865158
589,25254.3513320184,25709.52972811664,0.1829,25709.52972811664,1.802376113779447,24804.121132990316,-1.7827826702373595,24992.87854766942,-1.0353573564864216
590,66298.36285039272,68782.43431327026,0.09959,68782.43431327026,3.74680664209317,66360.133793598,0.09317114412714655,65526.39489729522,-1.1643846392398904
591,104522.55557978353,123506.87977231752,0.00905,123506.87977231752,18.162897077313623,119157.35678665218,14.001572316797883,111570.24710505597,6.742747042663755
592,64863.97857001459,67081.06760756069,0.14356,67081.06760756069,3.418058969591198,64718.68386019432,-0.22399907163178634,64622.77140968945,-0.37186611990626117
593,17275.29267090687,18042.317122816265,0.10252,18042.317122816265,4.4400084358694025,17406.92358696611,0.7619605558458531,17380.61944141169,0.6096960121677153
594,41809.186336940715,42772.211814723734,0.25327,42772.211814723734,2.303382491163508,41265.90934170485,-1.2994201581862597,41839.080428842964,0.07150125252697315
595,21919.676424632125,22617.868607152308,0.17835,22617.868607152308,3.1852303336722176,21821.33857113388,-0.44862821691901145,22062.029562450418,0.6494308358417467
596,10958.654921242063,11161.886941140803,0.28048,11161.886941140803,1.8545343507878842,10768.800467712046,-1.7324612819225371,10976.840704289449,0.16594904372921881
597,82758.68107568084,87945.73810803713,0.05616,87945.73810803713,6.267689340786919,84848.56643551667,2.5252763005305434,82628.64761183242,-0.15712365416928886
598,84883.83830029686,92928.7372745331,0.01938,92928.7372745331,9.477539111480194,89656.08007884031,5.62208528042818,84556.21084504257,-0.3859715368845884
599,6460.98827887822,6515.71398753493,0.23337,6515.71398753493,0.8470176123924533,6286.251079808259,-2.704496456698402,6409.671414294014,-0.7942571998151959
600,35111.851030153506,36568.490346070284,0.07296,36568.490346070284,4.148568854048285,35280.66338772975,0.4807845574170022,34727.52213072997,-1.0945845580555669
601,14193.650345216096,14921.902113551949,0.06096,14921.902113551949,5.130827874601729,14396.399758117255,1.4284515115556173,14331.42671566755,0.970690182584999
602,45757.33469589195,47274.48633111714,0.07118,47274.48633111714,3.31564686909398,45609.627941756364,-0.32280454077420195,45018.661427589235,-1.6143275678358826
603,12012.952948455451,13021.293770191904,0.02628,13021.293770191904,8.393779831345283,12562.724849489197,4.576492585900227,12210.326205360045,1.6430036623923616
604,40566.64936386371,41408.39354915368,0.35355,41408.39354915368,2.0749660089989685,39950.120456403354,-1.5197925318662264,40649.799264088164,0.20497108222727878
605,23721.22036962125,23919.619607339937,0.27031,23919.619607339937,0.8363787133514045,23077.246004490524,-2.7147606872513053,23427.829847382243,-1.2368272697080074
606,36785.974864987984,37876.7993063688,0.1253,37876.7993063688,2.965326990474937,36542.89783051425,-0.6607872575509433,36458.195612442636,-0.8910440833724387
607,27326.307386756456,28403.84907781618,0.09388,28403.84907781618,3.943239296144152,27403.555048260252,0.2826860592998859,27411.343122940907,0.3111863413556737
608,32231.724075858583,33304.16736237448,0.09007,33304.16736237448,3.3272910998861205,32131.29956968038,-0.3115703830854688,31894.32830530168,-1.046781642095318
609,25029.957353604972,25558.585055204992,0.25564,25558.585055204992,2.1119800330937633,24658.49225564895,-1.4840820250239917,25066.936768122854,0.1477406213501009
610,14731.502882021729,15057.590902453796,0.1211,15057.590902453796,2.21354211476974,14527.31001559386,-1.386096639719403,14641.101232765373,-0.6136620953092309
611,14828.211459758755,15303.026463313508,0.24475,15303.026463313508,3.202105694562829,14764.102109665106,-0.43234715304425464,14971.777654887052,0.9681963028239204
612,72325.53974159007,79715.60002394562,0.01614,79715.60002394562,10.217774120676172,76908.26787160369,6.336251545978255,73350.12450807715,1.41662927113686
613,22981.81434317502,23239.330251219297,0.23792,23239.330251219297,1.1205203566564848,22420.91429507592,-2.440625616948622,22759.517235924774,-0.9672739668452834
614,34662.7833364176,35837.78781020622,0.04366,35837.78781020622,3.389815706328836,34575.69389184923,-0.2512476961908261,34080.45588081506,-1.6799789271126686
615,107716.45021632013,112864.3481012866,0.10388,112864.3481012866,4.779119507399532,108889.62153355485,1.0891292043868184,107859.53093258096,0.13283088699405088
616,18137.246066159467,18958.78051013231,0.10541,18958.78051013231,4.529543465287511,18291.112022668123,0.8483424437612852,18197.01897039323,0.3295588757837198
617,28112.466927667625,28425.03983677873,0.25973,28425.03983677873,1.1118658135386816,27423.99953548992,-2.4489753743387577,27864.242224552527,-0.8829701916725163
618,32476.152458856817,33135.4988573964,0.29148,33135.4988573964,2.0302478853518435,31968.57103776868,-1.562935824159517,32458.441491266636,-0.05453530128798345
619,5336.537130276396,5457.301076758465,0.24873,5457.301076758465,2.262964606709561,5265.112135407058,-1.3384146521554952,5375.007253524732,0.720881768630055
620,27626.8259233814,28910.55865941429,0.12899,28910.55865941429,4.646689198365106,27892.4199156507,0.9613626733881109,27846.634898684373,0.795636009408307
621,190351.65141710476,211952.1744543428,0.01468,211952.1744543428,11.347694058039082,204487.88698832956,7.426379264894845,189262.6296157511,-0.5721105087590606
622,40029.239254165695,41012.81730384579,0.13447,41012.81730384579,2.457148994101188,39568.47515951487,-1.1510688267773572,39747.787902373035,-0.703114415953765
623,19955.009731058828,20915.34512009492,0.09863,20915.34512009492,4.812502734796387,20178.77259457504,1.121336779745774,19921.218640178773,-0.16933637886159536
624,175490.1021583958,182507.4493422246,0.02062,182507.4493422246,3.9987139431345353,176080.11227863308,0.336207064091143,168356.66791791507,-4.064864144897562
625,35480.87780857541,37826.25626259206,0.09812,37826.25626259206,6.610260508971377,36494.134753416925,2.855783192028638,36129.29639036213,1.8275156135793225
626,26663.15019714538,28044.63764260765,0.05178,28044.63764260765,5.18126116099431,27056.993907489035,1.4771086965778668,26780.52842294115,0.4402263983358523
627,9404.785376199625,9619.99837311625,0.23811,9619.99837311625,2.288335015717191,9281.212354693082,-1.3139377089802062,9437.397738961274,0.34676349812490237
628,66400.32484577422,69911.21855602661,0.04134,69911.21855602661,5.287464659859764,67449.16581349213,1.5795720429892857,65390.29078331604,-1.5211281944842114
629,26065.06202073141,26828.575764769535,0.20983,26828.575764769535,2.9292611827696824,25883.75789570307,-0.6955829411958936,26163.132464212536,0.37625248465982253
630,13675.56361733874,14123.341573043064,0.19028,14123.341573043064,3.2742925135210044,13625.962002612669,-0.36270252630160593,13811.429946251013,0.9934971070590048
631,63216.818663014266,66194.61291175938,0.07718,66194.61291175938,4.710446225740417,63863.44730448566,1.0228743792349393,63445.01932973776,0.36098094075240894
632,30584.030668244824,31074.09015738464,0.26397,31074.09015738464,1.6023378162795199,29979.758654173304,-1.9757762494625464,30453.098367345094,-0.428106753880797
633,132266.58984081875,158794.4967549869,0.00652,158794.4967549869,20.056392885077145,153202.25513325512,15.828385170912917,140465.46553405636,6.198750344365012
634,19942.961267226212,20477.42399257416,0.17898,20477.42399257416,2.679956693423824,19756.273668745158,-0.9361077122877037,19903.630175654693,-0.19721791084333917
635,32459.59460633356,33633.4743001632,0.04879,33633.4743001632,3.616433624838278,32449.009355165592,-0.03261054642347272,31949.220956902842,-1.572335254400048
636,67564.94242964873,70820.97932199284,0.08002,70820.97932199284,4.819121833389306,68326.88767304018,1.1277227745510432,66926.79372133395,-0.9444967839338347
637,21537.474604991916,22068.357563508653,0.08978,22068.357563508653,2.464926683621904,21291.17957427184,-1.143565042964656,21364.22293081111,-0.8044196330272202
638,31139.974862159343,32258.89514229584,0.2456,32258.89514229584,3.5931958361860694,31122.83854227288,-0.05502997340979254,31512.388738673217,1.1959350582727124
639,65598.04136097652,69620.29645894493,0.05087,69620.29645894493,6.131669504939197,67168.48907562142,2.3940466545379735,66264.29771422039,1.0156650098400943
640,111174.24824615828,121395.46778923442,0.03297,121395.46778923442,9.193873315378443,117120.30207799426,5.34840929949032,113183.63829095372,1.8074240001572317
641,118350.792544196,126686.38751398333,0.03526,126686.38751398333,7.043125601946909,122224.89228814018,3.2734041409122616,118890.35273240221,0.455899091680978
642,17011.634749870598,17340.918084808498,0.2921,17340.918084808498,1.9356360501474157,16730.225612118244,-1.654215728764663,17027.43510504864,0.09287969916096372
643,30054.221823240205,31050.40952295004,0.14694,31050.40952295004,3.3146348142659487,29956.911977037107,-0.3237809542213754,30204.361275689076,0.49956193619618006
644,34213.470692133815,35042.15830428609,0.29883,35042.15830428609,2.4221091733403144,33808.08394913443,-1.184874655504009,34307.397424397364,0.27453143561124715
645,56701.44163402457,59901.19244535851,0.02774,59901.19244535851,5.643156010012063,57791.661268713506,1.9227370650038766,55252.20211537357,-2.5559130013042997
646,23745.66190157876,25588.145778613372,0.02552,25588.145778613372,7.759244129186027,24687.011943560567,3.9643032309797155,23668.180736677856,-0.3262960839838791
647,13884.116072991232,14034.823969721963,0.25599,14034.823969721963,1.08546987030671,13540.561710254253,-2.474441735655719,13780.134497259523,-0.7489247078104166
648,21942.96883371369,22368.159763363645,0.26476,22368.159763363645,1.9377092173447519,21580.423685688147,-1.6522155719809417,21937.932979092802,-0.022949741482336528
649,27982.691176510027,29377.34542577685,0.09727,29377.34542577685,4.983988996875177,28342.76792351299,1.2867838362352613,28228.17698790701,0.8772773492317087
650,11020.164732055122,11254.91535911558,0.32603,11254.91535911558,2.130191632958267,10858.552718051082,-1.4665117802998728,11069.274264109174,0.44563337525438396
651,37213.16047625171,38336.3883869576,0.22528,38336.3883869576,3.018362042704492,36986.30163240711,-0.6096199326831586,37467.17851998201,0.6826027149518854
652,14243.891348183315,14562.20062797108,0.22935,14562.20062797108,2.234707300181449,14049.365825003068,-1.3656768254207252,14233.79691066853,-0.07086853773334845
653,50770.10079843601,53448.9098824909,0.03559,53448.9098824909,5.276351714742722,51566.60775874511,1.5688504607688891,49868.76615907754,-1.7753256841795295
654,44092.87916187063,46120.79966718686,0.13788,46120.79966718686,4.599201830008592,44496.57048546432,0.9155476604548518,44503.00574172133,0.9301424348931109
655,31696.8135208662,34667.70842991067,0.03401,34667.70842991067,9.372850387906384,33446.82101898899,5.521083363697588,32787.18763018724,3.440011749456273
656,14591.08964766038,14888.58972353262,0.35986,14888.58972353262,2.0389160991820976,14364.260525466678,-1.5545728774963186,14651.542885517649,0.4143161293437947
657,35029.49602599137,35674.283106253555,0.27455,35674.283106253555,1.8406975646573898,34417.94730816823,-1.7458107800619849,34895.29656933865,-0.3831041604285379
658,32837.85013108563,33450.062826993235,0.27346,33450.062826993235,1.8643507216937527,32272.057055928755,-1.722990612656683,32736.91665211518,-0.30736932706475484
659,24853.149563682386,25665.198887271206,0.14746,25665.198887271206,3.267390000241499,24761.351484619234,-0.36936195482158984,24908.31168365067,0.2219522311526001
660,73675.54149563482,81138.93090648565,0.02484,81138.93090648565,10.130077444076901,78281.47352710189,6.251643269890272,73083.8801978004,-0.8030633855191649
661,11532.249206762835,12344.63960555609,0.02361,12344.63960555609,7.044509568149526,11909.900311574222,3.2747393681877845,11651.586602159787,1.0348145730927127
662,22416.44141744838,24238.997679190565,0.04855,24238.997679190565,8.130444202992692,23385.376587398085,4.32243080828838,22949.866796976123,2.379616682211383
663,30904.59128144885,32081.565390748277,0.12949,32081.565390748277,3.8084118265169664,30951.75378559378,0.15260678814814632,31099.50706048782,0.6307016885092054
664,32434.41562433327,33867.55327349472,0.09259,33867.55327349472,4.418570896299023,32674.844804923014,0.7412779788434687,32583.30388217237,0.45904405851975305
665,7878.868912717793,8019.64060602957,0.2462,8019.64060602957,1.7866992695429795,7737.214143495627,-1.7979074254365623,7885.830382468972,0.08835620732237093
666,8292.474830963523,8487.340521522901,0.2326,8487.340521522901,2.3499099428286874,8188.443142254747,-1.2545312567043276,8336.468998710861,0.5305312182928512
667,62005.88558672999,72484.43107843453,0.00877,72484.43107843453,16.899275597068588,69931.75790217321,12.782451601883826,65575.83113592745,5.757430146214171
668,8092.727864469732,8342.839910931138,0.10608,8342.839910931138,3.0905777464666384,8049.031387671412,-0.5399474383682712,8101.157813864781,0.1041669698552461
669,18662.79290126948,19146.3338950148,0.12033,19146.3338950148,2.590935859939947,18472.060368543152,-1.021993512628827,18593.66004050305,-0.3704314843558376
670,30475.556050471132,31879.15737123298,0.0801,31879.15737123298,4.605662710262992,30756.47393849275,0.9217810088727685,30329.130753549634,-0.4804680074713019
671,12357.26939425649,12602.693035886738,0.28493,12602.693035886738,1.9860669359876404,12158.865913527841,-1.605560859754851,12370.634773014195,0.108158026917482
672,144017.23905317567,154568.42039981106,0.0325,154568.42039981106,7.326332191897911,149125.00786581836,3.5466370874925213,142874.10761586807,-0.7937462520618999
673,37128.66285962463,38500.7344231504,0.13225,38500.7344231504,3.6954510554642717,37144.85991925881,0.043624139375597615,37211.39595334579,0.22282809923415137
674,10510.351771325892,10674.581320307749,0.31593,10674.581320307749,1.5625504507841947,10298.65621475392,-2.014162429363342,10514.356266445426,0.0381004861365275
675,32040.01817985181,33085.96146828698,0.1377,33085.96146828698,3.2644903088504096,31920.778199351324,-0.3721595282223378,32196.52998524385,0.4884885037002462
676,56694.64790880787,58900.993707877344,0.03224,58900.993707877344,3.891629775386085,56826.68637792758,0.23289406317874572,55219.39273858003,-2.6021065914383357
677,7481.856525463806,7621.751482535532,0.18967,7621.751482535532,1.8697893577029445,7353.337420700026,-1.7177435082639914,7450.805815280079,-0.41501344055515643
678,38768.35309090642,39608.11284582001,0.17443,39608.11284582001,2.1660960241062233,38213.23996457397,-1.4318718286298826,38322.80500508549,-1.1492571912358085
679,11679.263957306262,11886.435122896928,0.27266,11886.435122896928,1.7738375153432795,11467.832346436471,-1.8103162291963182,11682.954834731789,0.031601969430772314
680,12878.392150266807,13855.760050885672,0.02569,13855.760050885672,7.589207481918581,13367.803858191874,3.800254738437414,13069.598286255103,1.4847050296129982
681,50205.43397880354,51431.70982193639,0.08973,51431.70982193639,2.4425161699639375,49620.44712568032,-1.1651863289742659,49142.11327431451,-2.117939474316577
682,78523.4348570076,83261.15344158967,0.04066,83261.15344158967,6.033509095990941,80328.95807421571,2.299343145770427,77556.23781979595,-1.2317304241376226
683,6494.858440310764,6607.232592966476,0.39309,6607.232592966476,1.730201723231617,6374.546688442587,-1.852415306259092,6526.565967094271,0.4881942705126985
684,49281.64964202028,52210.53782808252,0.0882,52210.53782808252,5.943161820550946,50371.847264481265,2.2121776165776375,50172.25895415611,1.8071824271410852
685,55275.145651382336,58914.077824946435,0.0404,58914.077824946435,6.583306349864126,56839.30971363741,2.829778273439909,55292.999383039845,0.0322997460198593
686,9640.755259358437,9846.027308042603,0.30858,9846.027308042603,2.129211282330856,9499.281263022536,-1.4674576060684674,9689.628689759844,0.5069460751424559
687,226100.87775434283,250581.26168033545,0.01885,250581.26168033545,10.82719543998869,241756.5795293098,6.924210967450017,225581.06055807616,-0.22990498817587746
688,52483.48637025458,54476.4668585301,0.07654,54476.4668585301,3.7973477489960716,52557.977417166025,0.14193235256121373,52091.37239163169,-0.7471187715249128
689,14004.57290396858,14176.581193387858,0.26391,14176.581193387858,1.2282294547557138,13677.326691351509,-2.3367096937624954,13895.280535632235,-0.7804048655091322
690,87330.0016087751,89746.74366604601,0.03616,89746.74366604601,2.767367471373161,86586.14625492449,-0.8517752664003897,82971.33504951741,-4.991029977056272
691,29905.802808334887,32131.88553641287,0.01363,32131.88553641287,7.443648118543611,31000.30181434785,3.6598215170064563,29739.314351722616,-0.5567095378756104
692,22691.998639434245,23315.35873113069,0.16736,23315.35873113069,2.7470479863909825,22494.265291582753,-0.8713791631728252,22567.9502908596,-0.5466611846127734
693,82996.65143179974,88663.46596303822,0.03605,88663.46596303822,6.8277628476313135,85541.01817789525,3.0656257839345225,82980.03275638584,-0.020023308322925093
694,11572.706661022044,12012.575367929509,0.07014,12012.575367929509,3.8009146847987063,11589.530329659845,0.14537367212861252,11545.298860743369,-0.23683137472919613
695,49411.80775825641,51800.978597957845,0.07161,51800.978597957845,4.835222486475854,49976.711419423904,1.1432564133885714,48881.80047060808,-1.0726328618482106
696,60555.25287304993,63884.33249836902,0.04124,63884.33249836902,5.497590163314614,61634.52768476038,1.7822975885726677,59362.95635493576,-1.9689398715149298
697,98756.13921076612,106536.28995538296,0.06713,106536.28995538296,7.878143887351019,102784.41764816671,4.079015714459433,99469.96247073318,0.722814060646515
698,19959.818416718423,20852.650924791375,0.05915,20852.650924791375,4.473149451726033,20118.286291204666,0.7939344495915268,19955.528854021835,-0.021490990584338565
699,19811.1307525586,20248.837982579145,0.21224,20248.837982579145,2.2094005409762474,19535.737737470517,-1.3900923603389792,19734.814337113832,-0.385219886729149
700,41417.541726198506,41968.24846754546,0.18925,41968.24846754546,1.329646131553508,40490.25904935098,-2.238864592634615,40962.86134781316,-1.097796632622794
701,36478.10795012513,39058.98151083927,0.04343,39058.98151083927,7.075130004667063,37683.44730423266,3.3042814494532724,36889.32986194142,1.1273115162073077
702,20789.272010417335,21581.42995158152,0.11968,21581.42995158152,3.8104169341150573,20821.400017937533,0.15454128217715635,20884.114343859008,0.45620805478012727
703,28703.524145302596,29021.277943725905,0.29304,29021.277943725905,1.1070201582731753,27999.240015779553,-2.453650380900352,28464.169943644803,-0.8338843705955279
704,52165.2567755653,54153.216772906795,0.17031,54153.216772906795,3.810888933020018,52246.111180605454,0.15499665876854696,52263.392456293135,0.1881246001530279
705,31602.3509639543,32600.35882708136,0.1245,32600.35882708136,3.158017782491518,31452.276952446307,-0.4748824278268615,31614.17501494945,0.0374150993027067
706,28878.70712292766,29664.49736276496,0.1849,29664.49736276496,2.721002143525464,28619.80727444427,-0.896507753554665,28890.682469945154,0.04146773941964277
707,109175.86667988806,120590.91114665808,0.02386,120590.91114665808,10.455648133520024,116344.07938423606,6.565748385919146,111708.85993074335,2.3201036345168013
708,9932.356203500642,10359.431040075176,0.1133,10359.431040075176,4.299834075866249,9994.604533970523,0.6267226949426385,10055.290052454631,1.2377108355282385
709,78364.76885904133,81279.80266275888,0.05087,81279.80266275888,3.7198269658154315,78417.38422417687,0.06714160700223015,75871.8353864835,-3.181191636055236
710,149076.8079188577,164592.96196589142,0.03868,164592.96196589142,10.408160909562225,158796.51667742542,6.519933512299336,153246.6039916232,2.797078989667612
711,27377.23094869148,28177.28450328724,0.14791,28177.28450328724,2.9223319045493135,27184.969363866567,-0.7022681920798912,27313.482801155795,-0.23285096894991586
712,208306.6806438039,236811.88489022217,0.01124,236811.88489022217,13.684248704035085,228472.1167857443,9.680647821575384,212763.05950027873,2.1393355425287863
713,30693.44108445557,31466.20574757984,0.17511,31466.20574757984,2.5176866321307667,30358.06516931345,-1.0926631335317127,30576.899932401615,-0.3796939930367671
714,43283.63557135681,45183.691626276224,0.13453,45183.691626276224,4.389779254533743,43592.464435790986,0.7135002879437913,43417.4732643499,0.3092108396773874
715,25037.362011529854,25493.545505332248,0.3206,25493.545505332248,1.822011015347047,24595.74319370425,-1.76383924800958,25023.66380180751,-0.054711074257884906
716,33529.73644058596,35157.35908849843,0.06268,35157.35908849843,4.854266155048914,33919.227724864155,1.1616294239841896,33430.73306741682,-0.2952703590276551
717,84061.27568673687,88909.77761081417,0.0124,88909.77761081417,5.767818635236677,85778.65550586316,2.043009465531176,79527.57512122506,-5.393328293526167
718,42558.51777162804,44958.7775130237,0.0602,44958.7775130237,5.639904458786882,43375.47108863016,1.9196000231632926,42223.23222949153,-0.7878224141537937
719,28433.82806343536,28857.41120454467,0.08481,28857.41120454467,1.4897154901700294,27841.14414660952,-2.08443237225594,27778.24864469818,-2.3056319299483596
720,10996.372876055771,11721.197445714331,0.03864,11721.197445714331,6.591487737168689,11308.413819379994,2.8376715380730833,11149.293337457702,1.3906445618528496
721,51178.28923460664,52990.049176584595,0.17343,52990.049176584595,3.540094772751501,51123.90668047442,-0.10626098477601875,51267.0482476412,0.17343098872977247
722,71266.51032619715,73011.74348250107,0.18121,73011.74348250107,2.448882579371059,70440.50002556921,-1.1590441244382133,70857.7787940666,-0.573525391182661
723,10786.888146507765,10922.560683064845,0.26041,10922.560683064845,1.257754180022741,10537.90252603833,-2.308224736251152,10732.080660674941,-0.5080935770207962
724,11592.681650021286,11855.6169311719,0.26902,11855.6169311719,2.2681143939645043,11438.099474278513,-1.3334462241744505,11625.618530616583,0.2841178735830896
725,28153.099157989924,28736.694227045355,0.2373,28736.694227045355,2.0729336609813576,27724.678440532178,-1.5217533069930567,28094.22916326305,-0.2091066223171567
726,97852.98203962606,106239.49240853266,0.03252,106239.49240853266,8.570520993944196,102498.07237534758,4.747009481878095,98439.88607872151,0.5997814546497615
727,30548.43737216218,31334.802924546908,0.28601,31334.802924546908,2.5741596625865837,30231.289939498132,-1.038178905193543,30696.67257666683,0.4852464389544675
728,76950.03009363647,79788.80384422651,0.15868,79788.80384422651,3.6891132428872098,76978.89368408828,0.03750952457939327,76906.6351638448,-0.056393648889885295
729,309756.9145552097,345908.00262664136,0.0453,345908.00262664136,11.670792925911666,333726.21314962,7.738099609117244,319910.88351634674,3.2780443257311775
730,24809.673164572218,25808.586467143057,0.14492,25808.586467143057,4.0263057717232265,24899.689405916102,0.3628271954522422,24969.21886613137,0.6430786109144826
731,7331.453032202823,7466.491576704252,0.28004,7466.491576704252,1.841906971350471,7203.545279339926,-1.7446439648603373,7353.874373198362,0.30582397373419834
732,79364.77385755446,80908.85492509458,0.13807,80908.85492509458,1.945549634289212,78059.50009652706,-1.6446512698065963,78455.46125589541,-1.1457382884894285
733,47304.72424410039,49663.44085537171,0.03816,49663.44085537171,4.986217865048603,47914.45101815871,1.28893421069749,46647.74746141496,-1.388818544412851
734,47890.177014769964,50262.648955205346,0.03539,50262.648955205346,4.953984487682472,48492.5568975474,1.2578359912757353,47049.38925890985,-1.7556580665818111
735,65334.60258247642,68302.11540062686,0.09936,68302.11540062686,4.542023217183178,65896.73019899067,0.8603826981340212,65289.51873493956,-0.06900454851616056
736,32557.129107390512,32887.56535724613,0.30158,32887.56535724613,1.0149428371453384,31729.368973954653,-2.5424850290253542,32243.897103030173,-0.9620995860142867
737,86766.72587894059,91185.26885655487,0.04712,91185.26885655487,5.092439449402719,87974.01112276055,1.3914150056836272,85739.5386737894,-1.1838492172498771
738,11653.138730707617,12015.037380560523,0.28776,12015.037380560523,3.1055894743555523,11591.905637966784,-0.5254643762154454,11781.349429835898,1.1002246012091987
739,202503.170642601,231100.73910144312,0.01953,231100.73910144312,14.122034913376314,222962.09954890158,10.103016580618696,211924.54303375946,4.652456730065868
740,52255.78698264703,54562.604172105755,0.18072,54562.604172105755,4.41447220041824,52641.081246080656,0.7373236261116523,52829.66629703351,1.0982119828700565
741,7457.094062693759,7639.651481816352,0.22557,7639.651481816352,2.4481040146172806,7370.607038430776,-1.1597952705955428,7474.996132251739,0.2400676377080968
742,35835.7471112597,37615.98124188006,0.08218,37615.98124188006,4.967760613705763,36291.264956102874,1.271126965565772,36012.942756308184,0.4944661666975936
743,8476.087615583361,8615.444276043401,0.26022,8615.444276043401,1.6441153841287859,8312.035486351277,-1.9354699558611577,8467.41794358474,-0.1022838884143007
744,11676.933172706304,12124.277877380062,0.05693,12124.277877380062,3.8310119451516966,11697.299028837584,0.17441100184494296,11625.134060870898,-0.4436020234874771
745,13285.68142407878,13713.074679120293,0.14729,13713.074679120293,3.2169464357839406,13230.143415445475,-0.4180290559477773,13279.092922431468,-0.04959099527535038
746,9524.570056501285,9884.723360682316,0.17164,9884.723360682316,3.7813077340451473,9536.614562666455,0.1264572163753419,9603.34649723179,0.8270865799000937
747,55579.54252869584,57628.86108308747,0.24431,57628.86108308747,3.687181400123185,55599.354254150596,0.0356457152279166,56212.699896901504,1.1391913992072844
748,16503.875571720444,16865.98049429369,0.15886,16865.98049429369,2.194059940646409,16272.013826437214,-1.404892713082051,16453.66124218759,-0.3042578048691569
749,50289.18268450403,51482.94894081812,0.07184,51482.94894081812,2.373803256663254,49669.88176431162,-1.2314793900662035,49028.68846579498,-2.50649175711789
750,15412.00930981389,15860.604782396373,0.16902,15860.604782396373,2.910687786159283,15302.044277955154,-0.7135022413249703,15386.642411917377,-0.16459176338778914
751,102154.36371612876,110103.2528357883,0.08248,110103.2528357883,7.781252636204816,106225.76333974872,3.985536667756806,103856.20006768312,1.6659458192931353
752,33013.08955512425,34956.51907572866,0.03444,34956.51907572866,5.886845329514934,33725.46066425376,2.1578444148343534,32862.13415349239,-0.4572592376723694
753,10740.491602834363,10908.049220811148,0.31556,10908.049220811148,1.5600553882707535,10523.902111741996,-2.016569623640041,10728.809833797559,-0.10876382077075197
754,11807.598358153797,12007.899271515782,0.25492,12007.899271515782,1.6963730242709918,11585.018910621762,-1.88505266507758,11785.150524655723,-0.19011345759887277
755,28658.298962351004,30790.203657940572,0.03454,30790.203657940572,7.439048278442129,29705.86974236912,3.6553836687736707,28649.046817498667,-0.03228434759680043
756,15229.980637866996,15594.727674336102,0.26839,15594.727674336102,2.394927775300104,15045.530523539654,-1.2110988103867681,15278.44357863391,0.31820750084488036
757,13007.07300797176,13125.715694069218,0.20293,13125.715694069218,0.9121397721435498,12663.469362367634,-2.641667694134864,12828.620319981615,-1.3719665283709381
758,121084.32934476453,130715.04919629764,0.03261,130715.04919629764,7.953729358413897,126111.67720520063,4.151939303492935,122219.30439101848,0.9373426374789773
759,28530.569371797566,29191.217424783896,0.15619,29191.217424783896,2.31557963101634,28163.194764000018,-1.287652563151076,28305.25853309808,-0.7897172880195202
760,14577.199519622664,14845.46156849656,0.08191,14845.46156849656,1.840285224283189,14322.651208101883,-1.7462085991080012,14363.033880618597,-1.4691823262470538
761,26424.706387910115,26671.663565919847,0.37781,26671.663565919847,0.9345692413169848,25732.37164987629,-2.6200281201632647,26227.670632141842,-0.7456497448858013
762,17197.622975648355,18019.628878796393,0.05673,18019.628878796393,4.77976464719565,17385.034351382455,1.0897516243929317,17214.992952759818,0.10100219743192085
763,58186.259601918595,61355.32936037227,0.05211,61355.32936037227,5.446422884259738,59194.58806532887,1.7329322597959607,58121.5733435459,-0.111171020126144
764,34680.16461016767,35781.63531049288,0.12954,35781.63531049288,3.1760826763846284,34521.51890617119,-0.45745372255229233,34692.7599048807,0.036318439818883164
765,50112.753394297986,52861.595988025074,0.05547,52861.595988025074,5.485315428786364,50999.97720830423,1.7704551315019135,50370.21170471049,0.5137580615193205
766,45508.76379026731,46873.89377874492,0.14687,46873.89377874492,2.9997079128955884,45223.142996325885,-0.6276171228419725,45067.864227379694,-0.9688234224940806
767,46738.24406292501,48409.79428266472,0.15112,48409.79428266472,3.5764078288633483,46704.95392598222,-0.0712267600339711,46813.102939476645,0.1601662151681449
768,6807.3900524542905,7070.022250618305,0.15532,7070.022250618305,3.8580453909693,6821.038353163208,0.20049241491599812,6895.933046885966,1.3006893060248936
769,38125.13235927133,39332.74284392144,0.14492,39332.74284392144,3.1674919139170976,37947.56762611754,-0.4657419454456302,38260.665482891294,0.35549548351143656
770,115053.69353439834,124087.58421432388,0.02274,124087.58421432388,7.851891062692951,119717.6106487148,4.0536874315313165,113535.57369850216,-1.319488135721858
771,55166.6889913502,56279.065582155075,0.16541,56279.065582155075,2.016391795743422,54297.09429591895,-1.5763039459692818,54499.72748437976,-1.2089931789725838
772,47295.279935447856,51868.011658833195,0.03457,51868.011658833195,9.668473745427764,50041.38378719767,5.8062957984346575,49016.07401870007,3.6384055356071032
773,12121.129628821573,12316.740042044668,0.27816,12316.740042044668,1.613796891982533,11882.983282744322,-1.9647207262843414,12092.583259242367,-0.23550915181476118
774,62267.56238966423,64111.035231483576,0.12844,64111.035231483576,2.960566900440198,61853.2466622298,-0.6653797122194716,61497.127055630466,-1.2372980480791163
775,89959.1162864868,99992.77221297933,0.01336,99992.77221297933,11.153573246027682,96471.34197409288,7.239094775972488,91310.8109306119,1.5025654985543202
776,62808.16981021565,69008.45047581117,0.03787,69008.45047581117,9.871774140737744,66578.19037934515,6.002436594667837,63528.32823394023,1.1465999182919129
777,21906.554650697028,22483.62200899036,0.3063,22483.62200899036,2.6342223480357863,21691.81971498541,-0.9802314381955335,22089.88007448786,0.8368519226961135
778,47652.2057124417,48511.62622016282,0.24055,48511.62622016282,1.803527234200475,46803.199663637526,-1.781672088648989,47344.81623670057,-0.6450687248268694
779,17261.100375110083,17631.08304627496,0.22003,17631.08304627496,2.1434477705626565,17010.171878303445,-1.4537224820757588,17240.139742357176,-0.12143277251971396
780,13159.859101130683,13374.042578990004,0.25157,13374.042578990004,1.6275514518306444,12903.05095718059,-1.9514505586767927,13095.931793397476,-0.4857750166011643
781,51270.388729355094,52938.6168104325,0.17263,52938.6168104325,3.253784733101206,51074.28560013246,-0.3824880873398828,51235.740074292655,-0.06758024645637795
782,7040.056533008433,7146.723933440813,0.21747,7146.723933440813,1.5151497709180672,6895.038844496701,-2.059893806701596,7013.303967109632,-0.38000498679757744
783,23025.77420841136,23705.08678956079,0.17945,23705.08678956079,2.9502268848848434,22870.268356300556,-0.675355585020887,23088.7455686289,0.27348205383919133
784,19683.61875283127,19993.266162365504,0.28497,19993.266162365504,1.5731223685161888,19289.166351148146,-2.003962821248939,19588.405962647863,-0.4837158826280885
785,7162.503182523776,7435.6245471265165,0.15234,7435.6245471265165,3.8132110749932613,7173.765289244486,0.15723702222134595,7262.536565864017,1.3966260229289373
786,60695.73911386565,65507.10651184658,0.03134,65507.10651184658,7.927026622008437,63200.1527128116,4.126176953290983,60540.06313550877,-0.256485843371701
787,51190.99932923243,52859.149603426544,0.09013,52859.149603426544,3.258678861620745,50997.616977659745,-0.3777663145994703,50381.40402922458,-1.5815188424062154
788,10065.75227587908,10533.082049606372,0.05181,10533.082049606372,4.642770464828261,10162.140102330892,0.9575819452937395,10053.743102690247,-0.11930725950419774
789,7891.065333730989,8022.416018917001,0.25729,8022.416018917001,1.6645494572772535,7739.891815089853,-1.9157555063564424,7889.703297885999,-0.017260481156677887
790,27927.376717500072,30902.54903081048,0.02185,30902.54903081048,10.653246609611156,29814.258665343026,6.756388066554719,28418.759189669378,1.7595009983927046
791,23936.290553295883,24383.984651720013,0.33238,24383.984651720013,1.8703570523064483,23525.257575784777,-1.7171958060749226,23937.18911745585,0.0037539825060495247
792,17055.6897099511,17468.756459646273,0.34432,17468.756459646273,2.4218706878454066,16853.561922367942,-1.1851047422915317,17181.590588448016,0.7381752402745745
793,57513.33751555937,59633.06667394392,0.08022,59633.06667394392,3.685630585794275,57532.97804177876,0.034149515691184185,56976.44599664146,-0.933507847240933
794,43002.394047936024,44117.2062686305,0.10021,44117.2062686305,2.5924422241509593,42563.53733065319,-1.0205401978169548,42378.82759216656,-1.4500738146679737
795,43961.58053990081,45512.358680787824,0.17368,45512.358680787824,3.5275759466370404,43909.55687267104,-0.11833893729673584,44219.86861232241,0.5875313609053912
796,53748.78460773514,55444.744830823576,0.13696,55444.744830823576,3.1553461821802076,53492.15569149314,-0.47745994279667636,53414.28525844697,-0.6223384430538936
797,14171.871191113309,14568.512630364832,0.1446,14568.512630364832,2.798793708344194,14055.455538569284,-0.8214557624332985,14157.546796170369,-0.10107624286002093
798,78921.03363760981,83027.1740358705,0.07121,83027.1740358705,5.202846705119568,80103.21868561317,1.4979340658812568,79287.55174803294,0.46441118866500375
799,14076.363286533597,14263.128819483263,0.34873,14263.128819483263,1.326802449950537,13760.826382872334,-2.241608128735406,14041.298505379295,-0.24910397977471188
800,19165.94503348465,19705.68550095539,0.12208,19705.68550095539,2.816143250582037,19011.713374117575,-0.8047172163836436,19027.680436939492,-0.7214076650204237
801,112173.01709438916,119315.7231026731,0.05412,119315.7231026731,6.367579470804152,115113.79944349668,2.6216486150434593,110835.78233208948,-1.1921180306440737
802,51996.25648035499,53049.46025943822,0.10547,53049.46025943822,2.025537702855873,51181.2254922663,-1.5674801288754758,50803.18511675526,-2.2945331921164214
803,21245.864277394692,21913.246076758365,0.29081,21913.246076758365,3.1412315858280193,21141.53062514055,-0.49107746755754356,21507.70595016275,1.232435966592571
804,20407.20709459089,20816.998961733192,0.36,20816.998961733192,2.0080742320242484,20083.88987790283,-1.584328591313,20466.83523955151,0.2921916001745517
805,64637.80995320924,67234.62082577293,0.09771,67234.62082577293,4.017479667772617,64866.829418093475,0.35431191906103443,63866.72258471591,-1.192935480102908
806,20523.59054562243,21496.640877505622,0.05816,21496.640877505622,4.74113108873504,20739.59694777742,1.0524786180801105,20283.268796863693,-1.1709537287080463
807,33177.62168362711,35457.02131891875,0.04949,35457.02131891875,6.8702924429827394,34208.33679612806,3.1066576209999974,33486.62152782518,0.9313501948530423
808,77488.1749439258,82192.94778838789,0.03545,82192.94778838789,6.071601051214182,79298.37125690859,2.3360936224046336,76393.17783880535,-1.4131151055149282
809,20042.97617586404,20165.822268347303,0.21698,20165.822268347303,0.6129134286513516,19455.64557501076,-2.9303562290342478,19719.563211887853,-1.613597507368425
810,33508.88117944251,35465.06458005789,0.04193,35465.06458005789,5.837805774952254,34216.096798963954,2.1105318788002814,33295.08860919935,-0.6380176320966546
811,32416.544799545667,32951.06117726733,0.33742,32951.06117726733,1.6488999090648049,31790.628671347018,-1.9308539268115377,32335.18394180088,-0.25098559469524107
812,138306.34446418687,157618.48581970623,0.01051,157618.48581970623,13.963308357499148,152067.6595960788,9.949879873699707,142502.8536470823,3.0342130718248095
813,7319.911390313529,7656.065084595097,0.06704,7656.065084595097,4.59231917378673,7386.442605858814,0.9089073896895172,7340.215785922904,0.27738581147640495
814,26476.42673889146,26950.728258860257,0.2621,26950.728258860257,1.7914106183826162,26001.60856400252,-1.793361995451881,26380.014720705134,-0.36414286239278004
815,25634.945670482073,25822.713523181188,0.27537,25822.713523181188,0.7324683075701888,24913.31895157205,-2.8150116960885763,25264.895283301437,-1.443538800266464
816,7251.353434289183,7382.215627852472,0.24974,7382.215627852472,1.8046588784996542,7122.237263751016,-1.7805802972948426,7236.235894260202,-0.20847887454353842
817,25609.602707028407,27628.276434610652,0.02438,27628.276434610652,7.882487482042166,26655.295628778735,4.083206341437484,25780.982729584437,0.6692021915240209
818,9756.967810967422,10034.63713440007,0.14309,10034.63713440007,2.8458567129895807,9681.248845833925,-0.7760501684589416,9756.403166154823,-0.005787093116826902
819,23267.88463986164,24489.541428255867,0.03205,24489.541428255867,5.25039902553639,23627.096975388416,1.5438117434680265,23000.614000360827,-1.1486675460086082
820,71229.46787781118,73950.5634324924,0.09912,73950.5634324924,3.8201823427195247,71346.25769628173,0.16396278387322827,70551.21505568273,-0.9522081834051455
821,65644.6182371732,66874.60169781889,0.30242,66874.60169781889,1.8737003789126572,64519.48902896922,-1.713970220892902,65357.00866102085,-0.4381312343278765
822,54131.85141478223,55668.42675825018,0.11054,55668.42675825018,2.8385789573204034,53707.96024652872,-0.7830716245144975,53525.825732820114,-1.1195362178146762
823,23277.32845817036,23883.61085479588,0.23391,23883.61085479588,2.604604723927051,23042.50536670383,-1.0088060229442086,23369.377339003386,0.3954443526388296
824,17988.781378697677,18438.079051898403,0.20954,18438.079051898403,2.4976548646746366,17788.74802843163,-1.111989445282413,18009.658492237773,0.11605629698083764
825,60852.7483764156,64194.28090090485,0.0489,64194.28090090485,5.491177660242408,61933.560681582094,1.7761109136450681,61023.58210845205,0.28073297688993026
826,22518.931956144075,22890.00771470174,0.26359,22890.00771470174,1.6478390683907218,22083.893797155688,-1.9318774080210765,22394.347216866743,-0.5532444412548632
827,85609.87534103471,93104.58377228733,0.01633,93104.58377228733,8.754490532075598,89825.73381724916,4.924500192787562,85515.44649878859,-0.11030134300507033
828,13877.964282089371,14143.107620567682,0.34724,14143.107620567682,1.9105348096370323,13645.03195225025,-1.6784329827086997,13924.312550716302,0.33397022563854684
829,15363.058458618529,15924.199382728995,0.09949,15924.199382728995,3.652533937965141,15363.399276927748,0.0022184274709236007,15386.834913659743,0.1547638128518214
830,47365.27892381806,48385.767165571495,0.07273,48385.767165571495,2.1545069826249152,46681.77296821444,-1.443052740601336,45851.867779091415,-3.195191032572209
831,5884.962496244795,6024.910863078353,0.22048,6024.910863078353,2.378067267597017,5812.732494279357,-1.2273655441564557,5894.698481262159,0.16543835281153108
832,14545.981585328169,14969.265538848773,0.23483,14969.265538848773,2.9099717405633774,14442.0951928747,-0.7141930700521049,14652.821297308361,0.7344964061274162
833,8199.284222383845,8408.13484027897,0.31216,8408.13484027897,2.5471810981374077,8112.026835431097,-1.0642073696449872,8273.721914452186,0.9078559792466745
834,7368.576229616687,7531.682124351048,0.09449,7531.682124351048,2.213533383542754,7266.440021393053,-1.3861050634600969,7270.979402683086,-1.3245004719002251
835,23055.588202600153,23400.770329264153,0.12987,23400.770329264153,1.4971733691230282,22576.66896246545,-2.077237136290855,22733.11459290311,-1.398678736206227
836,157129.16362516125,169285.80384307678,0.03214,169285.80384307678,7.736717957027861,163324.0914565306,3.9425703595976636,154629.89473913226,-1.5905824408199098
837,29092.71359029369,32844.369872112125,0.02295,32844.369872112125,12.89551856403699,31687.694697645726,8.919694270863099,29983.78585145398,3.062870908877957
838,84169.73344002187,88036.87854380382,0.07645,88036.87854380382,4.594460438130787,84936.49719242967,0.9109732454531061,83839.71230504668,-0.3920900322327392
839,37966.86409530867,39476.25187446433,0.11189,39476.25187446433,3.9755397637440515,38086.02272097565,0.31384900624884526,37979.77550699308,0.03400705323461928
840,25264.77374979548,26075.710743998938,0.25411,26075.710743998938,3.2097536365629287,25157.40640777357,-0.4249685474534637,25538.07163235024,1.0817349296744494
841,10393.367529798012,10659.150172801194,0.18205,10659.150172801194,2.557233180113916,10283.768503620291,-1.0545092903094022,10354.329408772503,-0.375606086416036
842,127668.82659928092,138138.9914899127,0.05651,138138.9914899127,8.201034794104366,133274.17165307738,4.390535421297614,129623.66014436945,1.5311753050133659
843,5769.80634948159,5950.704039321952,0.1485,5950.704039321952,3.135247162265964,5741.139000939987,-0.4968511385859187,5793.610688220883,0.41256737743775584
844,28557.687089948475,31683.400191630193,0.02238,31683.400191630193,10.945259998950974,30567.610709687367,7.038117664810217,29138.171091028635,2.0326716209607687
845,59272.81159789126,69410.63637803419,0.00735,69410.63637803419,17.1036677809689,66966.21256186726,12.979645737354728,61921.55891597329,4.468739117778342
846,9703.41865192484,9912.655247263492,0.06928,9912.655247263492,2.156318333200513,9563.56277624948,-1.4413051800832744,9525.294238357304,-1.8356871939375852
847,26740.81983275591,29603.791557137934,0.01498,29603.791557137934,10.706372288837063,28561.23933593384,6.807642826821714,26383.6715168141,-1.3355922450228097
848,45244.988250045535,46178.60800069116,0.12114,46178.60800069116,2.0634766120083636,44552.34299168674,-1.5308773085118466,44807.53169244559,-0.9668619100580811
849,15484.120676560631,15606.692263038743,0.08886,15606.692263038743,0.7915953965901057,15057.073757143113,-2.757966876762774,15089.961952229289,-2.5455673755372277
850,62243.07051184803,66009.21437355192,0.0781,66009.21437355192,6.05070384660249,63684.577918378294,2.3159323514669206,62746.68946005631,0.8091164913087256
851,10955.932458025927,11180.787387080249,0.3138,11180.787387080249,2.052357751526679,10787.035299523724,-1.5416045977763804,10990.309395369062,0.31377463739248324
852,10601.67810386903,11338.926537507688,0.09965,11338.926537507688,6.954072991233384,10939.605287561299,3.1874876824353304,10928.42690130199,3.0820479006405055
853,59191.41352967045,63082.12367302959,0.053,63082.12367302959,6.573098886055284,60860.57012551682,2.8199302843303187,59496.48098234415,0.515391396288889
854,19017.17868619309,19367.14327738159,0.35492,19367.14327738159,1.840255050254025,18685.093540501053,-1.7462377105029625,19050.345414755437,0.17440404336330761
855,14262.356335436298,14529.50600432552,0.29154,14529.50600432552,1.873110323470617,14017.822602941906,-1.7145394964422689,14253.835427517908,-0.059744040311338065
856,43750.014479960955,45523.10333945416,0.0796,45523.10333945416,4.05277319463595,43919.923138328595,0.3883625191609008,43408.23712003494,-0.7812051355607252
857,7082.003948415139,7155.929182771916,0.31248,7155.929182771916,1.0438462742359933,6903.919913963264,-2.5145994798792537,7052.1839231301565,-0.4210676173324712
858,79299.62569343897,84293.8791220692,0.04282,84293.8791220692,6.297953344618912,81325.31441159941,2.5544745015461556,77774.1609047616,-1.923672117412767
859,32620.25230703129,33254.424628723216,0.30682,33254.424628723216,1.9441061207096544,32083.308618308656,-1.6460439473881538,32591.286157458653,-0.08879805496290194
860,12177.254764540992,12462.82005373615,0.16821,12462.82005373615,2.3450711569794613,12023.918816899251,-1.259199635768815,12153.593124141924,-0.19431013686244114
861,48061.182216534566,49956.16101704876,0.08896,49956.16101704876,3.9428468321411003,48196.862498457616,0.2823074166418804,47974.084704549685,-0.18122215885675308
862,24115.112464267633,25576.225300185393,0.06264,25576.225300185393,6.058909482934216,24675.51126680694,2.3238490111529675,24418.70070254243,1.2589128030177532
863,48545.74482526133,49618.642966211504,0.17882,49618.642966211504,2.2100765881994944,47871.23076944227,-1.389440121367902,48103.080746346764,-0.9118493917601223
864,30707.611633486376,31138.138581120584,0.36522,31138.138581120584,1.4020202963773265,30041.551494319505,-2.1690392177571294,30584.903377565366,-0.3996020836319225
865,33593.3776754041,36097.92842097686,0.0408,36097.92842097686,7.455489500856305,34826.67317032699,3.6712458831606565,33957.015598016864,1.0824690691314531
866,31137.565577185404,32116.228043572093,0.07283,32116.228043572093,3.1430281984014874,30985.195729049185,-0.4893441260156228,30966.695303760218,-0.5487592567300248
867,17907.912358124497,18268.950146083607,0.14876,18268.950146083607,2.0160797123586205,17625.5753095494,-1.5766050387610142,17739.310088433966,-0.9414959506100051
868,10349.636044039604,10685.243511079729,0.12143,10685.243511079729,3.242698251533227,10308.942916776401,-0.39318413797398977,10373.305280747682,0.22869631943926994
869,7689.342513586322,8144.722330632999,0.07115,8144.722330632999,5.922220479086016,7857.890884042683,2.1919737631475256,7736.342812194805,0.611239498376337
870,45262.626299982665,48002.85756201723,0.05464,48002.85756201723,6.054070402087142,46312.34823388496,2.3191803474795103,45452.873985954524,0.42031959151236364
871,152211.82442044956,162372.8306391935,0.02564,162372.8306391935,6.675569560664707,156654.57137772834,2.918792264789327,148716.81217534526,-2.296150288199783
872,22010.440155791555,22574.90540299757,0.3161,22574.90540299757,2.5645341174946434,21779.88839560033,-1.0474654689291207,22184.068569875395,0.788845715282771
873,171335.01119580897,188613.9463915077,0.0106,188613.9463915077,10.084882870758749,181971.55775081602,6.208040306981477,169346.96394083693,-1.1603275017153525
874,38622.590185162706,40709.57663287137,0.0428,40709.57663287137,5.403538286022069,39275.91366909317,1.6915579219268562,37916.89654229945,-1.8271525536740274
875,8084.820386568316,8343.886312850253,0.16816,8343.886312850253,3.2043498048804464,8050.040938613416,-0.43018207321811053,8168.107098588549,1.0301615625079474
876,10716.562053428102,11026.069874739893,0.17955,11026.069874739893,2.8881260591663516,10637.766450265537,-0.735269415412565,10740.186059650427,0.22044388960327232
877,27439.27947176005,28381.87874147513,0.12596,28381.87874147513,3.4352187370123355,27382.35843790997,-0.2074436171279892,27592.769284765858,0.559379896122203
878,16007.275460916697,16391.117114042685,0.2041,16391.117114042685,2.3979199587286004,15813.873637568424,-1.2082120022266274,16011.481132196996,0.02627349851365146
879,48016.79459896005,49629.48286696131,0.11693,49629.48286696131,3.3585920956835214,47881.68892305734,-0.2813717096926571,47679.79994497769,-0.7018266354448799
880,46309.54125516189,48662.672517095685,0.03974,48662.672517095685,5.081309808206114,46948.92658612243,1.380677315366996,45688.25210618719,-1.3416007417379583
881,10832.049287986889,11118.581438677234,0.19452,11118.581438677234,2.645225691579145,10727.020048537104,-0.9696155977268806,10856.387759412522,0.22468944498457155
882,10935.986338178043,11281.365675858768,0.19685,11281.365675858768,3.1581910126843304,10884.07153801559,-0.4747152982554126,11050.700248233068,1.0489580592703662
883,14894.021206579871,15248.436310115016,0.23528,15248.436310115016,2.379579689188116,14711.434449582508,-1.225906385286335,14916.194234723094,0.14887200599276174
884,105267.88434792828,109150.93429284597,0.13728,109150.93429284597,3.6887318187981633,105306.98245397852,0.03714153304441581,105106.44189144413,-0.1533634474409573
885,22836.51973785738,23310.438148586127,0.08245,23310.438148586127,2.0752654790173963,22489.517996444687,-1.5195036082378488,22549.569874588487,-1.2565393788669055
886,22809.83295602749,23713.496233023277,0.08985,23713.496233023277,3.9617268514761106,22878.381645672645,0.30052254120975785,22704.253937390924,-0.46286625088443056
887,56726.627548780525,59722.81614925478,0.10051,59722.81614925478,5.281802796927715,57619.566823478584,1.5741095730223087,56763.86445251169,0.06564272430815699
888,62063.87324776413,65482.590193280965,0.07987,65482.590193280965,5.508384776227282,63176.49978170522,1.7927120492454485,62088.6114141143,0.03985920480891192
889,52265.36818540909,54083.18524026613,0.11185,54083.18524026613,3.4780527105604975,52178.54593779013,-0.16611812110643998,51960.68053220825,-0.5829627988460206
890,62701.4472497174,64670.096493213954,0.06358,64670.096493213954,3.1397189855221885,62392.61954860187,-0.49253679884864177,60793.0741573617,-3.0435869921077496
891,19892.174721674888,20055.42572287492,0.38572,20055.42572287492,0.8206795058066207,19349.136847876554,-2.729907018193589,19740.82891594374,-0.7608308686643417
892,15943.693728599135,16437.76883739313,0.10968,16437.76883739313,3.0988748103442543,15858.882434278607,-0.5319425709263248,15925.97438984394,-0.11113697400879641
893,72675.64006532826,73997.39355427604,0.04561,73997.39355427604,1.8187022333200797,71391.43860879463,-1.7670315051635743,69966.31027671255,-3.727975131942818
894,53235.79607421478,53474.82229560272,0.11642,53474.82229560272,0.4489952983040224,51591.60761834856,-3.0885016795355047,51660.855230177156,-2.9584245191750957
895,13046.841577997991,13339.56521021289,0.21234,13339.56521021289,2.2436359824322682,12869.787772651818,-1.357062583213664,13074.726747618926,0.2137311889182536
896,24509.293907308616,24991.3221758336,0.31507,24991.3221758336,1.966716260158119,24111.206586755947,-1.6242300657790865,24518.890153297452,0.03915349836323134
897,6456.7076010219125,6694.73122422778,0.08464,6694.73122422778,3.6864550466586987,6458.9638937251375,0.03494494164282269,6471.574461551026,0.23025451124285556
898,24698.618077180938,25277.29653853593,0.29086,25277.29653853593,2.3429588633124165,24387.10983385583,-1.2612375411113042,24758.787514560376,0.24361459087067772
899,15189.943224113718,15375.396780096036,0.20173,15375.396780096036,1.22089696614478,14833.923772017162,-2.34378395523811,15011.562780930652,-1.1743325208740218
900,48225.69667580311,49984.38769260167,0.08728,49984.38769260167,3.6467923493596066,48224.09511947403,-0.0033209604826445194,47846.152975757956,-0.7870154838749865
901,13955.804254050445,14414.122500745176,0.0894,14414.122500745176,3.284069039315396,13906.502542644354,-0.3532702989280101,13922.591935467328,-0.23798211825361015
902,62335.64859617583,65755.11361489458,0.02891,65755.11361489458,5.485569005419033,63439.42578746131,1.7706997779649347,62010.67584887869,-0.5213272896258614
903,32201.49959864405,32903.764616552435,0.21161,32903.764616552435,2.180845695577349,31744.997746411696,-1.417641594093888,32118.25537429836,-0.25851039666859865
904,29867.891480458424,31144.32102416912,0.12517,31144.32102416912,4.273584375870065,30047.516211212245,0.601397426635697,29916.999672914466,0.16441800884461344
905,21354.414109610345,21795.30304577074,0.31889,21795.30304577074,2.0646267038624933,21027.741175922823,-1.529767719267494,21392.586381515583,0.17875588489246752
906,22555.18280884802,24665.16332833414,0.02101,24665.16332833414,9.354748030055472,23796.53402574346,5.503618513827679,22598.227321786188,0.1908408958728458
907,49295.14214726394,50981.50112977521,0.09354,50981.50112977521,3.420943543429611,49186.09336450364,-0.2212160833911958,48705.53251281808,-1.196080605030958
908,17776.02965966654,18083.506616571205,0.1645,18083.506616571205,1.729727969583239,17446.662516589033,-1.8528723757973542,17579.382191661276,-1.1062507869878946
909,24729.39295233758,25725.879623795317,0.102,25725.879623795317,4.029563820585169,24819.895236881533,0.36597050610334136,24695.996480682297,-0.13504768078881346
910,17514.24369016657,18419.589374672556,0.0493,18419.589374672556,5.1691965723549504,17770.909499354286,1.4654689847202418,17542.87668879471,0.16348407122035447
911,49094.80818903042,53738.18192324941,0.02464,53738.18192324941,9.457973063751556,51845.69255007501,5.603208287224226,50150.64984521893,2.150617743780958
912,32121.948055859175,32990.603570269144,0.14906,32990.603570269144,2.7042429459738893,31828.778505913328,-0.9126767449970097,32022.5003819105,-0.3095941559202342
913,22569.702786723217,23732.27062987448,0.05885,23732.27062987448,5.1510108668119114,22896.494867447636,1.4479237224012342,22534.94356646098,-0.1540083207594689
914,61393.908599113834,64770.7134890178,0.08811,64770.7134890178,5.500227900382781,62489.69313097964,1.784842432855993,61574.87736141452,0.29476664123531116
915,34935.89504738582,35928.17605178003,0.20569,35928.17605178003,2.840290775571419,34662.89894447775,-0.7814200911062663,34978.96837785922,0.12329247730731296
916,30323.44581379874,30974.265508952103,0.21824,30974.265508952103,2.1462590338503285,29883.44951519007,-1.4510102226193755,30241.579545502158,-0.26997679880869097
917,31276.47885782203,31845.822363294665,0.24398,31845.822363294665,1.820356786519306,30724.312884454994,-1.7654352201125212,31075.113634289355,-0.6438231888188151
918,7174.38315039284,7421.117201726924,0.1858,7421.117201726924,3.4390977755428764,7159.768846819633,-0.20370118610695265,7235.210056462362,0.8478346471667342
919,28562.61507637713,29256.327628499763,0.20538,29256.327628499763,2.428743132474498,28226.011991582203,-1.1784743234988904,28463.268343489835,-0.34782085821497555
920,132325.77967346465,161064.10094867545,0.00969,161064.10094867545,21.7178552403978,155391.93102151642,17.431336059361403,143400.85989054313,8.369555988567035
921,10471.895304269849,10753.183881444513,0.28423,10753.183881444513,2.686128623344519,10374.490641459413,-0.9301531382835626,10552.2385871831,0.7672277135972738
922,28874.77671598182,29403.37813358941,0.17399,29403.37813358941,1.8306684162687104,28367.883841417017,-1.7554867334584334,28664.085539306507,-0.7296720551217328
923,13031.613664381448,13396.79159250858,0.24564,13396.79159250858,2.8022464257458024,12924.998822152766,-0.8181246388548669,13112.785316836527,0.6228825880323807
924,16773.182287040338,16914.610944390017,0.3364,16914.610944390017,0.8431832131160499,16318.931665374655,-2.7081958205191325,16640.998702983434,-0.7880650302061865
925,96383.2158876248,107575.37734396802,0.01974,107575.37734396802,11.612147772068937,103786.91165434993,7.681519752730859,98134.37910168072,1.816875685179098
926,5534.0232792134,5633.745106128297,0.38919,5633.745106128297,1.8019770044962913,5435.342362251539,-1.7831677241496369,5567.274152055028,0.6008444699993065
927,5633.885195578259,5726.629465812081,0.35511,5726.629465812081,1.6461867257538731,5524.955627578489,-1.9334715603588015,5651.016564107557,0.30407734511068707
928,15709.080069595477,16344.169197503896,0.1085,16344.169197503896,4.042815525128152,15768.579078660327,0.3787555273845111,15805.182610039761,0.6117642791208855
929,41570.04941459852,43686.40323796255,0.07546,43686.40323796255,5.09105438450792,42147.905824742724,1.3900787184084384,41485.61149767429,-0.20312200277197157
930,42857.00155589246,43834.21157341309,0.1845,43834.21157341309,2.280164225316117,42290.50881654196,-1.321820749899405,42695.21619983461,-0.3775004087648304
931,17562.224950616703,18013.276269569742,0.29859,18013.276269569742,2.568303960468299,17378.905461027993,-1.0438283879416588,17670.433947925314,0.6161462890543978
932,9272.402010716009,9411.097829887944,0.22664,9411.097829887944,1.4957916946616967,9079.668630098398,-2.078570152532977,9209.690850460738,-0.6763205497647307
933,12414.961640239644,13120.642843714324,0.03151,13120.642843714324,5.6841190808629705,12658.575161811537,1.9622575456237135,12362.900896999798,-0.4193387361834944
934,33878.19650742437,36595.034352372066,0.04197,36595.034352372066,8.019428792061877,35306.27259780193,4.2153250101864215,34715.18620743253,2.470585173637385
935,27102.48032682548,28879.695685439816,0.09015,28879.695685439816,6.557390088224824,27862.643838332955,2.804774700841972,27688.996567295857,2.1640685036854457
936,41685.39774080555,42886.07985297797,0.16514,42886.07985297797,2.8803422235241793,41375.767306588015,-0.7427791288997065,41497.53207543799,-0.4506749978390068
937,59461.21440055527,63898.28120827102,0.02218,63898.28120827102,7.462119387313293,61647.98516506893,3.67764228591545,58716.91465477087,-1.251739900181803
938,36589.79632585227,38121.344494583864,0.08333,38121.344494583864,4.185724771715904,36778.83090805876,0.5166319607877279,36353.177820336416,-0.6466789358668179
939,37715.12860617044,40919.64781083345,0.01003,40919.64781083345,8.496641329598242,39478.58680235639,4.675731626426005,37572.82178251857,-0.3773202661930819
940,82433.1236565934,86906.7284664557,0.07959,86906.7284664557,5.426950492011939,83846.14743833267,1.7141456238219943,83005.44140930756,0.694281288063725
941,9411.6293454533,9556.208494125314,0.36115,9556.208494125314,1.5361755479869066,9219.668954160961,-2.0396084912234103,9419.906129406469,0.08794209428961697
942,40361.02169833549,41365.08346199181,0.16261,41365.08346199181,2.4877015531490576,39908.33561398873,-1.1215922325510053,40199.788177095965,-0.3994782947880027
943,23168.34499620236,23533.421620389458,0.33697,23533.421620389458,1.5757561631913664,22704.648693262363,-2.001421780519941,23125.438430367994,-0.18519478124742195
944,24953.91609172782,26484.92578569484,0.04134,26484.92578569484,6.135348409200381,25552.210185633663,2.3975959993877582,25191.901011512076,0.9536976838002031
945,34697.900800853655,36270.79463272397,0.083,36270.79463272397,4.533109483763398,34993.45157900738,0.8517828783072945,34409.56995571306,-0.8309748961340735
946,18374.57701998425,18663.43025055171,0.36608,18663.43025055171,1.57202655741846,18006.163068223206,-2.005020041334038,18362.477872212527,-0.06584721791724757
947,17777.34688447822,18139.088167412745,0.18217,18139.088167412745,2.0348440365439036,17500.28666041479,-1.5585015349244058,17656.02888354273,-0.6824302958357231
948,111291.19005824784,118948.780193373,0.03605,118948.780193373,6.880679531881451,114759.77910678014,3.1166789093700187,110057.35740906093,-1.1086525793651214
949,10524.79961253776,10703.80913437698,0.3799,10703.80913437698,1.7008354403819093,10326.85471734391,-1.880747401195615,10552.963289366082,0.2675934731790175
950,31387.094642695403,32615.61463412692,0.097,32615.61463412692,3.9140927359373245,31466.995498057266,0.25456594906740904,31206.206639842327,-0.5763133061924663
951,40233.92920843521,41313.27641375819,0.27753,41313.27641375819,2.682679088416462,39858.35304668708,-0.9334811914651131,40430.617450883066,0.4888616307616722
952,36288.12878235471,37574.38041683862,0.15022,37574.38041683862,3.5445521101362454,36251.12918098476,-0.1019606207635082,36384.63358486212,0.2659404211394101
953,50098.89459405156,52055.62690751622,0.08558,52055.62690751622,3.9057394964897796,50222.39181822519,0.24650688438201396,49618.26136646913,-0.9593689271529371
954,19683.342823147676,20297.62684456772,0.09002,20297.62684456772,3.120831796404233,19582.80840953271,-0.5107588407022856,19645.242269535156,-0.19356749488563807
955,35691.49866670325,38044.1239914204,0.05731,38044.1239914204,6.591556568376666,36704.32986760128,2.837737945262875,36152.354222657865,1.2912194028561474
956,23536.94011679252,24256.630856956315,0.10355,24256.630856956315,3.0577073170625413,23402.388780226447,-0.5716602748633282,23522.66465891234,-0.06065129030937699
957,54268.95318951966,55739.114543646865,0.20028,55739.114543646865,2.709028399705926,53776.15863094665,-0.9080598198606515,54144.07616460216,-0.23010767221067763
958,24527.098187142354,25634.191933107995,0.13493,25634.191933107995,4.513757548970898,24731.436497641145,0.8331124576567817,24591.740331233515,0.26355398261115326
959,42914.6981149359,45461.01818376191,0.069,45461.01818376191,5.933445138088467,43860.02442611423,2.2028031250424185,43571.316802244124,1.5300554731846105
960,7365.6597725305155,7580.696522535879,0.14386,7580.696522535879,2.919449942655805,7313.728286977608,-0.7050486603600747,7381.84910691829,0.21979476228526362
961,12703.093785759696,13023.320367519882,0.14416,13023.320367519882,2.5208550543739383,12564.680076447548,-1.0896062931323947,12651.08180046256,-0.40944344877185124
962,5861.3022372630585,5911.422879029657,0.31337,5911.422879029657,0.8551110271700191,5703.241199290627,-2.6966880664771486,5825.500305599953,-0.6108187261782083
963,26176.049415803947,26908.0332336811,0.24944,26908.0332336811,2.7963876681681876,25960.417123026386,-0.8237770694586644,26277.712077151682,0.3883804608282748
964,28648.905336639495,29379.34306021287,0.2136,29379.34306021287,2.549618266353826,28344.69520756114,-1.0618560308106928,28739.604364321905,0.31658810909753754
965,11164.37392980713,11503.969224764309,0.14638,11503.969224764309,3.041776431820442,11098.835691622342,-0.5870301245447518,11127.254095296475,-0.3324846941175186
966,26306.61531201772,28094.117265677407,0.06375,28094.117265677407,6.7948762410461105,27104.731014204554,3.033897339967684,26599.01156753353,1.1114932576758996
967,12976.990868589326,13171.193224743784,0.23366,13171.193224743784,1.4965130061432186,12707.345317766676,-2.0778742433681163,12904.650602735337,-0.557450233159118
968,7541.775163371812,7766.452640889161,0.14387,7766.452640889161,2.9791060148350867,7492.9426603852235,-0.6474934869943216,7537.998533696269,-0.05007613716575543
969,26975.6777267807,27366.56639795724,0.15351,27366.56639795724,1.4490411515721613,26402.802194650638,-2.1236742888625537,26566.75946901397,-1.5158776061472867
970,19388.679306753995,19814.451929200055,0.1833,19814.451929200055,2.195985686852553,19116.649391614344,-1.4030347855869096,19357.166729639237,-0.16253080788117824
971,22768.82618937392,23223.088697174484,0.02393,23223.088697174484,1.9951072752822263,22405.24471736774,-1.5968388927131594,21625.327683263513,-5.022211055588244
972,6950.339265413738,7077.65365403359,0.28913,7077.65365403359,1.831772288489475,6828.4010026060105,-1.7544217361376346,6960.043157728973,0.13961753440616675
973,18116.665724641545,18613.600776422536,0.19914,18613.600776422536,2.742971909588632,17958.088431099775,-0.8753116933988503,18215.308584147842,0.544486833314628
974,14965.126095954,15297.497301023766,0.24885,15297.497301023766,2.2209716305673366,14758.767667042115,-1.3789287680487816,15012.33043286467,0.3154289286171341
975,5538.472493201351,5677.560968725883,0.29586,5677.560968725883,2.5113147297430194,5477.615168285342,-1.0988106376029316,5584.781833462971,0.8361392120023403
976,21784.46061586307,22269.44818033786,0.14847,22269.44818033786,2.2263005406782055,21485.188413456654,-1.3737875253541643,21606.476431883642,-0.8170235982332463
977,42793.7006977389,44246.2686185926,0.12067,44246.2686185926,3.394349862643331,42688.05451148157,-0.24687321856909916,42833.79739147477,0.0936976542857959
978,18274.252706354964,18966.08129365486,0.14433,18966.08129365486,3.785810552238389,18298.155695608628,0.13080145950565836,18388.535719419695,0.6253772173402616
979,24346.254642464457,25262.643369145462,0.09066,25262.643369145462,3.7639823461085964,24372.97270290139,0.10974197398860852,24304.828452711125,-0.17015426135023048
980,15763.367563901184,16369.967356290925,0.17729,16369.967356290925,3.8481611872001276,15793.468707616152,0.19095630164649435,15899.317956667237,0.8624451102528852
981,9335.298298110343,9490.306392558448,0.35972,9490.306392558448,1.6604514338816712,9156.087716873859,-1.9197092102858693,9356.7110811781,0.22937438509160746
982,8619.198192339501,8894.518981853582,0.11998,8894.518981853582,3.194273798678604,8581.282060725565,-0.43990323424323297,8579.023204332323,-0.4661105025161705
983,37062.7807696801,39658.354268086354,0.04882,39658.354268086354,7.0031806694051735,38261.71204231973,3.2348659429797255,37301.53505376087,0.6441888037610033
984,11694.257650685344,12064.917813906088,0.15381,12064.917813906088,3.169591215557155,11640.029439683636,-0.4637165745918881,11788.957591529665,0.8097986522365597
985,49621.4793219605,51747.58776297697,0.06743,51747.58776297697,4.284653480847633,49925.200841351805,0.612076712628129,49542.3617830304,-0.15944212065254204
986,9235.727945758956,9495.99361680373,0.14986,9495.99361680373,2.818030939989824,9161.57465500856,-0.8028960054463963,9257.062019469135,0.23099504268069282
987,34021.3532524402,34511.40051225431,0.28322,34511.40051225431,1.4404108389749481,33296.01777347673,-2.132000669054668,33812.312822420994,-0.6144389039087317
988,32893.36855633199,34714.44942008736,0.03342,34714.44942008736,5.536316113798612,33491.91593882918,1.819659733153034,32543.785333963104,-1.0627772031624017
989,22308.561207285937,22660.29607781161,0.13371,22660.29607781161,1.5766811102582379,21862.27188001696,-2.000529407173146,21907.247965013772,-1.7989203272378518
990,22466.836938138054,22753.623351325383,0.33678,22753.623351325383,1.2764877137666941,21952.312461144968,-2.290150938513591,22369.24014396414,-0.4344038034488129
991,16162.51727071358,16651.820655239946,0.13687,16651.820655239946,3.0273958958916714,16065.396021837647,-0.6009042233286133,16181.749777300472,0.11899449983414634
992,12604.507945452962,12706.620646988771,0.33411,12706.620646988771,0.8101284237172157,12259.133521768763,-2.7400865244310624,12501.374869524903,-0.8182237368913992
993,9604.356766693949,9879.389477559453,0.17781,9879.389477559453,2.86362447321058,9531.468522093646,-0.7589081327451841,9665.803449664896,0.6397792633446642
994,5150.343944982292,5262.053989995032,0.24096,5262.053989995032,2.1689822312075613,5076.741035579149,-1.429087264644724,5174.897490546225,0.476736036005021
995,18373.89146205519,18893.929762615386,0.22146,18893.929762615386,2.8303111599094377,18228.545114055414,-0.7910482561624965,18497.67322539217,0.6736828917957016
996,36269.253330053114,38455.21387024399,0.03669,38455.21387024399,6.02703485593834,37100.94245673531,2.29309690804429,36658.1069197926,1.072130121347925
997,30586.13417577724,32128.04887182146,0.12271,32128.04887182146,5.041221251377825,30996.60026498937,1.3420005511425526,31115.328727890846,1.7301779593077882
998,47590.85505180789,50498.615931529384,0.03275,50498.615931529384,6.109915185503767,48720.21386078333,2.3730584536588273,47662.43785305449,0.15041293367954456
999,72535.95839792123,76106.07197204378,0.11131,76106.07197204378,4.921853454444536,73425.85601969081,1.2268365117446,72936.79096763865,0.5525984333432321
1000,25086.72306021508,25586.478511855777,0.17147,25586.478511855777,1.9921113269403268,24685.403392682594,-1.5997293331983187,24882.925252704277,-0.8123731705477533
1001,19900.8450007729,20206.265800236844,0.13029,20206.265800236844,1.5347127192442356,19494.66481319375,-2.0410198037489113,19554.138849169845,-1.7421679913068533
1002,61982.4229215257,65818.91448449383,0.0472,65818.91448449383,6.189644389709326,63500.979791547164,2.4499798466156575,61844.82397388973,-0.22199672286153938
1003,62170.186948328366,64372.68232106803,0.04034,64372.68232106803,3.54268738900565,62105.67936608629,-0.10375967229387939,59320.01703631801,-4.58446411682697
1004,11585.35608824232,11802.198485152405,0.35944,11802.198485152405,1.871693845734712,11386.562257541536,-1.7159060902973478,11630.457523576402,0.38929692786788817
1005,67241.18291001367,69911.3637036513,0.14049,69911.3637036513,3.9710497021015145,67449.305849475,0.309517070423726,67284.32016703037,0.06415303114823967
1006,33131.29796397775,33910.726451958326,0.30761,33910.726451958326,2.3525443791185596,32716.497560132157,-1.2519895969562822,33179.39486787699,0.1451705995688224
1007,33362.3738014684,34773.59754738344,0.05072,34773.59754738344,4.229986014523135,33548.98105552935,0.5593344621441121,33016.17256560253,-1.0376996490898072
1008,5545.534618771594,5604.684549931373,0.37564,5604.684549931373,1.066622701435449,5407.305227238826,-2.4926251666496313,5536.458249417721,-0.16366987094714736
1009,21126.662865325536,21808.797745515974,0.1645,21808.797745515974,3.2287866973539137,21040.760634881193,-0.406605771067281,21295.23692015702,0.7979208827540996
1010,17111.372465775115,17744.62431886186,0.12905,17744.62431886186,3.7007659926363567,17119.71458517604,0.04875190121429451,17269.046667078004,0.9214585306833722
1011,7233.198533303032,7566.14839828937,0.08825,7566.14839828937,4.603079307907465,7299.692501808283,0.919288585804745,7264.3870762304305,0.4311860483823482
1012,14511.890709769452,14851.84615165427,0.28049,14851.84615165427,2.342599242812371,14328.810946366342,-1.261584496910939,14562.165242107645,0.34643681752886124
1013,7005.876884523932,7260.0401887555345,0.22013,7260.0401887555345,3.627858559619468,7004.364458496141,-0.021587961831470714,7109.208864535957,1.4749328558754327
1014,28240.75213235452,30075.688165084983,0.0509,30075.688165084983,6.49747579005957,29016.51723286732,2.7469703953955094,28485.880545832115,0.8679953434978183
1015,30018.60171310753,31085.48504771352,0.03184,31085.48504771352,3.5540740531566417,29990.752252383918,-0.09277401056110302,29198.89353388373,-2.730667427676614
1016,89201.98494712399,95096.86699454588,0.03861,95096.86699454588,6.60846510412989,91747.8551045196,2.8540510156861654,89464.17093641136,0.29392394064189364
1017,24744.68813900075,25467.36645867848,0.16962,25467.36645867848,2.920539210751638,24570.486090551713,-0.7039977528529584,24731.592805762768,-0.052921795435134644
1018,20745.64116571553,21423.764864984067,0.13618,21423.764864984067,3.2687526688218727,20669.287398696204,-0.3680472751331876,20646.998902279924,-0.4754842843740281
1019,55275.46075328364,59771.67510654009,0.02851,59771.67510654009,8.13419606455177,57666.70512230211,4.326050541109994,56000.16826637648,1.3110836223102718
1020,78224.73581007383,81198.26100040288,0.16517,81198.26100040288,3.8012594859363036,78338.71420213241,0.1457063304570516,78203.12565430847,-0.027625731862912506
1021,19862.550164018437,21403.29292554892,0.02561,21403.29292554892,7.7570238907267,20649.536416436065,3.9621611823202674,19847.459273256198,-0.07597660238802817
1022,56037.8604693437,59229.23259559496,0.04517,59229.23259559496,5.695028503090582,57143.36572669847,1.9727827723893032,54755.95518968085,-2.287569990942351
1023,19723.3549645582,20158.085023649302,0.29375,20158.085023649302,2.2041384940457043,19448.180811681585,-1.3951690945637196,19759.172840636533,0.1816013357904822
1024,47965.50548966976,49810.2572948661,0.06256,49810.2572948661,3.845996797831397,48056.09704545072,0.18886813524869872,46913.96628514175,-2.192282128152445
1025,68022.42805550875,71470.48411912596,0.11186,71470.48411912596,5.068998802576519,68953.51895859533,1.3687998645487642,68407.00354325183,0.5653657164799597
1026,8306.528957792138,8526.13582926397,0.2355,8526.13582926397,2.643786262441483,8225.872201548225,-0.9710043347077035,8346.911540029148,0.48615471567252655
1027,22994.186600640624,24072.481084883184,0.06019,24072.481084883184,4.689422169917146,23224.72418264654,1.0025907243854881,22970.69031320377,-0.10218359903280128
1028,34693.693046231965,35548.30595754414,0.13482,35548.30595754414,2.4633091385610983,34296.40667752963,-1.1451256231872486,34113.46591451886,-1.6724282737496599
1029,35844.52163456556,36620.088916856985,0.19895,36620.088916856985,2.16369823594893,35330.444819503,-1.434185174246616,35583.8500797858,-0.7272284379668981
1030,31944.0777878138,33193.56759954505,0.09353,33193.56759954505,3.911491263046929,32024.594781863863,0.25205609185179334,32047.379517677742,0.32338304004302376
1031,27180.985024037323,27908.634660358886,0.18609,27908.634660358886,2.6770539613559574,26925.780521564786,-0.938908219282153,27118.173620661004,-0.2310858245967662
1032,27657.53751235489,28443.415439570697,0.12526,28443.415439570697,2.841460223509573,27441.72800747535,-0.7802918274381287,27514.161899439696,-0.5183961618099531
1033,264346.8653842301,321345.4244664677,0.0079,321345.4244664677,21.562033277523373,310028.6515657846,17.28100165483546,290943.2195301529,10.061157376413309
1034,68363.96891246676,69941.39249756106,0.17354,69941.39249756106,2.307390296654699,67478.2771239204,-1.2955534949710135,67738.51620642135,-0.9148864760122999
1035,58981.11662925539,64536.566812248166,0.01698,64536.566812248166,9.419031887635043,62263.792362085784,5.565638496579672,59039.99920412219,0.09983292659059284
1036,22559.62070590956,24341.021713807128,0.02511,24341.021713807128,7.8964138232648695,23483.80765711688,4.096642240821113,22698.415127927925,0.615233845585017
1037,19897.197947633267,20182.651280256785,0.24533,20182.651280256785,1.434640864380965,19471.881922169407,-2.137567443331645,19763.532854308516,-0.6717784769319723
1038,39327.398583414186,40474.02579971168,0.06592,40474.02579971168,2.9155938546646443,39048.65819377111,-0.7087689490874016,38600.55521359459,-1.8481857331039686
1039,15762.140359497876,16238.276082413233,0.06201,16238.276082413233,3.020755506903283,15666.415185285568,-0.6073107587487359,15637.241696062561,-0.7923965945402456
1040,10287.84258787965,10468.924221724646,0.28228,10468.924221724646,1.7601516770710868,10100.241710908062,-1.823520095385256,10283.045033488557,-0.04663324064410057
1041,9844.128704157758,9963.836885316166,0.37612,9963.836885316166,1.2160363273983732,9612.941958345333,-2.3484734176096422,9826.101610907763,-0.1831253307606695
1042,67507.63444968035,69907.3103540497,0.17825,69907.3103540497,3.55467336980686,67445.39524606935,-0.09219579995413119,67693.18721774736,0.2748619020346732
1043,84219.52389948678,92512.8063849678,0.03146,92512.8063849678,9.847220812336555,89254.79696410302,5.9787479570956314,86237.05127397875,2.395557800706416
1044,67454.9714028473,69708.60107510435,0.09824,69708.60107510435,3.3409393338827087,67253.68388155462,-0.29840279686810245,67175.62396351011,-0.4141243166035924
1045,12211.309999823185,12406.680641904371,0.36521,12406.680641904371,1.599915505248961,11969.756458188838,-1.9781132543342572,12222.382695248243,0.09067573769905302
1046,21327.363330289976,21784.005980157883,0.27235,21784.005980157883,2.1411115982600926,21016.8419573501,-1.455976381753954,21373.112471765446,0.214509129736129
1047,83488.70897194352,86602.62040880798,0.11071,86602.62040880798,3.7297395961780833,83552.74910786214,0.07670514577025056,83381.07810280031,-0.1289166768399519
1048,48551.49905516,50165.12938814207,0.1043,50165.12938814207,3.323543792435335,48398.47166223371,-0.3151857221801446,48196.356505779324,-0.7314759714776131
1049,32119.780934167055,32952.29490005708,0.06808,32952.29490005708,2.5919042461601816,31791.81894630907,-1.0210592299187082,31379.164644580058,-2.3057949588914384
1050,15615.946782522282,16263.862753450456,0.11834,16263.862753450456,4.149066207457475,15691.100774423481,0.48126439560689516,15615.722301096628,-0.0014375140283240384
1051,52429.406211414,55580.790598234205,0.05531,55580.790598234205,6.010719202336001,53623.41035582072,2.2773558403314187,51634.44251466914,-1.51625538832022
1052,9010.968503749587,9492.151313239132,0.05036,9492.151313239132,5.339967721442118,9157.867665263751,1.6302261122435047,8959.477327409899,-0.5714277695928249
1053,82910.42168669996,87498.50505889587,0.02721,87498.50505889587,5.533783665379555,84417.08352459261,1.8172164695844817,81704.13073146096,-1.4549328428183683
1054,18296.09644645643,18865.120835039954,0.18881,18865.120835039954,3.110086297636072,18200.750746097332,-0.5211259168759197,18405.827984465814,0.5997538236121036
1055,25265.53597583766,26203.615226200094,0.08613,26203.615226200094,3.712880863717083,25280.806497293695,0.06044012472419258,25004.970571282607,-1.0313076469236293
1056,24940.427153721295,25070.771452128913,0.21958,25070.771452128913,0.5226225581632438,24187.85790998113,-3.01746733967978,24527.00407570108,-1.6576423309515365
1057,27641.424564894765,28422.86464736008,0.12007,28422.86464736008,2.827061538129838,27421.90094938593,-0.7941834365065126,27630.21191473482,-0.04056466096246103
1058,94529.89491322024,98300.73130339308,0.02937,98300.73130339308,3.9890411320508967,94838.88941166995,0.32687489892311294,90505.49242196894,-4.257280191568769
1059,5262.059686865524,5437.003871561982,0.1621,5437.003871561982,3.3246332255244315,5245.529733796494,-0.3141346554903168,5330.922815963659,1.3086725198123927
1060,34996.85025995135,35435.98082684074,0.08922,35435.98082684074,1.2547716826731392,34188.037283856946,-2.3111021994455694,33588.80576977617,-4.023346328930866
1061,7146.837360077734,7356.276509489607,0.09303,7356.276509489607,2.9305151196220125,7097.211639371281,-0.6943731640468354,7068.356591358625,-1.09811885684572
1062,33672.406357055756,35485.23022466552,0.04673,35485.23022466552,5.383707503369162,34235.5522731349,1.6724255169281665,33682.523057772545,0.03004448393000292
1063,9142.860741209688,9330.925780599577,0.13412,9330.925780599577,2.0569605587693385,9002.31998766664,-1.537163886895787,9027.06856941857,-1.2664763805184776
1064,84388.02679981709,87836.6711743746,0.13695,87836.6711743746,4.086651276653597,84743.34049545559,0.4210475219208032,84461.11614425584,0.08661103619844734
1065,9081.900475620843,9233.477396405313,0.33399,9233.477396405313,1.6690000203300803,8908.303428385696,-1.9114616781052085,9094.960009007971,0.143797362921827
1066,40566.7823999187,41861.01071898411,0.09308,41861.01071898411,3.190364733161588,40386.7978762578,-0.44367463479495495,40070.99860914564,-1.222142258869563
1067,45012.13626455824,46984.62940988841,0.06074,46984.62940988841,4.382136261511493,45329.97886760273,0.7061264570434433,44290.668357720846,-1.602829740399292
1068,41384.99304079698,43367.61288910632,0.07688,43367.61288910632,4.790673388189015,41840.342267078326,1.100276193915195,41215.987179153264,-0.4083747494583623
1069,14459.427660527654,14600.830581129852,0.32318,14600.830581129852,0.9779288912534989,14086.635352981404,-2.5781954604186974,14354.879518396634,-0.7230448160574277
1070,9765.434832496778,9906.099794625576,0.29357,9906.099794625576,1.440437262053118,9557.238185989292,-2.131975176514034,9743.620764685189,-0.223380404311313
1071,49616.6448271238,50962.81613951593,0.13726,50962.81613951593,2.7131445850127944,49168.06640070224,-0.9040885936251963,49095.49348914402,-1.050355863028607
1072,28569.33852734011,29486.414534723925,0.09334,29486.414534723925,3.210000842358296,28447.995962251945,-0.424730047466948,28276.722612116224,-1.024230627334477
1073,71052.10974092867,74352.5689635484,0.09995,74352.5689635484,4.645124873355511,71734.10585974075,0.9598534389742674,71365.80815534918,0.44150471472883535
1074,45942.46520023985,49113.64070854051,0.07431,49113.64070854051,6.90249313892739,47384.01309941208,3.1377243099369068,46748.44827592492,1.7543313624382106
1075,13630.869552737237,14249.691314501031,0.11453,14249.691314501031,4.5398553582337575,13747.862104457707,0.8582911843432406,13738.460945717208,0.789321565757084
1076,13574.185298704122,14149.248195052796,0.079,14149.248195052796,4.236445014520118,13650.956275058394,0.5655659965213555,13690.262823250034,0.8551343744879647
1077,29043.222960763585,29852.512528163206,0.07363,29852.512528163206,2.7865005495187,28801.201138380922,-0.8333159949556079,28609.617763455048,-1.4929651502325503
1078,40574.35163757913,41368.63191757661,0.35369,41368.63191757661,1.9575920450737083,39911.75910415332,-1.6330329547696976,40590.49621420365,0.03979010377967995
1079,13724.846961910334,14389.359847582178,0.15133,14389.359847582178,4.841677925561005,13882.611952068615,1.14948451225807,13896.819493892915,1.2530014539313017
1080,40229.6592989431,41447.20120476157,0.16451,41447.20120476157,3.026478292473289,39987.56142871071,-0.6017895116470773,40084.12206124169,-0.3617660209845108
1081,38362.17697061691,38949.40355174447,0.26677,38949.40355174447,1.5307436321388757,37577.72833544418,-2.044849112117819,38099.94651974126,-0.6835650934943094
1082,38428.19650763624,39549.68332436747,0.16005,39549.68332436747,2.9183956538485267,38156.86814668473,-0.7060658204388948,38157.68917304127,-0.7039292997817803
1083,35412.96368657641,37784.4303090883,0.05066,37784.4303090883,6.696605919517573,36453.78177815127,2.9390877893944456,35440.9789028077,0.07911005833693974
1084,42814.11282028733,43957.88992157233,0.23206,43957.88992157233,2.6714955091700965,42409.83160313945,-0.9442709203034361,42857.126042263226,0.10046505496084102
1085,100223.15672837084,107563.37462191796,0.06467,107563.37462191796,7.323874175546963,103775.33163033533,3.544265634729249,102137.35949337209,1.909940604035465
1086,25544.613698841215,26696.367157143428,0.06354,26696.367157143428,4.508791841132687,25756.205258487942,0.8283216263956561,25508.854283637145,-0.1399880836940981
1087,58572.154691947006,60401.64608955761,0.09478,60401.64608955761,3.1234831759777038,58274.490513100085,-0.5082008343596844,57584.82754623897,-1.685659595247535
1088,171681.4904657181,183330.77048246423,0.03617,183330.77048246423,6.785402424655862,176874.43864359654,3.024757161527214,169952.77162158355,-1.006933734932669
1089,32499.39644141281,33563.44357715746,0.05484,33563.44357715746,3.2740519894356224,32381.4448934724,-0.3629345798868755,31930.308084492655,-1.751073617462584
1090,21921.354610840997,23022.7312577092,0.04058,23022.7312577092,5.02421801216395,22211.94323535122,1.325596112415961,21972.246845261678,0.232158255382231
1091,61404.042428363005,65411.62593301477,0.02901,65411.62593301477,6.526579270944932,63108.034658991186,2.7750489434244408,60149.70883462732,-2.042754099127997
1092,168903.9142851342,185152.15975227644,0.01113,185152.15975227644,9.619815820083865,178631.6843247318,5.759351451841255,168478.20751586912,-0.2520407955415638
1093,49732.7840459471,53024.90302454651,0.04314,53024.90302454651,6.619615293521264,51157.53308577785,2.86480853055493,49720.21208365483,-0.025279023753532748
1094,23930.895568573236,24917.64594350167,0.15311,24917.64594350167,4.123332418132586,24040.124999083615,0.4564368692236531,24164.981230462537,0.9781734294838085
1095,6233.93081849341,6310.86369103623,0.19031,6310.86369103623,1.2340989141970127,6088.6149650206025,-2.331046938180914,6146.776447595054,-1.3980644546103371
1096,42262.067435760786,43766.43741129161,0.17862,43766.43741129161,3.559622296797249,42225.121446771846,-0.08742115857227617,42644.166903039295,0.9041192030165401
1097,17165.73812521278,18111.338673296417,0.1019,18111.338673296417,5.508650669060078,17473.514416008937,1.7929685781708171,17362.394097178465,1.1456307356619844
1098,24007.05080095348,24632.254133264752,0.2815,24632.254133264752,2.604248799633657,23764.783788787645,-1.009149412705923,24166.957612552676,0.6660826976416789
1099,10277.117849563365,10404.801238108974,0.34162,10404.801238108974,1.2424046353719076,10038.376936646071,-2.3230337183244187,10249.551217486585,-0.26823310270739364
1100,8313.362599016802,8599.048610727186,0.16535,8599.048610727186,3.4364675942821554,8296.217224684879,-0.20623874067458026,8378.158581415246,0.7794196587324054
1101,45187.88189146237,46651.120180328006,0.12783,46651.120180328006,3.2381209908891373,45008.21478181552,-0.39760020192669554,44990.66546777947,-0.43643652994533877
1102,35389.11656644004,37687.75737033617,0.04266,37687.75737033617,6.495332539823728,36360.513355568364,2.7449026236769924,35618.76542831324,0.6489251051013278
1103,23895.02869926549,24843.29958723193,0.13079,24843.29958723193,3.968486080937783,23968.39688712619,0.3070437319163011,23995.832803187044,0.4218622425201435
1104,13804.24342166315,14098.808451456647,0.28525,14098.808451456647,2.1338730475531476,13602.292860234917,-1.4629600135224408,13857.26724485489,0.3841124904283344
1105,9465.495265622922,9640.921528184124,0.35511,9640.921528184124,1.8533236522585428,9301.398662193695,-1.7336293434660255,9501.967586502999,0.3853186743702386
1106,31589.8310811009,32842.19370065797,0.05321,32842.19370065797,3.9644486111428234,31685.59516409043,0.30314844908057026,30959.97763198233,-1.993848740442905
1107,18333.31708920203,18902.22212839558,0.13395,18902.22212839558,3.103121145101584,18236.545448852128,-0.5278457786938029,18260.047917761087,-0.39965038014915244
1108,15870.220204798426,16324.03721559154,0.10822,16324.03721559154,2.859550812381917,15749.15608169064,-0.7628383320804955,15841.761707874874,-0.17932011374958146
1109,24612.728571843458,25276.75020375976,0.11456,25276.75020375976,2.6978789855746754,24386.58273926831,-0.9188165867715092,24429.597820776635,-0.744048960407917
1110,14748.557674628935,15104.382084148843,0.36704,15104.382084148843,2.4126047941081863,14572.453359365349,-1.1940443204594087,14869.10490865406,0.8173493075359861
1111,20961.21941387013,21702.338037666377,0.1091,21702.338037666377,3.5356655982802465,20938.050102358447,-0.11053417768410734,20961.551626360837,0.001584891051176207
1112,71018.20256527206,73771.12829423163,0.07272,73771.12829423163,3.876366381463092,71173.14169797284,0.2181681978762784,70090.91135678551,-1.305709205515715
1113,11348.517212541798,11741.622547770445,0.13729,11741.622547770445,3.4639356654824205,11328.11961372595,-0.1797380083567668,11371.01962375691,0.19828503401524422
1114,66238.62452741257,76280.46185698247,0.01406,76280.46185698247,15.160093376356464,73594.10444259591,11.104517896713428,68471.76486046774,3.3713567408559353
1115,8365.998908670315,8753.025022132408,0.18273,8753.025022132408,4.62617934435765,8444.771072246758,0.9415751117873628,8514.403017318158,1.7738958642947056
1116,31921.23536774821,32367.54062399927,0.22919,32367.54062399927,1.3981453133295352,31227.657872584346,-2.17277773611676,31561.223650356133,-1.1278126088936302
1117,26651.158872292373,27383.99993755299,0.15105,27383.99993755299,2.74975309243497,26419.621779936046,-0.8687693224366466,26558.20944421536,-0.34876317582439587
1118,32114.017579405463,33298.60514171822,0.13175,33298.60514171822,3.6886931365212483,32125.93323290233,0.037104213035332734,32268.569108024138,0.48125877815359264
1119,31277.347308435652,32814.191520632645,0.05629,32814.191520632645,4.913601518190447,31658.57913257678,1.2188751826735178,30899.84028889184,-1.2069662296520844
1120,6173.931311428384,6342.831324678544,0.12284,6342.831324678544,2.7356963453337046,6119.456799374804,-0.8823310352148561,6131.361410943027,-0.6895104324623258
1121,8765.339296783546,8953.599159131305,0.20245,8953.599159131305,2.1477760982605787,8638.281620392834,-1.4495465844355349,8760.28161893792,-0.0577008792743805
1122,34854.41095096243,36945.840901629876,0.02839,36945.840901629876,6.0004742401469136,35644.724846211626,2.2674716734163436,34218.254037339306,-1.8251833735424494
1123,98193.06611011208,103596.91064251008,0.08555,103596.91064251008,5.503285258796398,99948.55400914533,1.7877921207437142,98974.36286347419,0.7956740575612242
1124,120869.30317112536,130109.68009559406,0.01006,130109.68009559406,7.644932734812149,125527.62729597185,3.8540175235818985,117212.88485726836,-3.0251008468877183
1125,10372.532264437206,10638.010853298094,0.14273,10638.010853298094,2.5594385449259516,10263.373644314466,-1.052381591494267,10334.914139080523,-0.36267060345195334
1126,18933.32502215287,19400.61488612749,0.21288,19400.61488612749,2.46808135088723,18717.38638469654,-1.1405214731362356,18954.786426314524,0.11335253652775545
1127,28570.656566362304,30813.852770239748,0.04253,30813.852770239748,7.85139885976045,29728.686007480144,4.053212562434583,28509.104873637032,-0.2154367456775219
1128,57026.871832069184,58765.99323858114,0.16871,58765.99323858114,3.0496524719666684,56696.44019960984,-0.5794314537055256,56691.54301478965,-0.5880189575661832
1129,54061.01055745161,56521.25375288797,0.07032,56521.25375288797,4.550864236660557,54530.75336270718,0.868912364774177,53727.17262625315,-0.6175207006973826
1130,8877.552883037957,9035.03636618207,0.36,9035.03636618207,1.7739515068956768,8716.850865718643,-1.8102062520670814,8903.765896393079,0.2952729620479877
1131,25282.348513042303,25583.398644523764,0.3192,25583.398644523764,1.1907522409405846,24682.431988569617,-2.3728670782431904,25121.42421865003,-0.6365084885577632
1132,66382.26992484408,69044.85407440925,0.08904,69044.85407440925,4.010986898428848,66613.31195795248,0.3480478045869484,65371.37481121498,-1.5228390273089532
1133,27935.645914425317,28625.10231488268,0.19186,28625.10231488268,2.4680166786526403,27617.016443754463,-1.1405838678185787,27714.224714036536,-0.7926117085928719
1134,26583.74025704488,27431.993523457342,0.23933,27431.993523457342,3.1908725341524224,26465.925183030824,-0.4431847169543146,26754.610526246575,0.6427623334771759
1135,8773.030059914701,8901.590128501546,0.33858,8901.590128501546,1.465400981289866,8588.104183878344,-2.107890600777851,8774.443474437823,0.016110904823873895
1136,44975.99151955294,46757.98222678206,0.08257,46757.98222678206,3.9620932124518227,45111.313483845326,0.3008760001067534,44883.27509396679,-0.20614648494373666
1137,29720.270369340156,30253.51804284256,0.35454,30253.51804284256,1.7942221483035592,29188.084502887818,-1.7906494787522154,29716.88601861986,-0.011387348359337413
1138,82497.53294591157,85530.83278835563,0.08951,85530.83278835563,3.6768370327301847,82518.70646889991,0.02566564384685055,81947.38474678242,-0.6668662437334327
1139,43216.28180782983,44614.72590752997,0.2198,44614.72590752997,3.2359195219954673,43043.535896158195,-0.39972414202541495,43511.30628234847,0.682669730428298
1140,27024.904624965737,27723.862130194582,0.08253,27723.862130194582,2.5863458721817167,26747.515097470612,-1.0264218554868476,26655.003395686348,-1.368742034107573
1141,13055.669945715208,14927.984921855485,0.00754,14927.984921855485,14.341010334400783,14402.268349086644,10.314280377571738,13181.18918957288,0.9614155717751371
1142,14461.538569796256,14856.35229517087,0.1127,14856.35229517087,2.7300948890680576,14333.158397712607,-0.8877352258478077,14288.161479096436,-1.1988841288431584
1143,48537.002651496674,51201.42014546902,0.08746,51201.42014546902,5.489456184806629,49398.26752569616,1.7744500631477145,48820.60934313845,0.5843102708218639
1144,11454.729691550136,12329.732093874663,0.03874,12329.732093874663,7.6387869979157585,11895.51779546257,3.8480882201663125,11637.448210501005,1.5951360169210727
1145,42543.72716693597,43645.94296790008,0.10012,43645.94296790008,2.5907833524767776,42108.87043785249,-1.022140649259895,42146.816729215905,-0.9329470268616524
1146,77851.14848317353,83942.9905144579,0.04983,83942.9905144579,7.824986721423954,80986.78299467277,4.027730576353639,78479.16831461307,0.8066930850419984
1147,56702.55307652705,58999.71822825503,0.09968,58999.71822825503,4.05125523823886,56921.93413189822,0.38689802040321464,56746.48709816607,0.07748155815792135
1148,9117.506426308124,9309.604985388642,0.31941,9309.604985388642,2.106919919751604,8981.75004365536,-1.4889639371247987,9167.175268478231,0.5447634457025563
1149,10964.638951834704,11350.354324309184,0.15551,11350.354324309184,3.517811887549094,10950.630623734456,-0.1277591370019926,11004.972003708554,0.3678466026197924
1150,12259.722832298665,12494.967002695632,0.34083,12494.967002695632,1.9188375921289857,12054.93365165039,-1.6704225980439857,12297.768606265994,0.3103314364260923
1151,53069.994749960875,55963.8839952158,0.09098,55963.8839952158,5.452966895680844,53993.012410952375,1.739245811762924,53628.851705405315,1.0530563609012944
1152,39530.60864356388,41424.39551103713,0.08334,41424.39551103713,4.790684819829072,39965.55887963085,1.1002872229688876,39597.68642771182,0.1696856852186679
1153,20667.273275129435,21009.308604829028,0.30322,21009.308604829028,1.6549610833819672,20269.42698156967,-1.9250062079477326,20615.248282118086,-0.2517264484713344
1154,15555.744077462028,16955.823778860864,0.01764,16955.823778860864,9.000403287859072,16358.693113727048,5.161752676481579,15396.293980799823,-1.0250239131487482
1155,15185.43037539134,15431.771104430674,0.34547,15431.771104430674,1.6222176319647952,14888.312770352577,-1.956596538220312,15190.065818783023,0.030525597741348776
1156,20645.77460210552,21237.31063896442,0.10192,21237.31063896442,2.8651675621730988,20489.39950277365,-0.7574193865117818,20476.48574136515,-0.819968560167772
1157,25910.752673843108,26943.646045510624,0.12785,26943.646045510624,3.9863503182222093,25994.775763882422,0.3242788470754654,26185.35597464121,1.0598044150037955
1158,34792.9098847051,36056.103305732104,0.03933,36056.103305732104,3.6306058481826,34786.32100379951,-0.01893742411147592,33888.0125478411,-2.6008095898348293
1159,16778.22103325653,17839.31355134375,0.03422,17839.31355134375,6.324225410930051,17211.069161370484,2.5798213484969246,16865.05398868093,0.5175337436089666
1160,6541.907893533204,6742.858737669707,0.12651,6742.858737669707,3.0717467657278785,6505.396507851783,-0.5581152513246534,6579.404869658672,0.5731810465038123
1161,78858.37237220534,82403.65493671996,0.0635,82403.65493671996,4.495759242634589,79501.6579636701,0.8157479949351565,78808.20479926729,-0.06361730711517133
1162,35057.37509504282,35858.16595596694,0.13192,35858.16595596694,2.2842293775649836,34595.35438355251,-1.3178987594985148,34571.27915491499,-1.3865725508826365
1163,35942.69120166331,36469.348569058624,0.16012,36469.348569058624,1.4652697107192303,35185.0130715885,-2.1080172484127746,35523.458315247524,-1.1663925888676374
1164,60589.958058321,62152.12282943378,0.08168,62152.12282943378,2.578256894664155,59963.32098007227,-1.034225964714408,59418.17196078859,-1.9339608989405455
1165,10088.115589675945,10553.629434195524,0.09922,10553.629434195524,4.614477702812803,10181.963872804536,0.9302855651716957,10171.70050500535,0.8285483506448532
1166,36123.063689603594,37035.7083688907,0.1557,37035.7083688907,2.5264874738456067,35731.427464556866,-1.0841722297199374,35847.689490328026,-0.762322381185021
1167,10552.34593371734,10735.339507485594,0.1708,10735.339507485594,1.73415063264315,10357.274690102073,-1.8486054649892392,10476.090614543058,-0.7226385455259554
1168,46814.03750766036,47669.580605882555,0.318,47669.580605882555,1.8275353799214633,45990.808241585604,-1.7585094341415197,46664.28807300013,-0.31988147707987524
1169,33883.476959073705,34450.24539752739,0.3023,34450.24539752739,1.672698581489307,33237.01634911658,-1.9078933686113575,33762.701350687435,-0.356443963918307
1170,46079.64010458069,50823.31800843777,0.04157,50823.31800843777,10.294520298099098,49033.48095407291,6.410294964952601,47204.1846758995,2.4404369668829418
1171,25165.558222653508,26904.84104708288,0.06363,26904.84104708288,6.9113619854603625,25957.337355177704,3.1462808236514928,25355.616639761804,0.7552322719279525
1172,18547.34433719197,18914.007473797705,0.29444,18914.007473797705,1.9769037008197765,18247.9157515391,-1.6144013946645774,18578.362772611683,0.16723922765327082
1173,33694.937099203846,34305.62828113397,0.26326,34305.62828113397,1.812412292482235,33097.49219169867,-1.7730999341123321,33592.495039097084,-0.30402804968934216
1174,40228.16694293868,42031.31343393734,0.05319,42031.31343393734,4.482298419304853,40551.10306642071,0.802761219371706,39673.615902378995,-1.3785143164645963
1175,35454.45545207986,36206.99727474541,0.12948,36206.99727474541,2.1225592469828802,34931.900962874,-1.473875377700118,34804.093759774434,-1.8343581476930493
1176,77047.26366358684,78417.60132233938,0.07222,78417.60132233938,1.778567587728852,75655.98059270045,-1.8057527350499814,75015.0463943892,-2.6376241965853087
1177,101870.16871756516,111541.77461067397,0.03173,111541.77461067397,9.494051119050685,107613.62491224907,5.638015787141404,104111.59554812103,2.200277921174565
1178,19052.016956847176,20061.435155785053,0.05926,20061.435155785053,5.29822223664933,19354.934647502603,1.5899507718344807,19068.698638877664,0.0875586142310869
1179,32235.543617393112,35288.44158567829,0.03769,35288.44158567829,9.47059557772727,34045.693909693204,5.615386276046541,33055.88851608514,2.544845864641787
1180,50769.095293182705,53956.72286533785,0.04717,53956.72286533785,6.278677123843046,52056.53716907056,2.535877128503272,50943.91968298696,0.3443519897186942
1181,11657.024484743451,11814.638782040362,0.34871,11814.638782040362,1.3520971625580191,11398.564446387558,-2.217204216171653,11632.664629246492,-0.2089714706256407
1182,241802.1111020092,260760.83239114904,0.01223,260760.83239114904,7.840593782550442,251577.6578478574,4.042788005984033,228573.3598036995,-5.470899835414944
1183,27709.588001756856,33168.62031618577,0.00753,33168.62031618577,19.700878678105195,32000.526063185363,15.48539105365425,29256.426342777344,5.582321689237735
1184,93211.60373533012,97533.00096296173,0.12971,97533.00096296173,4.636115091316317,94098.1961137795,0.9511609530577392,93810.40682931081,0.6424126074270342
1185,13102.543540845292,13570.751876059534,0.10191,13570.751876059534,3.573415602510077,13092.832772876814,-0.07411360960721813,13145.970587459731,0.3314398191394119
1186,71211.90632829622,74485.22983177,0.07859,74485.22983177,4.596595811356785,71862.09483035882,0.9130334175652566,70995.01520949384,-0.30457142630402334
1187,60292.47710051355,65604.89503991777,0.02561,65604.89503991777,8.81107925048077,63294.49743717433,4.979096034910158,61288.65166350151,1.6522369139473803
1188,17101.50238188579,18311.1889116049,0.02765,18311.1889116049,7.073568758499427,17666.32655889459,3.3027751854542986,16916.946730414726,-1.0791780005629859
1189,71724.8151364424,75313.66312495717,0.07202,75313.66312495717,5.003635048326993,72661.3533143576,1.3057380156834553,72171.95648492369,0.6234123401094749
1190,30017.474162501905,30731.48247391765,0.18667,30731.48247391765,2.3786422120342543,29649.216533345843,-1.226810847449955,29921.111569691726,-0.32102165654749326
1191,89416.15252531081,91539.61744765342,0.07799,91539.61744765342,2.374811331477855,88315.88067346263,-1.2305068164689126,86819.07985795532,-2.9044782111602774
1192,32121.75547626502,33451.014062198374,0.09861,33451.014062198374,4.138187861231768,32272.974791628465,0.4707691504444167,32359.993252864144,0.7416710981912544
1193,40763.98034086941,41723.559080346495,0.15688,41723.559080346495,2.3539868566637923,40254.18685105625,-1.2505979189231686,40466.58809024564,-0.7295466442113097
1194,26682.712452207314,27230.924926140095,0.23481,27230.924926140095,2.0545605133462708,26271.937587900167,-1.5394794102844833,26578.34346136942,-0.3911483550438688
1195,91990.79630908054,97536.93889265983,0.04216,97536.93889265983,6.029018995492508,94101.99536200684,2.295011172457806,92122.86003923563,0.1435618947262629
1196,66930.12198381066,71295.52305686998,0.05414,71295.52305686998,6.522326485696883,68784.71947343758,2.770945927867152,67306.5474943187,0.5624156946839154
1197,56174.179150514276,58709.38275042181,0.05632,58709.38275042181,4.513111963976657,56641.8233543952,0.832489608131004,55376.2444395802,-1.4204652796012796
1198,81271.98226208058,85513.61326073781,0.04773,85513.61326073781,5.219056900789121,82502.09335876517,1.51357338955731,80485.56618185055,-0.9676349196135581
1199,55026.45760378293,56360.843387634995,0.03188,56360.843387634995,2.4249894359187785,54375.99214487088,-1.1820958266943515,52797.766980695604,-4.050216423406672
1200,8524.040027093159,8616.382730461813,0.32008,8616.382730461813,1.0833208557814,8312.94089136328,-2.4765150686635984,8483.709604237749,-0.4731374175534375
1201,16500.173254979756,17227.275026764004,0.17226,17227.275026764004,4.406631133796179,16620.584704351022,0.7297586971392933,16741.486742653065,1.462490629305857
1202,9594.75030923177,9785.983565174653,0.11297,9785.983565174653,1.9931029967385827,9441.352071507765,-1.5987725868844116,9501.757292565237,-0.969207260944116
1203,14270.505193504365,14670.783264601734,0.17269,14670.783264601734,2.80493273132032,14154.12452344712,-0.8155329364949004,14294.419089215598,0.16757567715346422
1204,27984.58754825262,28685.041853533516,0.05094,28685.041853533516,2.5030002821128994,27674.845100796174,-1.1068322765964367,26845.01963010611,-4.072126902644547
1205,20200.825442329424,20783.555261319,0.17725,20783.555261319,2.8846832059075567,20051.623959195582,-0.7385910222321934,20247.327086527795,0.23019675275710583
1206,25820.57455784928,26678.36180173174,0.21599,26678.36180173174,3.3221074998182054,25738.83399493715,-0.3165714330988001,25972.564520514818,0.588638964346111
1207,16111.052839102464,18625.90055152703,0.00962,18625.90055152703,15.609456051940217,17969.95504689659,11.538055435349715,16788.025491246135,4.201914418036168
1208,104023.2511947505,114675.75065499768,0.01713,114675.75065499768,10.240498482693795,110637.23219924979,6.35817562759764,104945.98750679768,0.8870481372665884
1209,63786.76217759531,70709.43014157185,0.04445,70709.43014157185,10.852828592713992,68219.2669031269,6.948941401337483,65307.89448307677,2.3847147175245054
1210,44784.505944918106,46210.28966694044,0.06278,46210.28966694044,3.1836540159133397,44582.90892951807,-0.45014902173530214,44198.23175527972,-1.3091004964071007
1211,24817.139937049127,27355.21924997734,0.01311,27355.21924997734,10.227122542590639,26391.854657453972,6.345270745941112,25143.368982091684,1.3145311904194656
1212,98898.7485104734,106082.45910840297,0.04079,106082.45910840297,7.263702226898072,102346.56929304612,3.4862127524370123,98164.96057235655,-0.7419587701245178
1213,124046.0536718552,134349.04308524355,0.03858,134349.04308524355,8.305777659516146,129617.6932844984,4.491589573161359,124710.34903142271,0.5355231705514774
1214,5000.2806018540405,5085.532976969597,0.27597,5085.532976969597,1.7049518197828073,4906.4365362007475,-1.8767759877015067,5008.09713182269,0.15632182653413373
1215,160602.73479780587,187182.99854094023,0.01077,187182.99854094023,16.550318259896457,180591.00337289402,12.44578344213927,167142.15852895603,4.071800981087348
1216,41912.464183684606,43376.59976481062,0.16805,43376.59976481062,3.4933178223769623,41849.01265334886,-0.15139059840926228,42150.45483840286,0.5678278749615906
1217,11865.990330715218,12317.884217444353,0.09996,12317.884217444353,3.8083116042948673,11884.087163893113,0.1525100954367975,11973.01705488325,0.9019620038876353
1218,12678.97231053216,13621.300376149917,0.04502,13621.300376149917,7.432211716678205,13141.601114133622,3.6487878691648046,12902.531871146899,1.7632309239214328
1219,62275.02615324399,66077.6880912755,0.07508,66077.6880912755,6.106239006105052,63750.64020760735,2.369511737710428,62324.709703591056,0.07978085826059189
1220,152301.38144571046,162822.6793730139,0.0142,162822.6793730139,6.908209122879083,157088.57785716234,3.1432389949518136,147188.25173343177,-3.357244473912624
1221,47157.10399035473,49451.47886239964,0.09375,49451.47886239964,4.8653854412141095,47709.953658429906,1.1723571239409702,47128.873125907274,-0.05986556013538591
1222,24812.280233901973,25286.002868077965,0.28728,25286.002868077965,1.9092265189264213,24395.509553915592,-1.6796951995445064,24761.840428104162,-0.20328565259750686
1223,100220.58393849993,110559.9687595852,0.03337,110559.9687595852,10.3166279967297,106666.3951683751,6.431624100125588,101308.65182215312,1.085673063251047
1224,13555.886693633016,13786.57053592846,0.34456,13786.57053592846,1.7017244796225128,13301.050979851409,-1.8798896711146096,13569.568234800072,0.10092693658676488
1225,36076.71593683302,37682.31596979615,0.06878,37682.31596979615,4.45051604967146,36355.26358400292,0.7720981246120306,35860.24482687701,-0.6000299759407968
1226,41976.29683612478,43200.562332912305,0.25962,43200.562332912305,2.9165638445121767,41679.17470489463,-0.7078331192246767,42196.25872147641,0.5240145080219083
1227,10035.1960115372,10249.408933578528,0.28111,10249.408933578528,2.134616222693131,9888.457059251641,-1.4622430106682294,10069.46220792512,0.34146016030505155
1228,41322.68346523583,44243.1156261331,0.04353,44243.1156261331,7.067382647969089,42685.01255747759,3.2968069302369063,42119.81046029877,1.9290300827959461
1229,26865.80059667862,27375.60171176884,0.30388,27375.60171176884,1.897583931123381,26411.51931319102,-1.690927772105033,26855.45826858827,-0.038496258665843275
1230,54178.90304898531,56956.91073316818,0.11849,56956.91073316818,5.127471262515537,54951.06787742525,1.4252131087663322,54899.26590262081,1.329600292911426
1231,44426.15830715325,47307.940496834315,0.02898,47307.940496834315,6.486678793509482,45641.90395721161,2.736553635029493,44458.03392132835,0.07174965243386122
1232,235861.1547548681,276037.4803120562,0.00724,276037.4803120562,17.033888263179065,266316.31038422894,12.912323634221611,243312.63819603663,3.159266920791981
1233,42933.53921345924,43356.67649361281,0.22465,43356.67649361281,0.9855634729990292,41829.791016960255,-2.5708297445764083,42276.12804127288,-1.5312298595226648
1234,133314.04558146783,148772.11179544777,0.03314,148772.11179544777,11.595227004444597,143532.82697930498,7.665194881204385,135578.39066730306,1.698504516878896
1235,58795.52099145443,61827.72313615879,0.11987,61827.72313615879,5.157199211050578,59650.3456214177,1.4538941326627697,59432.50988551658,1.083396971947459
1236,107933.31938376352,118481.75391875666,0.06684,118481.75391875666,9.773103055866873,114309.20002538979,5.907240394373892,111391.33039531665,3.2038401406501382
1237,43450.18537769022,47380.40595899517,0.0356,47380.40595899517,9.045348246829231,45711.81741422169,5.205114815672851,44514.14294497213,2.448683608673874
1238,24038.629326117734,25198.83216987938,0.07849,25198.83216987938,4.826410141867354,24311.408732927008,1.1347544117787933,24136.078064137237,0.4053839205949483
1239,27288.60643112379,27872.54906947188,0.18471,27872.54906947188,2.139877094207643,26890.965751439373,-1.4571674104650878,27111.633333322392,-0.6485237648469755
1240,7916.080264669136,8546.398877656566,0.01892,8546.398877656566,7.962509119578454,8245.421649249865,4.160409869144943,7925.018528649644,0.11291275077642826
1241,10098.19471702924,11081.217840856374,0.02241,11081.217840856374,9.73464219470237,10690.972278853498,5.870134003502803,10159.76160291087,0.6096821026614352
1242,9000.454696532683,9141.711796217078,0.36967,9141.711796217078,1.569444038630774,8819.76952337143,-2.007511611950674,9014.860646088076,0.16005801974585676
1243,56375.713909066115,58618.06886965776,0.07334,58618.06886965776,3.977519405268315,56553.725260670915,0.31575893103887864,55580.33707369213,-1.4108501342562696
1244,23465.191484271945,25275.968057678383,0.0332,25275.968057678383,7.71686254774504,24385.82813790643,3.923414195241315,23897.439724855158,1.8420827329405531
1245,26760.232018995815,28038.464130384476,0.11179,28038.464130384476,4.776610720270669,27051.03780690614,1.0867087688324117,26951.410261489393,0.7144117523266269
1246,14718.133689096978,16201.594755023423,0.00992,16201.594755023423,10.079138410227761,15631.025658619094,6.20249814824263,14280.724656855407,-2.9719055518947934
1247,34060.075625937556,35401.49352213992,0.13551,35401.49352213992,3.9383878971215314,34154.764513316375,0.27800551125820583,34194.59430826478,0.3949453424724192
1248,9878.042785852367,10239.415898761545,0.08904,10239.415898761545,3.6583473137689504,9878.815947620744,0.007827074503907738,9949.020845944018,0.7185437604432021
1249,30813.14197524336,31997.62064844604,0.15385,31997.62064844604,3.8440697613840946,30870.765312503776,0.18700896295065217,31022.552726471054,0.6796150532001777
1250,11029.903746110596,11220.371413599132,0.29564,11220.371413599132,1.7268298243826363,10825.225301405872,-1.8556684574595583,11019.38173256752,-0.09539533422298074
1251,34655.59228227639,35394.970485165235,0.27234,35394.970485165235,2.1335032939748144,34148.47119714194,-1.4633167455452845,34615.299690737935,-0.11626577093319934
1252,8723.317209073002,8816.970817717896,0.33228,8816.970817717896,1.0736008607767467,8506.464898482456,-2.485892756083674,8685.65207229816,-0.431775388560518
1253,30352.62209066376,31311.218421006142,0.04753,31311.218421006142,3.158199405240958,30208.53600782871,-0.474707201258151,29760.315630854286,-1.9514177656225096
1254,24511.627532968738,25355.302547032577,0.11245,25355.302547032577,3.441937965682107,24462.36871662473,-0.20096101851153625,24519.64126991501,0.032693614226531054
1255,35163.34155157785,35670.38381987953,0.21254,35670.38381987953,1.441962697310628,34414.18534236892,-2.1305034622777885,34733.01500179738,-1.2237931060939178
1256,29510.82019411787,31938.405311770875,0.05894,31938.405311770875,8.226084878985752,30813.63535332699,4.41470332115268,30588.155891308037,3.6506464073299494
1257,44453.922316927055,46533.99608104262,0.07009,46533.99608104262,4.679168126686362,44895.21542410693,0.9926977962343653,44714.472053761005,0.5861119182609009
1258,252014.49463855755,335639.2026210183,0.00243,335639.2026210183,33.18249932504731,323819.04791075643,28.492231518342592,286731.78364485793,13.77590961825128
1259,12567.575573152928,12968.687993295562,0.20784,12968.687993295562,3.191645180948788,12511.971682230564,-0.44243928034255475,12660.559436935633,0.7398711329919427
1260,91366.37928110833,93283.64380179122,0.07198,93283.64380179122,2.098435481156602,89998.48791694916,-1.497149580537227,88488.22623563715,-3.1501226907721946
1261,12887.412583215097,13221.129062991851,0.16538,13221.129062991851,2.5894761855564052,12755.522573200014,-1.0234017818817942,12910.693581872114,0.18064912958042356
1262,90804.42226489696,97321.60020166766,0.08577,97321.60020166766,7.1771591891842235,93894.24022091812,3.402717487709417,92666.12818578034,2.0502370638429523
1263,86370.05696920292,95420.16519103944,0.01155,95420.16519103944,10.478293681181118,92059.76775763724,6.5875964287752,87426.98784372864,1.2237237204817175
1264,38634.77117149403,40723.55952335189,0.08865,40723.55952335189,5.406498572454432,39289.404126248,1.6944139564025296,38929.771932544216,0.7635628531115657
1265,26934.39324862717,27564.988425398624,0.32418,27564.988425398624,2.341226590666179,26594.236423753908,-1.262908808575447,27055.44379260268,0.44942740257081226
1266,62636.71276015515,65073.23873237336,0.0793,65073.23873237336,3.889932700568144,62781.56438888804,0.23125675398634193,61846.73110593533,-1.261211866664791
1267,34846.03686173245,35954.37702105959,0.09052,35954.37702105959,3.180677801969245,34688.1771982103,-0.4530204228059831,34280.1770689869,-1.6238856515903288
1268,24091.167800152285,25526.32455327555,0.14093,25526.32455327555,5.957190473407414,24627.367866905508,2.2257122245017635,24684.479095078288,2.462775154146968
1269,23811.874586100297,24182.1620606105,0.35178,24182.1620606105,1.5550538584070628,23330.542540146467,-2.021395015387817,23774.281402212247,-0.15787578484053322
1270,15561.020572755702,17562.968490989155,0.01579,17562.968490989155,12.865145373167053,16944.45610294326,8.890390728032838,15727.363106640392,1.0689693076810336
1271,32530.92601643942,34461.81927460026,0.0718,34461.81927460026,5.935561924013677,33248.182630722265,2.2048453644399224,32768.992507442745,0.7318159061411755
1272,22039.79592043608,23410.35627919072,0.0556,23410.35627919072,6.218571005386697,22585.917325452552,2.477887758071695,22034.929776079563,-0.022078899342281577
1273,8745.688688377437,8903.799064398128,0.36151,8903.799064398128,1.8078665003341765,8590.235328015684,-1.7774856377902215,8777.523773766901,0.3640089022580062
1274,55387.34759897348,58838.760214622496,0.07338,58838.760214622496,6.231409816983158,56766.644552131984,2.4902744271943833,56058.29838052672,1.2113791518077344
1275,37779.428068928515,38365.527764209546,0.29735,38365.527764209546,1.5513725994255267,37014.414812645744,-2.024946632032132,37576.12713463073,-0.5381260243719432
1276,36375.3379179908,37421.52583827454,0.25424,37421.52583827454,2.8760912754745904,36103.65765884761,-0.7468803719588912,36580.32049310318,0.5635207446718971
1277,127810.71349725936,141811.29646255844,0.03634,141811.29646255844,10.954154454039022,136817.14962047176,7.046698885227265,130392.65923990976,2.0201324849858926
1278,23255.09315855476,23737.006671620224,0.17558,23737.006671620224,2.0722923351875977,22901.064120732102,-1.5223720473139468,22976.759449890284,-1.1968720433273572
1279,5980.99152143707,6135.450738751753,0.08749,6135.450738751753,2.5825018604535677,5919.379503976705,-1.0301304932390565,5968.4297640922305,-0.2100280078949468
1280,13275.198605879445,13473.314302769691,0.33274,13473.314302769691,1.4923746361316548,12998.826643774315,-2.0818668730329004,13255.981617117362,-0.14475857825261285
1281,28688.24252715854,29637.080150544865,0.11177,29637.080150544865,3.307409376813797,28593.355610013692,-0.33075193454259466,28686.176295166126,-0.007202365186576021
1282,24260.235635211862,24867.869642305606,0.20501,24867.869642305606,2.504650062886493,23992.101662310204,-1.1052405959012246,24270.119626342414,0.0407415297986935
1283,23405.317813317622,23932.85036339182,0.21461,23932.85036339182,2.253900392559638,23090.01081502041,-1.347159653255392,23340.212150304153,-0.2781661139265701
1284,25389.25980629257,26898.45923275475,0.04894,26898.45923275475,5.944243502869395,25951.18028823338,2.2132212054545075,25794.87768620898,1.597596318329364
1285,47106.68456820082,50628.406977735656,0.04022,50628.406977735656,7.476056618750371,48845.43407547116,3.6910886919944152,47453.931571778645,0.7371501661830537
1286,36859.80385884253,37580.28001640582,0.30422,37580.28001640582,1.9546391519672968,36256.821015252,-1.6358818562890565,36824.35065578455,-0.09618391675050297
1287,238270.32959964956,261106.63208014503,0.03511,261106.63208014503,9.584198972178303,251911.279561841,5.724988917047047,241186.0869022701,1.2237181639525474
1288,57878.82618137671,59952.72212553119,0.17675,59952.72212553119,3.5831686317470357,57841.376235983,-0.06470405131636658,57987.74849256149,0.1881902560419091
1289,84163.92547132853,87576.96033265389,0.04954,87576.96033265389,4.055222997515773,84492.77585091656,0.39072604770562513,82608.086803236,-1.8485813956272135
1290,81976.07727130204,85953.02758462017,0.01125,85953.02758462017,4.851354743599523,82926.03289528767,1.1588205432686571,77822.91895940852,-5.066305256530557
1291,102867.26567344478,109287.0579727657,0.06845,109287.0579727657,6.240850534222164,105438.31228698223,2.4993826721313894,102726.67618707634,-0.1366707722306404
1292,7915.032366732408,8077.829287179859,0.16656,8077.829287179859,2.056806755859908,7793.353602718884,-1.5373122733515432,7840.407178295297,-0.9428285947479798
1293,40338.42456318159,42270.19057676467,0.06389,42270.19057676467,4.788898015978238,40781.56770926914,1.098563344717296,39865.95534953022,-1.1712634262930788
1294,28271.13552585171,28568.171040547462,0.28481,28568.171040547462,1.0506670820637387,27562.090109441866,-2.5080188794025626,27977.671561452,-1.0380338778092635
1295,30310.214427668776,31163.996093968835,0.11854,31163.996093968835,2.8168117000211046,30066.498387073614,-0.8040723076267131,30066.70839591196,-0.8033794427218965
1296,97129.15836575326,107309.56716775832,0.03073,107309.56716775832,10.481310631426787,103530.4624746562,6.590507131543277,98745.16465233234,1.6637705028738958
1297,37056.759399907,41115.54871590675,0.03359,41115.54871590675,10.952898693051761,39667.58869507427,7.0454873481835545,38310.73400761393,3.383929485507231
1298,39013.236825116386,41297.372919657384,0.02254,41297.372919657384,5.8547720733350905,39843.00962351731,2.126900677635457,37834.51216960932,-3.02134544947118
1299,43960.72188482896,46777.41968759234,0.05121,46777.41968759234,6.407305617370729,45130.066418556875,2.6599757319532458,44047.71323932628,0.19788427206728354
1300,22060.746847722232,23258.808639906925,0.03484,23258.808639906925,5.430739949352126,22439.706716313987,1.7178016284198572,21644.902097172395,-1.884998515328018
1301,25097.633625850733,25723.69699638731,0.2193,25723.69699638731,2.4945115538371976,24817.78947473073,-1.1150220586205517,25084.51345186415,-0.05227653802815091
1302,21003.540245283493,21531.45279346948,0.20479,21531.45279346948,2.5134455526112376,20773.182897795585,-1.0967548555993467,20947.184778982115,-0.2683141301097258
1303,24610.580067689356,25699.54310088865,0.05164,25699.54310088865,4.424775971164396,24794.486203293327,0.7472645305317993,24116.394154183425,-2.0080222089309263
1304,22087.359171183703,22507.4402003054,0.18547,22507.4402003054,1.901906995154734,21714.79910468233,-1.6867569527616255,22002.931535234726,-0.3822441392591913
1305,33420.39514250577,36365.07934018876,0.0336,36365.07934018876,8.811039442013623,35084.41587628068,4.979057628371741,34576.14616332673,3.458220693958891
1306,23517.735621629505,23839.68274739527,0.2971,23839.68274739527,1.3689546091744775,23000.124268775147,-2.2009404356867823,23367.56115530272,-0.6385583575855391
1307,28323.35139148918,29584.42573334962,0.09357,29584.42573334962,4.452419222674964,28542.55551541416,0.7739342738615429,28629.36903087068,1.0804429008124172
1308,18276.98556369572,18682.794663177625,0.28905,18682.794663177625,2.2203283909572935,18024.845527277175,-1.3795493547873794,18325.14587681938,0.26350249583455554
1309,19414.826282250084,19777.122954462255,0.36328,19777.122954462255,1.8660824822491318,19080.635025697953,-1.721319839249158,19460.796769375534,0.23678031653302511
1310,41759.38199092291,43305.96501647538,0.10861,43305.96501647538,3.703558222889014,41780.865438194254,0.05144579791915849,41621.15040374235,-0.33101923589436977
1311,54702.692402716704,55187.26595327402,0.21906,55187.26595327402,0.8858312621798037,53243.74440838278,-2.6670497013077,53747.054470696086,-1.7469669042709857
1312,28317.867632168345,29192.81304420542,0.08552,29192.81304420542,3.089729154052412,28164.73419073525,-0.540766146032623,28035.543457911732,-0.996982463241336
1313,12963.745133733168,13475.971391958674,0.12551,13475.971391958674,3.951221294011975,13001.39015865777,0.290386956363764,13038.00679734842,0.5728411261496813
1314,35711.55338787708,36707.28308963861,0.1255,36707.28308963861,2.7882564808831445,35414.5682883738,-0.8316219019587678,35361.61745814072,-0.9798955703090639
1315,6312.791304809813,6539.406835620612,0.16568,6539.406835620612,3.5897833441466354,6309.109540469252,-0.058322288236500874,6389.446674891087,1.214286460299574
1316,14945.380881634448,15199.43409982064,0.3387,15199.43409982064,1.699877843182862,14664.157942669326,-1.8816712748398468,14959.230716200544,0.09266966613821204
1317,13681.21943774868,13848.60301635147,0.31944,13848.60301635147,1.223455112056393,13360.898871853473,-2.3413158991616667,13621.76038373463,-0.43460346707101527
1318,8446.345819343716,8933.47241612156,0.04482,8933.47241612156,5.767305852694693,8618.863677828123,2.0425147415739087,8538.291651192532,1.0885871099220568
1319,13244.73038910218,13731.471604874305,0.14442,13731.471604874305,3.67498017304011,13247.892459465447,0.023874176901839128,13352.679488968017,0.8150343321043252
1320,25142.70387940472,25675.473835690413,0.30558,25675.473835690413,2.118984333749818,24771.264581743933,-1.477324393758006,25205.6514177783,0.2503610537494483
1321,26750.22049480212,28401.44824009238,0.03123,28401.44824009238,6.172763120255831,27401.238760473138,2.4336930822589586,26049.364027967466,-2.6200025789351544
1322,66615.45643398042,67921.99808263424,0.28839,67921.99808263424,1.9613190670676683,65529.99941472722,-1.629437186742011,66389.7393563106,-0.3388358944797054
1323,177063.39807293983,195322.75423532864,0.0567,195322.75423532864,10.3123267491269,188444.10252996476,6.427474328904914,182735.34391237944,3.2033417980056544
1324,14837.758951433305,15185.838003248418,0.20174,15185.838003248418,2.3459004351967128,14651.040657760594,-1.258399562116319,14854.760850979605,0.11458536024173682
1325,27124.37867694025,27751.840147439623,0.14005,27751.840147439623,2.3132749987479384,26774.507817140937,-1.2898760335356751,26921.14816662004,-0.7492540667594527
1326,11490.79773172277,11844.483068825231,0.20817,11844.483068825231,3.077987667697246,11427.357711467395,-0.5520941342500141,11593.621115053784,0.894832419224878
1327,21814.344243794476,22789.913729284635,0.09004,22789.913729284635,4.4721467424705175,21987.324806387474,0.7929670525952393,21954.259153470233,0.6413894825903821
1328,76732.90269470774,80367.70242849762,0.0253,80367.70242849762,4.7369506510804404,77537.40528503264,1.048445402262077,73737.67662010078,-3.9034442454547347
1329,15779.258955375766,16080.720625356314,0.08407,16080.720625356314,1.9104932039780254,15514.408334777932,-1.6784731231475392,15590.90618936723,-1.193673077685109
1330,73064.08485664775,76184.49680448053,0.05857,76184.49680448053,4.270787698162581,73501.51897674087,0.5986992391013635,71565.47156054107,-2.0510943222610156
1331,15875.198742623252,16130.499073332878,0.32382,16130.499073332878,1.6081709265419963,15562.433742729001,-1.9701485629563087,15867.67102296616,-0.04741811286356201
1332,75840.25454627162,81691.53514447159,0.05267,81691.53514447159,7.715270252198314,78814.61678575189,3.921877975324506,76318.59707755763,0.6307237945702759
1333,12139.095668663533,12727.26290017916,0.0919,12727.26290017916,4.845231041666076,12279.048819870552,1.1529124988140627,12269.02304196061,1.0703216849380137
1334,6396.9137496668845,6588.575065720102,0.16767,6588.575065720102,2.9961528879953736,6356.546220493342,-0.6310469509713923,6444.209403435291,0.7393511249212947
1335,41646.95129036887,42688.54011091416,0.20222,42688.54011091416,2.500996563429525,41185.18429155247,-1.108765430623937,41567.65509080227,-0.19040097080271767
1336,31590.33277856452,34194.37438240466,0.05175,34194.37438240466,8.243159773255382,32990.15630458669,4.431176891469835,32421.11472214071,2.6298613230814505
1337,38482.45601403237,39910.31301724796,0.15914,39910.31301724796,3.7104102781146064,38504.797598563346,0.05805654535884219,38593.334152413896,0.2881264603826095
1338,47440.15811908763,48530.84813245562,0.10393,48530.84813245562,2.299085957154823,46821.74464077093,-1.303565381810734,46910.00739755732,-1.1175146596254848
1339,12281.071742266293,12519.797102502773,0.30748,12519.797102502773,1.9438479413395715,12078.889313612071,-1.6462930344946503,12307.098365460288,0.2119246898006688
1340,30617.681159931923,33351.06176201992,0.03949,33351.06176201992,8.927457921487058,32176.542496391416,5.091376215973886,31492.730995081387,2.8579885935144045
1341,62143.83427182663,63577.78802261524,0.17991,63577.78802261524,2.307475500330858,61338.778739149355,-1.2954712918997524,61456.502467934384,-1.1060337874965187
1342,78828.64632942584,81063.82033409888,0.14319,81063.82033409888,2.8354844447438854,78209.00811231011,-0.7860571581126186,78597.32603615074,-0.2934469942670437
1343,11986.9561697158,12650.943182815286,0.04026,12650.943182815286,5.539246191431002,12205.416842376277,1.8224866226874248,11950.540063169074,-0.3037977784446255
1344,32743.79700089614,34954.513194503634,0.05271,34954.513194503634,6.75155722944103,33723.52542384251,2.992103887400588,32877.99184781256,0.40983288197380396
1345,64368.83603193351,67063.6930856087,0.06179,67063.6930856087,4.186586584132512,64701.921214137285,0.5174634228876318,63045.36287587423,-2.0560775021668976
1346,6696.582732474027,6818.12252314052,0.36193,6818.12252314052,1.8149524245717918,6578.00974004575,-1.7706492574679267,6725.830672968535,0.4367591899174794
1347,20847.708434770815,21229.45163157266,0.36878,21229.45163157266,1.8311038740601138,20481.817264848967,-1.7550666111177837,20883.749248640048,0.17287662086218347
1348,31493.64772015873,32821.64798388104,0.13221,32821.64798388104,4.2167241963282365,31665.773002693924,0.5465396833819858,31904.47284997783,1.3044698202937521
1349,293300.0396652168,343711.8825194952,0.01125,343711.8825194952,17.187806354141742,331607.4334700105,13.060821215203088,306624.15259375743,4.542826841670133
1350,40517.96576072073,42211.921403669156,0.05587,42211.921403669156,4.180751948289063,40725.35059277325,0.5118342645265894,40136.512945032526,-0.9414411817732282
1351,152195.3790181032,178188.48926094366,0.00625,178188.48926094366,17.07877756245717,171913.2523571354,12.95563207387973,155006.96873634122,1.8473555086738758
1352,33441.68016988318,34354.93385612831,0.09818,34354.93385612831,2.7308845775864565,33145.061379763356,-0.8869733476697395,33263.126021623124,-0.5339269658492074
1353,78728.45726304126,82655.689233158,0.05984,82655.689233158,4.988325831148188,79744.81640665322,1.290967940875798,77675.77925718398,-1.3370997507802684
1354,45486.714732194145,46873.8903351285,0.15227,46873.8903351285,3.0496280311766544,45223.139673982776,-0.5794550337679505,45525.859722897745,0.08605807417412237
1355,55416.396148612104,55767.38104089258,0.07497,55767.38104089258,0.6333592883579486,53803.42967126137,-2.9106304080568246,53471.11157514764,-3.5103050877717257
1356,11734.86791999926,12126.731238246495,0.19235,12126.731238246495,3.3393074461400385,11699.665990067817,-0.2999772146685231,11813.227456216955,0.6677496223383095
1357,75643.2918604825,79477.6847926376,0.07692,79477.6847926376,5.069045566165098,76678.73126478301,1.3688449812711667,75134.78138132775,-0.6722479504099987
1358,7255.184562353301,7374.853763894612,0.24718,7374.853763894612,1.6494301490587393,7115.134661435593,-1.9303423601987668,7252.63938896173,-0.03508075321443371
1359,28875.54045446217,29973.2203860808,0.14816,29973.2203860808,3.801417789390693,28917.658046039465,0.14585905896278284,29106.11182759552,0.7985006323846022
1360,31719.67919844692,32956.75678708757,0.12833,32956.75678708757,3.9000318411203327,31796.123699743162,0.24100023464292963,32012.07006126387,0.9217964059083705
1361,38312.13801640312,39915.97529979854,0.16793,39915.97529979854,4.186238008196641,38510.260473371214,0.517127122697425,38610.3243802056,0.7783078137659993
1362,13745.486791417386,14376.77731535556,0.09043,14376.77731535556,4.592711291478957,13870.472536964206,0.9092856982326758,13676.658837914776,-0.5007312912743589
1363,46069.34729926091,47663.90760503425,0.06197,47663.90760503425,3.461217488963464,45985.33502594467,-0.18236045926700584,45282.46458616704,-1.7080396385526608
1364,11520.56387543182,11543.519221271015,0.09419,11543.519221271015,0.19925540179632772,11136.992861922072,-3.329446524121382,11121.652220198028,-3.462605299073007
1365,53458.09889607731,57789.95438537616,0.03258,57789.95438537616,8.103272616783453,55754.77435813298,4.296216119694818,53172.35437121656,-0.53452055116332
1366,112278.50305732847,117779.2212702477,0.09051,117779.2212702477,4.89917309470238,113631.40836222921,1.2049548827792522,111593.47629387637,-0.6101139085389562
1367,38313.75218951841,38747.35636485844,0.2796,38747.35636485844,1.1317194233423367,37382.79661358463,-2.4298209460896003,37934.52244377707,-0.9898005913529184
1368,18403.481274365105,18757.247313605138,0.35705,18757.247313605138,1.9222778232333981,18096.676190047197,-1.6671035210347296,18450.887938996417,0.25759617935627865
1369,91561.57454997784,98213.27027440011,0.03095,98213.27027440011,7.26472404730385,94754.50848442237,3.4871985875490896,92030.03277967784,0.5116319067277386
1370,26208.00784082692,26967.8988779369,0.15304,26967.8988779369,2.899461270483217,26018.17448800072,-0.7243333945072816,26086.6178388407,-0.4631790509354028
1371,13835.752504520811,14041.667097010224,0.35072,14041.667097010224,1.4882789528226192,13547.16384417041,-2.085818319286248,13816.796330735062,-0.13700862153724902
1372,28791.182800171315,29292.724538493658,0.1941,29292.724538493658,1.7419976865950648,28261.127117136904,-1.8410347595419263,28476.848684661727,-1.0917721501449318
1373,401108.8177367952,493306.67544958903,0.01203,493306.67544958903,22.985746918506656,475933.96934766497,18.654576589231088,440631.22596074134,9.853288303893759
1374,23530.03778313749,24131.214692795715,0.14259,24131.214692795715,2.55493389002992,23281.3893780292,-1.0567276066444808,23375.350140866893,-0.6574049888753319
1375,38349.40871833164,39082.943934039096,0.1734,39082.943934039096,1.9127679936218112,37706.56584642203,-1.676278444424395,38002.48947945969,-0.9046273475035727
1376,143637.48659709044,150775.92910170538,0.08016,150775.92910170538,4.969762889710383,145466.07615649395,1.2730587277211214,143372.62126926516,-0.18439847013491661
1377,11767.56462138272,11979.563878444793,0.25124,11979.563878444793,1.8015559198786946,11557.681400775557,-1.783573979494335,11752.329524575971,-0.1294668633394669
1378,71864.75561323855,74403.64178770727,0.09347,74403.64178770727,3.5328669148093628,71783.38006002513,-0.11323430034517745,70748.0652560788,-1.5538776241994734
1379,63432.17259762933,68364.120456955,0.04414,68364.120456955,7.775152036192434,65956.55163268803,3.9796509116464485,64216.15347484809,1.235935717024561
1380,54189.53316279552,55919.45029599477,0.15131,55919.45029599477,3.192345518095263,53950.14352655345,-0.44176360686277727,53906.26216460797,-0.5227411672592663
1381,54567.437072231776,59958.347166260726,0.03193,59958.347166260726,9.879353664517755,57846.80318050936,6.009749191512581,55038.92702273419,0.8640500192052203
1382,42598.39064965438,44187.08986998178,0.13645,44187.08986998178,3.7294817858108287,42630.95985185283,0.07645641467142195,42701.46818289378,0.24197518184936317
1383,12929.426807721908,13196.235940914252,0.17872,13196.235940914252,2.0635805218603753,12731.506108413581,-1.5307770580372582,12804.679189232249,-0.9648348712191557
1384,24391.04924317852,25280.549426552723,0.04806,25280.549426552723,3.646830337251572,24390.248165410463,-0.0032843104044832927,23827.156483170373,-2.311883980004892
1385,36328.22169957016,37413.79377076137,0.1749,37413.79377076137,2.9882334460760385,36096.19789037913,-0.6386874951101018,36359.408670240766,0.08584777677398403
1386,7147.5542813013135,7257.049486107912,0.32569,7257.049486107912,1.5319254740471022,7001.479078968438,-2.0437088909561973,7151.755192160592,0.058774102216596624
1387,5087.208991024924,5203.051261332475,0.28661,5203.051261332475,2.277128195675182,5019.816197030956,-1.3247498601466123,5124.574202994345,0.7344933545160526
1388,42813.51463323685,44263.78601343131,0.08928,44263.78601343131,3.387414914702158,42704.9549988926,-0.25356393950421996,42504.22354973089,-0.7224146070592852
1389,38231.7577677212,39166.07307803455,0.23947,39166.07307803455,2.443819915343215,37786.767444006684,-1.1639284973975816,38133.966639403,-0.2557850698687192
1390,40907.528543619315,42969.352705932375,0.1527,42969.352705932375,5.040207110323358,41456.10755215508,1.3410221249392285,41648.20753062468,1.810617784488211
1391,42110.784246142925,43216.96171020981,0.05893,43216.96171020981,2.6268270322422405,41694.99654781804,-0.9873663142784372,41044.845904362744,-2.5312716465920815
1392,108833.12588140657,113910.02256300686,0.0427,113910.02256300686,4.664845046472799,109898.47063692131,0.978879129756538,105569.01329487839,-2.99919032931667
1393,17793.678149575037,18201.63757223948,0.1371,18201.63757223948,2.292721152058075,17560.633272372535,-1.3097060385351855,17612.92396740176,-1.0158337171991327
1394,75930.75623035277,80048.94270867654,0.05009,80048.94270867654,5.423607880093195,77229.87127774532,1.710920728158416,75487.27698405102,-0.5840574601369108
1395,44409.21188233709,46193.96426347169,0.13231,46193.96426347169,4.018878753947108,44567.15845529834,0.3556617338306589,44700.518631848354,0.6559601874563503
1396,28998.393760851613,29731.48958341134,0.24527,29731.48958341134,2.5280566523978365,28684.440240253192,-1.0826583126899436,29044.945274354995,0.1605313517958562
1397,7759.928041379234,7942.809720353426,0.26409,7942.809720353426,2.3567445213279026,7663.088999425727,-1.247937370515817,7802.9428220638465,0.5543193242932176
1398,41892.25920744861,42630.95398186685,0.14615,42630.95398186685,1.7633204520201673,41129.6261644465,-1.8204629147012263,41258.674061913545,-1.5124157959530815
1399,16167.65272351662,16469.83040001247,0.27852,16469.83040001247,1.8690262690781223,15889.814889727348,-1.7184797233128601,16140.067935021196,-0.1706171512163901
1400,267463.42753210926,283010.1319595726,0.02269,283010.1319595726,5.812646824619394,273043.40721999865,2.0862589473917836,256896.9260588579,-3.9506341374402787
1401,19325.02446521139,21114.138662477973,0.01744,21114.138662477973,9.25801776079156,20370.565255034828,5.410294779732894,18898.43257486752,-2.2074584749520842
1402,72235.59647818167,75039.83245057623,0.10047,75039.83245057623,3.8820693800757367,72397.16609315593,0.22367035485484354,72067.13871990249,-0.2332060182130058
1403,44458.25403588173,45609.34949616987,0.17599,45609.34949616987,2.589160292617665,44003.13197727098,-1.023706550066994,44271.5062442125,-0.42005201445497464
1404,58267.266886200545,59515.59031571345,0.27916,59515.59031571345,2.142409445685778,57419.63883057474,-1.4547242404234884,58137.92603663252,-0.2219785764460802
1405,27908.52956324225,28310.68482516599,0.34842,28310.68482516599,1.4409761754464068,27313.671746914893,-2.131455241951663,27799.9962665899,-0.38888934082466076
1406,54459.58885045012,56925.060240926265,0.09041,56925.060240926265,4.52715755391857,54920.33905912058,0.8460405566698581,54366.19013143975,-0.17150096242344315
1407,67703.06097870339,71388.31147358354,0.06075,71388.31147358354,5.443255358925914,68874.24017460328,1.729876284719678,68263.33815644015,0.8275507335081977
1408,33781.84514347203,35268.1343583381,0.0518,35268.1343583381,4.3996685454976925,34026.10183888725,0.723041309253114,33612.30165145378,-0.5018775359906802
1409,8304.41421479561,9627.41398058135,0.01409,9627.41398058135,15.931283430306365,9288.366807838831,11.848549067918078,8544.809588210037,2.8947902548758453
1410,43184.04118764001,44676.39732605672,0.23739,44676.39732605672,3.4558047310399687,43103.035441725835,-0.18758259691860069,43544.78065223163,0.8353536507252013
1411,107941.32350407132,114334.42851497568,0.03619,114334.42851497568,5.922759517269793,110307.93034907948,2.192493818105623,105655.36855729051,-2.117775540054956
1412,10365.265906100254,10514.059847937502,0.35957,10514.059847937502,1.4355053038212828,10143.78780264278,-2.1367334467235155,10359.867967134818,-0.05207718754478563
1413,38482.15061986641,40280.76939315768,0.10421,40280.76939315768,4.673903990081918,38862.2076686707,0.987619045927457,38496.07332290028,0.036179638636646416
1414,36131.51052852059,36558.897221940155,0.33736,36558.897221940155,1.182864173592213,35271.40810319192,-2.3804773527244083,35849.93009194636,-0.7793209651502431
1415,15199.453234723982,15424.946483810954,0.33868,15424.946483810954,1.4835615834642102,14881.72849135843,-2.090369557766014,15172.570429335232,-0.1768669239189169
1416,6856.621020785157,7006.119502356898,0.36693,7006.119502356898,2.180352116859763,6759.386058260533,-1.4181177905248976,6914.089511166251,0.8381459352483356
1417,22623.444611664443,23145.33437063357,0.28877,23145.33437063357,2.3068536552565577,22330.228653109443,-1.296071237550711,22703.230156026482,0.35266753463751854
1418,45253.22560335516,46838.94221864303,0.08597,46838.94221864303,3.5040963249486135,45189.42231999605,-0.14099168072205792,44228.04413712314,-2.265432911275189
1419,65700.16117016361,71625.76346787614,0.02148,71625.76346787614,9.019159454366022,69103.32985815601,5.179848309927548,66782.4463853197,1.6473098328525504
1420,9344.97799035048,9540.220003279252,0.2708,9540.220003279252,2.089272046765389,9204.243527563378,-1.5059903076542702,9384.81959731112,0.42634243763632895
1421,26356.336789866626,26860.978776650252,0.28863,26860.978776650252,1.9146894001508263,25915.019775646524,-1.6744247037766558,26347.73530476338,-0.03263535889612701
1422,78637.36378531827,83200.2401621891,0.0435,83200.2401621891,5.802427951841804,80270.18996850403,2.0763999511013598,77802.30875659324,-1.0619061836873778
1423,31208.490537800622,32756.41863414093,0.08519,32756.41863414093,4.959958234652251,31602.840825034895,1.2635993617077457,31649.504809340764,1.4131227237855981
1424,34519.87731647419,34878.412762640444,0.14061,34878.412762640444,1.0386347636153204,33650.105009304825,-2.5196274575236544,33722.18301756059,-2.310825996281596
1425,15837.854088665852,16007.881251286297,0.36752,16007.881251286297,1.0735492426472204,15444.134133857484,-2.48594255638539,15761.088255642399,-0.48469844837369935
1426,12421.839543241573,12822.906015610586,0.19102,12822.906015610586,3.228720440099586,12371.323686263897,-0.4066696949499793,12496.97317838157,0.604851116281524
1427,42031.15832045704,43196.93915385352,0.11174,43196.93915385352,2.7736110066447495,41675.679122781265,-0.8457516087601147,41406.26169521282,-1.4867461431346651
1428,6783.630129763245,6907.008412698467,0.12138,6907.008412698467,1.8187648880486185,6663.765348760668,-1.76697105693705,6680.060668695432,-1.5267557205603244
1429,43515.40000254299,45257.69831728272,0.21195,45257.69831728272,4.003866021311775,43663.864844425036,0.34117770231543165,43952.838018655544,1.0052487535148202
1430,25952.067027958154,26933.863641385193,0.05912,26933.863641385193,3.7831152808342816,25985.337865194073,0.12820110706432963,25574.429106433396,-1.455136198276341
1431,20786.30588964412,22195.37902490864,0.04775,22195.37902490864,6.778853071562518,21413.727740199945,3.0184384560048683,21084.984048151764,1.4368986971198483
1432,10683.905990900146,10941.22661080353,0.24076,10941.22661080353,2.408488245053375,10555.911098641025,-1.1980158976327426,10742.94384376787,0.5525867872480994
1433,22786.84441918701,24245.297419645973,0.02395,24245.297419645973,6.400416721285529,23391.454470852772,2.6533294410728825,22774.047357650757,-0.056159867074345726
1434,33173.855140412365,35633.96256923048,0.05073,35633.96256923048,7.4158020477433695,34379.046733360214,3.632956097043083,33499.520355482266,0.9816924011137207
1435,111443.3671376223,128219.0789871934,0.02269,128219.0789871934,15.053127234440634,123703.60719903283,11.001318765135881,114473.29137593559,2.7188017700251255
1436,17623.980512185623,18369.44711130065,0.10009,18369.44711130065,4.229842393434313,17722.53308843928,0.5591958989373369,17568.352380646455,-0.3156388620647044
1437,19990.299208225075,20598.928114137485,0.20568,20598.928114137485,3.0446212914211346,19873.49879815382,-0.5842854519315765,20064.89306875574,0.3731502953191024
1438,94320.18496266213,99447.16493958762,0.06787,99447.16493958762,5.435718747747442,95944.94926900002,1.7226050892299227,94407.8270921235,0.09291980236898478
1439,39823.52903091508,42978.462539724234,0.03989,42978.462539724234,7.922285105270244,41464.89656631692,4.12160241782602,39989.15569915635,0.41590153427308874
1440,42163.45878391022,44062.10071111693,0.17157,44062.10071111693,4.503050703068134,42510.37241717083,0.8227826731164622,42723.37584292098,1.3279675699291227
1441,11671.314577431258,11878.136149124564,0.30001,11878.136149124564,1.772050357491306,11459.825636360241,-1.812040448982255,11681.397725919318,0.08639256890186076
1442,109576.33022167724,120531.73814089313,0.02889,120531.73814089313,9.997969358028925,116286.99026520827,6.1241876142001495,111313.97505844438,1.585784843544058
1443,25482.199723035028,26409.595105279488,0.06102,26409.595105279488,3.6393851093087903,25479.53241432424,-0.010467340888065113,24872.15959478914,-2.3939853500733355
1444,19295.27096778047,19745.13658025103,0.21261,19745.13658025103,2.3314811863577978,19049.7751107586,-1.272311010463667,19255.407240325923,-0.20659843295858238
1445,39537.69457284858,40683.92717211934,0.0785,40683.92717211934,2.8990881022635806,39251.16750149628,-0.7246934209185318,39113.93131322029,-1.0717955718118732
1446,61625.410938249406,64390.52415731215,0.03159,64390.52415731215,4.486969217671377,62122.89286909915,0.807267526943134,60091.89461661905,-2.488448025388401
1447,54904.434352501725,57742.843224419565,0.03755,57742.843224419565,5.169726098432181,55709.32230376089,1.4659798625582088,53945.03412327279,-1.747400261096077
1448,33923.93661646192,35407.420973792505,0.11601,35407.420973792505,4.372972317754864,34160.483218806345,0.6972852384992345,33906.41641231484,-0.05164555147347816
1449,8600.242776648098,8762.862565702528,0.32176,8762.862565702528,1.8908744006155942,8454.262168542366,-1.6974010140981988,8629.572447728175,0.34103305966797226
1450,8925.616465211191,9662.896327023029,0.03218,9662.896327023029,8.260268236770951,9322.599577886725,4.447682848829881,8823.031924610108,-1.1493272313561786
1451,117871.59378394992,123158.9803212374,0.06517,123158.9803212374,4.485717353562602,118821.70925758613,0.8060597495421096,115657.64760426193,-1.8782694868332728
1452,134113.35711453078,141642.22007238542,0.07293,141642.22007238542,5.613805455205401,136654.02756779594,1.894420144218345,132690.94392017252,-1.0606051663769378
1453,44374.205802232646,46147.849350606695,0.00989,46147.849350606695,3.9970147438330272,44522.66756430046,0.3345677052328133,42110.032933747425,-5.102452714480588
1454,96657.861083079,104600.02648527289,0.06705,104600.02648527289,8.216781659763273,100916.34327396021,4.405727731985487,98730.14251705862,2.1439347102854445
1455,49744.183847960376,50716.27937391762,0.26476,50716.27937391762,1.954189315736654,48930.211882852054,-1.6363158507056275,49525.746934134884,-0.4391205100341522
1456,27662.89358506315,28306.054360949147,0.34829,28306.054360949147,2.3249945776940617,27309.20435305156,-1.278569181217426,27796.984175047844,0.48473088895188976
1457,8969.012280586021,9143.363716061078,0.2326,9143.363716061078,1.943931282739464,8821.363267805726,-1.6462126281161504,8965.986865053494,-0.03373186966280084
1458,27366.91518936442,28082.59917053318,0.06593,28082.59917053318,2.6151430521730745,27093.618550063824,-0.9986388213999553,26601.765358867833,-2.795893600729782
1459,6273.224700223203,6403.575707480021,0.31066,6403.575707480021,2.077894758849941,6178.061956493209,-1.5169669233529581,6305.93626519446,0.5214473661383945
1460,19312.143597381397,20398.06094969769,0.04458,20398.06094969769,5.622976790953116,19679.70554206963,1.9032684944310096,19327.63962687015,0.08023982118097184
1461,75326.29626718357,81651.46266196502,0.03992,81651.46266196502,8.397022963064572,78775.95552976223,4.579621504743403,75539.56850855862,0.2831311931474234
1462,53200.77901237539,55803.16665275954,0.08317,55803.16665275954,4.891634462305139,53837.955026682226,1.1976817372516768,53033.72804632144,-0.31400097734487487
1463,31465.609372181138,32306.45891021411,0.13813,32306.45891021411,2.6722811183703676,31168.727264216166,-0.9435129777828011,31180.942440320785,-0.9046922578020311
1464,37031.64972432743,38316.630449046075,0.15254,38316.630449046075,3.4699526871861064,36967.23950678761,-0.17393288719055322,37153.56550376714,0.32922049205823534
1465,61980.27462540639,64792.08641515218,0.02891,64792.08641515218,4.536623638310244,62510.31337002758,0.8551732754083607,59103.67776980622,-4.641148934859707
1466,35886.67628502998,36638.638478396446,0.33387,36638.638478396446,2.095379876904757,35348.341123957194,-1.5000975760392388,35954.164947631325,0.18806049929316337
1467,54409.66489320565,58873.93097518248,0.05702,58873.93097518248,8.204913760706333,56800.57670937075,4.394277782923206,55968.30426553522,2.8646369636512903
1468,140979.69119741756,159479.1831760464,0.01097,159479.1831760464,13.122097105975028,153862.82905684193,9.138293430777743,145558.47397831766,3.247831472753271
1469,135527.30066290192,160065.23191119955,0.00935,160065.23191119955,18.105526435098863,154428.23900289307,13.946222087757508,143893.81087140506,6.17330247675576
1470,34319.20985949525,36946.70565526887,0.04446,36946.70565526887,7.6560497940679095,35645.55914595334,3.864743075054,35332.84588295823,2.95355291573689
1471,56011.65210393145,59411.40081682475,0.04299,59411.40081682475,6.069716898521338,57319.11855740947,2.334275823630372,56170.901487081595,0.2843147401805801
1472,19681.809348433027,20090.99067010164,0.32994,20090.99067010164,2.078982244085137,19383.449309770218,-1.5159177359197584,19748.97643230811,0.3412647825512538
1473,19916.615171046695,20488.127619526556,0.14748,20488.127619526556,2.869525989088162,19766.600347696396,-0.7532144496539717,19872.184861868303,-0.2230816270576974
1474,95404.1821836327,100863.1421805306,0.0206,100863.1421805306,5.7219294500010065,97311.06025497799,1.9987363527470547,94273.5903503242,-1.1850547926005484
1475,136975.08018963772,144995.96784789604,0.10281,144995.96784789604,5.855727660209187,139889.66691837832,2.1278226117520394,138789.71736538294,1.3247936582573283
1476,39476.686106118934,40924.693153433465,0.06108,40924.693153433465,3.668005575295963,39483.45446389403,0.017145202504842416,39332.0977918049,-0.36626254272041914
1477,35887.47093329642,36694.917545905,0.34282,36694.917545905,2.249940136794182,35402.63822011167,-1.3509804412963455,36004.83383908125,0.32703030537586386
1478,44801.5800369515,46285.73104890294,0.10991,46285.73104890294,3.312720244972045,44655.6935038151,-0.3256280984199056,44873.45517398454,0.16042991558280484
1479,31229.70690022164,32132.164712790727,0.12659,32132.164712790727,2.8897415382489022,31000.571159013707,-0.7337108284109717,31071.815567680176,-0.5055805776401412
1480,53043.006824025186,55440.682799239774,0.05286,55440.682799239774,4.520248980547215,53488.23671185734,0.8393752814753519,52737.682708208486,-0.5756161539439919
1481,24615.6093457714,25211.296531311833,0.16037,25211.296531311833,2.419957097843528,24323.434138840123,-1.1869509416855828,24521.180448008286,-0.38361389489363074
1482,20190.403720371145,21276.61479750852,0.0529,21276.61479750852,5.379838324091746,20527.31949274888,1.668692597948418,20023.19410084032,-0.8281638239958533
1483,6186.380298392937,6527.494351707548,0.0835,6527.494351707548,5.513952212139683,6297.616576688927,1.7980834176147598,6293.505298649274,1.7316264938346038
1484,27174.722511896252,28139.91774026432,0.12526,28139.91774026432,3.551812637444729,27148.91854044934,-0.09495578634010071,27284.72462679877,0.40479572460900837
1485,9509.71686569059,9602.09338240786,0.3269,9602.09338240786,0.9713908207987565,9263.937921317109,-2.5845032806414037,9449.166519410575,-0.6367208102532551
1486,14934.19685166999,15375.158963639578,0.21014,15375.158963639578,2.9527005459304423,14833.694330706652,-0.6729690385198106,15016.958360933868,0.5541744901710111
1487,26133.4327698594,26724.536066074124,0.20383,26724.536066074124,2.2618662516332932,25783.382147240485,-1.3394743266282205,25963.0272315526,-0.6520595277606733
1488,14629.266120626946,14957.012215637327,0.28434,14957.012215637327,2.240345430234991,14430.273393081685,-1.3602372525350792,14696.347528255832,0.4585425343674787
1489,17049.034403729474,17832.747772011375,0.13924,17832.747772011375,4.5968196774268,17204.734608089468,0.9132493997779267,17265.82626635623,1.2715785392475532
1490,76679.98486983593,84741.66884223178,0.0196,84741.66884223178,10.513413619056578,81757.33438934617,6.621479553144183,75781.36721253354,-1.1719064092511
1491,41918.57988680632,43130.105599905575,0.12342,43130.105599905575,2.8901878746149468,41611.19923592981,-0.733280210604792,41686.52557971622,-0.5535834174648202
1492,81525.1792569294,90483.8833128713,0.02692,90483.8833128713,10.988879923475213,87297.32616700932,7.080201433091982,83063.4553649339,1.8868724019073468
1493,21732.938841596584,22501.635499097814,0.24701,22501.635499097814,3.5370120125215454,21709.198826753625,-0.10923517990820697,22004.123444746125,1.2478045658072645
1494,160565.46857196328,189510.11315411548,0.00272,189510.11315411548,18.026693310572938,182836.16434495273,13.870165217378627,166871.312410238,3.927272715832131
1495,29365.14946649502,29812.766983266753,0.11186,29812.766983266753,1.5243154722657026,28762.855306289322,-2.051050892463191,28761.805560009096,-2.0546256955862763
1496,42904.18822615459,44020.51383682583,0.123,44020.51383682583,2.6019035829017767,42470.2501015016,-1.0114120382971326,42691.85879285507,-0.4948920888103059
1497,13410.456169396644,13905.494349882283,0.18627,13905.494349882283,3.6914343123938043,13415.786671950897,0.03974885333444256,13569.307554414949,1.1845337922270716
1498,40684.198972384016,41828.98920138127,0.20566,41828.98920138127,2.8138448289821927,40355.90405556631,-0.8069346948198497,40736.308374115586,0.12808265382573403
1499,36283.210441318806,37253.30713234556,0.27224,37253.30713234556,2.6736793112497548,35941.36308548036,-0.9421640248492236,36410.65283211203,0.35124342428114463
1500,51006.31410537907,54727.71071145599,0.04739,54727.71071145599,7.295952807702433,52800.37325356586,3.517327569446138,51281.63868101524,0.5397852804406744
1501,13797.486156031391,14021.986206852132,0.28673,14021.986206852132,1.6271083607690695,13528.176052925342,-1.951878045467892,13762.613030139504,-0.252749852382661
1502,19339.911397903084,19635.835728830305,0.08824,19635.835728830305,1.5301224749111553,18944.323490785417,-2.045448394145999,18751.660991504323,-3.041639614039504
1503,13680.689580965432,13886.669065338388,0.30552,13886.669065338388,1.505622089836356,13397.624354587342,-2.069085952888894,13642.58018682958,-0.2785634006993054
1504,67423.77197107679,70403.08795960121,0.16454,70403.08795960121,4.418791624121066,67923.71312714965,0.7414909333273823,68458.94562349102,1.535324444408559
1505,21855.8908574071,22127.710216840325,0.37053,22127.710216840325,1.2436892241393327,21348.44201424534,-2.321794368724084,21761.221741179972,-0.43315148691385197
1506,75726.69748743648,80815.1726520418,0.05865,80815.1726520418,6.71952605017474,77969.11701782477,2.9612007452989975,76256.64175093791,0.6998116662744414
1507,15291.490560297763,15993.0565041544,0.12212,15993.0565041544,4.5879500176271515,15429.83146758882,0.9046921014373766,15344.225140685034,0.3448622629646625
1508,133036.577456075,139917.62762602294,0.07409,139917.62762602294,5.172299454426255,134990.16983111267,1.4684625930659445,131951.4629205067,-0.8156512714907915
1509,42923.301199428686,44405.71051515174,0.03295,44405.71051515174,3.4536237295345495,42841.881367038615,-0.18968679042598025,41690.650766603234,-2.8717512362303133
1510,214048.36570962128,251089.61173533095,0.01818,251089.61173533095,17.305082383090898,242247.0270977957,13.173967152091603,229649.86609151663,7.288773418181749
1511,116411.43307022072,127588.05344762634,0.01715,127588.05344762634,9.600964512363452,123094.80438984281,5.741164027755419,116668.13585346678,0.22051337783224323
1512,32760.777226088725,33532.68177900973,0.13989,33532.68177900973,2.356185103893993,32351.76642888771,-1.2484770870310857,32410.30501684691,-1.0697921078707484
1513,65839.84108305875,69505.33447600911,0.05684,69505.33447600911,5.567287728301529,67057.57569134003,1.8495406250222723,65373.72941988167,-0.7079477342435747
1514,113886.03130556014,124524.46267386847,0.0154,124524.46267386847,9.341296071477867,120139.10362604793,5.490640290827753,113044.64134503723,-0.7387999659637212
1515,30297.76788859104,31230.77134633613,0.05693,31230.77134633613,3.0794461861872735,30130.922025542306,-0.5506869801836456,29855.008325629307,-1.4613603371371076
1516,18909.92741857776,19173.592138913104,0.258,19173.592138913104,1.3943190499838165,18498.358663015133,-2.1764692505286343,18783.118323986328,-0.6705953533531428
1517,35111.434020416484,35970.89239450951,0.36716,35970.89239450951,2.4478019712703025,34704.11095226728,-1.1600866769279738,35326.51246606394,0.6125595597217481
1518,42064.88890032108,43516.75932517674,0.14124,43516.75932517674,3.4515018648832774,41984.236235811586,-0.19173392969279446,41928.96617834671,-0.3231263068267154
1519,18459.246941700967,18904.771892867728,0.18935,18904.771892867728,2.413559732820314,18239.005418656965,-1.193123011678543,18433.863421572216,-0.13751113579507646
1520,318957.81372267014,361109.55913055746,0.02793,361109.55913055746,13.215460977713423,348392.41875200276,9.228369321256281,328870.6928643275,3.107896629325557
1521,209778.31324756812,223748.66451976655,0.03294,223748.66451976655,6.659578416817302,215868.94185869113,2.903364278620746,204021.52029637786,-2.744226923207471
1522,23221.65496258319,24089.565746530658,0.13199,24089.565746530658,3.737506156843362,23241.20717636527,0.08419819265070849,23283.59996705939,0.2667553392555755
1523,210257.0022952009,233080.7583761141,0.04162,233080.7583761141,10.855170496946709,224872.38878615992,6.951200831085291,213334.31597186663,1.4635962860086726
1524,7781.592111679965,8053.997646795102,0.10862,8053.997646795102,3.5006401158737654,7770.361237586085,-0.14432617300799144,7818.892366986443,0.479339636043008
1525,26722.7571978206,27102.32486664536,0.18603,27102.32486664536,1.4203911146403403,26147.866417126133,-2.151315361804629,26418.372177730973,-1.1390479576503076
1526,27841.32426995614,28772.441142794316,0.08926,28772.441142794316,3.3443699150580652,27759.166462590332,-0.2950930299478127,27762.633485007995,-0.2826402371709835
1527,7072.160405220328,7322.795116587465,0.11969,7322.795116587465,3.5439624811412607,7064.909355586691,-0.10252948488392866,7112.54129831073,0.5709838405332901
1528,10758.135944464704,10935.94471222675,0.33293,10935.94471222675,1.6527841689296885,10550.815211882455,-1.9271064583351039,10761.51900352007,0.03144651706235013
1529,108161.29913224,118216.80235711783,0.04088,118216.80235711783,9.296766316188364,114053.5792225683,5.447678733152306,110776.26446771601,2.4176534088028223
1530,6090.170472202623,6246.13928852014,0.17646,6246.13928852014,2.5609926196549893,6026.169951936066,-1.050882246378404,6083.192840358427,-0.11457202841931302
1531,13776.989377560443,14392.576239917727,0.1443,14392.576239917727,4.468224845697666,13885.715073204858,0.7891832726640846,13934.310436215615,1.1419117366194165
1532,12398.457946472625,12658.887453817117,0.37373,12658.887453817117,2.1004991787594296,12213.081341195451,-1.4951585598587558,12471.571296097352,0.5896971215321845
1533,18982.148768259853,20239.815905490537,0.00945,20239.815905490537,6.625525658789666,19527.03338949747,2.8705107513893324,18133.95912312163,-4.468354217919135
1534,12402.689073962683,13015.882503742234,0.068,13015.882503742234,4.944036137024876,12557.504150786423,1.2482379901689766,12401.20709638656,-0.01194884083027814
1535,31892.6539408992,34196.28279386235,0.04617,34196.28279386235,7.223070420015976,32991.99750780856,3.4470118697132346,32254.09710411725,1.1333116519178565
1536,19773.6334724308,20665.735915476867,0.07821,20665.735915476867,4.511575701501047,19937.953839322407,0.8310074479771723,19877.564609218283,0.5256046488997024
1537,47110.0595777045,49271.91846302201,0.1282,49271.91846302201,4.588953834269072,47536.71681030584,0.905660566821398,47510.65759575905,0.8503449616610759
1538,25136.22192201382,25588.153738692406,0.26252,25588.153738692406,1.7979305644289845,24687.01962331071,-1.7870716613530124,25075.35995125502,-0.2421285543532603
1539,84718.41777833262,92999.6467904051,0.02052,92999.6467904051,9.775004337003178,89724.49238508516,5.909074718381824,84914.19106101748,0.2310870384726771
1540,46439.24078946656,48204.62016988189,0.07474,48204.62016988189,3.8014820018671847,46507.00539869922,0.14592101007824265,46391.87705294475,-0.10199076409653784
1541,189336.80837243868,200303.4428189952,0.09824,200303.4428189952,5.79213019424325,193249.38696190278,2.0664648480647196,190920.88422815912,0.8366444271123763
1542,31312.778335137515,33354.84014550146,0.0598,33354.84014550146,6.521496714561592,32180.187817117006,2.7701453786556307,31659.3082036437,1.10667237763864
1543,83819.39086433395,99058.41279068892,0.00726,99058.41279068892,18.180783431151525,95569.8877453562,14.018828769635228,88720.43816717075,5.847152135440115
1544,10050.444103179634,10258.333536736733,0.15929,10258.333536736733,2.068460173728326,9897.067366018859,-1.5260692521264052,9996.918008329456,-0.5325744245793462
1545,54611.39583916139,55752.319952709506,0.22542,55752.319952709506,2.089168562745214,53788.898987128356,-1.5060901472934485,54330.542504029945,-0.5142760605471475
1546,55752.62175603741,60606.19856402937,0.04615,60606.19856402937,8.70555797219772,58471.839294213794,4.877290883422747,56672.755643531724,1.6503867594256594
1547,17210.021924878925,17564.408182342188,0.19401,17564.408182342188,2.0591853921519965,16945.845092905052,-1.5350174051317,17162.268888059934,-0.27747226021809235
1548,41511.7227895521,43960.1087922584,0.06189,43960.1087922584,5.898059242490716,42411.97233219431,2.1686634091437673,41723.32399115805,0.5097384242005232
1549,39922.55851347054,40538.091980435,0.12647,40538.091980435,1.5418186856856142,39110.46816555956,-2.0341640870460864,39340.65166378374,-1.457589070826848
1550,20464.35557034379,20688.070974443344,0.2566,20688.070974443344,1.0931954506486097,19959.502327916936,-2.466988225900779,20272.218770930212,-0.9388851691573108
1551,55292.91796274716,57962.28707065365,0.02812,57962.28707065365,4.827687172713402,55921.038029464224,1.1359864696239175,54054.298957818886,-2.2401042494497703
1552,13337.411349826543,13596.837026065054,0.34895,13596.837026065054,1.945097661263051,13117.999286125072,-1.6450873257674914,13385.336469625232,0.35932849742474904
1553,30159.696110223,35055.797076980554,0.01314,35055.797076980554,16.233920092775598,33821.24240724691,12.140527821110169,31154.794846817,3.2994322388304687
1554,33089.8582056346,33990.60500256208,0.10496,33990.60500256208,2.722123471578075,32793.5630399778,-0.8954259151414012,32865.203176993695,-0.6789241200273577
1555,29784.114949054037,31041.10657610919,0.09809,31041.10657610919,4.220342384540365,29947.936650659125,0.5500304504105769,29892.69905002714,0.364570514043594
1556,46378.98769130199,48058.56089016325,0.091,48058.56089016325,3.621409785915297,46366.0898664024,-0.02780963005367676,45860.1503327963,-1.118690562974478
1557,46027.92644769115,49614.08122957519,0.035,49614.08122957519,7.791258608965501,47866.829682790725,3.9951902616977897,47154.59817171019,2.447800305102721
1558,73540.2468892258,79290.23493239068,0.02296,79290.23493239068,7.818831573717899,76497.8827977322,4.021792193547458,72112.37692847016,-1.9416170344198846
1559,90087.39848079976,93340.68453765236,0.07467,93340.68453765236,3.6112554160901533,90053.51985789779,-0.03760639498230356,88565.5489593617,-1.6893034398839046
1560,7643.656320867119,7746.813194585131,0.35809,7746.813194585131,1.3495749859448125,7473.994853472315,-2.2196375696749815,7639.357088210417,-0.056245760879714
1561,57489.421869922495,59619.44706727258,0.12287,59619.44706727258,3.7050732605548697,57519.838074722495,0.05290748073414342,57308.76946544429,-0.31423590393195866
1562,9937.492566096136,10176.457790347597,0.22787,10176.457790347597,2.404683300762822,9818.075025327806,-1.2016868437793704,9984.903820992386,0.4770947457913399
1563,229699.8999144481,252203.3063923361,0.01156,252203.3063923361,9.79687256558206,243321.5009395832,5.930172816883461,226915.53786269942,-1.2121738201826382
1564,17909.661433427937,18381.89079421299,0.2265,18381.89079421299,2.6367296921853134,17734.538544064577,-0.977812394803268,17972.82080677968,0.3526553172795266
1565,38967.10359924118,40212.79481700258,0.24085,40212.79481700258,3.196776518400668,38796.626942817486,-0.43748865242068113,39264.30801867628,0.762705954467946
1566,121599.8810073329,129413.54907090748,0.0655,129413.54907090748,6.425720156011816,124856.0118116219,2.677741768589925,121844.03265705712,0.20078280315873887
1567,55164.51137002663,57742.559597641455,0.13237,57742.559597641455,4.673381787653419,55709.048665423856,0.9871152338223999,55729.79341151821,1.0247204723700776
1568,72932.23683375047,77870.04925741283,0.02129,77870.04925741283,6.770411327048875,75127.7115855002,3.0102940031228265,72097.62246416637,-1.1443696310680984
1569,25402.471312004283,26773.56030357735,0.05141,26773.56030357735,5.397463005597958,25830.679905633653,1.6856965937287027,25586.925796163952,0.7261281073566384
1570,21477.332725098226,21929.969148953947,0.11588,21929.969148953947,2.107507620472693,21157.664763448076,-1.4883969333705394,21236.256212995962,-1.1224695132675544
1571,24249.03295610524,26036.65125466104,0.04745,26036.65125466104,7.371915827702025,25119.722470526347,3.590615411332898,24512.875366284035,1.0880533283797122
1572,15526.387514566262,15806.401936213162,0.23857,15806.401936213162,1.8034743843936774,15249.750285155633,-1.7817230772521842,15487.623163872098,-0.24966754602637753
1573,7190.133198092369,7338.788992643635,0.15288,7338.788992643635,2.067497088798098,7080.339977744257,-1.5269984202412434,7151.439127856422,-0.5381551241110949
1574,19459.25646121484,20004.538692198978,0.21237,20004.538692198978,2.8021740299839504,19300.041898014293,-0.8181944850662037,19499.964422967314,0.20919587463996692
1575,20613.26516369501,21415.571302078693,0.13608,21415.571302078693,3.8921836594657533,20661.382387248508,0.23342844120708417,20637.708388581348,0.11858007303660045
1576,28732.306117735847,29733.821314833334,0.13846,29733.821314833334,3.4856763428372073,28686.689855444616,-0.1587629691271908,28920.54790351924,0.6551572470794298
1577,108442.7212384828,117179.84401053822,0.04587,117179.84401053822,8.056901073923717,113053.13928024228,4.251477636401657,109895.01802574516,1.339229383656404
1578,11814.236576980513,12045.162329174427,0.24757,12045.162329174427,1.9546396475914607,11620.969680850741,-1.6358813781191972,11829.558867419073,0.12969344518134474
1579,22437.24577400541,22959.64942969565,0.33665,22959.64942969565,2.328287798565154,22151.082950472988,-1.2753919372044953,22558.072590694384,0.5385100199283732
1580,31994.598990901588,32969.623678284,0.17992,32969.623678284,3.0474665041424043,31808.537459590825,-0.5815404386336431,32093.281466698314,0.30843479496269754
1581,10388.40995681493,10615.482236393198,0.17967,10615.482236393198,2.1858232445794545,10241.638414281975,-1.4128393386773408,10336.14041881252,-0.503152438339427
1582,19458.56059042232,19763.643084734347,0.34101,19763.643084734347,1.567857462500033,19067.62987449045,-2.009042313871301,19426.035412310437,-0.1671509974272789
1583,24710.93497666533,25812.192176634984,0.07373,25812.192176634984,4.456558203927052,24903.168133685685,0.777927493240882,24577.73879935396,-0.5390171494407126
1584,27376.80930880235,27848.571962320948,0.30626,27848.571962320948,1.7232200005386167,26867.833042421364,-1.8591511546867334,27299.3481928457,-0.2829442798936488
1585,88102.71960897127,96592.58535028614,0.03218,96592.58535028614,9.636326527711848,93190.89897459262,5.775280704391839,90033.75175247472,2.191796294227921
1586,98198.53506719536,106814.07937103922,0.04587,106814.07937103922,8.77359758773224,103052.42419625478,4.942934358173456,101093.18631277373,2.947754000197267
1587,18636.583053554295,18958.736227079393,0.30237,18958.736227079393,1.728606432838875,18291.069299124738,-1.8539544155529275,18632.351651123856,-0.022704818894536682
1588,11959.846282025092,12184.451737171656,0.30067,12184.451737171656,1.8779961702696246,11755.353754968104,-1.7098257137662998,11983.53023331245,0.19802889375721833
1589,20169.036384878516,20816.764790331472,0.24106,20816.764790331472,3.2114990180620806,20083.663953279724,-0.4232846327889006,20396.0698134078,1.1256533242188116
1590,102099.88449851346,107139.49061883528,0.08212,107139.49061883528,4.9359567300932605,103366.37548566883,1.2404431144815042,101547.89605718988,-0.5406357157354269
1591,10840.776103315531,11353.84345551254,0.05858,11353.84345551254,4.732754807472617,10953.996878735312,1.0443973230399362,10902.702857672986,0.571239123170475
1592,79361.57526577385,85722.58372005634,0.03209,85722.58372005634,8.015224537794419,82703.70453722577,4.211268816501534,78901.79667453241,-0.5793466040734274
1593,118121.6867256799,130695.47921456542,0.02715,130695.47921456542,10.644778988033154,126092.79641653628,6.748218647916948,122388.39945921955,3.6121332600409506
1594,24010.09571639411,25651.300300569048,0.05888,25651.300300569048,6.835477057487616,24747.942362329428,3.0730683236365186,24219.575020928827,0.8724634295884437
1595,16200.913723457938,16714.039553670686,0.11796,16714.039553670686,3.1672647541463927,16125.42376679284,-0.4659611053652757,16143.142982812587,-0.35658939755787156
1596,21942.68715735644,22414.894676512984,0.14863,22414.894676512984,2.1520040629947834,21625.512742514737,-1.4454675152918428,21751.359970330825,-0.8719405497310317
1597,29662.7216155276,30114.23893427651,0.37027,30114.23893427651,1.5221709073133471,29053.710365488132,-2.0531199325980465,29588.96055381064,-0.24866585970434452
1598,10708.216633380578,10894.248313353695,0.18967,10894.248313353695,1.7372797576134413,10510.587228741804,-1.8455865379367276,10669.798256170732,-0.35877474770247275
1599,16605.70681594219,16974.358327269078,0.16986,16974.358327269078,2.2200290262439415,16376.574933765156,-1.3798381768191814,16583.33623609965,-0.13471621587984872
1600,19952.899252330535,21538.87917653392,0.03159,21538.87917653392,7.948618915710393,20780.34774705803,4.147008834472254,20230.854333056188,1.3930561028276944
1601,79711.37063829158,87493.32951964061,0.01988,87493.32951964061,9.7626710205015,84412.09025151552,5.897175742410088,80680.6694739521,1.2160107496569594
1602,25385.319911658476,26408.12385549716,0.06254,26408.12385549716,4.029115833080166,25478.112977321554,0.3655382953061004,25084.637407523947,-1.1844739604657817
1603,18107.49552046724,18343.516623293624,0.31912,18343.516623293624,1.303444214908711,17697.51579048145,-2.264143760369186,18024.47791574525,-0.4584709388891106
1604,25278.974939627416,26049.280487786367,0.20999,26049.280487786367,3.0472182910843415,25131.906941871028,-0.5817799104102295,25339.232401109086,0.2383698770443754
1605,15163.236540570935,15550.111322493613,0.21106,15550.111322493613,2.55139976803469,15002.48541896884,-1.0601372680033583,15174.839805226562,0.07652234814501391
1606,22620.095936895683,23233.662905466135,0.10044,23233.662905466135,2.7124861463105665,22415.446535375508,-0.9047238441918903,22410.155043590064,-0.928116723692507
1607,17636.161955991796,17963.707761754547,0.2586,17963.707761754547,1.8572397247206496,17331.082599807585,-1.7298511827317453,17590.924270831456,-0.25650527180020033
1608,32748.85532358756,33777.279417147394,0.22318,33777.279417147394,3.1403360007490333,32587.75010923387,-0.49194151295313127,32940.55157454192,0.5853525231957812
1609,79582.01627710235,83501.98427243074,0.08827,83501.98427243074,4.925695752265402,80561.30760234447,1.2305434959479555,79987.86460694844,0.5099749275425891
1610,13654.59494534565,14069.016361646443,0.07314,14069.016361646443,3.0350326608703515,13573.549953916834,-0.5935364011397604,13558.795096660704,-0.7015942184180335
1611,78202.65385052604,82004.76330564058,0.12036,82004.76330564058,4.8618675555202495,79116.81403844619,1.1689631270921375,78481.68661629816,0.35680728470603995
1612,23368.23518147667,23535.64889500948,0.26724,23535.64889500948,0.7164157337200772,22706.79753029111,-2.8304989488887933,23022.023601581477,-1.4815478242431568
1613,68818.13716192292,71277.49801717828,0.12865,71277.49801717828,3.5737102988834257,68767.32921882506,-0.073829291511196,68497.88487365417,-0.46536029813655233
1614,20206.572745684058,20588.938107757607,0.35283,20588.938107757607,1.8922821147649538,19863.86060830802,-1.6960428752037515,20240.391143993176,0.1673633561453114
1615,7860.459156680154,7968.7422035070595,0.29159,7968.7422035070595,1.3775664330611281,7688.108222267384,-2.1926318930911126,7843.961281913259,-0.20988436474317362
1616,28275.377336830523,29604.44638346809,0.08972,29604.44638346809,4.700446720144624,28561.871101344797,1.0132270247056985,28515.48333799278,0.8491699272550557
1617,38630.96648940624,40001.71817349823,0.11926,40001.71817349823,3.5483235566158955,38592.98375333895,-0.09832199274046882,38665.75875742033,0.09006315703654622
1618,84691.15541249141,88487.41952559659,0.0961,88487.41952559659,4.4824800117737595,85371.17154104456,0.8029364167262854,84025.74046437052,-0.7856959146205544
1619,44957.05957107659,46405.8270881312,0.07852,46405.8270881312,3.222558438823442,44771.56013910996,-0.4126146899651184,44446.98036314527,-1.1345920146865862
1620,26570.506602500147,27379.270669347585,0.09326,27379.270669347585,3.0438413499098926,26415.059061649175,-0.5850379263613426,26322.536368862013,-0.9332536911990985
1621,72397.56734762865,73883.30044010925,0.08319,73883.30044010925,2.0521864848671134,71281.36349446308,-1.5417698329640461,70450.48621037925,-2.689428952633399
1622,10076.70728762552,10302.230189163409,0.21402,10302.230189163409,2.238061453018858,9939.418116718638,-1.3624407952732454,10092.0856061576,0.15261253595173496
1623,17526.00737539848,18048.839419540167,0.14325,18048.839419540167,2.9831782729681677,17413.21618895906,-0.6435646409560736,17599.790854650226,0.420994226872895
1624,11916.926164002109,12124.903285973593,0.35585,12124.903285973593,1.7452245579881787,11697.902412511872,-1.8379215283874872,11939.472307098744,0.18919428371337865
1625,66986.43017645359,71864.0624536918,0.03203,71864.0624536918,7.281522935898654,69333.23670486026,3.503405872241272,65938.25517390118,-1.5647572199195214
1626,73351.5579819689,75585.30405680105,0.20225,75585.30405680105,3.0452605728991333,72923.42790885187,-0.5836686839320815,73302.99631857192,-0.06620399720604908
1627,8520.286737366056,8773.372049472,0.16209,8773.372049472,2.9703849166956786,8464.401541421603,-0.6559074555480215,8570.493957880522,0.5892667942063667
1628,171006.45575267493,179508.54186469805,0.02608,179508.54186469805,4.971792482688264,173186.81686927174,1.275016844832022,167274.35335438713,-2.1824336291054958
1629,18736.686763315985,19739.373141565724,0.02554,19739.373141565724,5.3514604311626135,19044.214642216208,1.6413140849550922,18507.440352117548,-1.223516271015812
1630,61518.94121290179,63897.54907809795,0.13922,63897.54907809795,3.8664642438568597,61647.278818212726,0.20861478234288633,61700.76504224175,0.29555747507212793
1631,6799.257315338956,6885.7791024253465,0.25893,6885.7791024253465,1.2725182041750216,6643.283667876072,-2.2939806544901686,6769.89227448808,-0.4318860059116858
1632,97446.90114269873,102984.7983502214,0.05256,102984.7983502214,5.682989548752437,99357.99838228313,1.9611677920735815,96989.78728018764,-0.4690901990220375
1633,35183.11532133061,36354.89284992297,0.06412,36354.89284992297,3.330511007596715,35074.58812209207,-0.308463870374609,34868.402198407544,-0.8945004444568361
1634,18608.523110908063,19105.20967214455,0.33929,19105.20967214455,2.6691347737603843,18432.384411170107,-0.9465485180535693,18774.249603552416,0.8905945499092738
1635,23931.578676797184,24418.74297862892,0.21586,24418.74297862892,2.035654682087751,23558.791823985583,-1.5577194377612735,23832.712513161714,-0.41312010783194353
1636,37185.368096633145,38703.17929940924,0.04656,38703.17929940924,4.081743116894199,37340.175325125056,0.4163122120765861,36774.78971067801,-1.1041396306422757
1637,333166.28376922646,495590.3256685821,0.00254,495590.3256685821,48.75164439264255,478137.19660449564,43.51308037390898,423732.6626292861,27.183536651863637
1638,63779.56858017886,65861.6670287905,0.099,65861.6670287905,3.264522628424782,63542.22672599881,-0.37212834684148266,63108.47707521192,-1.0522045223985588
1639,27098.590622102725,28036.44323997004,0.05401,28036.44323997004,3.460890756076318,27049.088085881824,-0.1826756856518008,26787.054573713398,-1.1496393031423024
1640,5509.370652448913,5598.957372108146,0.31976,5598.957372108146,1.626079008124326,5401.779742565252,-1.9528711475572447,5517.290223722483,0.14374729480308712
1641,13955.22892833387,14245.008700228653,0.20389,14245.008700228653,2.076496010082862,13743.344397099407,-1.51831641259762,13902.788078231171,-0.37577921775419076
1642,15721.436479724873,15965.301612479774,0.31736,15965.301612479774,1.5511631718221341,15403.054015709662,-2.0251486842554844,15695.304251210386,-0.16622036127671436
1643,38234.48570974031,40296.06485192907,0.05444,40296.06485192907,5.39193637345976,38876.9644695987,1.680364592153305,38474.50862435209,0.6277655110465963
1644,16733.586623475378,17279.62535024151,0.09142,17279.62535024151,3.263130248479418,16671.09141445499,-0.3734716915542391,16727.31238596078,-0.03749487575960275
1645,32222.805943112373,34034.11793004087,0.07882,34034.11793004087,5.621211231964929,32835.543579312776,1.9015651128649669,32874.71282324732,2.023122633348118
1646,23060.11321914764,23538.4750376275,0.32243,23538.4750376275,2.0744122716737534,22709.524145074727,-1.5203267683083443,23119.646267893382,0.2581645986729608
1647,65121.79324928113,68762.43764927097,0.13759,68762.43764927097,5.590516197939666,66340.84134907102,1.87195106118081,66281.81515474558,1.7813113668783354
1648,58007.62332721866,59877.49856853203,0.04605,59877.49856853203,3.2234991438374827,57768.80181554072,-0.41170711361635526,55694.59219472107,-3.987460612633398
1649,13280.69592118127,13652.36081463624,0.12513,13652.36081463624,2.798534773032535,13171.567701885555,-0.8217055788595218,13103.807105661048,-1.3319242950070365
1650,69685.30037330645,72861.47693639774,0.09268,72861.47693639774,4.557886019112223,70295.52539354758,0.8756868621820235,69544.81875749285,-0.20159433203422727
1651,39154.404308108846,39717.34119528988,0.29941,39717.34119528988,1.4377357978715422,38318.62163588647,-2.1345815036427074,38887.38953884634,-0.6819533433872316
1652,21254.55070719218,21599.31861579908,0.36926,21599.31861579908,1.6220898449301746,20838.65869979022,-1.9567198249983653,21244.734865115428,-0.04618230802417855
1653,14483.021152466605,14866.170779789109,0.24049,14866.170779789109,2.6455089949050326,14342.631106252542,-0.9693422714511013,14563.557347409493,0.5560731707498157
1654,46352.27842372642,47611.46225847362,0.27828,47611.46225847362,2.716552190242849,45934.73663917104,-0.9008009935098538,46591.221675980894,0.5154940822329923
1655,22627.798760470585,23288.349847403108,0.17895,23288.349847403108,2.919201703731189,22468.207575602315,-0.7052881570922653,22757.6222693622,0.5737345919763603
1656,25789.898628949813,26157.450921679483,0.32497,26157.450921679483,1.4251792844082178,25236.26795405861,-2.146695816282651,25663.62868805008,-0.4896100706576312
1657,49663.31138897097,51551.41076402894,0.08421,51551.41076402894,3.8017991999568235,49735.932577915155,0.14622703745106325,49265.5259596358,-0.8009643702967195
1658,28257.00598037615,29275.939494577236,0.11787,29275.939494577236,3.6059500249556287,28244.933189557196,-0.04272494696480056,28324.848958405102,0.24009259181976272
1659,91988.75852251308,97657.56846483651,0.04415,97657.56846483651,6.162502933373171,94218.37674090148,2.423794226816023,90491.84155396871,-1.6272824990653745
1660,72329.79975882305,75855.62708960012,0.01836,75855.62708960012,4.874653797651329,73184.23101655136,1.1812990780803112,68602.08100649418,-5.153779997675379
1661,20705.09481356882,21203.99240559756,0.07381,21203.99240559756,2.409540243697861,20457.254632559823,-1.197000947064375,20426.951883844682,-1.343355015896186
1662,74495.35965561679,78314.98863959145,0.12156,78314.98863959145,5.127338134391657,75556.98160518192,1.4250846689953356,75371.84987265628,1.1765702200665862
1663,89548.48282533966,91589.77145000293,0.09946,91589.77145000293,2.27953457195329,88364.26840994545,-1.32242822885561,88239.81357702854,-1.4614086213650457
1664,205198.59011911624,224329.3694646532,0.02708,224329.3694646532,9.32305594031211,216429.19620592418,5.473042519584892,208507.57924867285,1.6125788815779751
1665,10296.18548396194,10480.14350724164,0.34457,10480.14350724164,1.7866619008199525,10111.065888554718,-1.7979434781509762,10319.967771594213,0.2309815384476055
1666,24149.20857391066,24888.53136092676,0.20162,24888.53136092676,3.0614783285892955,24012.03574033165,-0.5680220664755153,24282.72881058681,0.5528969459495992
1667,7477.714597613313,7642.427951847514,0.3354,7642.427951847514,2.202723199502321,7373.285729939463,-1.396534546894601,7529.351622682515,0.6905455456361231
1668,23453.66176924107,23918.214564126087,0.21136,23918.214564126087,1.9807260778965663,23075.89044246967,-1.610713629659477,23365.07985167883,-0.3776890723239279
1669,10630.95458388842,10995.46627054636,0.18772,10995.46627054636,3.4287766331950076,10608.240608542641,-0.21365885035576904,10718.913755749156,0.8273873354142758
1670,28937.058825718315,30436.091917215188,0.01113,30436.091917215188,5.1803229226758285,29364.228700916672,1.4762035000554397,27921.258786128452,-3.510377629280881
1671,46743.491621499445,48008.995897470966,0.21793,48008.995897470966,2.707337924643727,46318.270396513355,-0.9096907617198835,46743.20647597258,-0.000610021881053413
1672,39513.47569381804,41018.975645358056,0.10319,41018.975645358056,3.810092443413038,39574.41662365147,0.154228219014807,39634.30473486388,0.3057919834289269
1673,32645.607728591072,33808.3091738289,0.09887,33808.3091738289,3.5615861554923134,32617.687095697438,-0.08552646078995307,32273.331464105268,-1.1403563615075996
1674,13085.84703999436,13285.47859565548,0.38831,13285.47859565548,1.5255531800959066,12817.605918166624,-2.0498567728012507,13094.963487361701,0.06966646743982174
1675,210158.7277078752,232855.80094177288,0.01202,232855.80094177288,10.79996699706285,224655.3536435426,6.89794142445419,209247.250676382,-0.4337088644541853
1676,17978.26846286379,18224.55228808127,0.29162,18224.55228808127,1.3698973609511222,17582.741004154428,-2.2000308846559458,17889.339735194,-0.4946456765482332
1677,6521.281163334676,6667.646651931161,0.30963,6667.646651931161,2.2444284325511266,6432.83315468848,-1.3562980406900293,6568.276678590702,0.7206485056993728
1678,82549.2200203165,88679.89427696395,0.01588,88679.89427696395,7.426689501292216,85556.86793839006,3.6434601287975044,80985.80330168143,-1.8939206430421573
1679,11852.05462287086,12053.119151661083,0.33154,12053.119151661083,1.696452937385473,11628.646289131011,-1.8849755662511014,11861.426087103315,0.07907037666170513
1680,12474.989876140791,12730.52929082484,0.32066,12730.52929082484,2.0484138041088285,12282.200178534049,-1.545409651798313,12520.085239842068,0.3614861747304854
1681,12624.254511385312,12844.187177958918,0.09509,12844.187177958918,1.7421437945128293,12391.855393157064,-1.840893797084464,12381.929496931292,-1.9195194000206195
1682,14606.298222032585,15662.119638552324,0.03125,15662.119638552324,7.228535255613955,15110.549155209963,3.4522842510277485,14922.65541145289,2.165895729440215
1683,100566.3547313696,107721.92659723638,0.05176,107721.92659723638,7.115274173932784,103928.29990487255,3.343011867620427,101473.70517154908,0.9022405580904058
1684,30771.528020967005,31658.38677704261,0.2128,31658.38677704261,2.8820757795041008,30543.478188713965,-0.7411066232968722,30778.321991166125,0.02207875473225762
1685,14533.964511361432,14822.823144767568,0.35913,14822.823144767568,1.9874730888487457,14300.810038295507,-1.604204227165018,14595.85598834032,0.4258402924439908
1686,38928.26216662157,40160.769674672,0.20974,40160.769674672,3.166099485189,38746.433962005496,-0.4670853372231498,39059.22840628553,0.33642971038212455
1687,13855.395910760102,14404.886223937434,0.10091,14404.886223937434,3.965893986115532,13897.591538391074,0.3045429225028595,13870.074505148474,0.10594135658708037
1688,59901.66048963878,62811.85520621194,0.23581,62811.85520621194,4.85828722072994,60599.81966215687,1.1655088804071623,61255.38984663019,2.2599195847426756
1689,12785.839896825082,13006.110455810403,0.34135,13006.110455810403,1.7227695697958678,12548.076243579182,-1.8595857226785695,12797.168527457625,0.08860294453831852
1690,21953.041214628844,22273.216791735664,0.08913,22273.216791735664,1.4584565936744287,21488.82430624049,-2.114590428951646,21372.846171285328,-2.642891422974647
1691,13241.053953781076,13446.1813458274,0.34494,13446.1813458274,1.5491772238247492,12972.649224046687,-2.0270646934245296,13238.010550065517,-0.022984603236131385
1692,61647.234096579334,64030.0048748977,0.04929,64030.0048748977,3.865170616714786,61775.06993937799,0.2073667126709644,60287.04351753025,-2.206409742435722
1693,24469.13833989133,25442.069526570387,0.10626,25442.069526570387,3.976156304175671,24546.080036651165,0.31444383406995513,24503.458626996147,0.14025948371407804
1694,32855.97491081868,33960.51491190032,0.11827,33960.51491190032,3.361762979426741,32764.532627458793,-0.2783124944795934,32832.24581749885,-0.07222154687005489
1695,51594.47400158345,53632.86863283048,0.0627,53632.86863283048,3.950800295365897,51744.08806177478,0.2899807839629176,51109.316701762786,-0.9403280277763271
1696,28214.514578207,28710.73330579626,0.30941,28710.73330579626,1.7587356543519617,27699.63178109514,-1.8248862502477925,28145.808316712297,-0.24351388823031783
1697,18091.368365461614,18259.989349553885,0.16097,18259.989349553885,0.9320521294242656,17616.93008402712,-2.6224565873096073,17783.061906786963,-1.7041632918339267
1698,6594.828458190747,6714.400756788659,0.33616,6714.400756788659,1.8131221965205668,6477.940727351766,-1.772415030656438,6622.5342916003865,0.42011454255839187
1699,9871.02659246757,10411.571396281084,0.11264,10411.571396281084,5.47607484135435,10044.908671188336,1.7615399684309807,10046.751741870432,1.7802114882048414
1700,39054.21359919877,39754.03556357356,0.1971,39754.03556357356,1.7919243530463813,38354.02374418764,-1.792866352903577,38752.538088000816,-0.7724531705949889
1701,83087.9011685109,87145.36147994506,0.06773,87145.36147994506,4.883334702612374,84076.37654930889,1.1896742689326834,82412.97407713222,-0.8123048986516723
1702,17413.722140967617,18464.722151016176,0.03548,18464.722151016176,6.035470197241577,17814.45284158318,2.301235183216832,17392.877183813758,-0.11970420215227096
1703,23567.98364311056,24845.888119266827,0.11915,24845.888119266827,5.422205376189759,23970.89425922242,1.709567616021479,23999.089321102136,1.8292005142221734
1704,31880.47702640631,34451.11558209984,0.03411,34451.11558209984,8.063362896246161,33237.8558885314,4.257711893710936,32508.09490495443,1.968658994745498
1705,30242.00425030096,31064.18362100191,0.1911,31064.18362100191,2.718666937204617,29970.20099477447,-0.8987607212699422,30152.819524588478,-0.2949034891151281
1706,49530.0638267876,53492.49963468354,0.05276,53492.49963468354,8.000061986096041,51608.662417269676,4.1966402420783755,51146.44226591689,3.2634289444527287
1707,96531.862953012,107035.83314352772,0.02151,107035.83314352772,10.88135033261366,103266.36849989122,6.976458695464438,97097.51973977039,0.5859793538157909
1708,56434.76316450186,57060.67773360382,0.32023,57060.67773360382,1.1090939945605394,55051.18053120117,-2.451649578589854,55837.691912573646,-1.057984863315209
1709,15905.136625634766,16240.606266256304,0.21842,16240.606266256304,2.1091905622542706,15668.66330739892,-1.4867732594935124,15848.428216173932,-0.35654147962134175
1710,26353.656246163504,26758.15516533361,0.18894,26758.15516533361,1.5348872861957963,25815.817287798593,-2.0408513844951126,26055.570716638194,-1.1310974338473612
1711,8861.417447428637,9187.320681881018,0.04119,9187.320681881018,3.6777776962414688,8863.77220785118,0.02657318015444332,8493.146135222662,-4.155896214017529
1712,69693.60941088377,71736.55349169942,0.07218,71736.55349169942,2.9313219649327094,69210.21820657393,-0.6935947332846082,68882.06480164162,-1.1644462327350946
1713,14783.44289863368,15480.588656964072,0.03549,15480.588656964072,4.715719897662152,14935.411122569041,1.027962329055332,14618.901398432206,-1.11301204550045
1714,18774.030046457992,19241.007684568543,0.15618,19241.007684568543,2.4873595970336337,18563.400045660706,-1.1219221460499584,18761.38406829489,-0.0673588895501287
1715,11393.977035194916,11765.846404775511,0.18392,11765.846404775511,3.263736344490842,11351.49038284604,-0.3728869403338164,11494.625892971271,0.8833514186088021
1716,25862.304593537596,26978.113791271597,0.12838,26978.113791271597,4.314422922746086,26028.029664287347,0.6407977686225363,26078.438207954703,0.8357090283095392
1717,40450.01109785637,42698.52035935686,0.1008,42698.52035935686,5.558735833374473,41194.81306710488,1.84128990087713,40800.3275644513,0.8660478874713995
1718,121188.00209750912,133209.03769666265,0.04619,133209.03769666265,9.919328143953798,128517.8352921642,6.048315895790934,125886.51746520729,3.877046643542892
1719,41465.534990124135,42213.71482819456,0.1383,42213.71482819456,1.8043414567028293,40727.080858540125,-1.7808865404965513,40976.480427794326,-1.179424219285452
1720,25857.41564432877,26531.31382863679,0.26276,26531.31382863679,2.6062085769806176,25596.964587928163,-1.0072586525395,26005.987386146844,0.574580785108969
1721,31026.61005238361,32598.38496850728,0.1114,32598.38496850728,5.0658931590333856,31450.372606949182,1.3658035919815736,31323.523818163558,0.9569648932920893
1722,15140.075818152383,15792.9605070359,0.14504,15792.9605070359,4.3122947118978905,15236.782220743753,0.6387445066518227,15240.063610052135,0.6604180395178183
1723,95878.4525451243,101273.7181426637,0.02653,101273.7181426637,5.627193028590205,97707.17702594739,1.9073362494689938,94215.7285692741,-1.7341998454424856
1724,43675.226018050715,44472.75470199307,0.1738,44472.75470199307,1.8260436330947538,42906.56446895691,-1.759948646347298,43164.13839607075,-1.170200291049972
1725,28534.4775608359,31218.615775096932,0.03899,31218.615775096932,9.40664923175274,30119.194535205213,5.553691918804793,29128.98181771998,2.0834594066654555
1726,15389.25411156266,16318.750494045402,0.07116,16318.750494045402,6.039905350476782,15744.05554181249,2.305514144335641,15707.453291242104,2.0676712293701494
1727,24608.291993519717,25430.842704273146,0.14125,25430.842704273146,3.342575384630675,24535.248587645903,-0.29682436267031154,24608.206006582557,-0.0003494226140654533
1728,38428.497872421445,40765.660088108525,0.05925,40765.660088108525,6.081846403276581,39330.02204182383,2.345978165462914,38627.62931535684,0.5181869028461294
1729,34031.195778732275,34922.876089267,0.1725,34922.876089267,2.6201850688184702,33693.002477725444,-0.9937743686872835,33927.992111201784,-0.303261948835154
1730,23127.40778545603,23491.053737458755,0.31663,23491.053737458755,1.5723593209240105,22663.772873615915,-2.004698996710208,23038.458250403444,-0.3846065926529141
1731,14422.200946631096,14665.084149034708,0.27301,14665.084149034708,1.6840924856226458,14148.626112765543,-1.896900721865602,14386.307447615385,-0.2488767085449206
1732,27819.54585740227,28528.77732464262,0.20216,28528.77732464262,2.5493998747345925,27524.08371603383,-1.0620667313655074,27874.565648870495,0.1977738664399764
1733,47089.21120237231,55268.85414394095,0.00586,55268.85414394095,17.370524442245404,53322.45932015772,13.237104548209944,49519.37183505131,5.160758846086955
1734,26777.850733852636,26957.61940597751,0.33195,26957.61940597751,0.6713334610443988,26008.257026640666,-2.873993566029731,26475.327020726392,-1.129753527021471
1735,14907.433878929627,15111.182402031574,0.21977,15111.182402031574,1.3667578522010393,14579.014191488297,-2.203059829804266,14755.77882826611,-1.0173115768628005
1736,122815.58694485614,131957.69613155408,0.01659,131957.69613155408,7.443769487339358,127310.56203248439,3.659938611575808,120624.5514812139,-1.7840043907667913
1737,71624.7825959957,76779.23414208238,0.02444,76779.23414208238,7.196463792652197,74075.31154005078,3.4213422438954533,70756.66837544367,-1.2120305138637377
1738,72190.06918575945,76968.76059061976,0.05924,76968.76059061976,6.619596654719606,74258.16346449828,2.8647905481531177,72258.84568814898,0.09527141775216297
1739,42481.35357992124,44526.55571310718,0.06689,44526.55571310718,4.814352559030977,42958.470778051786,1.1231214590018412,42301.54447651922,-0.42326594670233364
1740,44322.88313789605,49719.26972034539,0.01688,49719.26972034539,12.175170477200826,47968.313766492465,8.224714572955127,45716.02381014581,3.143163471373156
1741,49363.188775661845,50154.731169228966,0.19806,50154.731169228966,1.6035074175706043,48388.43963581333,-1.9746478378420917,48773.018851657274,-1.195566855874497
1742,60205.426827277326,64231.03646070945,0.04833,64231.03646070945,6.68645643021708,61969.02182643171,2.9292957331138014,60906.131336015984,1.1638560602666326
1743,98960.19224596908,102856.06286650043,0.13703,102856.06286650043,3.936805832842394,99233.79655649723,0.2764791622959839,98260.88073116123,-0.7066594141912019
1744,30919.938170350564,31286.26360989053,0.27299,31286.26360989053,1.1847547608980769,30184.460026497723,-2.3786533459439374,30633.849795828977,-0.9252553253677576
1745,11807.408964036498,12188.314773053204,0.06891,12188.314773053204,3.2259898016312016,11759.080746903013,-0.40930416893905086,11657.746204445491,-1.2675326148764432
1746,40015.993498269054,40714.37871912954,0.04766,40714.37871912954,1.7452652297404558,39280.54664101052,-1.8378822889661528,37813.548900451555,-5.503910824837499
1747,32619.03798499069,32862.80032326456,0.35038,32862.80032326456,0.7473008198035425,31705.476086405266,-2.8007015381808276,32277.029867808385,-1.0484923477500296
1748,16696.788093802887,17092.303475860026,0.25031,17092.303475860026,2.36881117395229,16490.36642601089,-1.2362956673601877,16757.720222910077,0.36493323605037986
1749,10746.728929988029,10913.4863099124,0.3559,10913.4863099124,1.5517036021914121,10529.147723703962,-2.024627286140257,10750.433457804958,0.034471212971531884
1750,15543.935678788854,15775.83361682437,0.29254,15775.83361682437,1.4918868864850054,15220.258485617878,-2.082337445674476,15503.30466879724,-0.26139460964869077
1751,45989.04884734298,47979.80071413432,0.09508,47979.80071413432,4.3287519891952675,46290.103375504405,0.6546222105196176,46028.46901774185,0.08571642899100063
1752,153911.39426842972,167584.00972573803,0.03366,167584.00972573803,8.883432914305578,161682.22916358802,5.048901630769165,153482.45218757365,-0.27869416874228836
1753,38843.40598081651,40373.43130216563,0.11989,40373.43130216563,3.9389576756084344,38951.60631733341,0.2785552239428668,38787.34181347398,-0.14433380885863212
1754,12394.891366500966,12631.117404350518,0.3123,12631.117404350518,1.9058338702990785,12186.289265333973,-1.6829683697815234,12430.80791111648,0.28976893426095884
1755,39017.04535354474,42598.98741023747,0.03084,42598.98741023747,9.180454399444438,41098.78535470448,5.3354629554762445,40233.66755001957,3.1181812601407177
1756,23460.006969421815,24796.97585718141,0.04785,24796.97585718141,5.698927922324248,23923.704532825814,1.9765448663693563,23463.6001861229,0.015316349674443508
1757,51437.91616823956,53731.359029929576,0.07386,53731.359029929576,4.458662077578701,51839.10993755069,0.7799572750943895,50811.52642310629,-1.2177587892256647
1758,17969.37149257412,18357.04066276394,0.3438,18357.04066276394,2.157388589523146,17710.563555912267,-1.4402726148146305,18049.584890495284,0.44638955766658217
1759,109334.45192313223,116750.63987153892,0.08629,116750.63987153892,6.78302933609678,112639.05035807593,3.0224676456667154,110080.08881574738,0.6819779854380759
1760,61669.84179498554,65359.305651248345,0.03303,65359.305651248345,5.982606325678619,63057.556932623935,2.250233010572167,60595.37045007955,-1.7422962563743094
1761,27441.385850240626,28411.057109392143,0.21535,28411.057109392143,3.53360892355592,27410.509235685357,-0.11251842280770585,27709.431160535,0.9767921771779875
1762,17967.84843555516,18444.63360520843,0.21446,18444.63360520843,2.653546257156747,17795.071751035422,-0.9615880562407364,18028.33761769674,0.336652339641752
1763,23215.85098273083,23965.917452573944,0.19184,23965.917452573944,3.2308377168730695,23121.91338555603,-0.4046269819903525,23362.074363490927,0.6298428641227316
1764,11171.8612190346,11333.22933307842,0.32921,11333.22933307842,1.4444156696905797,10934.10872071323,-2.128136875852771,11152.988386354358,-0.1689318575501586
1765,5771.175621976621,5855.340755979563,0.32914,5855.340755979563,1.45837069456769,5649.134111831595,-2.114673302962611,5777.916251995988,0.11679821341250562
1766,24448.8735675705,24949.979201774157,0.26709,24949.979201774157,2.049606223447187,24071.31958192104,-1.5442592257103094,24410.43364919084,-0.15722572360408194
1767,15922.02022137974,16139.213599985307,0.35342,16139.213599985307,1.3641069134802564,15570.84137122277,-2.2056174108196047,15884.583289620039,-0.2351267693369241
1768,37141.35655368133,38289.45927603316,0.1463,38289.45927603316,3.0911706757195123,36941.0252168389,-0.5393753902146581,37144.88911128219,0.009511116255933594
1769,47571.621762980394,50197.99051008135,0.03136,50197.99051008135,5.52087284344962,48430.17551904352,1.8047603261052592,47316.58896642742,-0.5361028005806512
1770,37715.21000028626,38396.05182001207,0.07657,38396.05182001207,1.805218159253652,37043.86390742121,-1.780040712646036,36492.467408887635,-3.2420410529050314
1771,36054.326984559375,36793.82090604708,0.26188,36793.82090604708,2.051054570521882,35498.05851567395,-1.5428618848540854,35998.03438871531,-0.15613270459375883
1772,21249.8401600958,22123.143035641988,0.07261,22123.143035641988,4.109691503403057,21344.035674772083,0.44327634451184483,21084.970222691067,-0.77586436492042
1773,8173.471640059957,8332.547431789959,0.20894,8332.547431789959,1.9462451053275487,8039.101377201505,-1.6439802910659718,8152.384313791541,-0.2579971791308644
1774,53797.549188821904,56066.70309753211,0.09565,56066.70309753211,4.217950339607102,54092.21054859275,0.5477226457596185,53576.83746573413,-0.41026352764343965
1775,10060.717436058798,10211.751812402525,0.36504,10211.751812402525,1.5012286877514436,9852.126103180213,-2.07332463320129,10063.181598193345,0.024492906695861016
1776,32092.69469451607,32652.04983711826,0.26557,32652.04983711826,1.7429360417583473,31502.147568050746,-1.8401294502896182,31983.285365601037,-0.3409166165586286
1777,5499.449860095665,5614.318123886171,0.22643,5614.318123886171,2.0887228125125112,5416.599537086006,-1.5065201996080635,5516.8636665050635,0.31664633467711756
1778,9797.739508319226,9908.620353102278,0.26689,9908.620353102278,1.1316982319126145,9559.669978341783,-2.4298413912239636,9720.1968644483,-0.7914340221546468
1779,71511.70553514673,75267.07484833451,0.0619,75267.07484833451,5.251405046327817,72616.40572998146,1.5447823353783585,71160.55450260582,-0.49103993522895406
1780,44487.55146879181,45252.899386851015,0.168,45252.899386851015,1.7203642205305458,43659.23491719589,-1.8619063631249433,43601.54091335246,-1.991592088543892
1781,26023.38853691607,28244.403352554375,0.03599,28244.403352554375,8.534687219873893,27249.72449883538,4.71243766037488,25958.892718349263,-0.24783789580405946
1782,12296.663676733357,12746.890379072593,0.12172,12746.890379072593,3.661372825794329,12297.98508082734,0.010746037532793906,12357.983980318639,0.4986743168499119
1783,42273.82806929307,44112.402504072634,0.08843,44112.402504072634,4.34920261246714,42558.90273954057,0.6743526273045752,42136.194974708094,-0.32557518651817885
1784,12078.8122874523,12911.53987634602,0.0446,12911.53987634602,6.894118139072103,12456.836141816982,3.1296442511767664,12081.096875889581,0.018914015574655885
1785,73821.57021468667,78304.1924430009,0.0532,78304.1924430009,6.072239069526608,75546.56561660339,2.3367091717232835,73762.34842720452,-0.08022287701267006
1786,20687.476788072203,21179.408761345177,0.11272,21179.408761345177,2.377921572130104,20433.53674676514,-1.2275061086883032,20578.186090520623,-0.5282939948219934
1787,18609.24973564803,20078.246278976123,0.04753,20078.246278976123,7.893905257846434,19371.153735927113,4.09422201916918,18862.241953612975,1.3594971401792222
1788,44996.46222078645,46344.63388262777,0.09642,46344.63388262777,2.9961725773599124,44712.521965410386,-0.6310279550042042,44319.723792138495,-1.5039814137550844
1789,9670.165900777998,9997.461476882556,0.30184,9997.461476882556,3.384591117286062,9645.382397788608,-0.2562882916765319,9830.353682405641,1.6565153408045985
1790,56292.03837355768,59011.8116590232,0.08883,59011.8116590232,4.831541660326666,56933.601670155804,1.1397052143336195,56252.28215770014,-0.07062493561472705
1791,8524.602139993796,8702.536343328604,0.23487,8702.536343328604,2.087302145164238,8396.060445559388,-1.5078908355305676,8519.1538873414,-0.06391210478711162
1792,40220.881282475086,42729.403057701566,0.06706,42729.403057701566,6.236864273581899,41224.60817416271,2.4955367950253438,40728.34406945818,1.2616898755130057
1793,10748.607200511951,11522.429131463954,0.05405,11522.429131463954,7.199276301725366,11116.645498597572,3.4240557052646947,10974.05763532374,2.0974851030099106
1794,23732.61718790466,24578.614720216283,0.07739,24578.614720216283,3.5647039077628007,23713.033386783918,-0.08251850592660981,23576.74278411466,-0.656793991812421
1795,82426.98736149906,87204.59650784063,0.01426,87204.59650784063,5.796171010579898,84133.52550624336,2.0703633595875015,79599.21080466453,-3.430644073442579
1796,80753.51465288714,84411.22179073578,0.05555,84411.22179073578,4.52947113642177,81438.52464136458,0.8482726620901992,80098.60005515619,-0.8110044504515468
1797,28154.021780464347,30902.34723314725,0.02196,30902.34723314725,9.761750822363592,29814.063974357385,5.8962879507499455,28111.59025678855,-0.15071212207855567
1798,50755.60368468855,51953.0725391378,0.28604,51953.0725391378,2.3592840347015587,50123.44909142791,-1.2454872907980863,50805.40711044283,0.09812399447295395
1799,15036.955434928992,15727.856699250467,0.03156,15727.856699250467,4.594688514648371,15173.971163847496,0.9111932898346886,14561.085608555108,-3.1646687285412645
1800,19786.082808745236,20018.643409393717,0.3359,20018.643409393717,1.1753746453830205,19313.649891530495,-2.3877031233586643,19677.009260054558,-0.5512639856256385
1801,126176.51138540624,135243.2413733481,0.04602,135243.2413733481,7.1857510469975905,130480.40072759883,3.4110067673739586,124929.72556511515,-0.9881283026464294
1802,7664.626027579376,7797.221973973703,0.34371,7797.221973973703,1.7299728116833224,7522.628394550001,-1.8526361562642424,7686.257721158371,0.2822276455649586
1803,64269.33136620992,70422.20778604622,0.01591,70422.20778604622,9.573580880711052,67942.15961357702,5.714744761290791,63100.168847552646,-1.819160856047064
1804,41550.21911948953,42878.099518493815,0.13371,42878.099518493815,3.1958445157306725,41368.06801432868,-0.43838783289450456,41123.13769586322,-1.0278680417980857
1805,34985.80649360495,35966.37015225433,0.16202,35966.37015225433,2.802747047802412,34699.74796912926,-0.8176416471290304,34905.936882855975,-0.22829146660824362
1806,51052.17124895739,52078.18654129309,0.1483,52078.18654129309,2.0097387970676284,50244.156972813194,-1.5827226470033762,50167.76382850275,-1.7323600521157112
1807,38953.4438137778,40208.40940345368,0.06498,40208.40940345368,3.221706393086632,38792.39596971003,-0.41343672933690234,38718.717998906446,-0.6025803931315799
1808,11471.91217971948,11698.68978692049,0.34048,11698.68978692049,1.9768073852754586,11286.69880937995,-1.614494318279025,11522.428871573811,0.4403511033115759
1809,12451.406214390168,13056.640707122822,0.05238,13056.640707122822,4.860772207665831,12596.826978722462,1.1679063539363987,12552.3905474175,0.8110275360756036
1810,19897.40877492641,21063.637153241467,0.10077,21063.637153241467,5.8612073135104525,20321.842249762147,2.133109288937085,20314.73516776097,2.0973906580260326
1811,125136.7039267852,137510.883279652,0.0222,137510.883279652,9.888529076254615,132668.18343405158,6.018601474170904,125186.96785087376,0.04016721114692423
1812,10926.096727646514,11016.32889938388,0.27138,11016.32889938388,0.8258408651009796,10628.36852135594,-2.7249274257038825,10820.708762716687,-0.9645527360485628
1813,39824.594322732,40429.54489108187,0.30135,40429.54489108187,1.5190376164222696,39005.743762529964,-2.056142878860756,39573.5197741917,-0.6304509884159426
1814,44216.00848402148,45730.20307463262,0.16693,45730.20307463262,3.4245393072021235,44119.72947365642,-0.2177469510841301,44331.856816984895,0.2620054069450539
1815,21661.807218874488,22158.88208561149,0.23764,22158.88208561149,2.2947063544351387,21378.516108058735,-1.3077907487280882,21685.645544779116,0.11004772438309995
1816,60853.85369780198,64820.27524134606,0.07685,64820.27524134606,6.517946362511706,62537.50947462008,2.7667200588134877,61613.39446285706,1.2481391381175877
1817,12987.02805389492,13218.468518667109,0.2076,13218.468518667109,1.7820895112548696,12752.955724859788,-1.8023548425686986,12913.585127636441,-0.5655098761140454
1818,32858.499152052034,34944.90323679684,0.06944,34944.90323679684,6.349663370472314,33714.25389855353,2.6043634632899826,33223.36393899811,1.1104122110315195
1819,25130.7442493506,25556.60044326989,0.341,25556.60044326989,1.694562603056604,24656.577535490283,-1.8867993289636398,25107.421310168662,-0.09280640060048695
1820,13879.117839676726,14246.955356883123,0.20856,14246.955356883123,2.650294647364748,13745.222498642781,-0.9647251545856439,13881.898135435402,0.020032222442312175
1821,14621.112398802812,14862.41815485912,0.15125,14862.41815485912,1.6503925930838603,14339.010636943516,-1.929413810418379,14428.244492108717,-1.319105560736178
1822,51796.32157380786,54749.26432235493,0.04633,54749.26432235493,5.701066521373033,52821.167814230495,1.9786081507009445,50887.79897970842,-1.754029179089145
1823,4991.550384091762,5059.727416544492,0.34545,5059.727416544492,1.3658488286527826,4881.539766269208,-2.2039368404085824,4993.437859563647,0.0378134111978623
1824,32602.21304434474,33759.22324547568,0.08937,33759.22324547568,3.54887013208951,32570.32981901155,-0.09779466593210495,32189.74966924977,-1.2651391932625766
1825,12161.817443205424,12349.191199895557,0.24731,12349.191199895557,1.5406723342555662,11914.291613108644,-2.0352700675923097,12111.244063282851,-0.4158373545627203
1826,46518.86247871605,48445.213140952445,0.06139,48445.213140952445,4.1410098175073795,46739.12544372881,0.47349172631538927,46219.82999070576,-0.6428198629042314
1827,54895.48439998947,60349.67050625338,0.0136,60349.67050625338,9.9355824361119,58224.345346001755,6.063997763016227,55853.67417894398,1.7454801418141486
1828,28010.818485868465,29142.26751831163,0.12058,29142.26751831163,4.039328707991818,28115.968718933203,0.37539150495651263,28162.345092915268,0.5409574415801144
1829,72429.79358598807,76379.6870622254,0.07117,76379.6870622254,5.453409820294541,73689.83524888913,1.7396731379679453,72244.98382039086,-0.25515710655422685
1830,22129.204996029992,22763.67998965467,0.24583,22763.67998965467,2.8671386691862866,21962.014936372954,-0.7555176956742571,22251.3568149224,0.5519937065715741
1831,9654.58315257006,10047.774118751791,0.00961,10047.774118751791,4.072583559209009,9693.923187007342,0.40747522514019696,9208.240057777579,-4.623121348058035
1832,24408.68462244715,25205.105400338565,0.05997,25205.105400338565,3.262858241689104,24317.461039983973,-0.37373411912283716,24144.063946683324,-1.0841250966898475
1833,28925.44873533708,30214.444402310317,0.04748,30214.444402310317,4.4562685224603715,29150.38691280671,0.7776480134423336,28433.237537713318,-1.7016544916119036
1834,17405.43344154439,17712.105656416177,0.33418,17712.105656416177,1.7619338001649831,17088.34112751596,-1.8218007330490948,17416.907435124253,0.06592190661840469
1835,129113.58888523464,137184.0816291588,0.03348,137184.0816291588,6.250691978748879,132352.89070754056,2.5088775320041945,125943.7216263705,-2.455099642286096
1836,22256.09468337362,22528.92953668838,0.32422,22528.92953668838,1.2258882665456161,21735.531654376857,-2.3389684327037363,22126.92708225049,-0.5803695704962197
1837,22580.969557982444,23482.6170639945,0.14667,23482.6170639945,3.9929530204486863,22655.633313196886,0.33064902294264176,22702.033845341026,0.5361341418388621
1838,235000.45472386107,256419.40745784657,0.0503,256419.40745784657,9.114430335530187,247389.1242156124,5.271764050971184,240765.85372957637,2.4533565317947925
1839,53695.94037407399,54482.40470516712,0.3424,54482.40470516712,1.4646625529122215,52563.70615156185,-2.1086030240357156,53406.548787524196,-0.5389450013050134
1840,25216.583676299168,25719.47786990126,0.24554,25719.47786990126,1.9942994660087754,24813.718932579937,-1.5976182534903738,25121.352922269187,-0.37765129191345004
1841,22446.624556241073,22965.10341012888,0.15453,22965.10341012888,2.3098299371860254,22156.34485890746,-1.293199770888942,22235.52052745714,-0.9404711530457521
1842,11521.21817220572,12733.78679726623,0.01943,12733.78679726623,10.524656394284438,12285.342965866925,6.63232639326814,11458.805518158495,-0.5417192272062943
1843,17317.08013287449,18250.90778996949,0.096,18250.90778996949,5.392523739162214,17608.168348344283,1.680931272687225,17499.35409670449,1.052567536971627
1844,6199.361870750642,6338.738232464243,0.33221,6338.738232464243,2.2482372318221255,6115.507852965995,-1.352623375323203,6253.913183494965,0.8799504510569545
1845,26511.500143005575,27020.85566459869,0.33755,27020.85566459869,1.921262542087776,26069.26630356732,-1.668083047178781,26529.61933101754,0.0683446350234096
1846,18124.871732254614,18570.614843592994,0.2001,18570.614843592994,2.459289742421422,17916.6163273237,-1.1490034688648731,18094.656030957613,-0.1667084972702515
1847,20939.97216659284,21633.645088189736,0.22674,21633.645088189736,3.312673560777535,20871.776302027607,-0.32567313854424684,21103.846469540134,0.7825908346178911
1848,5767.776750241799,5875.726328100701,0.34769,5875.726328100701,1.871597714914608,5668.801768362278,-1.715998835693,5798.561650073291,0.5337394487434199
1849,12535.09337357612,12692.440105080372,0.34576,12692.440105080372,1.2552497760881298,12245.452373846298,-2.3106409429736074,12494.096729264782,-0.3270549575462911
1850,68799.26753212187,73037.34927132676,0.04947,73037.34927132676,6.160068110065509,70465.20405922736,2.4214451503101753,68903.41921086886,0.15138486568677667
1851,10678.184517294858,11074.159488448073,0.11785,11074.159488448073,3.7082611797153,10684.162499367592,0.055983131430736854,10725.918994025973,0.44702801917124724
1852,28656.86324941898,29605.09574383309,0.12467,29605.09574383309,3.3089193543656137,28562.497593284665,-0.32929513364038376,28672.989852507937,0.05627483702104197
1853,18717.77610721512,19137.926780147907,0.16976,19137.926780147907,2.2446612809458255,18463.94932576086,-1.3560733924817936,18648.791695724194,-0.3685502545589969
1854,36806.467495479155,37615.13810282887,0.26634,37615.13810282887,2.1970883444575096,36290.451509751314,-1.4019709601070018,36756.08812045903,-0.13687641995611122
1855,17912.343846237447,18483.561388888906,0.12641,18483.561388888906,3.1889603479861917,17832.62862088331,-0.4450295619513822,17828.454127938654,-0.46833468036855397
1856,18363.54138158083,19122.33675679433,0.27305,19122.33675679433,4.132075395732726,18448.90833388673,0.4648719467124529,18710.00987240196,1.8867193621413758
1857,37358.9908530598,38168.096870507485,0.16094,38168.096870507485,2.165759831763281,36823.93681267576,-1.4321961813382633,36961.62829539437,-1.063633006652498
1858,67103.44940378398,71839.49025251817,0.04514,71839.49025251817,7.057820262317427,69309.52985915517,3.2875813016652433,67140.10429244678,0.054624447757123384
1859,55558.02392201254,59572.06159252605,0.03089,59572.06159252605,7.2249467982303806,57474.12136702746,3.4488221678016684,54841.000622120926,-1.2905845983617104
1860,51134.56317228558,53007.73988107258,0.08231,53007.73988107258,3.6632300983500787,51140.9743741152,0.012537902803644307,50756.67581639253,-0.739005737899534
1861,24920.364378534316,25750.639044852545,0.05838,25750.639044852545,3.3317115821685395,24843.78270917608,-0.307305576254735,24367.67637497111,-2.2178167027095075
1862,9411.443267689589,9859.796514545067,0.07089,9859.796514545067,4.763915948946096,9512.565561475447,1.0744610673372623,9333.568707127431,-0.827445465559018
1863,27987.614459800225,28563.899130265378,0.31541,28563.899130265378,2.0590703480387607,27557.968642373948,-1.5351283977539265,28039.494464304174,0.18536772606492224
1864,36694.30040115098,37267.64756939746,0.10607,37267.64756939746,1.562496523924728,35955.198497543395,-2.0142144570888143,36060.00393630822,-1.728596697330309
1865,15465.673884252185,15713.108436163828,0.27112,15713.108436163828,1.599895056390599,15159.74228809711,-1.9781329830482641,15411.110245310278,-0.3528047943482493
1866,16808.02200958181,17042.65478285,0.37868,17042.65478285,1.39595708010396,16442.466203465454,-2.174888906665895,16784.26209283015,-0.14136057614700936
1867,128791.95365674909,143840.2210909326,0.0211,143840.2210909326,11.684167377637223,138774.6219190359,7.751003054812111,132538.55139984883,2.9090309112671964
1868,17692.85251141826,18414.504926085952,0.11394,18414.504926085952,4.078779350033956,17766.004109019643,0.4134528197427434,17803.509806236918,0.6254350153387822
1869,105545.71656547846,114367.72334175112,0.0348,114367.72334175112,8.358469735528917,110340.05263700827,4.542426000353594,105776.67074726213,0.218819094984668
1870,30222.02841804141,31339.014512197264,0.11496,31339.014512197264,3.695933571053933,30235.35320830726,0.044089662287194464,30195.75504369387,-0.08693451671779595
1871,28114.157813049387,29198.9054778232,0.1115,29198.9054778232,3.8583679866459164,28170.612068045655,0.2008036497898047,28044.521700489517,-0.24769055158233577
1872,16610.727284373697,16809.470574694802,0.31331,16809.470574694802,1.1964755481120193,16217.494008075331,-2.3673453279092427,16519.381569593108,-0.5499200198568199
1873,21635.256427758995,21898.93404866382,0.34028,21898.93404866382,1.2187404470349383,21127.72262156094,-2.345864528542707,21512.76172923034,-0.5661809414539198
1874,18072.25646777866,18256.382922283497,0.36878,18256.382922283497,1.018834891111231,17613.450663756972,-2.538730040931536,17962.132793825724,-0.6093520980585909
1875,31287.261461905495,31671.867109878487,0.35945,31671.867109878487,1.2292723300224795,30556.483786720233,-2.3357035452752473,31108.289617337843,-0.5720278356274866
1876,70859.48573557823,77428.03488863855,0.01228,77428.03488863855,9.269823348100136,74701.26356947099,5.42168461147019,69587.91689167595,-1.7944934692968428
1877,25627.076049573177,26499.73172354353,0.07551,26499.73172354353,3.405209678553578,25566.494705022786,-0.23639585114276773,25534.620221975696,-0.360774000977071
1878,119712.82068266284,128971.70882840792,0.04003,128971.70882840792,7.7342494253716865,124429.73178968889,3.940188761845076,120829.530673521,0.9328240571812696
1879,17699.09376238989,18158.456510038777,0.10909,18158.456510038777,2.595402644993161,17518.97291106666,-1.017684033664945,17479.17283516103,-1.2425547329219078
1880,65283.943844941095,68646.9763201639,0.03452,68646.9763201639,5.151392941594479,66229.44620401647,1.44829234171433,63424.52925812821,-2.848195861495839
1881,12034.472560577668,12309.835989423846,0.3064,12309.835989423846,2.2881221213483682,11876.322369093765,-1.3141431058804276,12099.404423961241,0.5395488922071756
1882,13605.51575012804,13747.685223772687,0.1217,13747.685223772687,1.0449399806347737,13263.535085815,-2.5135442903722383,13243.978060358635,-2.6572876501649856
1883,16458.571159078052,17095.643657412264,0.10286,17095.643657412264,3.8707643098339073,16493.58897689782,0.21276341355096484,16578.583667054576,0.729179385115275
1884,56396.301635164265,60347.68809978087,0.07276,60347.68809978087,7.006463810656749,58222.43275363624,3.238033462345591,57795.21479867434,2.480505144751932
1885,25003.879666629815,25568.438928214844,0.15937,25568.438928214844,2.257886652440133,24667.999106312895,-1.3433137768823378,24762.580880418496,-0.9650453826705818
1886,13758.153869261934,14105.073714547732,0.21949,14105.073714547732,2.5215581144275134,13608.337480509374,-1.0889279926377005,13826.418479073287,0.4961756530712069
1887,38136.8841810638,39030.777652737794,0.19102,39030.777652737794,2.343907980080462,37656.236697108965,-1.2603218492440171,38045.47813890196,-0.23967884142779283
1888,17559.744115409223,17918.361219359158,0.31049,17918.361219359158,2.0422683929388175,17287.33301969343,-1.5513386409585772,17609.774640316744,0.28491602485036793
1889,83631.83390249993,87084.0001334226,0.05633,87084.0001334226,4.127813620525522,84017.17615598695,0.46076025779400176,81854.83317586011,-2.1247898601763127
1890,9754.59988651117,9907.175217462587,0.29579,9907.175217462587,1.5641372555157407,9558.275735823947,-2.0126315068924927,9732.899225290226,-0.22246592862258385
1891,24340.52245006393,24983.956553850203,0.09412,24983.956553850203,2.643468746845179,24104.1003587608,-0.9713106684056005,23997.795937027557,-1.4080491235942016
1892,14535.51969459124,14947.22878929823,0.13744,14947.22878929823,2.8324346384408283,14420.834508178812,-0.7889995598513222,14408.952309105138,-0.8707455126850228
1893,22100.479622710292,22569.686100123057,0.32882,22569.686100123057,2.1230601571678553,21774.852900120706,-1.473392107992877,22167.72944697444,0.3042912435033518
1894,14253.693906487004,14537.79389092456,0.29521,14537.79389092456,1.9931674294497048,14025.818616300108,-1.5987104232902505,14291.002693999153,0.261748201953238
1895,87119.25444437956,91724.06781321664,0.09308,91724.06781321664,5.285643682564989,88493.83527857743,1.577815194774712,87148.27311436208,0.03330913489514309
1896,40753.63691403878,52878.416415204054,0.00607,52878.416415204054,29.751404829806827,51016.20527305953,25.181969355685908,46463.959813627655,14.01181178414479
1897,16729.887161898037,17938.350110848736,0.03025,17938.350110848736,7.223377762540717,17306.617965433976,3.447308388603054,16715.444138127557,-0.08633067055809907
1898,25162.448253518625,26461.288977991095,0.0951,26461.288977991095,5.16182174081905,25529.40579178901,1.4583538715040145,25308.21218065818,0.5792915127770693
1899,34444.7207277739,35404.76266878696,0.28226,35404.76266878696,2.7871961819651236,34157.918530923554,-0.8326448604911718,34673.527414570985,0.6642721495854431
1900,44350.91930208586,45995.005792133765,0.15116,45995.005792133765,3.7069952910098625,44375.206674161585,0.054761823335147675,44326.24670629614,-0.05563040446054934
1901,55191.94354407373,57103.27476124339,0.12765,57103.27476124339,3.4630619877398683,55092.27742580215,-0.18058091792325648,55137.615715255204,-0.09843434626494174
1902,12960.389387369834,13561.898520150007,0.05733,13561.898520150007,4.641134728300345,13084.291204254763,0.9560038142501615,12704.575550675136,-1.9738128928749155
1903,29629.82467893463,31029.78501848044,0.05632,31029.78501848044,4.724835042784159,29937.013802602105,1.0367564674990115,29711.928684388364,0.2770991942861789
1904,23967.763456907825,25217.964831952435,0.0502,25217.964831952435,5.216178711427855,24329.86760295206,1.5107965609526763,24005.260071280663,0.15644602985278588
1905,56336.745600842034,58588.133647508264,0.07919,58588.133647508264,3.996304761048508,56524.84426268334,0.33388272580392453,55578.05521102493,-1.3467061004776348
1906,14360.369923503502,14670.684262873416,0.29835,14670.684262873416,2.160907699613124,14154.0290082476,-1.4368774366890436,14404.854964220365,0.309776426051922
1907,14108.980935589823,14438.4164209478,0.182,14438.4164209478,2.3349346551810646,13929.940907557038,-1.2689791619262647,14129.926136157777,0.14845296526782015
1908,47900.79122768249,50738.031659736866,0.03284,50738.031659736866,5.923159846292259,48951.19812173257,2.1928800488018485,47155.91875674374,-1.5550316640871698
1909,59515.52091659433,63257.94214165359,0.11327,63257.94214165359,6.288143273254598,61030.196821893034,2.5450099099718626,60527.569922436356,1.700479119153342
1910,72669.14817967011,78186.36833482106,0.03478,78186.36833482106,7.592245531088304,75432.89090210703,3.803185797091957,72131.0907139602,-0.7404207689067577
1911,11731.142882786144,12031.693682232866,0.39623,12031.693682232866,2.5619907834192324,11607.975357198426,-1.0499192347955266,11863.522166389366,1.1284431953980434
1912,45737.5802760929,46861.53889218901,0.15319,46861.53889218901,2.4574072552841386,45211.22320992925,-1.1508196607391885,45411.56954927058,-0.7127852519839717
1913,18515.022742893216,19385.39467672923,0.12055,19385.39467672923,4.700895839677521,18702.702183095957,1.0136603276643452,18654.572036039383,0.7537084619554824
1914,21758.770114896044,22322.918792094337,0.29828,22322.918792094337,2.592741566822654,21536.775958817794,-1.0202513970505755,21896.909670117908,0.6348683978571579
1915,21909.463334400687,23369.574913718337,0.06302,23369.574913718337,6.664296413984205,22546.57215112058,2.9079161227995476,22213.2950077084,1.3867599980445844
1916,41459.21637175418,43169.08410060715,0.04745,43169.08410060715,4.1242162261848625,41648.80503670519,0.4572895523422771,41198.06762175037,-0.6298931163149613
1917,13483.508507983142,13784.857019473357,0.34193,13784.857019473357,2.23494138274023,13299.397808044487,-1.3654509865117848,13562.797582938876,0.5880448320167542
1918,19063.19822123524,19304.071106231157,0.35347,19304.071106231157,1.263549180995227,18624.24257240166,-2.3026338169458427,18989.764201772847,-0.38521353348041076
1919,17455.553519765028,17774.69075678097,0.2788,17774.69075678097,1.8282848301234278,17148.722177927433,-1.757786377213233,17436.414852997248,-0.10964227943908167
1920,198803.31410252443,218112.2108568375,0.02726,218112.2108568375,9.712562811883174,210430.98632647144,5.848832186947606,198845.29549556502,0.021117048893337653
1921,99562.51581054692,108248.0101874109,0.03136,108248.0101874109,8.723659005755957,104435.85648932832,4.894754455637362,101019.92392193801,1.4638120577068703
1922,25336.727180289938,27559.612034278543,0.02243,27559.612034278543,8.773370128553303,26589.04937218155,4.942714909389823,25060.72145868688,-1.0893503317893738
1923,150460.01169656057,165275.4934807363,0.05513,165275.4934807363,9.846790264814542,159455.01158380177,5.9783325721001646,155644.67940097695,3.44587750988119
1924,11831.611227864523,12359.050935152118,0.12537,12359.050935152118,4.457885719279098,11923.804119569448,0.7792082576868475,11963.6618606394,1.1160832639927065
1925,54354.566573535914,56210.58226884401,0.071,56210.58226884401,3.4146453781341624,54231.02274902875,-0.2272924471580895,53795.09613579773,-1.029297946808727
1926,12129.52120378994,12312.221236297688,0.39943,12312.221236297688,1.506242739826047,11878.623615091514,-2.0684871602354105,12141.773699355876,0.10101384349867626
1927,23789.485414506267,25390.986959049773,0.05778,25390.986959049773,6.73197219964643,24496.796436135523,2.973208580619202,24128.429383638173,1.4247637694812187
1928,44861.94541156579,47445.829036005845,0.06825,47445.829036005845,5.759633472724768,45774.93649668748,2.0351125586415275,44782.044530261024,-0.17810391540481474
1929,61577.45870082949,65248.078542961375,0.07425,65248.078542961375,5.960979747419226,62950.24689247936,2.2293680522274872,61651.6839327851,0.12053961550479997
1930,10439.1662727624,10493.993573066644,0.31169,10493.993573066644,0.5252076542481943,10124.428198719714,-3.0149732825301756,10324.965110004876,-1.093968232458331
1931,230046.1076623788,251355.0726875193,0.05221,251355.0726875193,9.262910484194787,242503.13935203728,5.415015196840756,235651.8057901296,2.4367715605855267
1932,77319.46202176124,80807.30559968959,0.06247,80807.30559968959,4.510951688912046,77961.52701825778,0.8304054111445192,75456.11544675285,-2.409932151990346
1933,72485.30930703293,77844.12989335583,0.01108,77844.12989335583,7.392974711088041,75102.70501974194,3.6109326672281394,69998.28708158674,-3.4310707220847725
1934,20350.34521489331,20833.536199845435,0.1578,20833.536199845435,2.3743625960630066,20099.844726617648,-1.2309397488369567,20175.521842142156,-0.8590683396525911
1935,97388.6253526945,104950.31072511128,0.03166,104950.31072511128,7.764444097071932,101254.29160704183,3.969320072388083,96432.80039470264,-0.9814544096195088
1936,9835.547018050056,10012.729103779044,0.36299,10012.729103779044,1.8014461768504075,9660.112346992604,-1.7836798577191115,9872.792148915069,0.3786787943432124
1937,106590.96035201188,117644.23759987862,0.03003,117644.23759987862,10.369807356424765,113501.17839123332,6.482930650404817,110133.86135501546,3.3238287668140964
1938,37935.21620145562,38659.08232281661,0.31041,38659.08232281661,1.9081639538229833,37297.63130504498,-1.6807203444544339,37917.42676043836,-0.046894265536268076
1939,17011.20070762369,17280.2436758707,0.35576,17280.2436758707,1.5815636583867754,16671.687964604615,-1.9958188069988614,16999.749148196952,-0.06731776094798247
1940,37436.12233118437,38465.48507708379,0.20462,38465.48507708379,2.7496510904441385,37110.85194404724,-0.868867732238876,37350.82321293795,-0.22785244019616346
1941,74696.21803418652,79685.15176376914,0.04759,79685.15176376914,6.67896429147099,76878.89190317124,2.9220674438775074,74758.90867588566,0.0839274642665977
1942,12235.247745081744,12425.487671149103,0.36621,12425.487671149103,1.5548514425776983,11987.901163147322,-2.0215903027697046,12244.23690054821,0.07346933755452145
1943,91625.4294924374,98236.31346463096,0.02325,98236.31346463096,7.215119218337973,94776.74016613033,3.4393406842944563,90390.41146511627,-1.3478987592882907
1944,82262.71793550705,85869.64935334197,0.08864,85869.64935334197,4.384648973867722,82845.5909824892,0.7085506795911023,81696.89113336793,-0.687828965951176
1945,6377.500479670118,6517.469617413909,0.37098,6517.469617413909,2.1947334726195367,6287.944881937018,-1.4042429007819046,6437.722709649581,0.9442920493920148
1946,8573.896947626044,9262.416032371431,0.04843,9262.416032371431,8.030410080168092,8936.222936813814,4.225919571940873,8722.92876572997,1.738203981390174
1947,14607.574889358351,15960.216495232618,0.01824,15960.216495232618,9.25986425617895,15398.147980262582,5.412076247373299,14501.54584227658,-0.7258497586687951
1948,26763.16676502372,27457.42355133642,0.28378,27457.42355133642,2.5940756279260846,26490.459645488845,-1.0189643173739493,26915.458570306655,0.5690350720452209
1949,24767.901776138595,25935.96389260135,0.07807,25935.96389260135,4.71603176974833,25022.58099997045,1.0282632179897222,24726.030866602898,-0.1690531152543362
1950,108500.24979703042,114678.51030014816,0.03669,114678.51030014816,5.694236201921465,110639.89465839707,1.9720183735698615,107422.2164223572,-0.9935768596753269
1951,25421.600581898903,26201.93220316948,0.18363,26201.93220316948,3.069561331343551,25279.182745028975,-0.5602237215989292,25466.9889216813,0.17854241567587525
1952,31522.265512119822,32000.7711576352,0.34974,32000.7711576352,1.517992560945225,30873.804870690365,-2.0571511307781343,31416.948852505448,-0.33410244442577675
1953,81744.71675344642,85135.04586718896,0.25443,85135.04586718896,4.147459613773274,82136.85791549229,0.47971438108791453,82939.55222166811,1.4616669011472405
1954,33398.67675832641,34908.6847767846,0.07501,34908.6847767846,4.5211612106211385,33679.31093853464,0.8402553856816208,33371.91687458877,-0.08012258668590455
1955,172006.76116823117,194733.38903643843,0.01968,194733.38903643843,13.212636360253004,187875.4929155752,9.225644177919046,173620.1443233312,0.93797659123529
1956,19404.883200002416,20456.66504438477,0.09995,20456.66504438477,5.420191575191868,19736.245785274383,1.7076247347467932,19574.39922643486,0.8735740621846233
1957,17297.292397556335,17675.99350264028,0.30298,17675.99350264028,2.1893663839402278,17053.500729962874,-1.4094209775161293,17344.359441750792,0.2721064263277784
1958,69855.78844446504,73594.1397841481,0.04374,73594.1397841481,5.35152694276011,71002.38616530907,1.641378254223791,69159.37163335209,-0.9969350094253149
1959,17654.924911417842,18496.904288481845,0.13105,18496.904288481845,4.769090671801579,17845.50162561224,1.0794535527655968,17821.648664488253,0.9443469961324391
1960,182062.2785578717,205657.74178789803,0.01288,205657.74178789803,12.960105419380486,198415.12439900837,8.982006580752877,185454.92088757444,1.8634515378891825
1961,9029.633765314036,9161.689675970363,0.37716,9161.689675970363,1.46247249986593,8839.043845174323,-2.1107159503172213,9038.15855658406,0.0944090479369164
1962,6259.388513742816,6354.145341804443,0.35419,6354.145341804443,1.5138352229388419,6130.372372481714,-2.0611620604447323,6269.356456662949,0.15924787059067302
1963,50632.9325080071,53126.10741435765,0.10204,53126.10741435765,4.924018386563489,51255.17337599757,1.2289252017786412,50870.628021896075,0.46944844415517384
1964,40131.70989560488,41941.08612766063,0.03204,41941.08612766063,4.508594915996622,40464.05328145543,0.8281316363421443,39471.3985012853,-1.6453607285541905
1965,45163.25096745625,47282.53011630739,0.13043,47282.53011630739,4.692485822994108,45617.38845018793,1.0055464852583684,45686.980912898034,1.159637391513657
1966,18265.726191378893,18649.181330778727,0.17549,18649.181330778727,2.0993150525864035,17992.415950489005,-1.4963009848405928,18231.983161365908,-0.18473412805734002
1967,33105.30305571286,34329.01617215067,0.08395,34329.01617215067,3.696426262518804,33120.05643491736,0.04456500271170505,32917.003100342394,-0.5687909126026569
1968,118961.36650547729,126449.6433199996,0.04215,126449.6433199996,6.294713178313671,121996.48547840059,2.551348443684498,118121.65913345822,-0.7058656072014835
1969,23217.37151681561,23987.90511977223,0.10359,23987.90511977223,3.318780519140807,23143.126716425388,-0.3197812480041029,23133.11701778232,-0.3628942189785267
1970,7714.586459833202,7830.227609420669,0.35601,7830.227609420669,1.4989935000348398,7554.471675557297,-2.0754811046523214,7725.238266918465,0.13807359786195406
1971,22291.694695690418,23457.741297862976,0.0837,23457.741297862976,5.230856684924845,22631.633593134815,1.5249576224912076,22501.465514304607,0.941026788128152
1972,15229.263989768871,15721.351105307036,0.10545,15721.351105307036,3.2311943365664453,15167.694676415738,-0.4042829213184329,15226.97396445669,-0.015037005818008264
1973,51990.85466774064,53217.35592857907,0.14669,53217.35592857907,2.3590711648743934,51343.208405182806,-1.2456926640209476,51473.75935496469,-0.994588983159761
1974,10532.549504459492,10691.865985589826,0.31726,10691.865985589826,1.5126107982011305,10315.332168609699,-2.062343364802821,10521.979231733185,-0.10035815850503171
1975,24685.373494996747,25071.56343331733,0.31531,25071.56343331733,1.5644484309660367,24188.622000088584,-2.012331290060676,24613.198528892677,-0.2923794777449862
1976,55025.791658063135,58034.628886333434,0.0562,58034.628886333434,5.468048959599847,55990.83219443253,1.7537967329325665,54457.69873674653,-1.0324120820410898
1977,17292.587176295547,18416.056753329267,0.05233,18416.056753329267,6.496827603528055,17767.501285799135,2.7463450359503927,17395.493263452267,0.5950878611026056
1978,22827.002146494797,23902.208377620005,0.03822,23902.208377620005,4.710238445788684,23060.447943397434,1.0226739166381726,22541.415904332032,-1.2510895663389476
1979,11121.347125324444,11301.676928956413,0.20997,11301.676928956413,1.6214744634788003,10903.667492804521,-1.9573135346548476,11058.517062337005,-0.5649501115235323
1980,9227.610535696498,9500.053189923305,0.35255,9500.053189923305,2.9524723997927493,9165.4912627595,-0.6731891500697085,9361.972190808308,1.4560828569003759
1981,22200.32415514867,22859.214606914386,0.12497,22859.214606914386,2.9679316714522175,22054.185125558186,-0.65827430522718,21996.726438868995,-0.9170934390724139
1982,30003.738132959235,30474.395528298275,0.32596,30474.395528298275,1.568662522160924,29401.18337955853,-2.008265605873949,29906.282953698883,-0.3248101247534163
1983,69641.2099058745,74366.06620858538,0.04188,74366.06620858538,6.784569522983452,71747.1277743537,3.0239535920262295,69038.14138734454,-0.86596502178099
1984,25389.13791343391,25886.346807693833,0.35266,25886.346807693833,1.9583528040817644,24974.711272389788,-1.6322989872958327,25442.752435655886,0.2111711016135276
1985,22586.228538025072,22914.23489822437,0.35985,22914.23489822437,1.452240508622693,22107.26777564388,-2.120587603082291,22530.43431871386,-0.24702760453025885
1986,53963.95629649458,55471.112370234216,0.18967,55471.112370234216,2.7928939558450105,53517.594649281826,-0.8271477442467479,53724.43110065057,-0.44386144434627184
1987,12419.700674798312,12679.65424566144,0.31624,12679.65424566144,2.093074363624714,12233.116792092358,-1.5023218964090201,12481.467231953611,0.4973272607175838
1988,64987.556010510794,68451.74667626618,0.03639,68451.74667626618,5.330544612564148,66041.09193277152,1.6211348555565497,63315.61760104,-2.5727054717989084
1989,28487.935792909575,30455.59373653325,0.04902,30455.59373653325,6.906986725634967,29383.043727632226,3.142059646685369,28653.76966605511,0.5821196535650941
1990,19027.216474716435,19548.41243712171,0.12456,19548.41243712171,2.7392128696167806,18859.978971834018,-0.8789383518322036,18986.364334634643,-0.2147037121066897
1991,66695.8495499795,67573.64884727816,0.03235,67573.64884727816,1.3161228220668786,65193.91794136962,-2.2519116537894623,62940.6847221266,-5.630282623567018
1992,33085.25107926559,34412.31167067774,0.03619,34412.31167067774,4.011033763149552,33200.41852855141,0.3480930188799247,32629.494553894452,-1.3775217370399773
1993,13326.88257852779,13671.588468736594,0.24991,13671.588468736594,2.586545564408227,13190.118218618145,-1.0262291957910619,13416.867617811566,0.6752144678513261
1994,137889.13776522997,162950.58074698993,0.01104,162950.58074698993,18.17506686018269,157211.97494791923,14.013313518276039,147884.14336941004,7.248580828170503
1995,40270.1520948699,43500.06266521032,0.0138,43500.06266521032,8.020606832403487,41968.12757957776,4.216461563660623,39255.27997783008,-2.5201596324964104
1996,107676.20945088744,113286.55856225,0.08304,113286.55856225,5.210388757157647,109296.96307298016,1.5052105106206914,108529.12586819226,0.7921122239113121
1997,48669.112379232574,49472.724876323286,0.34734,49472.724876323286,1.6511755768811254,47730.451454715105,-1.9286584008423424,48507.19529487634,-0.33268961861182555
1998,25812.372143390483,26354.093319896652,0.16542,26354.093319896652,2.098688076775157,25425.985226869172,-1.4969058805401114,25591.984942899424,-0.8538045215944701
1999,12886.33705137684,13058.90349823229,0.32337,13058.90349823229,1.339142738292809,12599.01008146185,-2.2297024264493426,12843.715159800895,-0.33075257465341457
2000,135942.3976999208,143641.53095104583,0.04436,143641.53095104583,5.663526156218079,138582.92901956243,1.942389838871561,132932.03322574403,-2.214441208269591
2001,47978.642775290646,49066.10911256924,0.35443,49066.10911256924,2.266563358975726,47338.155416421236,-1.3349426366001005,48119.45963993769,0.29349905812585675
2002,17524.5029265513,18033.892917484543,0.16659,18033.892917484543,2.9067300400370755,17398.796055591287,-0.7173206081044103,17521.62798639823,-0.016405259339558054
2003,5004.010286409316,5079.897741150114,0.31057,5079.897741150114,1.516532748681687,4900.999755623366,-2.0585595330553708,5010.947296300144,0.13862900941008505
2004,10131.273331486307,10323.173752340075,0.34398,10323.173752340075,1.8941392120709333,9959.624113618782,-1.6942511790109194,10165.019494160926,0.3330890557432742
2005,59127.89398604188,61985.21351850872,0.03696,61985.21351850872,4.8324392090497215,59802.289688944395,1.1405711542198826,57560.39673642695,-2.651028379236653
2006,53347.95893270315,57313.83962699897,0.02485,57313.83962699897,7.4339876794511595,55295.42686073099,3.650501288127095,52491.480975248785,-1.6054559060727835
2007,10195.123339812655,10313.420982430582,0.37223,10313.420982430582,1.1603355709878027,9950.214805522699,-2.402212568960016,10166.707839821991,-0.27871658874101257
2008,38875.996964404694,41131.16207643344,0.04467,41131.16207643344,5.800919045480946,39682.65220225984,2.0749441836661386,38549.34128482302,-0.8402502960393798
2009,13644.2307522482,14194.871348458264,0.09764,14194.871348458264,4.035702753849524,13694.97272481479,0.3718932454893409,13669.995540520758,0.18883283887816127
2010,48383.85414005185,49346.04561863925,0.36962,49346.04561863925,1.9886623248372093,47608.233441166776,-1.6030568723193528,48434.225084671714,0.10410692888180861
2011,6544.455802424392,6620.535906721715,0.26572,6620.535906721715,1.1625123095665213,6387.381501422237,-2.400112488252515,6511.703712660695,-0.5004555115425191
2012,73790.36817783822,75843.77214332839,0.15418,75843.77214332839,2.782753381229064,73172.79356411801,-0.8369311997899587,73278.70400672166,-0.6934023826570712
2013,117300.3012029939,140125.42476222065,0.01354,140125.42476222065,19.458708396431778,135190.6490071942,15.251749245929203,124956.35665840706,6.526884736778293
2014,15442.469953667623,15677.569449176386,0.19905,15677.569449176386,1.5224215829082732,15125.454872204931,-2.0528780850073813,15301.296082675964,-0.9141922983514017
2015,67362.51091113448,70754.07734261376,0.04084,70754.07734261376,5.03479811783365,68262.34177048558,1.3358036201147172,66507.82472667657,-1.2687861139639267
2016,153146.498301445,162054.04010764763,0.08187,162054.04010764763,5.816353560150955,156347.00764380806,2.089835143382346,152520.49164564995,-0.4087632840046207
2017,18541.37918407856,18803.244867132187,0.32211,18803.244867132187,1.4123311996040222,18141.053854733083,-2.159091432039939,18486.98852442651,-0.2933474317744156
2018,110681.6872319426,118697.38698288254,0.03434,118697.38698288254,7.242119226229704,114517.23917271837,3.4653898370179848,110737.98638837271,0.050865827796897634
2019,82031.08163634797,86458.51521526123,0.03821,86458.51521526123,5.397263440387778,83413.71884498192,1.6855040565761703,81671.36786482733,-0.43850911672148607
2020,30544.855333168147,32121.51354075469,0.07006,32121.51354075469,5.161779914781528,30990.29508768202,1.4583135184476737,30505.88341484822,-0.12758914028185853
2021,108907.08470563043,116895.1165590259,0.01657,116895.1165590259,7.334721955864176,112778.43903205082,3.5547313904181976,107936.03936167099,-0.8916273414021902
2022,34099.39864729457,35810.01745302269,0.06619,35810.01745302269,5.0165659031756515,34548.90151910764,1.3182134865851403,34153.86155524059,0.15971808919374997
2023,134876.73410351714,144028.00087790654,0.0399,144028.00087790654,6.784911300837004,138955.7886938344,3.0242833335411223,132937.21558202966,-1.4379933903195696
2024,60771.92408608281,66686.8924771505,0.03124,66686.8924771505,9.73306091590782,64338.39033535344,5.868608412362875,62796.78309061915,3.3318987920608834
2025,51904.284612675525,53372.181600843935,0.04217,53372.181600843935,2.828084423323185,51492.581605313906,-0.793196574105326,50638.41723692414,-2.4388494807271566
2026,50683.22984572323,51982.70930296785,0.15387,51982.70930296785,2.5639239275006,50152.04214185724,-1.048054169955026,50143.896465510894,-1.0641259088144839
2027,24143.469621739845,24619.39406849167,0.3313,24619.39406849167,1.9712346825382587,23752.376614958215,-1.6198707679921598,24180.50612658236,0.15340174971854026
2028,15934.817854532968,16367.01003312319,0.12582,16367.01003312319,2.7122505103958527,15790.615532048274,-0.9049511817524336,15784.073160731445,-0.9460082642779755
2029,20109.7237929281,20994.172266019843,0.08904,20994.172266019843,4.3981134808165345,20254.823696900392,0.7215410090481544,20219.882026829993,0.5477859121099993
2030,58461.422526541166,60911.84280223156,0.12485,60911.84280223156,4.191516678503526,58766.719705802054,0.5222198948755974,58816.25364203408,0.6069491643516223
2031,53894.58100021116,57654.04464686368,0.03899,57654.04464686368,6.975587483717138,55623.65093219455,3.208244502312052,53285.12036257586,-1.1308384374171476
2032,16906.20650886909,17155.15221959283,0.10068,17155.15221959283,1.472510764571222,16551.00183510201,-2.1010312016521038,16664.061797854756,-1.4322829363719425
2033,42597.559503151344,44587.93069862746,0.09995,44587.93069862746,4.672500534517399,43017.684330049036,0.986265015643939,42780.24848880658,0.4288719536660768
2034,25035.79149541,25408.11096202244,0.36721,25408.11096202244,1.4871487753071344,24513.31738570199,-2.0869086955121796,24983.167967311547,-0.21019318725394864
2035,20609.583583400552,21141.587135422873,0.33722,21141.587135422873,2.5813406169487463,20397.04707928602,-1.0312508414081378,20787.43670336322,0.8629631901243995
2036,41790.8493530784,45546.73549226654,0.03504,45546.73549226654,8.987341002466298,43942.72304121249,5.149150403605218,42395.54208630071,1.4469500921444167
2037,28919.226211125148,30407.267925614837,0.09923,30407.267925614837,5.145510130963471,29336.41979944114,1.4426167051298844,29300.224330351342,1.3174561326251055
2038,20062.93855048205,20839.4118845328,0.11574,20839.4118845328,3.870187470778519,20105.51348821173,0.21220688894876272,20228.03668378042,0.8229010565075301
2039,34245.640107369196,40232.82423255015,0.00735,40232.82423255015,17.483055087916412,38815.950985486445,13.34567221926093,35451.7983541619,3.5220782645939197
2040,13313.470301544785,13804.470383649948,0.12191,13804.470383649948,3.6879947225194387,13318.320451360267,0.036430394973119284,13379.01880323631,0.4923472258312689
2041,5550.916402761087,5671.842768216745,0.23557,5671.842768216745,2.1784937239463398,5472.098344773154,-1.4199107366979602,5557.977620083477,0.12720813663988917
2042,60617.22392434458,62898.1992182054,0.13075,62898.1992182054,3.762916125469018,60683.12291022259,0.10871330227899545,60447.77484045839,-0.27953949870366257
2043,8614.20902176979,8902.157760946646,0.05671,8902.157760946646,3.342718274529366,8588.651826098025,-0.29668650490343174,8547.972582659453,-0.7689207325123459
2044,6008.797972844409,6133.589937671518,0.29227,6133.589937671518,2.076820778316768,5917.584234444875,-1.5180030816771772,6039.780490038764,0.5156192192577347
2045,111522.94183137023,119704.15015623072,0.05743,119704.15015623072,7.33589716206644,115488.54732063258,3.5558652095625254,112897.307326739,1.2323612279228513
2046,60906.60686758502,62452.53077000942,0.17922,62452.53077000942,2.5381875332266324,60253.14949993047,-1.0728842095492297,60554.37607335916,-0.57831294885895
2047,18850.741309500445,19097.14673398564,0.20847,19097.14673398564,1.3071391752695227,18424.605424277062,-2.2605789248649755,18646.796614478306,-1.0818921742847043
2048,23180.639730619383,24194.279336772313,0.09502,24194.279336772313,4.372785298129678,23342.233084038093,0.6971048051157114,23409.614945523714,0.9877864354272958
2049,75408.8659258746,78310.34306564635,0.04085,78310.34306564635,3.8476604894494004,75552.49963370734,0.19047323689223017,73267.09450060021,-2.840211689935379
2050,21960.223878225264,22287.38120059316,0.34774,22287.38120059316,1.4897722545182734,21502.489889267254,-2.0843776069691122,21914.899131595048,-0.20639473842140044
2051,16597.202516903762,16869.850481321697,0.11875,16869.850481321697,1.6427344556424472,16275.747524721117,-1.9368022523991835,16404.819735378864,-1.1591277586024629
2052,35792.283083734925,37023.38527154732,0.06051,37023.38527154732,3.4395743488401465,35719.5383478569,-0.2032413962189672,35023.48891035979,-2.147932758512683
2053,8535.779879747846,8771.701657817786,0.12894,8771.701657817786,2.763915909191761,8462.789975696021,-0.8551052754418142,8545.306800177807,0.11161159922321584
2054,30064.988999613317,31623.251140377062,0.0564,31623.251140377062,5.182979248001018,30509.579918416784,1.4787662779759625,30044.550106895236,-0.06798237218161862
2055,23461.839968382195,24131.9353760731,0.20808,24131.9353760731,2.8561076564921795,23282.084681113298,-0.7661602308733695,23524.09744330032,0.2653563190356145
2056,31571.643589110547,32499.287400612116,0.0513,32499.287400612116,2.938218306194007,31354.76494301871,-0.6869412594238233,30871.30394261307,-2.2182552660610644
2057,6867.5462012183225,6979.136557085073,0.15066,6979.136557085073,1.6248941411847184,6733.353367265207,-1.9540142872181754,6777.039154172984,-1.3178949859744993
2058,72703.0870218757,80031.8233967816,0.02655,80031.8233967816,10.080364775571017,77213.35485405162,6.203681324864263,74437.53420310793,2.385658233068355
2059,14014.121717738866,14688.446128266169,0.09963,14688.446128266169,4.81174934904236,14171.165356730393,1.1206099258631586,14175.485160298611,1.1514345729957132
2060,39786.29540140031,41229.17589340206,0.10596,41229.17589340206,3.626576632593359,39777.21428155519,-0.02282474342860663,39292.283318242226,-1.2416639402438534
2061,14935.976713564303,15273.526159956811,0.18984,15273.526159956811,2.2599757141155585,14735.64071400141,-1.3412982853739597,14901.84572781577,-0.22851525817885188
2062,29024.09430322792,30343.020917807713,0.13704,30343.020917807713,4.544247275385627,29274.43536872877,0.8625284320172844,29285.91518586474,0.9020811464483858
2063,78521.59851003553,83097.366062743,0.0749,83097.366062743,5.827399899560959,80170.93877055941,2.100492465538739,78592.85376361122,0.09074605577035211
2064,311850.8734284568,381994.83604067547,0.0119,381994.83604067547,22.492790172771727,368542.18204417493,18.178980226176588,341156.8989768078,9.397448602969604
2065,11801.293118925858,11992.92102682993,0.34745,11992.92102682993,1.623787376289787,11570.568152499138,-1.9550820753422737,11810.683708768289,0.0795725497858557
2066,69459.5920276376,73927.3811077044,0.04717,73927.3811077044,6.432213247508112,71323.89177989714,2.6840061938713244,69950.49667363235,0.70674853056929
2067,184041.80360612427,205520.3624897661,0.02728,205520.3624897661,11.670478371103666,198282.58316670792,7.737796131938013,187559.18735958968,1.9111873957685654
2068,20528.03676039376,21008.136515718892,0.11492,21008.136515718892,2.3387514399400455,20268.29616974332,-1.2652967922951897,20195.37533303312,-1.6205223677427716
2069,5504.759137812139,5615.685384979672,0.33957,5615.685384979672,2.015097198451099,5417.918647553692,-1.5775529516258158,5538.224538981579,0.6079357939490437
2070,33159.87926240921,34386.06287003203,0.12461,34386.06287003203,3.6977927389888032,33175.094127922646,0.045883356187870206,33170.957325091644,0.03340803081570698
2071,24340.78401699912,24831.795758566295,0.25315,24831.795758566295,2.017238808841415,23957.29818704365,-1.5754867620026314,24287.074168936073,-0.22065783922793347
2072,25891.00983316611,26774.661649240003,0.07913,26774.661649240003,3.4129677512305667,25831.742465373743,-0.2289109933303779,25344.92856000361,-2.1091540140044107
2073,12874.726330929834,13131.02676173012,0.18845,13131.02676173012,1.9907252722301205,12668.593390967131,-1.6010665754307762,12828.664640735587,-0.3577683052073066
2074,49208.48239205448,53681.01376338612,0.0127,53681.01376338612,9.088943925760674,51790.53767259593,5.247175192215159,48314.89584046607,-1.8159197523488158
2075,6421.010335416708,6517.9692367498765,0.3412,6517.9692367498765,1.5100256232008835,6288.426906254879,-2.0648374980885897,6430.22454877602,0.14350098937685463
2076,9636.309612149584,9860.93983551249,0.20706,9860.93983551249,2.331081424362802,9513.668618282389,-1.2726966941013163,9659.012463160587,0.23559694452301994
2077,17076.658169879767,17620.018645000222,0.07949,17620.018645000222,3.1818899793804256,16999.49713036426,-0.4518509344621391,16998.27012779075,-0.45903619612928104
2078,16464.68414728757,17258.047903182593,0.06673,17258.047903182593,4.81857865476103,16650.273857064793,1.1271987249618531,16583.62176137517,0.7223801745822822
2079,23527.737179795255,24268.686643544064,0.19933,24268.686643544064,3.149259353275635,23414.020000012973,-0.4833324127742178,23611.11330388633,0.35437374811664313
2080,26591.95048595585,27165.412935333825,0.33286,27165.412935333825,2.1565264634530568,26208.732722902383,-1.44110437952214,26657.17662889374,0.2452852902698366
2081,44996.18863890486,48270.883829186154,0.03947,48270.883829186154,7.27771682299756,46570.93546079991,3.49973379863886,45184.14044999622,0.4177060697288848
2082,58288.29320326962,60174.95977911105,0.07526,60174.95977911105,3.236784733534792,58055.787379944064,-0.39888940050918364,57074.04331807414,-2.083179689206216
2083,35850.85246117539,37167.05117754813,0.09146,37167.05117754813,3.6713177679613462,35858.144793513806,0.020340750185265932,35989.32397565016,0.3862432967939089
2084,20747.538889592834,21384.93081628409,0.14274,21384.93081628409,3.0721327000909016,20631.82096277827,-0.5577429083533758,20806.604006890684,0.28468493353435154
2085,40459.934802116426,42020.81704089927,0.06363,42020.81704089927,3.8578466485843066,40540.976323258576,0.20030067161134202,39664.896577510495,-1.9650012499880298
2086,17597.929658664478,17866.109576866736,0.33,17866.109576866736,1.5239287996029693,17236.921515341317,-2.0514239477336216,17560.802133341298,-0.21097666625176092
2087,132910.3123501984,145576.94058589265,0.02026,145576.94058589265,9.530207259102387,140450.17962789215,5.6728986219123145,131899.79655787142,-0.7602990125133546
2088,30376.49407560609,30822.18257530556,0.28782,30822.18257530556,1.4672150729118538,29736.722463068854,-2.1061403957443714,30176.226046782383,-0.6592861846572706
2089,37920.22325611821,39359.403839461585,0.0693,39359.403839461585,3.795285100572743,37973.28970543588,0.13994234411345285,37765.25079784045,-0.4086802370098397
2090,30738.711864471446,31361.98832311099,0.36773,31361.98832311099,2.0276596540141245,30257.517954018935,-1.5654329061481786,30814.699798087287,0.24720597906273678
2091,12192.41560490558,12396.362886999848,0.30992,12396.362886999848,1.6727389280612348,11959.802062088298,-1.9078544429185218,12192.330872633484,-0.000694958856739536
2092,62840.66899925185,65643.14487488555,0.09882,65643.14487488555,4.459653151794196,63331.40023352615,0.7809134468000911,62687.561623855494,-0.24364377056230735
2093,26211.39198288841,27105.343429280532,0.14992,27105.343429280532,3.410545487152006,26150.77867550045,-0.23124795290357936,26324.48262708971,0.4314560793838407
2094,127166.24169319747,136195.4211140669,0.0451,136195.4211140669,7.100295880925156,131399.04769932228,3.3285610628777773,126547.71865785668,-0.48638933344672397
2095,39637.68909286541,41250.81948244021,0.05991,41250.81948244021,4.069688285297013,39798.0956516126,0.4046819136488633,38961.91998820045,-1.7048650416570332
2096,64083.90724178633,67489.08207037854,0.09553,67489.08207037854,5.313619245693957,65112.329339779964,1.6048055467551947,64979.704588304514,1.3978507008606256
2097,47016.19052620316,49398.64947377169,0.08853,49398.64947377169,5.067316005197697,47658.98475433998,1.3671763299890838,46986.70723034028,-0.0627088148420829
2098,24831.54737323913,25658.035441429776,0.18365,25658.035441429776,3.328379241808155,24754.440312759634,-0.31052056209188716,24981.07341825975,0.6021616082683812
2099,86680.0485872561,92588.96587737543,0.05147,92588.96587737543,6.81692890858403,89328.27435925895,3.0551733820696203,86700.32333861671,0.023390332251849166
2100,80885.67556392803,85816.34214689147,0.07257,85816.34214689147,6.095846450669118,82794.16108781425,2.3594851753174106,81222.60725994143,0.41655298501785953
2101,24498.847612060705,25163.508393612505,0.19152,25163.508393612505,2.7130287598694736,24277.328948712206,-0.9042003397720877,24603.170197215197,0.4258264992967886
2102,69000.9570410356,73082.74482076986,0.05287,73082.74482076986,5.9155524137249005,70509.00092051548,2.1855405260292837,68886.81209406667,-0.16542516490175574
2103,197468.4039174652,221530.68179053676,0.01015,221530.68179053676,12.185381253766913,213729.06948963218,8.234565758157109,194814.71249206597,-1.3438562183894498
2104,340173.10865179147,417038.63030915946,0.01136,417038.63030915946,22.596001771571306,402351.8443440051,18.27855703781134,369127.31878071773,8.511610527851698
2105,57321.44889345693,61048.35304846954,0.02525,61048.35304846954,6.5017619529118775,58898.42249147682,2.7511056131030553,56844.44006079987,-0.8321646466816879
2106,42025.15112459336,42444.85821146017,0.30234,42444.85821146017,0.9987045272543904,40950.084100460146,-2.5581514768285407,41546.91794623677,-1.1379689675326987
2107,25968.304585740767,26415.25733203617,0.14701,26415.25733203617,1.7211471962664149,25484.995235303093,-1.8611509613263744,25635.298888884263,-1.282354401524377
2108,53915.17231077544,54956.7779905465,0.13346,54956.7779905465,1.931934249912226,53021.37350515551,-1.6577871632644126,53158.93889721843,-1.402635623972337
2109,12416.848355780145,13324.155123856584,0.02196,13324.155123856584,7.307061680060545,12854.920380961117,3.5280452223373393,12074.654035587671,-2.7558870849314965
2110,105471.31250723226,119845.3821774815,0.02067,119845.3821774815,13.62841641822139,115624.80559528823,9.626781772872818,108930.8168311332,3.2800429250974927
2111,13686.764208068082,14038.100599376136,0.26644,14038.100599376136,2.566979206823383,13543.722947340637,-1.0451064879390848,13765.481739956196,0.5751361731044735
2112,142067.89786572612,155980.1117082517,0.01959,155980.1117082517,9.792651296688115,150486.98385632655,5.9261002077736435,144812.76106114217,1.9320784192994322
2113,25718.0682513464,26135.665790059116,0.32651,26135.665790059116,1.6237515766404975,25215.25002610255,-1.9551166142407594,25679.131729004293,-0.15139753873260053
2114,30204.983055975623,34453.13401277042,0.0092,34453.13401277042,14.06440436970997,33239.80323643627,10.04741560303659,30484.162581706212,0.9242830072548447
2115,85713.00505663655,94980.86758535818,0.01827,94980.86758535818,10.812667835642564,91635.94082886873,6.910194979534867,86371.65978107226,0.7684419931380138
2116,6217.59858251768,6373.6286086654745,0.34348,6373.6286086654745,2.5094901846270945,6149.169500099295,-1.1005709279912512,6287.62697718594,1.1262932744671161
2117,14325.850239208614,15155.325033676048,0.02893,15155.325033676048,5.790056301141799,14621.602258793202,2.0644639909409346,14307.89564709481,-0.12533002798439385
2118,46262.871472576575,47096.6775705414,0.29435,47096.6775705414,1.8023224054716902,45438.081045237115,-1.7828344871078206,46072.70714753681,-0.4110517116355239
2119,28804.714110349945,30510.083184091756,0.06293,30510.083184091756,5.9204513094925915,29435.614228610033,2.1902668981303774,28751.566368424974,-0.1845105690733928
2120,46308.352988483675,47273.13817894485,0.03959,47273.13817894485,2.083393444593251,45608.32726725392,-1.511661883988502,44651.258290117854,-3.578392647170847
2121,44078.021406846754,46207.49602655629,0.1435,46207.49602655629,4.831148385845552,44580.21367234209,1.139325789740031,44609.75372737547,1.2063434418272845
2122,26853.76540573985,27149.462198553192,0.25897,27149.462198553192,1.101137171437938,26193.343720791057,-2.459326187483679,26577.53616488581,-1.0286424889784707
2123,60862.40051122197,63916.91417534064,0.10321,63916.91417534064,5.018720323979786,61665.96193777342,1.3202920354797643,61163.49828370546,0.49471885754486244
2124,91939.98205592566,96966.8416821878,0.07273,96966.8416821878,5.46754471107509,93551.97517822015,1.7533102424513558,92071.15845466367,0.14267611957790027
2125,17456.76625305871,20319.816368074735,0.00805,20319.816368074735,16.4008045563099,19604.216487967897,12.30153513989407,18039.864777794766,3.340243641252205
2126,25137.35107072166,25754.410167589467,0.16242,25754.410167589467,2.454749886460861,24847.421024857587,-1.1533834454091063,25017.787812730512,-0.4756398462780198
2127,80759.0820046485,85633.29463931792,0.03508,85633.29463931792,6.035497821023839,82617.55993645282,2.301261834176538,78829.62037337989,-2.389157458671398
2128,16637.653313145176,16821.910143281584,0.15796,16821.910143281584,1.1074688639582941,16229.495494268649,-2.453217477215053,16275.04480703152,-2.1794450172078372
2129,33093.55280882181,33805.289250937094,0.08793,33805.289250937094,2.1506800621465816,32614.773524970442,-1.4467448890037038,32274.542596152856,-2.4748331416705183
2130,116133.25619639795,134902.54801180205,0.00679,134902.54801180205,16.161857877869657,130151.70551230859,12.07100341025782,119931.85664875638,3.2708980844681212
2131,26192.691215025727,26770.9710548772,0.11737,26770.9710548772,2.207790849379143,25828.181842110862,-1.3916453636721338,25832.051555854163,-1.3768713425090118
2132,55056.07790804599,58007.83455719191,0.05209,58007.83455719191,5.361363833573307,55964.98147710196,1.650868720750509,55276.87481850805,0.401040028370403
2133,80426.06763692027,84594.25619631722,0.08084,84594.25619631722,5.182633792583324,81615.11315214475,1.4784329884091507,80902.95645200233,0.5929530425818452
2134,162836.23167328982,181033.92126013615,0.02099,181033.92126013615,11.175454872572633,174658.4772107223,7.2602058006060455,167981.9978794739,3.1600867652773923
2135,35755.672477300956,36827.91053420597,0.21077,36827.91053420597,2.99879147171882,35530.947614586825,-0.6285012898493036,35869.62301536035,0.31869219669056204
2136,35229.04241889094,36339.41614195733,0.13749,36339.41614195733,3.151870294581083,35059.65645499511,-0.4808134205913084,35206.529512411435,-0.06390439516298363
2137,65859.13717133674,69495.34131831102,0.01978,69495.34131831102,5.521184004452517,67047.9344611555,1.80506052899847,64335.6314396747,-2.313279215454256
2138,10729.534380867606,11001.112130156222,0.14928,11001.112130156222,2.5311233428067403,10613.687638773992,-1.0796996214503585,10657.52998125801,-0.671085967514029
2139,9236.434272932018,9398.815892515106,0.31904,9398.815892515106,1.758055270949721,9067.819223844555,-1.8255426726913493,9256.214665004296,0.21415615039068747
2140,13075.196048260104,13475.400599660075,0.12441,13475.400599660075,3.060791975300625,13000.839467864671,-0.568684248564888,13065.161507104542,-0.07674486193954833
2141,12591.369364461274,12807.330888615012,0.34505,12807.330888615012,1.715155182114514,12356.297066144998,-1.8669319556279484,12606.466486514582,0.11990055740815908
2142,40686.230282238714,42418.09661169126,0.08588,42418.09661169126,4.256639942896312,40924.264959876855,0.5850497231788321,40556.99227486209,-0.3176455682428858
2143,8027.076042108357,8171.762018861425,0.3336,8171.762018861425,1.802474225908357,7883.978319686544,-1.7826880133083645,8054.79039841502,0.3452609164442899
2144,36468.66777243212,37370.33547876614,0.19846,37370.33547876614,2.4724448722956094,36054.27006243821,-1.1363116211970947,36334.54681797729,-0.3677703701483126
2145,109446.21068778214,115404.79060345876,0.02145,115404.79060345876,5.444299878663417,111340.59765881483,1.730884019764578,106770.12433596027,-2.445115582353008
2146,22745.236054038534,23175.072131714976,0.38775,23175.072131714976,1.8897850813912376,22358.919143985302,-1.6984519709332235,22797.9525492561,0.23176939158742194
2147,40980.39104830444,42116.69229710192,0.22226,42116.69229710192,2.7727925959957433,40633.47515515694,-0.8465411975658754,41067.626211427065,0.21287049950255987
2148,47452.81998883161,48715.30328701651,0.08996,48715.30328701651,2.6605021545232477,46999.703866230004,-0.9548771236530307,46729.481023779445,-1.5243329379000192
2149,38180.38738652589,38845.22256003386,0.19325,38845.22256003386,1.7413002303444225,37477.216269861,-1.8417076535819588,37925.358755872374,-0.6679571584009447
2150,4917.804890097053,4992.16382621785,0.36417,4992.16382621785,1.512035100671305,4816.355552619084,-2.0628987880803695,4931.007888381049,0.26847340590072655
2151,45655.96861251721,47358.83167771996,0.06646,47358.83167771996,3.7297709739880336,45691.00291112627,0.07673541855259813,44462.325584250786,-2.614429316781963
2152,45104.01602374134,46794.89105497692,0.09279,46794.89105497692,3.7488347608460426,45146.92249945563,0.09512783893059762,44893.678796560474,-0.46633813510119637
2153,8687.353486499604,8966.360405536667,0.12222,8966.360405536667,3.2116445989063047,8650.593455925957,-0.4231441788431045,8731.386087962892,0.5068586368877082
2154,27218.930124189865,27473.19250468744,0.1615,27473.19250468744,0.9341380404647381,26505.673266009933,-2.620444135480726,26665.363582348094,-2.0337556961866343
2155,39679.310902936726,42098.815098584295,0.04837,42098.815098584295,6.097646709556392,40616.22753521838,2.3612220347614787,39450.9991294327,-0.5753924861813364
2156,5471.239310115838,5576.723758185402,0.32833,5576.723758185402,1.9279808849620883,5380.329126439794,-1.661601303162863,5500.815468978514,0.5405751272475445
2157,6682.903845667602,6871.953711658172,0.08581,6871.953711658172,2.828858088585662,6629.94516379115,-0.7924501548946306,6561.705146070843,-1.813563420867259
2158,23660.142628479745,24715.99810608853,0.08159,24715.99810608853,4.462591346925571,23845.578562867355,0.7837481679607405,23733.140451062118,0.3085265534050752
2159,15051.124663744204,15330.075840417108,0.36958,15330.075840417108,1.8533576918996264,14790.1988929725,-1.733596502593815,15096.29381931633,0.30010485316709357
2160,55336.41558196535,59650.26938203166,0.02464,59650.26938203166,7.795687080014324,57549.574924714245,3.9994627759557755,54430.01530744825,-1.637981544313305
2161,4928.484905099594,4990.264720050294,0.33174,4990.264720050294,1.2535254980039712,4814.523326984363,-2.3123044974189266,4922.120628705912,-0.1291325126530518
2162,16982.711821080888,17346.939419570444,0.23335,17346.939419570444,2.1446963378218387,16736.0348944504,-1.452517885419713,16976.539204633216,-0.036346471121351254
2163,8881.840758122058,9131.795375968222,0.16827,9131.795375968222,2.814220887912122,8810.202328185076,-0.8065718794999954,8913.319724806823,0.3544193995594691
2164,23726.774569546906,24770.316816526887,0.12596,24770.316816526887,4.3981631128209075,23897.984339548184,0.7215888931697556,23830.16251243378,0.4357437737010139
2165,55281.76239087534,57087.57610939158,0.19762,57087.57610939158,3.266563221606522,55077.13163098308,-0.37015961691921895,55696.33273008587,0.7499224360455026
2166,115924.52330896509,126582.63217957618,0.04771,126582.63217957618,9.194007071484634,122124.79088955201,5.348538345128073,118830.73849715077,2.5069891212232687
2167,47571.07231980216,50072.48765909662,0.11869,50072.48765909662,5.258269820950012,48309.09248285884,1.5514053542776018,48070.76440871004,1.050411656791428
2168,31136.933989656492,31652.755716509215,0.14113,31652.755716509215,1.6566233753910309,30538.045436382254,-1.9234024566233354,30620.610929002,-1.658233469056436
2169,20691.72136862839,21055.741807580733,0.3038,21055.741807580733,1.759256431435663,20314.224953287776,-1.824383813291397,20680.44192831256,-0.05451185097113953
2170,10052.833881006853,10466.481209227211,0.15181,10466.481209227211,4.11473354793892,10097.884733609893,0.4481408241327589,10235.25573784755,1.814631167688474
2171,74740.9093777068,76508.67418750691,0.16586,76508.67418750691,2.3651903950842046,73814.27985421302,-1.2397889338100265,73897.70058160336,-1.1281757248125635
2172,21869.464741977205,22326.290317709107,0.12455,22326.290317709107,2.088874058518009,21540.028749928177,-1.5063742800101254,21643.39377434044,-1.0337288557540014
2173,17957.45153422097,18376.36940071304,0.18263,18376.36940071304,2.3328358464103305,17729.21159663909,-1.2710040572679993,17938.556911685188,-0.10521884188174901
2174,9896.25274820789,10332.335935412506,0.14287,10332.335935412506,4.406548602788929,9968.463633484547,0.7296790726139646,9997.669301964108,1.024797530303423
2175,31273.369943442045,32238.460807025374,0.14658,32238.460807025374,3.0859829475643252,31103.123839877273,-0.5443804229370297,31306.94833985457,0.10737057270531203
2176,20805.24867485156,21329.75226751141,0.2739,21329.75226751141,2.521015734331722,20578.58562855886,-1.089451271816222,20885.497295096186,0.385713343295091
2177,6167.5073584315915,6339.428705943784,0.11894,6339.428705943784,2.7875337234443576,6116.1740101461055,-0.832319206158838,6177.84052850501,0.16754207936684473
2178,32519.602795289175,33163.04234592793,0.13118,33163.04234592793,1.9786205713802962,31995.144531457052,-1.6127449868732602,32133.25601960722,-1.1880427264564286
2179,191392.9984756446,220340.6876042538,0.02612,220340.6876042538,15.12473776949208,212580.9831474757,11.070407402874437,197932.80647209092,3.416952578481358
2180,6954.417433244441,7066.88063337407,0.32752,7066.88063337407,1.6171476792868011,6818.00737377527,-1.9614879431465448,6966.322719930698,0.17119028014260795
2181,10862.829560954791,11146.419644997528,0.24175,11146.419644997528,2.610646539664674,10753.877880982734,-1.002976980911785,10936.30532978741,0.6763962227366527
2182,42822.37596460812,43990.1569697432,0.13073,43990.1569697432,2.727034590748123,42440.96230758633,-0.8906877501076216,42734.23751912592,-0.2058233423457123
2183,17630.149512691267,17857.31909905058,0.34002,17857.31909905058,1.2885289838057368,17228.44061044439,-2.2785337240486814,17552.50839436621,-0.44038831473984796
2184,67772.09118813684,71396.84792310557,0.04501,71396.84792310557,5.348450477802613,68882.47599728184,1.638410132664414,66966.61506436442,-1.1885071120741997
2185,31064.45723854737,31649.60559749648,0.24074,31649.60559749648,1.8836587243604264,30535.006254631306,-1.704362576980989,30984.550563676676,-0.2572286206614871
2186,19558.576424196595,19915.771830762755,0.1633,19915.771830762755,1.8262853022588121,19214.401125625853,-1.7597154880093946,19310.241834121363,-1.2696966521960618
2187,21837.28938965326,22405.129573505463,0.14884,22405.129573505463,2.6003235736814956,21616.09153565346,-1.0129364045731948,21823.00963829616,-0.0653915928039317
2188,51186.196078242385,52612.71815878661,0.13816,52612.71815878661,2.78692731603587,50759.864071695774,-0.8329042578099077,50564.73415173563,-1.2141201615310404
2189,30114.303601227584,33202.954901751546,0.02092,33202.954901751546,10.256426120370431,32033.651492877416,6.373542344082606,29733.80261541426,-1.2635224471795992
2190,71550.3532479594,75886.8277598153,0.07429,75886.8277598153,6.060731100554806,73214.33289751271,2.325606477143105,71340.4562679072,-0.2933556167427964
2191,38080.73277080916,39380.93796626568,0.13578,39380.93796626568,3.4143386979496038,37994.06546817407,-0.22758832703325682,38145.20997605289,0.16931713376364677
2192,98678.18760795829,112242.85840589808,0.00921,112242.85840589808,13.746372047114708,108290.0187461704,9.740583376337696,100762.51420181374,2.1122465302426674
2193,52962.93626107686,55680.50740780588,0.06652,55680.50740780588,5.131080975822333,53719.615453687846,1.4286956993490474,52433.52883753625,-0.9995809539919298
2194,86594.87176822398,92647.77817732596,0.05793,92647.77817732596,6.989913242556578,89385.01547539407,3.2220657530830144,87175.87306781295,0.6709419249953497
2195,6657.677654356466,6730.092283617382,0.35794,6730.092283617382,1.0876860223704599,6493.079648068607,-2.4723036294818757,6641.407181013174,-0.24438661929877536
2196,49287.84653863121,50298.35319063386,0.18983,50298.35319063386,2.0502146532424215,48527.00374235146,-1.5436722228945654,48762.782318112804,-1.0653016055527265
2197,6498.781607174536,6584.041901965869,0.31239,6584.041901965869,1.3119427601199662,6352.172700477038,-2.255944507131058,6492.6899566766815,-0.09373527017939587
2198,17455.28072060682,17929.687704241158,0.15357,17929.687704241158,2.7178421890074578,17298.26062148137,-0.8995564244353882,17405.50131209367,-0.2851825147354048
2199,6690.502533864002,6801.266578747822,0.40382,6801.266578747822,1.6555414832172488,6561.747408881046,-1.9244462479651059,6719.978980886713,0.4405714947945283
2200,58935.61576623539,61918.995709008785,0.06817,61918.995709008785,5.0621002325771824,59738.40386196245,1.3621442404390338,58985.238815691686,0.08419874605727351
2201,48002.32082580434,50542.32904686816,0.0786,50542.32904686816,5.29142795049693,48762.3875379929,1.5833957590233316,48295.47420534024,0.6107066793701987
2202,21052.07571211083,21634.887235903298,0.12657,21634.887235903298,2.7684278346822966,20872.974705214212,-0.8507522457445127,21027.214764901637,-0.11809261732271814
2203,12787.877020150496,13434.627690272942,0.05823,13434.627690272942,5.057529636102442,12961.502451821283,1.3577346059646667,12554.848348044496,-1.8222623797429782
2204,9807.107007664685,10003.588448994597,0.26922,10003.588448994597,2.003459747878278,9651.293597256381,-1.5887805678731604,9822.277831426798,0.15469214061043512
2205,98030.01519672031,103896.50235761794,0.05247,103896.50235761794,5.9843785080774925,100237.59504842381,2.251942782293237,97301.86179677655,-0.7427861747063447
2206,127780.69859349835,135047.31218757736,0.05713,135047.31218757736,5.6867849949669536,130291.37155014052,1.964829574636484,126729.52677466009,-0.8226374017427318
2207,60158.78800440548,62814.174974154026,0.10313,62814.174974154026,4.413963541875376,60602.05773518444,0.7368328809192581,60026.69202525216,-0.21957885711334502
2208,10328.166769551175,10562.744437884296,0.23186,10562.744437884296,2.271242066159185,10190.757874795816,-1.3304286987353753,10362.060040565597,0.328163475384069
2209,27638.222183775142,28092.644268585515,0.32294,28092.644268585515,1.6441798672460761,27103.309891427038,-1.9354077436359862,27588.95441625858,-0.17825953923145121
2210,21439.599531249416,23239.0590815721,0.03502,23239.0590815721,8.39315840624668,22420.652675168916,4.575893045434731,21739.75151225312,1.3999887477665451
2211,66222.25694461633,69217.1893248596,0.0421,69217.1893248596,4.522546525027127,66779.57810411928,0.8415919136810279,65268.3051193036,-1.4405305245191902
2212,13967.706152506831,14347.274213406774,0.22219,14347.274213406774,2.7174688295674043,13842.00844126601,-0.8999166353328647,14065.720719972584,0.701722719504394
2213,20531.623725284968,20997.8761174563,0.17103,20997.8761174563,2.270898777465602,20258.39711036458,-1.3307598978833046,20477.057332516197,-0.26576754716954865
2214,45878.61278378201,48910.402405130386,0.02526,48910.402405130386,6.608285293273086,47187.93220839776,2.853877537200944,44677.990754462415,-2.616953644561837
2215,17200.608313912657,17603.277719592254,0.33789,17603.277719592254,2.341018400807937,16983.345767578205,-1.2631096666431252,17312.155535620604,0.6485074229480858
2216,31814.088937517237,32720.141038077472,0.26361,32720.141038077472,2.847958658629879,31567.840811550104,-0.7740222467183089,31974.53561056902,0.5043258455928123
2217,17358.597598019536,18114.71246692792,0.05896,18114.71246692792,4.355852278035677,17476.76939526365,0.6807681126129506,17260.179871615597,-0.5669681888078815
2218,221628.02002365104,236578.37230113585,0.0689,236578.37230113585,6.7456959078953105,228246.82777396432,2.9864489831235908,221447.1684698246,-0.08160139399663313
2219,5595.818102689463,5748.817985785107,0.34988,5748.817985785107,2.734182567909227,5546.362737820992,-0.8837915021701837,5674.450934177236,1.4052070679349216
2220,30875.849458637123,31660.56737008312,0.16478,31660.56737008312,2.541526549730233,30545.58198814128,-1.069662782681613,30760.66176038651,-0.3730673010468144
2221,91912.61389773992,97460.2806971384,0.0316,97460.2806971384,6.035805711684672,94028.03682648875,2.3015588818988464,89886.80116807517,-2.204063886071872
2222,28205.26896510252,28924.946040060346,0.36594,28924.946040060346,2.551569622854011,27906.300618102476,-1.059973394935354,28425.402154125655,0.7804683206371843
2223,17433.316276513,17686.202904327663,0.35601,17686.202904327663,1.450593930630184,17063.35058870503,-2.122176193788239,17397.564849337323,-0.20507530872850843
2224,52365.888705140685,54397.48927373208,0.10863,54397.48927373208,3.879625876361681,52481.78117395047,0.22131290363913703,52679.106629874215,0.5981335034666913
2225,43246.3619807547,55995.12560716777,0.00453,55995.12560716777,29.479389808757706,54023.153791811594,24.919533846229047,48206.77827602033,11.470135447400388
2226,195471.7616564216,222814.22575468133,0.01756,222814.22575468133,13.987935580341926,214967.41108136278,9.973639803384216,205016.56790470134,4.882959138137077
2227,35366.40173554236,35733.074438017764,0.14167,35733.074438017764,1.0367826085821763,34474.66819455047,-2.5214143854949134,34570.19792012874,-2.251300037157733
2228,35745.14828365574,37207.399084270415,0.12188,37207.399084270415,4.090767197301792,35897.071774146505,0.42501849281804116,36113.19896874518,1.029652142351667
2229,9160.039754763891,9456.198736867776,0.20776,9456.198736867776,3.233162628468511,9123.181225302038,-0.40238394645267794,9235.185539603039,0.8203652697038377
2230,47644.47161573533,49438.02878784103,0.11869,49438.02878784103,3.764460201324482,47696.97725309976,0.1102030006500998,47459.68746279824,-0.38783965205327897
2231,35831.438705189605,36957.6933034855,0.06422,36957.6933034855,3.1432022798816073,35656.15984383519,-0.48917617513647427,35368.57793238332,-1.2917727825962122
2232,59435.631134722826,64085.171640082335,0.01576,64085.171640082335,7.8228167457671915,61828.29390499018,4.025637020399264,57933.551368175795,-2.527237850208508
2233,19725.210717006223,20484.452290005887,0.09698,20484.452290005887,3.849092331090187,19763.054451696025,0.19185465358388942,19614.51005289137,-0.5612141016035355
2234,15560.27412130154,15884.262309183836,0.34866,15884.262309183836,2.0821496161096853,15324.868661222712,-1.512861908753682,15633.036997324481,0.4676194998604277
2235,84932.83054134717,94004.38349473575,0.02343,94004.38349473575,10.680855560291679,90693.84542983277,6.783024717021546,85076.10427775604,0.1686906411757061
2236,6212.2709871775105,6343.0164378308755,0.25724,6343.0164378308755,2.1046321212199404,6119.635393425427,-1.4911711666037886,6234.625957055244,0.3598518146403329
2237,21966.338065046973,22674.74254257924,0.21191,22674.74254257924,3.2249548169318354,21876.2095858338,-0.4103027047397845,22151.78777239323,0.8442449842895883
2238,5288.335443121607,5380.747380428059,0.36794,5380.747380428059,1.747467389320967,5191.2544189478995,-1.8357576825043798,5315.061686977622,0.5053810247755308
2239,9189.712820510127,9372.690141062802,0.32172,9372.690141062802,1.9911103222322257,9042.613539004486,-1.600695085675985,9223.364520247538,0.36618880692664835
2240,70983.31263440532,80691.84981513664,0.02032,80691.84981513664,13.677210629397463,77850.13722249564,9.673857605740999,74138.95547818125,4.445612252599207
2241,74946.19637241897,78122.92825287007,0.04524,78122.92825287007,4.238683261076304,75371.68497986575,0.5677254190892711,72968.52487299769,-2.6387883510377685
2242,33761.72990118261,34383.89159588056,0.26404,34383.89159588056,1.842801587830234,33172.99931920248,-1.7437808539529587,33667.20498187962,-0.27997652839369946
2243,139864.35288409764,151788.41304514837,0.01339,151788.41304514837,8.525446202101206,146442.9036070133,4.703522082118483,134933.9838605904,-3.5251076645618995
2244,145142.45084051293,153487.08189974196,0.04213,153487.08189974196,5.7492697766267975,148081.7506991131,2.025113839251591,143609.77615315098,-1.0559796107109332
2245,111808.68404004697,119584.6297697062,0.04833,119584.6297697062,6.954688534634834,115373.2360653678,3.188081548338517,112895.70467883915,0.9722148580183942
2246,49270.52276676296,50578.05153725799,0.05387,50578.05153725799,2.6537749085485007,48796.85199487608,-0.9613674572302444,47917.14586434304,-2.746828786101063
2247,11196.826597760402,11369.559088741416,0.28779,11369.559088741416,1.5426914891721655,10969.15905690088,-2.0333220209470815,11187.58119395235,-0.08257164409335438
2248,108030.26720507447,114912.73349288656,0.03403,114912.73349288656,6.370868522195794,110865.86924860846,2.624821836412883,105071.99208307258,-2.738376196354475
2249,81130.93910117993,88332.09323776078,0.03732,88332.09323776078,8.875965465653191,85221.31535544488,5.04169716211933,81217.30445978198,0.10645181672843673
2250,30176.25245521578,30955.394706130897,0.15262,30955.394706130897,2.5819715422630063,29865.243282559448,-1.0306421352946238,30184.128005105053,0.026098502128313328
2251,24656.71375686899,25919.211465960932,0.05429,25919.211465960932,5.120299978095133,25006.418540989103,1.4182943743778154,24463.5038433447,-0.7835996127848355
2252,46913.276924378006,49241.334414381134,0.15394,49241.334414381134,4.962470419100851,47507.209835450674,1.2660230749390156,47691.01560329193,1.6578221132742543
2253,51516.01123348193,53855.60882740133,0.09365,53855.60882740133,4.541496008524093,51958.98404881724,0.8598740561020168,51448.75694335183,-0.13055026683895798
2254,17483.5641825983,18054.137247820872,0.11967,18054.137247820872,3.263482544311369,17418.3274444276,-0.3731318024709829,17288.91874586701,-1.1133052431324342
2255,123460.35749614796,137333.20672205862,0.01992,137333.20672205862,11.236683180950212,132496.7640847424,7.319277840967198,124004.52381009673,0.44076197816431684
2256,91441.68546372252,99128.97578430024,0.03605,99128.97578430024,8.406767965390882,95637.96573276207,4.589023318806085,90855.01702005464,-0.6415765858784672
2257,35957.509781176894,36386.95023925127,0.33219,36386.95023925127,1.1942997740605144,35105.51655121993,-2.36944447805717,35697.22551192207,-0.7238662266625506
2258,47337.22414707019,48178.44950164826,0.22825,48178.44950164826,1.7770905872395382,46481.75637890527,-1.8071777202378847,46992.89101804481,-0.7274045642295945
2259,16731.391980367804,17159.903819715946,0.1815,17159.903819715946,2.5611248594913594,16555.586098846845,-1.0507546636122411,16673.366163235227,-0.34680806713908163
2260,70658.90817788728,73903.22604375999,0.10492,73903.22604375999,4.591519950612577,71300.58738116297,0.908136312636243,70970.65617221972,0.44120126162663365
2261,12577.346974946551,12826.927106396111,0.37423,12826.927106396111,1.9843622979211162,12375.203166907288,-1.6072054658420765,12640.969935249297,0.5058535828698973
2262,39312.38534669885,40408.742870178496,0.07366,40408.742870178496,2.788834902310766,38985.67432323043,-0.8310638507104895,38371.26378360216,-2.3939569039041264
2263,45038.15676426783,47433.68584814443,0.15674,47433.68584814443,5.318887929661353,45763.22095362464,1.6098886842812687,45675.01033663393,1.4140311640625791
2264,25815.49667164136,26479.82449341243,0.11384,26479.82449341243,2.5733683539811425,25547.288544785086,-1.0389423464042924,25531.919698113,-1.0984757610333684
2265,86258.06149583352,91183.0570367157,0.09074,91183.0570367157,5.709606099970221,87971.877196244,1.9868469922585286,87643.31523131822,1.6059411856265804
2266,86026.86758941578,89074.37234484244,0.07675,89074.37234484244,3.5425034536554545,85937.45373219652,-0.10393713002083693,84983.5697289874,-1.2127581645861807
2267,76283.89603762272,79071.599299618,0.04668,79071.599299618,3.6543797666291233,76286.94682275983,0.003999251867781162,74937.13143778993,-1.7654638394040356
2268,12345.212758808317,12599.820599896671,0.199,12599.820599896671,2.062401402573566,12156.094635678817,-1.5319146524596206,12290.001251658305,-0.4472300982469424
2269,9190.223737751992,9359.683861436866,0.37837,9359.683861436866,1.8439172812383164,9030.06529954842,-1.7427044517498214,9234.71025062643,0.484063436798543
2270,76220.7864370287,83923.797178049,0.04483,83923.797178049,10.106181136538517,80968.26558707072,6.22858851497714,77867.7419967101,2.1607695704400465
2271,78714.3986306807,84226.6525137867,0.05777,84226.6525137867,7.002853326706959,81260.45531254807,3.2345501282594835,79611.48391122803,1.1396711353361733
2272,66176.74035572427,70806.80285051207,0.04462,70806.80285051207,6.996510359832664,68313.21045219772,3.228430540684135,65395.09247464512,-1.1811519831250394
2273,43442.95155876845,44722.750702405,0.11981,44722.750702405,2.9459304621723748,43147.75639827482,-0.6795007012686538,42675.56579210056,-1.766421799471407
2274,8910.688532211594,9497.991610169604,0.04471,9497.991610169604,6.590995475096517,9163.502285346189,2.837196611919368,8975.320033082528,0.7253255529838576
2275,13530.37556281908,13894.868647500614,0.10577,13894.868647500614,2.6938874164228466,13405.535173312639,-0.9226675854400956,13372.480124228374,-1.1669701100137653
2276,13231.19149053905,13928.603097333784,0.07746,13928.603097333784,5.27096601461341,13438.081602160835,1.563654428021266,13284.359755496358,0.40184034064751906
2277,28564.34697226659,29530.738286954413,0.13775,29530.738286954413,3.3832081497473077,28490.758771646757,-0.2576225554579703,28525.024223050437,-0.13766374303719742
2278,13877.44233254577,14205.252546953438,0.23669,14205.252546953438,2.3621803395203367,13704.988330222706,-1.2426929847052515,13921.358685116455,0.3164585484725091
2279,26303.36537903782,28256.915638492424,0.04841,28256.915638492424,7.42699738722965,27261.796141504074,3.643757171962747,26424.143666891312,0.4591742771810736
2280,34869.79185530348,36205.72161008618,0.18164,36205.72161008618,3.831195093811579,34930.6702231029,0.1745877005863372,35299.73481355071,1.2329954822539069
2281,15202.1213249821,15805.115364949526,0.09413,15805.115364949526,3.9665124825474685,15248.509022876357,0.3051396374401216,15345.519764955918,0.9432791444583977
2282,6445.557811331116,6691.518971387605,0.11572,6691.518971387605,3.815979427321192,6455.86476630429,0.1599078819067401,6493.111106348098,0.7377684974508192
2283,46641.8159572465,48784.079947843165,0.06083,48784.079947843165,4.593011542604475,47066.05842986098,0.9095753754599922,45805.146646381436,-1.7938180443745733
2284,13859.837669803406,14172.153105761658,0.26216,14172.153105761658,2.2533845157414634,13673.054547013231,-1.3476573625181953,13886.73749135196,0.1940846797012563
2285,10632.727379005575,10790.83132669745,0.36703,10790.83132669745,1.4869557175335002,10410.812262363284,-2.0870949543996042,10633.806651750865,0.0101504788641682
2286,26534.612831348848,27228.41688082504,0.15218,27228.41688082504,2.6147132949929874,26269.517868035215,-0.9990534438868548,26550.62504384215,0.06034462456667722
2287,104637.05769562411,115422.4159650988,0.01921,115422.4159650988,10.307398265008484,111357.60231077678,6.42271941046153,104948.32698757807,0.2974751955080679
2288,32549.613862015784,34107.48356349719,0.10679,34107.48356349719,4.786138809773655,32906.32550642283,1.0959013090576564,32869.275218002054,0.9820741878578954
2289,68997.0503848133,76998.76348473487,0.00977,76998.76348473487,11.597181408906732,74287.10975125816,7.667080457702058,69622.0818787969,0.9058814695666717
2290,54780.0502098777,61176.04235879578,0.01694,61176.04235879578,11.675769051713614,59021.6149867972,7.74290049145423,55498.153630252185,1.3108849254851451
2291,19562.63236071632,19894.861357641243,0.33307,19894.861357641243,1.6982837012879282,19194.22705345343,-1.8832092760823205,19544.838307257538,-0.09095940224544963
2292,37947.14394125113,40118.661214452266,0.0558,40118.661214452266,5.722478815699605,38705.80842901989,1.9992663715174608,37578.08557246897,-0.9725590135413853
2293,51630.402003254305,54381.98126050651,0.05958,54381.98126050651,5.329377944953384,52466.81930406616,1.6200092743014816,51700.149889886445,0.13509072934922983
2294,15522.991025287716,16068.774427756633,0.17095,16068.774427756633,3.5159680346384725,15502.88284460076,-0.12953805522530892,15704.044205103255,1.1663549861015365
2295,48370.63047272671,49848.57821126099,0.14612,49848.57821126099,3.055465111970368,48093.06841996584,-0.5738235165600569,48256.288923995104,-0.23638631048251701
2296,30266.883783624235,31099.571721153367,0.20972,31099.571721153367,2.751151864466639,30004.3428375894,-0.8674198107466946,30354.572706238254,0.28971903166807866
2297,41693.31025613742,43367.95720846149,0.05157,43367.95720846149,4.016584296224268,41840.67446059117,0.3534480796761885,41270.16376821263,-1.0149025954649393
2298,43001.9814808087,43428.94087104016,0.24324,43428.94087104016,0.9928830614980066,41899.510470807276,-2.5637679289114756,42393.0038784128,-1.4161617242398172
2299,16774.78106376297,16863.373323515167,0.36608,16863.373323515167,0.5281276662595369,16269.498471995155,-3.0121561041373646,16596.805923785738,-1.0609684817985188
2300,26039.64678493275,27699.844768208077,0.03606,27699.844768208077,6.375654773612238,26724.343551265447,2.6294395311417196,25790.888817220402,-0.9553046927513797
2301,7267.860303808468,7543.053939091043,0.08341,7543.053939091043,3.786446406219013,7277.411356664281,0.1314149207134241,7249.907361642454,-0.24701826143530559
2302,44455.48945234682,46149.691031031805,0.03662,46149.691031031805,3.811006468618583,44524.44438654636,0.15511005513382248,43982.76557794438,-1.0633644578565749
2303,7788.322578797289,8169.092172374289,0.03421,8169.092172374289,4.8889807750592595,7881.402496776762,1.1951215045056252,7566.981826110799,-2.8419566658558937
2304,104032.0362030598,115112.57873153868,0.01565,115112.57873153868,10.651086850641667,111058.67656790989,6.754304367488118,104236.97657421058,0.1969973660332469
2305,45302.9974688933,46528.713101705216,0.04763,46528.713101705216,2.7055949965640425,44890.11849464872,-0.9113723093666759,43796.94451968854,-3.3244002237133863
2306,49660.002297053084,52138.64028936319,0.07602,52138.64028936319,4.991216024283585,50302.48173043932,1.2937563505194705,49234.88029206499,-0.8560652141035519
2307,70493.91478252927,74360.9341355419,0.06881,74360.9341355419,5.485607325032538,71742.17643674543,1.7707367480824354,70799.35335373237,0.4332835992232109
2308,32904.92971095585,34297.320678498996,0.18232,34297.320678498996,4.231557337378367,33089.47715664117,0.5608504479615473,33348.99265145676,1.3495331684390877
2309,48712.949013022495,52926.68234084441,0.0461,52926.68234084441,8.650129818039654,51062.77142494328,4.823814734132825,49820.63289451976,2.273900274855345
2310,22464.060386659097,22812.768400838693,0.31339,22812.768400838693,1.5522928988682905,22009.374608452174,-2.024058742634749,22406.040788631188,-0.2582774308351077
2311,63713.45419697318,67099.50688411298,0.12668,67099.50688411298,5.314501826681162,64736.47376355095,1.6056570460221131,64394.82135098201,1.0694242881611027
2312,8250.325815883925,8351.51256926036,0.19426,8351.51256926036,1.2264576652430526,8057.398622312339,-2.338419086433574,8195.33979027602,-0.6664709592685725
2313,34297.95346540052,35179.155703879296,0.1495,35179.155703879296,2.5692560326310065,33940.256732158865,-1.0429098447593765,34251.79663018709,-0.13457606227144092
2314,21207.101157667897,22013.311181458095,0.12383,22013.311181458095,3.8016040843880106,21238.071752279215,0.1460387932375129,21219.238286360876,0.057231436784976886
2315,224091.36612143903,259576.54897269732,0.01094,259576.54897269732,15.835140579235096,250435.08115829068,11.755792064998838,227595.0706333413,1.5635160660333325
2316,7175.636755462794,7280.373083561709,0.33084,7280.373083561709,1.4596102292828483,7023.9812928408455,-2.1134774207528517,7176.430349624797,0.011059564315307746
2317,35457.262959966865,37327.92724546554,0.05427,37327.92724546554,5.275828220612366,36013.355313434695,1.568345402451632,35291.093315031816,-0.46864769320368316
2318,48112.82773672681,49432.130417885586,0.14703,49432.130417885586,2.7421017288320693,47691.28660514123,-0.8761512291321827,47817.26922372759,-0.6143029352099427
2319,44813.521360519226,48884.89540685141,0.02531,48884.89540685141,9.085146452961101,47163.32348619469,5.243511454437155,44628.188093954945,-0.4135655064311905
2320,21793.688425678993,22296.38068745469,0.29539,22296.38068745469,2.3065956159278977,21511.172442569812,-1.2963201895476284,21847.031674440812,0.24476466635618976
2321,8121.384925701706,8327.111879331094,0.38857,8327.111879331094,2.533151125226496,8033.857247766226,-1.0777432511354323,8216.992139838312,1.1772279606405256
2322,51987.18204079999,54303.02246861259,0.09935,54303.02246861259,4.454637348866308,52390.641191927854,0.7760742846404378,52076.900324867245,0.17257770193590538
2323,20623.621200635625,20856.731425126753,0.34769,20856.731425126753,1.1303069534846832,20122.223089180836,-2.431183673211257,20494.72609447646,-0.6249877502365719
2324,25796.597835308796,26858.83473783861,0.09682,26858.83473783861,4.117740290062155,25912.95124312336,0.45104167827629826,25764.259404092296,-0.1253592873872611
2325,106171.64006823806,118920.705011267,0.01607,118920.705011267,12.007975891523316,114732.69264408898,8.063408053552346,106828.65963801727,0.6188277484994398
2326,20532.984735805367,21817.457512309877,0.01451,21817.457512309877,6.255655439438623,21049.115431986036,2.513666195254327,20116.546541179323,-2.028142522795817
2327,71069.92098267276,75747.12761261642,0.05894,75747.12761261642,6.581133854199694,73079.55254913363,2.8276822862246087,71616.72023904616,0.7693821082293217
2328,103301.04219523148,108995.4137814708,0.07516,108995.4137814708,5.512404778528146,105156.93888478029,1.7965904797371701,103741.8899729149,0.4267602420218175
2329,22666.4583163702,22870.699726274277,0.24428,22870.699726274277,0.9010733262927451,22065.26577521776,-2.65234441464659,22360.015632859544,-1.351965442652936
2330,54509.437779884734,58731.21637437346,0.06846,58731.21637437346,7.745041531223906,56662.8880669355,3.9506008037482276,55493.24561921839,1.804839454236129
2331,14972.507954255889,15360.935248421,0.07662,15360.935248421,2.594270080549199,14819.9715299019,-1.0187767127592728,14792.821406310053,-1.2001098846954328
2332,9127.804067181913,9478.83220072578,0.11054,9478.83220072578,3.8457018901835616,9145.017609908447,0.18858361331861584,9105.968598851106,-0.23921929272466835
2333,17265.955565701966,19294.114906847422,0.01323,19294.114906847422,11.746580335086133,18614.636998976166,7.811218024638578,17745.976930174063,2.780161009018456
2334,31030.159226602496,31705.91932267812,0.18218,31705.91932267812,2.1777525894752348,30589.33678792487,-1.4206257707492065,30827.544669566712,-0.6529600945846314
2335,22849.755001734393,23512.83896596922,0.07075,23512.83896596922,2.9019303015918263,22684.790895049908,-0.7219513148914003,22406.00831254498,-1.9420194621593612
2336,53985.654371865625,55366.39212349199,0.21103,55366.39212349199,2.557601214047578,53416.5623195294,-1.0541542173707619,53818.12341255239,-0.3103249581069112
2337,50175.876857594354,51507.86688495447,0.15364,51507.86688495447,2.6546422519739377,49693.92217700214,-0.9605306589062002,49843.252180311116,-0.6629175175697832
2338,29921.401405227032,31581.381223791566,0.12346,31581.381223791566,5.547801040744527,30469.18452831056,1.8307401971748405,30407.034659069635,1.623029774794471
2339,56064.84490085995,57970.55871394311,0.15394,57970.55871394311,3.3991243825842288,55929.018371551,-0.24226684217022454,56252.59251526178,0.3348758294682286
2340,30239.575777399095,31222.710129234285,0.12615,31222.710129234285,3.2511512696880462,30123.144699096123,-0.3850288084728759,30143.47624556517,-0.31779391530271095
2341,62156.98845297707,64347.61293117293,0.12922,64347.61293117293,3.5243414018571784,62081.492841079256,-0.12145957160542009,61711.34778094149,-0.7169598835579327
2342,13866.28103638528,14105.433633310678,0.35884,14105.433633310678,1.7247061147676046,13608.684724068029,-1.857717376716339,13888.356977074167,0.15920592284952573
2343,60839.685180407665,65100.476173532035,0.02101,65100.476173532035,7.003308745746906,62807.84261322731,3.23498950887644,60163.38111715794,-1.1116166384561144
2344,34682.191812741425,36216.82889971087,0.14453,36216.82889971087,4.424856119980447,34941.38634899955,0.7473418567591983,34980.86636441354,0.8611755372461394
2345,22507.59144509307,23166.863693847412,0.13901,23166.863693847412,2.9291106085812313,22350.999781424693,-0.6957282126360709,22386.031568414637,-0.5400838955824105
2346,10291.688739136793,10382.35960100926,0.29389,10382.35960100926,0.8810105335548046,10016.725623264203,-2.6717006590664893,10210.67043011552,-0.7872207474870385
2347,79660.59737357398,83333.24033616304,0.05219,83333.24033616304,4.610363320985322,80398.5062955954,0.9263160789027891,79102.68843515757,-0.70035746254834
2348,31344.627831458612,32336.956797597377,0.1523,32336.956797597377,3.1658661620567408,31198.15111214161,-0.46731044345018624,31290.574111405695,-0.17244971081987748
2349,17284.372326899513,17807.987655194916,0.17374,17807.987655194916,3.029414770708838,17180.846464538135,-0.598956446918586,17397.2964935298,0.6533310235081302
2350,79720.62428562758,82830.09105710509,0.13143,82830.09105710509,3.9004546180380295,79913.07634811249,0.24140812269028977,79607.90729915843,-0.14138999472119718
2351,52154.90977770248,53709.48945428144,0.1608,53709.48945428144,2.9806967037331322,51818.01053941934,-0.6459588171450981,51865.96329615721,-0.5540158784222426
2352,12771.286506345748,13893.350330138714,0.03474,13893.350330138714,8.785832368848979,13404.070326302166,4.954738268865877,13138.311906155237,2.87383263719847
2353,15571.676353534594,16016.084611615584,0.15181,16016.084611615584,2.8539525738352056,15452.048597694707,-0.7682394183124219,15588.946887755314,0.11090992278939282
2354,25472.35420165545,26197.214514605843,0.1279,26197.214514605843,2.845674597691028,25274.631198585394,-0.7762258702307401,25339.178744315865,-0.5228235140155579
2355,8422.352259188652,9249.213565372698,0.04627,9249.213565372698,9.817462874245763,8923.485419085797,5.950037999781066,8696.016704842252,3.249263830719462
2356,38393.431023045974,40553.04625656269,0.08454,40553.04625656269,5.624960249633304,39124.895799221085,1.9051821019487436,38558.61509471503,0.4302404532950055
2357,104337.32618536464,116455.23636386762,0.01654,116455.23636386762,11.614165918891217,112354.05003077022,7.683466826783691,108053.9424504619,3.562115688583356
2358,115921.40426102754,122830.42535756082,0.01836,122830.42535756082,5.9600909258964885,118504.72496405522,2.2285105321970144,112715.16629770688,-2.765872259536273
2359,280880.4983871254,361733.7375134908,0.00819,361733.7375134908,28.78563645060501,348994.615539832,24.250212294492535,322240.1859445963,14.725012165304063
2360,25011.00560777968,25239.036717217357,0.27048,25239.036717217357,0.9117230750879779,24350.19740284101,-2.642069716433648,24708.685109721933,-1.2087498711515599
2361,21197.314818663755,21461.884730158978,0.12569,21461.884730158978,1.24812936807579,20706.064802381567,-2.3175105926607986,20713.563433180185,-2.2821352120393934
2362,106797.3009572219,111920.90043875496,0.06115,111920.90043875496,4.797499033786767,107979.39912375018,1.1068614617908423,104415.48936017074,-2.2302170332986204
2363,25259.636939887147,26093.891530502784,0.08039,26093.891530502784,3.3027180580663007,25174.946924286454,-0.33527803983183224,25079.056424951657,-0.7148975076927466
2364,59523.13708345997,64034.56158111782,0.03608,64034.56158111782,7.579278779161425,61779.46617276874,3.7906756932939656,60464.34772167122,1.5812517355923816
2365,9406.59100655798,9547.913539986204,0.34938,9547.913539986204,1.5023777830852847,9211.666122159173,-2.072216005382932,9404.32257082262,-0.024115386049816667
2366,10753.574192289294,10985.450054583584,0.2732,10985.450054583584,2.1562678431191085,10598.577132132834,-1.4413538920631463,10780.43537296084,0.24978839771065964
2367,7524.684866008615,7758.819535759971,0.11255,7758.819535759971,3.111554489265278,7485.578369157515,-0.5197094303278638,7518.19995285817,-0.086181856993639
2368,6651.72258923404,6759.880518997578,0.31407,6759.880518997578,1.6260138379582179,6521.818835697556,-1.9529340226355218,6658.166230648128,0.09687177009631842
2369,82605.06669474542,89121.0944875808,0.04659,89121.0944875808,7.888169640870091,85982.53046834575,4.088688392542839,83648.70426417251,1.2634062427232307
2370,50200.588326222496,51149.53535760148,0.10236,51149.53535760148,1.890310578060106,49348.209956505445,-1.6979449806005742,49138.576188145984,-2.115537234693654
2371,12583.396200945775,12848.083766389724,0.3512,12848.083766389724,2.1034668321422867,12395.61475602621,-1.4922954178733683,12649.868796795245,0.5282564006406476
2372,16503.562373093107,16933.20141657652,0.27578,16933.20141657652,2.6033109323347237,16336.867439731868,-1.01005425127495,16581.69683857321,0.4734399986725979
2373,20493.27014575579,21277.013977928247,0.15157,21277.013977928247,3.8243961388210845,20527.70461529253,0.16802818335888148,20596.10206351184,0.501783839400316
2374,117236.64514651244,130002.50837860306,0.02407,130002.50837860306,10.888970096454841,125424.22982902527,6.983810115242273,118269.75153802047,0.8812145641125646
2375,65817.07278867904,67994.06363900562,0.11281,67994.06363900562,3.30763851700957,65599.52704936915,-0.3305308639422022,65697.72509751024,-0.18133242046786124
2376,25953.541167608608,26939.82596879701,0.17794,26939.82596879701,3.8001935644117024,25991.09021822897,0.1446779473285309,26186.95198767737,0.8993409360263716
2377,23001.17975350549,23564.15768295472,0.07744,23564.15768295472,2.447604581514695,22734.302328590675,-1.1602771152385838,22722.332764227413,-1.2123160301617975
2378,24554.948866727413,26233.886264421508,0.04943,26233.886264421508,6.837470551482583,25310.011484969695,3.07499161305691,24724.361592957164,0.6899331256979835
2379,61366.8871696558,63686.76755219786,0.13302,63686.76755219786,3.7803455406308695,61443.9203532267,0.12552890838006814,61638.95664749656,0.4433489955072867
2380,41983.599437695615,42915.482862953875,0.17497,42915.482862953875,2.219636805179581,41404.1348352371,-1.3802165850940296,41610.46553921382,-0.8887610959501635
2381,126039.9121307481,131601.67667088963,0.07392,131601.67667088963,4.4127010612099005,126967.0804549756,0.7356148608432145,124259.49861486751,-1.412579147178128
2382,7406.962656420798,7569.511033219289,0.09596,7569.511033219289,2.1945348496874573,7302.93671533571,-1.4044345288404148,7305.28242771124,-1.372765510319074
2383,42557.89843672842,44364.70749430317,0.1152,44364.70749430317,4.245531673188618,42802.3223433341,0.5743326517146263,42567.191222296875,0.021835630775490777
2384,24846.956724314867,25349.135418508056,0.18049,25349.135418508056,2.021087329788629,24456.41877492674,-1.5717737738318305,24723.88687066149,-0.4953115788741358
2385,92110.99992618966,101638.53015263932,0.04306,101638.53015263932,10.343531428476794,98059.1415068966,6.457580077811875,94330.64322832278,2.4097483513497497
2386,35600.058772740354,38662.26561146264,0.03461,38662.26561146264,8.601690402452578,37300.7024882993,4.777081202071387,36285.626227843335,1.9257480991237363
2387,11757.634838209911,12100.165502052783,0.23035,12100.165502052783,2.9132616257966815,11674.035815362004,-0.7110190442063069,11867.502985069219,0.9344408834866869
2388,33481.8710285238,35469.18214409057,0.03279,35469.18214409057,5.935484053067852,34220.06935537083,2.204770235863318,33561.84123263344,0.23884628204173808
2389,20122.928037592937,20757.38539198439,0.21008,20757.38539198439,3.1529077339350398,20026.37571016595,-0.4798125165811462,20272.955366148883,0.7455541672447996
2390,16970.26054067112,17599.6534195077,0.11699,17599.6534195077,3.7087991508920615,16979.849103918066,0.05650215695844896,17017.996051903687,0.28128920659860057
2391,51372.85860373594,59979.48037301105,0.01443,59979.48037301105,16.753246759465345,57867.1921423343,12.641565439627067,54226.056351403204,5.553901077756596
2392,76083.9245811581,81979.52299469433,0.07118,81979.52299469433,7.748809549443569,79092.46261168865,3.9542361242437707,77303.6665124596,1.6031532784568814
2393,18383.052041262436,18763.611507004374,0.25037,18763.611507004374,2.0701647631075515,18102.816256616203,-1.5244246930119054,18394.09479828301,0.06007031365515836
2394,63338.40745242132,68389.68627439287,0.05269,68389.68627439287,7.975064459531889,65981.21710262462,4.172523049602295,64478.01246957648,1.7992321925858423
2395,24529.423894916792,25093.698931807216,0.10563,25093.698931807216,2.3004006914624675,24209.97795609745,-1.302296948301107,24356.895207485017,-0.7033540134121496
2396,36354.2450415028,36980.779676562,0.31565,36980.779676562,1.7234153379995565,35678.43318762508,-1.8589626963954275,36267.33695925138,-0.23905896588474196
2397,6694.15786947609,6803.292457009944,0.34936,6803.292457009944,1.6302959933389705,6563.701942096775,-1.948802671269012,6710.324307541812,0.24150069928046136
2398,39602.902839020615,40780.29841847248,0.18243,40780.29841847248,2.973003227156812,39344.14485633549,-0.6533813537278554,39764.85118966085,0.4089305051665715
2399,10899.145095213942,11283.702069941515,0.09249,11283.702069941515,3.5283223717834655,10886.325651663556,-0.11761879889107263,10855.311274362073,-0.40217668880394575
2400,127272.4329391693,132527.72516968867,0.03239,132527.72516968867,4.129167730321592,127860.51644474847,0.46206668011150587,122114.36817893936,-4.052774541282855
2401,68135.46371017705,70583.96223173755,0.05237,70583.96223173755,3.5935743124542396,68098.21757757547,-0.05466482588275534,66761.83167620211,-2.0160309465535597
2402,138656.17241269053,157815.17077486715,0.00983,157815.17077486715,13.817631071736614,152257.4179271117,9.809332882736,141681.33154430919,2.1817702587481502
2403,20823.414369660193,21477.64925916022,0.1657,21477.64925916022,3.141823323908155,20721.274154364528,-0.49050656862730246,20877.00831165241,0.2573734597065114
2404,18345.165300784287,18516.62240567953,0.37456,18516.62240567953,0.93461738874554,17864.525332877914,-2.6199816683353805,18224.78136886245,-0.6562161198770511
2405,16969.667510412055,17275.313622291662,0.363,17275.313622291662,1.8011320003298303,16666.93153197205,-1.7839829699329957,16999.302962556365,0.1746377890204709
2406,18761.97068600585,18957.441237429743,0.34969,18957.441237429743,1.0418444559754603,18289.819914928466,-2.51653080041081,18646.554015339563,-0.6151628344264193
2407,32691.39152836002,35397.97354362987,0.03179,35397.97354362987,8.279188767238232,34151.36849735373,4.465937057855629,33150.8009431123,1.4052917091453176
2408,41393.9838580468,42758.145053928965,0.17812,42758.145053928965,3.2955542538749327,41252.33796788386,-0.3421895574214018,41413.22690859738,0.04648755388361181
2409,56408.62049783681,59327.10466679638,0.14211,59327.10466679638,5.17382652368088,57237.79105206573,1.469935883755058,56978.83302173064,1.0108606075833748
2410,14675.744880027756,14908.411813087569,0.30772,14908.411813087569,1.585384148892155,14383.384543510938,-1.9921328621260725,14660.329045462326,-0.10504294460998986
2411,35298.65632637526,36702.1799962993,0.04585,36702.1799962993,3.9761390828787047,35409.64490989587,0.3144272192527442,34902.21124473157,-1.123116636446786
2412,15322.088814318731,15508.0200449533,0.35209,15508.0200449533,1.2134848772108242,14961.87646354285,-2.350935013764288,15263.632276011123,-0.381518075087639
2413,23385.88938807705,23868.43089755405,0.26015,23868.43089755405,2.0633874618556147,23027.85999970561,-1.5309633190772387,23358.828828428108,-0.11571319439634964
2414,28277.44476187992,29415.15610129255,0.18405,29415.15610129255,4.023388071281264,28379.247026224308,0.3600122472226408,28550.217258512945,0.9646292263321588
2415,64990.82753411486,72648.25397709795,0.0101,72648.25397709795,11.782318726382691,70089.81147475028,7.845697822448683,66333.48683347377,2.0659212235051516
2416,14905.013429984963,15222.656114425454,0.30536,15222.656114425454,2.1311130374527254,14686.56215112048,-1.4656228247672431,14951.737313955799,0.31347763750979585
2417,241984.76862282815,260186.75826396988,0.0547,260186.75826396988,7.5219567515476315,251023.8008018339,3.735372366801526,242730.4928004252,0.3081698826918222
2418,24059.52800103489,24842.492600310172,0.10667,24842.492600310172,3.254280795706399,23967.61831974002,-0.38200949449597177,23991.385042456848,-0.2832264979392374
2419,46224.71405334098,48382.98119507336,0.05614,48382.98119507336,4.669076241860259,46679.08511081527,0.9829613157800621,45560.30577323787,-1.4373442728848662
2420,28280.39723787601,28778.85398036497,0.21618,28778.85398036497,1.762552125050676,27765.353460236372,-1.8212041836167647,28077.034431306336,-0.7190945900056533
2421,62724.607984181435,67444.87160403897,0.03218,67444.87160403897,7.525377633365116,65069.67582670409,3.7386727759447513,62937.31869334193,0.33911843532627994
2422,106224.50946367516,118689.9800528088,0.02243,118689.9800528088,11.73502297357878,114510.09309137361,7.800067676972233,108747.65400198355,2.3752941303731845
2423,69286.53513513767,72335.73166533823,0.12378,72335.73166533823,4.400850070296269,69788.29521367404,0.7241812244727086,70120.40244995848,1.2035055775186487
2424,10498.994914005132,10704.864923704892,0.17239,10704.864923704892,1.9608544568884279,10327.873325099767,-1.6298854348152703,10432.101336217982,-0.6371426820858561
2425,36470.77429502749,38006.91553434294,0.11197,38006.91553434294,4.211978684326656,36668.43177509313,0.5419612933542428,36327.53556163687,-0.39274936208346656
2426,60672.64531026544,62842.98713003577,0.10791,62842.98713003577,3.5771339928755586,60629.855217758064,-0.07052616922924582,60059.75783182094,-1.010154535557728
2427,18407.17237122015,18805.98632559653,0.34148,18805.98632559653,2.1666225878339107,18143.69876767197,-1.4313638088168545,18484.92987965488,0.4224304899556719
2428,142358.29165992793,155592.65846152493,0.02104,155592.65846152493,9.296519821417837,150113.1754916146,5.447440919150592,143323.0145964819,0.6776724596123662
2429,17937.69288011065,18231.004409272937,0.24171,18231.004409272937,1.63516864249309,17588.96590197618,-1.9441016214584828,17827.713677572025,-0.613117881288805
2430,64767.23851931691,67793.58761464199,0.02529,67793.58761464199,4.67265420683709,65406.1111586406,0.9864132761089328,63495.629581984926,-1.9633520996155007
2431,74559.96360809823,79614.06178660829,0.08629,79614.06178660829,6.778568462124501,76810.30549091529,3.01816386961411,75673.6934372949,1.493737087977487
2432,37961.349071663964,38952.87191258949,0.1623,38952.87191258949,2.6119273028303525,37581.07455155325,-1.0017413221875437,37728.78634832384,-0.6126302911445225
2433,49082.42936739529,52683.6277127268,0.0404,52683.6277127268,7.337041771864139,50828.276414668166,3.556969509811214,49965.91793119122,1.800009851148121
2434,58926.2681387329,60766.96331359215,0.06691,60766.96331359215,3.123726027457918,58626.9424160616,-0.5079665353430851,57627.75932995966,-2.2036162305681617
2435,39684.82905741617,41168.968426791835,0.10681,41168.968426791835,3.739815452470263,39719.12713213226,0.08642616216505417,39183.69675816294,-1.2627805414713755
2436,84094.68596776207,88346.47531657916,0.03377,88346.47531657916,5.05595484409922,85235.19094278265,1.3562152731717125,81835.7269987385,-2.6862089358292485
2437,9251.050151646892,9369.954818969134,0.38013,9369.954818969134,1.2853099418240088,9039.97454633264,-2.281639401518931,9242.004574919814,-0.09777891783958603
2438,13804.475876261657,14336.49105324444,0.03691,14336.49105324444,3.8539324618448,13831.605030013783,0.19652433019046178,13642.80363647915,-1.171158117350335
2439,38268.314417860056,39847.50582462449,0.15767,39847.50582462449,4.126629120689507,38444.202277282464,0.45961747230842676,38563.94515076206,0.7725209155384993
2440,18024.06976467214,18340.59801531867,0.12816,18340.59801531867,1.7561419522850397,17694.6999666793,-1.8273886103038373,17827.10854159973,-1.09276775802577
2441,25229.109757961734,25813.53520128556,0.35601,25813.53520128556,2.3164727131895324,24904.463861241566,-1.2867909325168236,25368.791216580306,0.5536519518866134
2442,29902.705524172972,30806.12234101015,0.12889,30806.12234101015,3.0211875514303044,29721.227819600055,-0.6068939294680664,29665.191682870947,-0.7942888014264238
2443,44780.691131751286,45968.82580280235,0.04134,45968.82580280235,2.653229865424356,44349.94866152953,-0.9618933056536494,43768.863159304645,-2.2595184372427357
2444,221272.23783048312,238234.45136871052,0.03579,238234.45136871052,7.665766706450605,229844.58495709195,3.8741177884123568,219102.69075619508,-0.9804876994782052
2445,17126.150225799804,17442.98825475018,0.39012,17442.98825475018,1.8500248145264742,16828.701192421435,-1.7368120065318293,17177.588463030683,0.3003490951129839
2446,21251.618472510785,22396.68031691897,0.03363,22396.68031691897,5.38811594933033,21607.939835250094,1.6766787113189352,20564.965682413756,-3.231061158872306
2447,28943.940618233337,30166.55276884651,0.04082,30166.55276884651,4.224069440783018,29104.181871708897,0.5536262514808321,28475.23614288294,-1.6193526705038042
2448,20574.281686622704,21555.752624368313,0.11306,21555.752624368313,4.770377662243042,20796.626965248386,1.0806952194605701,20699.820765379955,0.6101747835934201
2449,25584.871185818996,28587.810981464423,0.02005,28587.810981464423,11.737169883856492,27581.038393548995,7.802138979837503,26575.379370321585,3.8714605100361066
2450,24126.616477345226,25698.433920355717,0.04222,25698.433920355717,6.514868939399032,24793.41608460239,2.7637510128421416,23838.853789354052,-1.192718789480407
2451,85436.01936210944,88071.6959100364,0.07885,88071.6959100364,3.0849711487095366,84970.08840077528,-0.5453565894255608,83197.95442710097,-2.6195800690604787
2452,60296.52580016828,63712.1300879688,0.08275,63712.1300879688,5.664678424624903,61468.38970043589,1.9435015280172774,60393.9376113394,0.1615546001671131
2453,43820.10242104473,45026.77891362214,0.20129,45026.77891362214,2.7537053222356223,43441.07769425438,-0.8649562777112929,43707.11915429081,-0.2578343283370699
2454,192731.9477754601,217255.03235856496,0.01572,217255.03235856496,12.723933352074646,209603.99495289935,8.754151749193028,194778.94098123987,1.0620933526623189
2455,5951.332675261496,6018.532338165688,0.38976,6018.532338165688,1.1291531925870624,5806.57860090765,-2.4322968022869818,5947.730004284046,-0.060535533367600536
2456,34878.453931945216,36504.08375061719,0.07545,36504.08375061719,4.660842541483912,35218.52498954524,0.9750175803766137,34777.143733155965,-0.2904664265994339
2457,41609.13351084994,42747.90118982727,0.1107,42747.90118982727,2.7368214209036346,41242.45486038499,-0.8812455812600262,41168.48735313618,-1.0590130592333935
2458,49169.42910822378,52465.158518742755,0.06901,52465.158518742755,6.702801863460617,50617.50101703494,2.945065531722757,50178.978956733896,2.053206365866189
2459,28982.12469786235,29520.769974263807,0.15599,29520.769974263807,1.8585430917050338,28481.141511506874,-1.7285937162240805,28741.268196301004,-0.831051912419345
2460,10029.877229179028,10275.889177189283,0.36867,10275.889177189283,2.452791219563033,9914.004752153776,-1.155273134232937,10133.801011558979,1.036142118246608
2461,8284.35827923437,8568.433055345304,0.14917,8568.433055345304,3.4290498616289744,8266.679852656813,-0.21339524416598143,8311.904935078606,0.3325140574048424
2462,44769.84917666018,45865.6016814813,0.14968,45865.6016814813,2.44752333316407,44250.35976837706,-1.1603555022784096,44382.747600474526,-0.8646479345020053
2463,59739.527068447846,61882.54749500525,0.0287,61882.54749500525,3.5872738398179838,59703.23923916361,-0.06074341573319986,57868.58806261991,-3.1318276150466895
2464,5468.168543780356,5553.080266769001,0.33977,5553.080266769001,1.5528366089817336,5357.518284261772,-2.0235341802776086,5479.103925753798,0.1999825331989724
2465,4749.566602110036,4836.048638921201,0.34098,4836.048638921201,1.8208405957028662,4665.738250110796,-1.7649684491633066,4773.273974538391,0.49914812054265845
2466,28950.93934726571,30732.302870310858,0.1172,30732.302870310858,6.153042226636374,29650.008037964144,2.414666696348333,29504.419706954366,1.9117872240678402
2467,40720.78958080511,42229.50744848172,0.13713,42229.50744848172,3.705030976088408,40742.317312522464,0.052866685393304635,40856.71877757655,0.3338078612196371
2468,10052.352917156732,10486.974975412824,0.05509,10486.974975412824,4.32358535198567,10117.656773951152,0.649637525986213,9888.571220685923,-1.6292871710788859
2469,13419.496403316269,14176.577749658683,0.0422,14176.577749658683,5.641652440514244,13677.32336889962,1.921286446484216,13407.586780991118,-0.08874865320733782
2470,11546.95866130713,11993.542449456383,0.16141,11993.542449456383,3.8675447037471278,11571.167690579543,0.2096571918416501,11714.197745762562,1.4483388168335276
2471,5031.506047146446,5119.833752642871,0.3207,5119.833752642871,1.755492384760604,4939.529346678139,-1.8280153021076218,5051.221495138237,0.39183989459721236
2472,42653.547239915526,50518.814251359145,0.00841,50518.814251359145,18.4398895763662,48739.700859458084,14.268810013173038,45886.33334538696,7.579172928544087
2473,15790.53277776803,16564.83176090276,0.08294,16564.83176090276,4.903564648717174,15981.470602151549,1.2091917801047458,15850.593945825472,0.3803618845717782
2474,31626.424528801075,32611.713244065868,0.14654,32611.713244065868,3.1153971084133314,31463.231502656155,-0.516002136113447,31629.040530510432,0.008271569576168147
2475,17209.450402150513,17466.39258497718,0.32647,17466.39258497718,1.493029567025328,16851.28129591326,-2.0812350067408003,17161.51817682872,-0.27852269655168627
2476,41661.357765160676,42153.71596611378,0.30896,42153.71596611378,1.1818102610300363,40669.19496725267,-2.3814941498083053,41287.07775288185,-0.8983864961593202
2477,24682.22577078531,25074.036232854145,0.11929,25074.036232854145,1.5874194884506476,24191.007715420503,-1.9901692008110095,24206.757207884006,-1.926360156157736
2478,80086.60011588491,85436.10195105645,0.05114,85436.10195105645,6.679646566879893,82427.31175307868,2.9227256916972033,80138.45015931487,0.06474247046939219
2479,61404.32455197646,63417.0869910662,0.03861,63417.0869910662,3.277883852278207,61183.73709136769,-0.3592376631747607,59457.19013280561,-3.1710053540653704
2480,104741.36341487512,113456.68608731414,0.0266,113456.68608731414,8.320803155786782,109461.09924288964,4.506085918816893,105696.90887691818,0.9122904561192247
2481,107222.9729768818,113531.27699586807,0.08196,113531.27699586807,5.883351154930572,109533.06329477069,2.154473294064463,106935.11502620399,-0.2684666752710618
2482,60414.48914982362,63118.76830953656,0.08585,63118.76830953656,4.476209594368208,60895.92425343768,0.7968868236560622,60136.18587817756,-0.46065650072102393
2483,19373.785356903787,19704.14303113959,0.36136,19704.14303113959,1.705178766823079,19010.22522522649,-1.8765570330206094,19390.79769558501,0.08781112398956736
2484,10617.904382821003,10950.158956653402,0.29025,10950.158956653402,3.1291916168501466,10564.528875426717,-0.502693426780565,10753.827995489904,1.28013596438874
2485,12454.316457493607,12799.993422598882,0.23738,12799.993422598882,2.7755595121182752,12349.218002552705,-0.8438717235072835,12551.742267470785,0.7822654122343176
2486,309960.7187163963,421680.930208106,0.00309,421680.930208106,36.043345090424175,406830.65707402595,31.2523273138563,356050.44733347546,14.86953856861124
2487,11295.487657740236,11505.975145750574,0.35139,11505.975145750574,1.8634652561113851,11100.77097039456,-1.7238448949324137,11334.056875927698,0.34145686628264116
2488,20635.141671309368,21584.827387651487,0.1562,21584.827387651487,4.602273788420552,20824.677807018557,0.9185114341750067,20933.106145399874,1.4439662147063936
2489,9839.964963368771,10003.996162622723,0.30244,10003.996162622723,1.6669896677944607,9651.686952495724,-1.9134012323616,9829.583735364122,-0.10550066024925808
2490,53712.34293261624,57983.75757340555,0.06163,57983.75757340555,7.952389353314815,55941.75240878879,4.1506464891494455,55151.69081912026,2.679733945528562
2491,57325.24336433867,59174.26662367255,0.11595,59174.26662367255,3.2254956993067685,57090.33548304275,-0.4097808705371353,57100.414199460414,-0.3921992331534008
2492,30728.987849494384,31776.753840167497,0.14086,31776.753840167497,3.4096989975878955,30657.67673699371,-0.2320646317735653,30786.538400505076,0.18728423888403345
2493,16091.258832239351,16295.96041382814,0.36122,16295.96041382814,1.2721290715842715,15722.068056381306,-2.2943560830577137,16034.737620023121,-0.35125413620833434
2494,27846.211669909844,32120.89441874789,0.00498,32120.89441874789,15.351038767895297,30989.697769200695,11.288738793462706,28001.20473004622,0.5566037562799275
2495,64217.04275599469,66278.43500955043,0.04416,66278.43500955043,3.2100392124695176,63944.31745221756,-0.4246930286301187,61970.10609192729,-3.4989724964525015
2496,59143.471185530616,60816.01300975279,0.1673,60816.01300975279,2.827939907306898,58674.26473653853,-0.7933360007230661,58821.087977557356,-0.545086721342336
2497,25336.174163930493,27111.32461026049,0.01147,27111.32461026049,7.006387131870784,26156.549218140244,3.2379594839447634,24486.387479839104,-3.3540450053472393
2498,44797.02163542536,46180.23224057241,0.2568,46180.23224057241,3.0877289485987003,44553.91003095933,-0.5426959105553131,45092.52437508334,0.6596481838968993
2499,21304.477958765132,22268.817186843316,0.05536,22268.817186843316,4.526462605395287,21484.579641563963,0.8453700820429288,20990.926893791246,-1.471761315066089
2500,57646.35962949088,59373.39377683133,0.1702,59373.39377683133,2.9959118987574973,57282.450005558356,-0.6312794533279598,57457.83231204964,-0.32704114995804057
2501,23437.968353926033,24030.165040844317,0.24586,24030.165040844317,2.5266553737755437,23183.898376289562,-1.084010242696276,23519.835052408067,0.3492909336074046
2502,60268.99174685517,65745.6609075178,0.04123,65745.6609075178,9.087042941859735,63430.3059746414,5.245341154974903,62289.07690231271,3.3517818979657
2503,48545.55800289772,50036.33004754535,0.13219,50036.33004754535,3.070872199179675,48274.20822840993,-0.5589590183958548,48181.49273556627,-0.7499455816528333
2504,38189.533609457205,40092.655043703926,0.08605,40092.655043703926,4.9833586702285215,38680.71811362833,1.2861757077061942,38317.85590163191,0.33601429513905323
2505,11891.394834804514,12680.68255897078,0.01931,12680.68255897078,6.637469658783224,12234.108891448404,2.8820341213531275,11744.436501249242,-1.2358376422347495
2506,98038.99902599253,101105.93878924048,0.10619,101105.93878924048,3.128285471820069,97545.30633247558,-0.5035676602390238,96736.3261863071,-1.328729232884207
2507,130765.75394439769,145368.87465757754,0.02075,145368.87465757754,11.167389222861202,140249.44112570432,7.252424197652818,132759.4218196619,1.5246100872189583
2508,32524.737454479746,33700.10384684756,0.07936,33700.10384684756,3.613761353224776,32513.29241924621,-0.03518870905431237,32196.06541378818,-1.0105294198041181
2509,54261.65487708457,56499.12052211287,0.06193,56499.12052211287,4.123474763341961,54509.39959455134,0.45657420148348393,53310.48643199143,-1.7529292964760579
2510,14519.77170670416,14780.338596268606,0.36389,14780.338596268606,1.7945660223027904,14259.82166167436,-1.7903177149112826,14553.922775762298,0.23520389816025222
2511,25360.66171206049,26735.766505859257,0.10585,26735.766505859257,5.422196034990767,25794.217086337118,1.7095586037900734,25800.641553001587,1.7348910132414241
2512,13498.576931824373,13679.769927742978,0.33758,13679.769927742978,1.342311836527177,13198.011552428019,-2.2266449338651295,13462.272747462097,-0.2689482346593497
2513,40196.56909571006,42449.718812921026,0.03994,42449.718812921026,5.605328434489287,40954.7735268592,1.8862416574504604,39416.92552619455,-1.9395773994022703
2514,12904.479764328897,13173.206509842505,0.38297,13173.206509842505,2.0824299035783866,12709.287701310523,-1.512591492126103,12982.480955171208,0.6044504874805234
2515,26913.922261554613,27797.696445750436,0.22175,27797.696445750436,3.283706386631935,26818.749201174032,-0.35362018012711216,27089.92225766103,0.6539366295109872
2516,75261.69174895853,79498.78743779112,0.09552,79498.78743779112,5.629817228884204,76699.09074129423,1.909868033700679,75927.87688452628,0.8851583323290946
2517,34684.33307025379,36192.96888388294,0.10103,36192.96888388294,4.349617478800516,34918.36660771724,0.6747528833534355,34971.98970023174,0.8293560939900191
2518,19228.847435326792,19624.48258275597,0.35988,19624.48258275597,2.057508380363582,18933.37016672829,-1.5366353578512348,19296.162798813733,0.3500748742915949
2519,96415.35967838542,109459.2283826756,0.0285,109459.2283826756,13.528828547443972,105604.4193977728,9.530701072982062,100088.42981534623,3.8096317321359763
2520,70947.8377655862,75618.85052396213,0.03946,75618.85052396213,6.583728138141565,72955.79297518512,2.8301852076637823,71040.11806955104,0.13006781724587135
2521,207824.99947077024,235119.5721152223,0.01495,235119.5721152223,13.133440497513838,226839.40193215065,9.149237343823359,213353.09223569641,2.6599748726108707
2522,22250.049764445343,22505.399594250892,0.31219,22505.399594250892,1.1476371177092215,21712.83036234064,-2.414463822742352,22087.55981973612,-0.7302902529632727
2523,40702.5051836932,41484.6769675281,0.14149,41484.6769675281,1.9216797106342831,40023.717413244165,-1.6676805699934794,40041.54162829706,-1.6238891252839838
2524,38176.160512877614,39531.738843799256,0.04676,39531.738843799256,3.5508503545409686,38139.55561415731,-0.09588418067332238,37530.84681508964,-1.6903577759484145
2525,74343.58619757673,76655.70949143467,0.10343,76655.70949143467,3.1100507953883083,73956.13703822295,-0.5211601688464351,73184.64605508542,-1.558897279196747
2526,56592.77708347167,57372.18837860239,0.26913,57372.18837860239,1.3772275108201892,55351.720753230606,-2.1929588795590815,56046.488660667856,-0.965297076688898
2527,10341.458986667372,10640.401684265253,0.20375,10640.401684265253,2.8907207192262696,10265.68027775137,-0.7327661311010369,10400.719413358964,0.5730373902559815
2528,138941.19422994312,148513.20524922825,0.06011,148513.20524922825,6.889253451675215,143283.0383055149,3.1249508827354333,138845.25402749173,-0.06905094128716316
2529,58899.63907594903,62472.30508842399,0.06253,62472.30508842399,6.065684049214859,60272.22742918333,2.3303849985640834,59025.249542521,0.21326186126540136
2530,24049.0107762901,24613.00675631779,0.35681,24613.00675631779,2.345194092489389,23746.214243784932,-1.2590810296600363,24195.939198058404,0.6109541183837885
2531,40030.663632964046,40800.67694789954,0.3523,40800.67694789954,1.9235587048859415,39363.80571819359,-1.6658677479963635,40028.58800874162,-0.0051850857169299935
2532,37265.82244400421,38210.93824793643,0.20493,38210.93824793643,2.5361463720607658,36865.26945183678,-1.0748534874530202,37213.49139217827,-0.1404263971486741
2533,10466.846594435956,10686.45743355312,0.3845,10686.45743355312,2.0981566619492353,10310.114088726821,-1.4974185806110096,10537.049034995589,0.6707124244751173
2534,123333.40474477613,149531.3120110323,0.00649,149531.3120110323,21.241534133002848,144265.29055645698,16.97178947990361,132120.6362721531,7.124778194164905
2535,5178.812429075512,5280.7914920304065,0.35065,5280.7914920304065,1.9691592300649985,5094.818661857424,-1.6218731295715716,5211.691283376489,0.6348724683748808
2536,31140.537626474732,32367.186996309847,0.20913,32367.186996309847,3.9390757621097006,31227.316698547434,0.278669151809785,31467.420017439887,1.049700537884246
2537,74787.33394921794,79953.84652364314,0.05043,79953.84652364314,6.908272165355389,77138.12408058543,3.1432998172708393,75178.61472464366,0.5231912340817102
2538,31373.726113234025,32900.20457298945,0.09689,32900.20457298945,4.865467538812784,31741.563076360988,1.1724363303210028,31758.543807652426,1.2265603805857062
2539,17234.117206632232,17460.359315596685,0.32714,17460.359315596685,1.3127571679586003,16845.460499262197,-2.2551587801692974,17158.751985504445,-0.4373024752250432
2540,30874.89161400296,32030.026787452654,0.15726,32030.026787452654,3.7413416308991865,30902.030209445606,0.08789859340052608,31125.76034490221,0.8125331548871628
2541,44565.56241962335,45515.76004538335,0.18341,45515.76004538335,2.1321342628038087,43912.83845192734,-1.4646375637539344,44387.5789150078,-0.39937452811585894
2542,10594.54115124852,10888.622535579763,0.18767,10888.622535579763,2.775782170581187,10505.159573127423,-0.8436569063735688,10626.220778858336,0.2990184016235853
2543,13368.22623332992,13969.159867167002,0.10173,13969.159867167002,4.495238361083542,13477.21009040408,0.8152454571904055,13420.968951749774,0.3945378952994849
2544,68906.36570706857,72194.38754178063,0.03053,72194.38754178063,4.771724355177764,69651.92878460143,1.081994486115212,66798.57542990106,-3.0589195287530457
2545,154815.8554955559,168457.22857284898,0.04525,168457.22857284898,8.811354000937355,162524.695995475,4.979361109521729,155982.9266898286,0.7538447470622156
2546,12036.946448393675,12298.946591590944,0.36015,12298.946591590944,2.176632955214597,11865.816461526843,-1.4217059750205152,12116.496501962642,0.6608823417967535
2547,66532.52364421397,67457.28131324137,0.18854,67457.28131324137,1.389933251251052,65081.64850506642,-2.180700595255003,65428.21830620479,-1.6597977613392656
2548,43472.42918073437,44543.18993916469,0.13927,44543.18993916469,2.4630801144759795,42974.519199102164,-1.145346581766038,42969.482813205526,-1.1569318232433456
2549,57681.339236258755,59353.38530740808,0.18392,59353.38530740808,2.8987643027855947,57263.14617135725,-0.7250058171995866,57483.21410574386,-0.3434821956948553
2550,19441.012403899826,22119.497885085613,0.00581,22119.497885085613,13.777499985795426,21340.518894928016,9.770615087139966,19358.11126420224,-0.42642398438547113
2551,19448.23208633138,19605.19738868437,0.35924,19605.19738868437,0.8070929103283886,18914.764136400867,-2.743015136606919,19279.87587190147,-0.8656633347574827
2552,51720.130560354446,53649.44296929157,0.11514,53649.44296929157,3.730292998169693,51760.07870235154,0.07723905868812775,51749.85364223762,0.0574690774387987
2553,15068.925627253178,15417.400877815691,0.19414,15417.400877815691,2.3125421093874943,14874.448617820968,-1.290583112843069,15060.40956733984,-0.056514048340217116
2554,92415.34135295812,97684.87278708367,0.06425,97684.87278708367,5.702009381753892,94244.71949098812,1.9795178065112884,91399.0117811387,-1.099741186842329
2555,109512.93549772224,121241.47469295523,0.01761,121241.47469295523,10.709729532797475,116971.73213314709,6.810881839232574,111429.92688902639,1.7504702824298057
2556,18533.73672723188,19520.940752315084,0.02377,19520.940752315084,5.326524486736073,18833.474753169696,1.6172563058878708,18089.777773098373,-2.3954098445846173
2557,18650.51776722252,19455.921497066796,0.01013,19455.921497066796,4.318398769924436,18770.74527113675,0.6446335989959806,17657.73261261599,-5.32309701530812
2558,16590.761493634454,16907.291465684433,0.26557,16907.291465684433,1.907868859252937,16311.869955636532,-1.6810050467239157,16567.569271493492,-0.13978997980207408
2559,31867.593103952193,32419.81138319733,0.27819,32419.81138319733,1.7328521719346623,31278.087820411987,-1.8498581980045947,31794.87551424439,-0.2281866392312648
2560,33174.852599495855,33754.063757365875,0.2964,33754.063757365875,1.7459343824750562,32565.35203180917,-1.8372367016815216,33052.917664260494,-0.3675523044741835
2561,13474.09276442048,13633.11154482004,0.20106,13633.11154482004,1.1801817248836333,13152.996330674496,-2.383065334045109,13344.28655339393,-0.9633762606215401
2562,5842.23977051453,6022.73220677009,0.14993,6022.73220677009,3.0894390395699745,5810.630563378683,-0.5410460435974707,5891.2177822435215,0.838343061100999
2563,28311.233367425313,29680.6644589315,0.03018,29680.6644589315,4.8370591055981516,28635.405016445948,1.145028352574795,28010.280545202942,-1.0630155822481613
2564,11810.749641784383,12043.271639752096,0.3487,12043.271639752096,1.968731918125588,11619.14557555001,-1.6222853929314662,11862.866055001094,0.4412625345332266
2565,12705.204062748957,12999.303609527004,0.24572,12999.303609527004,2.3147959318523093,12541.509112965257,-1.2884086629009417,12745.826763901994,0.3197327721176979
2566,23563.97706580923,24110.537393518767,0.34114,24110.537393518767,2.31947402674475,23261.440268053546,-1.2838953157642385,23687.2026607885,0.5229405657420472
2567,34092.008322805894,35297.59439010039,0.11518,35297.59439010039,3.5362717733704807,34054.524381195144,-0.10994935016976903,34001.983926508285,-0.26406304798825
2568,64816.91507685729,71699.25259289016,0.02051,71699.25259289016,10.618119526163916,69174.23092784037,6.722498048258463,65665.60780474402,1.3093692084549025
2569,40179.25560317889,41913.56645307979,0.09504,41913.56645307979,4.316433502475547,40437.502763065466,0.6427375420716919,40456.36142817328,0.6896738648698664
2570,62275.20733244784,65690.9829483378,0.01868,65690.9829483378,5.4849686772703965,63377.553600827174,1.7701205914812945,59746.98618007536,-4.059755496077133
2571,24517.312277237623,25563.96542457157,0.10219,25563.96542457157,4.269037060419056,24663.683145366504,0.5970102533007893,24591.87976468125,0.3041421775781483
2572,7673.235031770336,7825.290747696464,0.35316,7825.290747696464,1.9816376703770233,7549.708674540982,-1.6098341405926364,7716.797218985601,0.5677160550263238
2573,13145.935205539428,13384.767436924853,0.36588,13384.767436924853,1.816776270772924,12913.398119426005,-1.768889641380833,13187.066928299928,0.31288548222241364
2574,23405.489989857266,24117.53393312581,0.22285,24117.53393312581,3.0422090867446405,23268.190411590207,-0.5866127063631543,23467.791673843305,0.266184062000141
2575,57056.21011929247,60330.84289370473,0.05984,60330.84289370473,5.73931000247947,58206.18078261844,2.0155048169544054,56144.18127206234,-1.5984742858371925
2576,82706.23664515678,87132.6462764325,0.05179,87132.6462764325,5.351965959068861,84064.10913518301,1.6418018097620113,82551.6246546626,-0.18694115071093975
2577,53528.34552393384,55864.832487986285,0.14338,55864.832487986285,4.36495270156958,53897.44918557609,0.6895480479164551,53939.84665197229,0.7687536836991526
2578,22616.17856487185,22958.01361022561,0.24878,22958.01361022561,1.5114624443437474,22149.504739408232,-2.0634512772572,22483.494862413554,-0.5866760473159038
2579,90579.81733869882,96198.8806636334,0.02913,96198.8806636334,6.203438569459263,92811.059325963,2.4632882388369692,89778.15457468371,-0.8850346441056645
2580,31489.98916515932,32299.403864948137,0.12929,32299.403864948137,2.570387355624626,31161.920675405458,-1.0418183633954414,31153.629492480864,-1.06814794668334
2581,28617.99554801018,29780.538896301223,0.14301,29780.538896301223,4.0622808342419825,28731.762190956946,0.39753532967012895,28962.981599754607,1.2054864260694576
2582,13705.964363559864,14503.743510167014,0.01657,14503.743510167014,5.820671391268251,13992.96738261881,2.094000914098415,13237.47605445506,-3.418134592195321
2583,24431.135412040752,24992.06566025017,0.21771,24992.06566025017,2.2959647136701067,24111.923887994984,-1.3065767049387556,24430.931231336155,-0.000835739727822471
2584,26047.352117286933,27257.09981904108,0.05859,27257.09981904108,4.644417199517448,26297.190683582,0.959170687178057,26135.113829862512,0.33693141698396545
2585,20981.65786913993,21651.56902349849,0.16532,21651.56902349849,3.1928418551894877,20889.06901283484,-0.44128474919644667,21008.24535783376,0.1267177687275911
2586,7337.297851030237,7498.282989203352,0.32005,7498.282989203352,2.194065737027584,7234.217098504093,-1.4048871208311442,7390.605653832065,0.7265318089048733
2587,8108.971535160595,8212.14886969663,0.24383,8212.14886969663,1.2723849638472284,7922.942872943265,-2.294109202513628,8048.577912835638,-0.7447753647067179
2588,14348.835681755818,14573.904039201703,0.36129,14573.904039201703,1.5685478768988403,14060.657078981785,-2.0083762136912875,14345.3539054139,-0.024265218580377113
2589,7529.019883712067,7656.543357521656,0.34365,7656.543357521656,1.6937592911059562,7386.904035520518,-1.8875743507995812,7551.361011722098,0.29673355038366545
2590,45992.78376575946,46640.249688208256,0.05889,46640.249688208256,1.4077554551738647,44997.72711416213,-2.163506033174978,43862.57461320297,-4.631616045259646
2591,55410.56698792451,58316.654810397835,0.08025,58316.654810397835,5.244645526017888,56262.92605445699,1.5382608640662987,55556.309792259875,0.2630234849737789
2592,54567.905374389615,61956.681502566345,0.02035,61956.681502566345,13.540516311708206,59774.76248066454,9.541977231031229,57909.39742698371,6.123548319599537
2593,91504.0784768964,97448.80568994572,0.0873,97448.80568994572,6.496680051862702,94016.96593287773,2.7462026805896045,92844.74734937586,1.4651465757539617
2594,39475.20112635125,40931.836008470775,0.14104,40931.836008470775,3.689999900081986,39490.34577009272,0.038364956502690006,39609.950486168826,0.3413519272169818
2595,61913.080648055795,66047.03396682817,0.04761,66047.03396682817,6.677027334937158,63721.06562479474,2.9201987008470986,61994.80437903803,0.1319975199534973
2596,24550.09087429687,25913.869902126786,0.04522,25913.869902126786,5.555087493617972,25001.26509019545,1.837770044146536,24433.101840265565,-0.4765319795772771
2597,21424.539965777265,22064.787179382325,0.20232,22064.787179382325,2.9883825492998506,21287.734927819834,-0.6385436428318125,21548.998529503413,0.5809159212984527
2598,5518.346794871152,5689.64143680416,0.12883,5689.64143680416,3.104093459516011,5489.2702003581035,-0.5269077061280991,5550.547905193892,0.5835282108885842
2599,11128.115481963963,11510.15816708667,0.14112,11510.15816708667,3.4331301264972414,11104.806678904972,-0.2094586733645043,11168.085690471778,0.3591821865310152
2600,54081.088214809715,56402.780039525576,0.03731,56402.780039525576,4.292982817753432,54416.4519200751,0.6201127165439413,51971.80402696638,-3.900225120221823
2601,20914.220169841497,21317.69312744509,0.304,21317.69312744509,1.9291800235774703,20566.951173392707,-1.660444394429561,20918.0762201259,0.0184374566829959
2602,17404.151052465604,18464.68226505345,0.04728,18464.68226505345,6.093553252846551,17814.414360278333,2.3572727366935053,17565.69628896575,0.9281994623763223
2603,87430.8189814824,89662.6295798624,0.15901,89662.6295798624,2.55265891865053,86504.99440171082,-1.0589224607030934,86515.24007333264,-1.0472038565070285
2604,100117.12038017502,105516.96737124235,0.02989,105516.96737124235,5.393530068146668,101800.99239231825,1.681902161936999,97170.47409673888,-2.943199197346902
2605,8024.27450287068,8333.994002157911,0.15722,8333.994002157911,3.859781955071817,8040.497003920995,0.20216782270485734,8089.522697274351,0.8131351236841278
2606,20529.78002083735,21006.517253163023,0.35261,21006.517253163023,2.32217408974571,20266.73393251041,-1.2812903404710085,20660.314573170697,0.6358302534214211
2607,117283.37952351496,130463.84812269076,0.02058,130463.84812269076,11.238138475139326,125869.32264156705,7.320681884282365,118684.04824443957,1.1942601983461643
2608,59865.88724483979,63573.95636911993,0.0548,63573.95636911993,6.193960024537626,61335.08202441197,2.454143498389083,60380.66995743406,0.8598932318315322
2609,27743.984596241935,28855.748211456634,0.15826,28855.748211456634,4.00722402132998,27839.539718895936,0.34441744415811826,28038.840028267714,1.062772475968421
2610,20961.56143839883,21335.99809100675,0.19998,21335.99809100675,1.7863013388019988,20584.611493838856,-1.798291342311209,20825.004298508553,-0.6514645404235964
2611,19952.05805999788,20247.475213393867,0.29559,20247.475213393867,1.4806349926791418,19534.422960720207,-2.0931930832488566,19884.81158160692,-0.33704031027146364
2612,46593.405272763535,49035.06308898431,0.06776,49035.06308898431,5.240350650327041,47308.2027359233,1.5341172403589232,46375.88273198036,-0.46685263613974737
2613,17648.833236324743,18031.564990686275,0.35815,18031.564990686275,2.168595222339098,17396.550111036733,-1.429460644280789,17730.448257254968,0.46243862037431693
2614,10089.950090727703,10149.603341850354,0.31039,10149.603341850354,0.5912145311548045,9792.166305855711,-2.9512909597604886,9988.333602575169,-1.007105954328913
2615,10341.86689165906,10574.77509465019,0.33923,10574.77509465019,2.252090511617144,10202.3648497536,-1.3489057958962047,10419.392983183634,0.7496334301798191
2616,62309.39967639421,65330.725224150425,0.08212,65330.725224150425,4.848908131754692,63029.983018076826,1.1564600933807512,62714.90637089471,0.6507953801617505
2617,6776.985203047785,6974.994807196905,0.19061,6974.994807196905,2.921794842639902,6729.357476752425,-0.702786340361794,6812.351105430137,0.5218530264231136
2618,44118.820495154105,45868.21963335793,0.15892,45868.21963335793,3.965199247327944,44252.885524240926,0.303872650225423,44357.4475608593,0.5408736295010597
2619,19805.205306058822,19955.869708091726,0.34473,19955.869708091726,0.7607313315091568,19253.086882112322,-2.787744006761672,19616.73078965484,-0.9516413159641579
2620,36566.555147422456,37681.12217383983,0.07815,37681.12217383983,3.048050389006751,36354.11182977707,-0.5809771163537092,36255.73545652115,-0.8500108627903291
2621,43329.77394537517,45148.86578169079,0.06795,45148.86578169079,4.1982490806642625,43558.86504767339,0.5287152030541975,43094.96821638668,-0.5419038864234671
2622,56606.694400069275,59439.874759562095,0.02026,59439.874759562095,5.005027037030718,57346.58973763952,1.3070809829329066,55623.2298060592,-1.7373644662226906
2623,59918.14053555194,61911.928157989816,0.02315,61911.928157989816,3.3275191863720854,59731.58520781195,-0.31135032908655713,58147.254549068486,-2.9555089170911653
2624,44152.05661887004,46321.48896584027,0.08212,46321.48896584027,4.913547664828455,44690.19213963445,1.2188232258572018,44027.61790340514,-0.2818412662836556
2625,57977.45169370602,59928.49675112074,0.09048,59928.49675112074,3.3651790487827293,57818.00400289577,-0.2750167283181226,57788.00598910225,-0.3267575567215464
2626,43327.44687734795,46881.22744233951,0.03115,46881.22744233951,8.202146263202748,45230.218391405935,4.391607747957971,43577.55652491141,0.5772545247622496
2627,32885.386268637805,34115.32789274017,0.06232,34115.32789274017,3.7400856844285846,32913.893583116864,0.08668687740562842,32353.192635430372,-1.6183286669038677
2628,215288.8704930021,245266.7496966196,0.02269,245266.7496966196,13.924490910732867,236629.22790518994,9.912429455047711,228473.32262810456,6.124075111226435
2629,7552.592700839096,7658.54730004739,0.34016,7658.54730004739,1.4028904166448974,7388.837405507348,-2.1681997403825926,7549.697786089033,-0.03833007901699048
2630,19906.71491856721,20818.59469891663,0.11008,20818.59469891663,4.580764752394684,20085.42941825277,0.8977598785969043,19979.92883404226,0.36778502015299974
2631,11352.02929612838,11568.562522319084,0.19971,11568.562522319084,1.9074406922518605,11161.15421684903,-1.681418135032886,11281.450582042638,-0.6217277302993929
2632,10212.362287878195,10358.92582802939,0.3458,10358.92582802939,1.4351580566737576,9994.117113900455,-2.1370684649211102,10204.1016181374,-0.08088892175908136
2633,153068.48588231156,165643.83350423223,0.02166,165643.83350423223,8.215504027125053,159810.37983275615,4.404495093541438,152876.03899810615,-0.1257259997680893
2634,129011.43639256703,139356.9293152635,0.02469,139356.9293152635,8.019051032976886,134449.21754741803,4.2149605545855895,125743.20714695331,-2.5332864566121716
2635,44399.6827720562,48531.27782424302,0.04202,48531.27782424302,9.305460747091466,46822.159200168055,5.4560669736057,46058.61894700858,3.736369431892572
2636,96494.3726885246,108131.08217148187,0.01839,108131.08217148187,12.059469540798574,104323.04630953839,8.113088258819046,99368.47456681168,2.978517604922337
2637,38410.40968906736,39122.02775235879,0.15767,39122.02775235879,1.8526698076172021,37744.273255861,-1.7342601617601594,37942.4076129527,-1.2184251089825349
2638,18274.503522271436,18569.20983472831,0.34703,18569.20983472831,1.6126638521134717,17915.260798442345,-1.9658138640607947,18262.059613217156,-0.06809437552770525
2639,31817.154367838473,33381.41324120308,0.04496,33381.41324120308,4.916400930391807,32205.825092152056,1.2215760084014926,31690.396351917614,-0.39839520044882004
2640,19155.930900450618,19475.15185230747,0.36915,19475.15185230747,1.6664340329675342,18789.29839388401,-1.9139372994813941,19158.03600817308,0.010989326143429068
2641,11765.231235962134,11991.19143964104,0.32948,11991.19143964104,1.9205759678418088,11568.899475919014,-1.6687454424440307,11795.51879981082,0.2574327970376489
2642,16470.61344058575,16776.9104189905,0.32395,16776.9104189905,1.8596573801555882,16186.08051841841,-1.727518669500261,16498.239774244077,0.1677310548146016
2643,22617.900429799716,23025.549604964843,0.36153,23025.549604964843,1.802329868903474,22214.662329300547,-1.7828272865145878,22642.880380564515,0.11044327850999736
2644,41252.285843541125,42538.80025195385,0.07523,42538.80025195385,3.1186499901899367,41040.7177984129,-0.5128638105792338,40470.910406877694,-1.8941385202918881
2645,18543.24794289286,18858.61229153952,0.31708,18858.61229153952,1.7006963915808138,18194.47141298267,-1.8808815531362488,18512.393093279425,-0.16639398722628762
2646,19020.07991310583,19333.41325635229,0.15724,19333.41325635229,1.6473818442295673,18652.551384488215,-1.9323185301885593,18808.711464411004,-1.1112910653397479
2647,12900.825069367287,13139.322475079169,0.32001,13139.322475079169,1.8486988578597874,12676.596955441877,-1.7380912671844162,12925.356075525873,0.19015067661707352
2648,40080.6353666115,41263.51049537081,0.28967,41263.51049537081,2.9512384670046465,39810.339727072555,-0.6743796276346248,40413.602789289704,0.830743873275952
2649,12848.063377559754,13017.688753423135,0.32351,13017.688753423135,1.3202408088961226,12559.246790047246,-2.2479386894755815,12800.307334032785,-0.3716983807098839
2650,26703.12101691993,27167.651260137136,0.34387,27167.651260137136,1.7396102984473805,26210.8922209618,-1.84333807140461,26690.02338969007,-0.04904905018989769
2651,25485.547303106443,25925.174558486553,0.31735,25925.174558486553,1.7250061383869975,25012.171632192905,-1.857427918983079,25463.853888317557,-0.08512045878740215
2652,49574.10118893315,52827.67764455183,0.0193,52827.67764455183,6.563056873626194,50967.2533619703,2.8102419199244277,49400.67567071507,-0.3498308876183853
2653,62120.062279277365,65330.62021507959,0.08562,65330.62021507959,5.168310877359228,63029.88170709445,1.4646144811103934,61936.64048194824,-0.2952698220174077
2654,75792.16450803145,79643.03995803007,0.04204,79643.03995803007,5.080835829131858,76838.26314248495,1.380220028341661,75898.88402655047,0.1408054766765643
2655,20545.38486879064,21004.728202898437,0.3298,21004.728202898437,2.235749473866333,20265.007886956675,-1.364671353807878,20636.940120685478,0.44562441871758285
2656,22465.537083750576,23004.53157971049,0.15444,23004.53157971049,2.3992059212764927,22194.384492642374,-1.2069713272260363,22254.795688399467,-0.938065244402897
2657,46100.72605540988,47187.658052031205,0.33352,47187.658052031205,2.357732924455247,45525.85748095866,-1.2469837758309343,46244.60313771381,0.3120928770861342
2658,29208.270243956304,29645.128942159063,0.34701,29645.128942159063,1.495667817895363,28601.12094855874,-2.0786896667501,29125.34467960775,-0.28391124724583827
2659,77518.69178232312,80664.78713168492,0.10297,80664.78713168492,4.05849902394666,77824.02760144777,0.3938867028123294,77520.57129345933,0.0024245908863962384
2660,30259.87309374176,30773.55615330956,0.19669,30773.55615330956,1.6975717577415672,29689.808510374743,-1.8838961472211757,29955.099557265545,-1.0071870940504657
2661,57699.4981288232,59711.031231519686,0.17494,59711.031231519686,3.4862228752933433,57608.19693339755,-0.15823568382138387,57882.2126468417,0.3166656971791193
2662,98810.53150650558,102806.25563661124,0.0841,102806.25563661124,4.043824144233654,99185.74338024175,0.37972862610446967,97893.5597158078,-0.9280101793981421
2663,53015.1088586894,61964.92092026828,0.01594,61964.92092026828,16.88162535973361,59782.711732047406,12.765422950270477,56848.63206210022,7.231001286122041
2664,47213.35104514534,49335.57864410606,0.12231,49335.57864410606,4.494973459798368,47598.13508048252,0.8149898848934578,47228.77876182187,0.032676597477232505
2665,10944.76977217695,11116.285923484613,0.36291,11116.285923484613,1.5671060687240779,10724.805374153615,-2.009767245927019,10951.59149080419,0.06232857126500235
2666,5260.729513605981,5317.400898128092,0.3064,5317.400898128092,1.0772533424411979,5130.138800072972,-2.4823689033100504,5244.256310148085,-0.31313534397257037
2667,46048.37075715543,47066.21753789654,0.13319,47066.21753789654,2.2103860875098302,45408.69371892552,-1.3891415216476855,45511.710245455695,-1.1654277944596947
2668,10105.943514369848,10532.103986657688,0.15244,10532.103986657688,4.216929094070965,10161.1964836762,0.5467373652720875,10233.350752372111,1.2607159125825218
2669,11246.8142510081,11481.321268755406,0.37571,11481.321268755406,2.0850972774471455,11076.985325232905,-1.5100180547569009,11318.969521157944,0.6415618551126823
2670,51130.8930647952,55394.33839884547,0.01542,55394.33839884547,8.338296240293431,53443.52441515753,4.522962952029164,49876.08674822053,-2.4541060039466323
2671,19954.244776599004,20212.916862518636,0.33667,20212.916862518636,1.2963261141458293,19501.08164602754,-2.271011184060967,19854.436572011142,-0.500185327509417
2672,8921.588849918,9255.081326377493,0.09082,9255.081326377493,3.738039065346044,8929.14653604443,0.08471233379578891,8974.70385630854,0.5953536672005377
2673,43349.852716966714,43899.188854502,0.1289,43899.188854502,1.267215695337942,42353.197802613104,-2.299096425680658,42558.620336463384,-1.825225072088077
2674,146656.5151403071,164212.30584410753,0.02213,164212.30584410753,11.970685848497563,158429.26606434182,8.027431248295835,153080.36065967462,4.3801978474817815
2675,54764.94745198203,56549.442233759975,0.117,56549.442233759975,3.258461597799567,54557.94913413895,-0.37797592707374816,54153.046060420056,-1.1173230689182856
2676,11068.717653645332,11143.491282472982,0.36277,11143.491282472982,0.6755401227803937,10751.052646155482,-2.869935049659811,10979.90737441788,-0.8023538227863503
2677,28786.25774405453,30219.146913340883,0.0624,30219.146913340883,4.977684775932012,29154.92381622209,1.280701630081471,28987.99495587339,0.7008108299889404
2678,19194.95986952432,20236.452159345616,0.03891,20236.452159345616,5.425863335483538,19523.788103888528,1.713096753519583,19050.409688366024,-0.7530632110765434
2679,143634.4393309861,152550.10476777278,0.05417,152550.10476777278,6.207192006536633,147177.77094818096,2.4669094916921264,142609.3654691712,-0.7136685787819674
2680,10582.557995996274,10942.28130194091,0.11023,10942.28130194091,3.3992093979615445,10556.928646881159,-0.24218482076651116,10523.35463067553,-0.559442861954007
2681,113725.22424073004,135451.82559049467,0.01322,135451.82559049467,19.104470001988695,130681.63926611924,14.909986011103737,124754.141704102,9.697863896954196
2682,321217.9835931524,390828.0781231641,0.00907,390828.0781231641,21.6706716577171,377064.3451847733,17.385814133730037,349896.1380591867,8.927941750097457
2683,61857.93228517065,63906.236510875635,0.03061,63906.236510875635,3.31130406406428,61655.66030699261,-0.3269944059001939,59655.6698719518,-3.560194031488506
2684,115974.04616850246,118476.86500681048,0.19483,118476.86500681048,2.158085296663348,114304.48328551147,-1.4396004435037413,114739.24543069657,-1.0647216153964467
2685,37567.003925211335,38285.23761841117,0.09062,38285.23761841117,1.911873767281791,36936.9522326908,-1.6771411789315183,36503.946484312146,-2.8297637017195454
2686,26649.028321363337,27695.116070522978,0.04696,27695.116070522978,3.9254254847297387,26719.781383406957,0.2654995941705707,26120.56758945104,-1.9830394021858377
2687,20770.11873842692,21345.533179165417,0.23096,21345.533179165417,2.770395528235081,20593.8107862492,-0.8488538481560726,20873.47586354764,0.49762414178931014
2688,145253.9763611923,153937.43598978937,0.06134,153937.43598978937,5.978121801639746,148516.2447377208,2.245906417333776,145027.92530306824,-0.15562469530056022
2689,87193.38156926821,92537.85723716787,0.04664,92537.85723716787,6.129451079556891,89278.9656042542,2.391906355104667,86865.8934423442,-0.37558828552124446
2690,13166.751805003072,13338.824254988323,0.35515,13338.824254988323,1.3068709164842485,12869.072911534613,-2.2608377364214283,13133.889271932776,-0.24958724488001183
2691,59632.951696457574,62703.03986703445,0.01384,62703.03986703445,5.1483082477690845,60494.83645621616,1.4453162810818654,57365.82383780318,-3.801803858702957
2692,28111.43969015681,29978.692277358863,0.05079,29978.692277358863,6.642322868493533,28922.937234555277,2.886716416315771,28525.83020776473,1.4740992356681692
2693,59130.82460350741,61264.64275724003,0.15444,61264.64275724003,3.6086392639382403,59107.09515849551,-0.040130414502104195,59051.53530789681,-0.13409130710126949
2694,65799.13965656918,67901.05258453537,0.07605,67901.05258453537,3.1944383147513467,65509.79155104674,-0.43974451190799124,64526.063920380126,-1.9347908541566428
2695,47294.43442633783,49524.05796644081,0.07778,49524.05796644081,4.714346555038462,47779.97675521149,1.0266373512297866,47626.08581104471,0.701248230853535
2696,95375.50425221282,107395.638508443,0.01823,107395.638508443,12.602957489424016,103613.5026540371,8.637436275083331,99970.65721659084,4.8179592867226395
2697,46774.55039075598,48213.11802636496,0.07929,48213.11802636496,3.0755349299803836,46515.203987464,-0.5544604942760434,46108.08541973628,-1.4248452747317453
2698,24084.509097203296,24549.199954603977,0.35542,24549.199954603977,1.9294180152280571,23684.65451649489,-1.6602147840947157,24128.854416781305,0.18412382581283193
2699,79086.79573425541,83658.22422038695,0.02902,83658.22422038695,5.780267671347161,80712.04527183517,2.055020085831849,77859.87368292295,-1.5513614376983065
2700,39365.70996435645,41659.876250592744,0.04855,41659.876250592744,5.82782906319621,40192.74672982462,2.1009065153835715,39072.62960563883,-0.744506726750227
2701,20925.885425914817,21248.758530072424,0.17127,21248.758530072424,1.542936404295503,20500.444235243012,-2.0330857309623585,20632.15340760032,-1.4036778484447732
2702,12578.46239896513,12887.135906820058,0.28647,12887.135906820058,2.4539844224547247,12433.29160317123,-1.1541219521858492,12657.94354005846,0.6318828054840075
2703,57231.478900547336,60628.397591506255,0.0531,60628.397591506255,5.9354026074738275,58493.25654191899,2.204691658526392,57495.68827238508,0.4616504359373108
2704,18202.61541943088,18410.463062666513,0.26248,18410.463062666513,1.1418559280979013,17762.104587289024,-2.4200414170791107,18036.799093927362,-0.9109478043826225
2705,29671.2519388919,31026.96429852855,0.10551,31026.96429852855,4.569110742036586,29934.292419515412,0.8865162857477182,29853.305993558748,0.6135705195108976
2706,54060.903786612114,57318.34946208237,0.03039,57318.34946208237,6.025510946557544,55299.77787363872,2.2916266659481987,53496.698319933894,-1.0436478622429912
2707,22643.177525682506,22982.476174084884,0.36609,22982.476174084884,1.4984586329261251,22173.10580887958,-2.0759971354274764,22595.563355880924,-0.21028042441294525
2708,11865.598285946837,12079.631285116782,0.35572,12079.631285116782,1.8038112702958964,11654.224748818277,-1.7813980554095,11900.741294617324,0.2961756147779715
2709,51665.68754983748,54000.45785068213,0.06779,54000.45785068213,4.5189958976012745,52098.73194609297,0.8381663281607832,51128.43176301991,-1.0398696161728727
2710,31553.34355009942,32484.50718130508,0.15154,32484.50718130508,2.951077529160062,31340.50523644528,-0.6745348977556187,31410.161801935406,-0.45377678576812297
2711,7600.347653848364,7730.503995307459,0.26867,7730.503995307459,1.7125051035421057,7458.260012783144,-1.8694887067866595,7604.9682307056255,0.060794282942078226
2712,19818.623491183655,20213.87030703517,0.18784,20213.87030703517,1.9943202212168831,19502.00151323366,-1.5975982292152913,19721.083172081235,-0.492164953564056
2713,47064.338317769056,47969.813637758874,0.30513,47969.813637758874,1.9239095934510564,46280.46801247752,-1.6655292166204538,46933.98579355435,-0.2769666564407913
2714,45910.2289410327,48632.79101592599,0.02255,48632.79101592599,5.930186230153978,46920.09741723109,2.1996589855726167,44765.575669707665,-2.493242350839142
2715,27711.407925982883,28366.88363479686,0.24303,28366.88363479686,2.365364150983429,27367.89141162115,-1.2396212970458453,27734.824259198365,0.08450069833343399
2716,11748.179328690385,12052.744922124484,0.28872,12052.744922124484,2.5924493056580733,11628.28523877904,-1.0205333656981952,11823.821547091655,0.6438633279672867
2717,45314.123253725935,47086.48786575655,0.07105,47086.48786575655,3.9112852346423477,45428.25018973468,0.2518573191181872,44938.84701654036,-0.8281661659529371
2718,35914.51199866077,36935.712240636734,0.1458,36935.712240636734,2.8434195124634964,35634.95288473097,-0.7784015384650678,35902.341715594936,-0.033886811733052635
2719,7884.469633091902,8879.970445169041,0.02416,8879.970445169041,12.626097358520138,8567.245877642978,8.659761230931707,8270.809812217132,4.900014802564812
2720,19085.809670689952,19401.99871625518,0.23982,19401.99871625518,1.6566708513854556,18718.721480689263,-1.923356652583763,18950.748320579416,-0.7076532378814893
2721,9656.787478194485,9849.492275580114,0.24664,9849.492275580114,1.9955373132189758,9502.62420532569,-1.5964239993569662,9674.70759688284,0.18557018810674286
2722,53330.81329423841,56467.96298004052,0.03742,56467.96298004052,5.882433610179039,54479.33932289558,2.1535880623467785,52555.61262245505,-1.4535699418390613
2723,20165.480901174033,20634.58785609913,0.2718,20634.58785609913,2.326286971404623,19907.902716410656,-1.277322301539463,20212.943390722605,0.23536502690499894
2724,42532.41578096187,43850.27070967896,0.1178,43850.27070967896,3.098471846753137,42306.00240065035,-0.5323313434099974,42262.40340188578,-0.634839037750945
2725,70976.86605417605,77850.91701696222,0.04364,77850.91701696222,9.684917558263662,75109.25312224939,5.822160512016872,73283.6538382126,3.250055845345168
2726,12981.76801117612,13263.364466727566,0.33833,13263.364466727566,2.169168755049511,12796.27057915112,-1.428907309584515,13049.00825853597,0.5179590892547381
2727,135665.75246154834,141061.32473994282,0.00955,141061.32473994282,3.9771071036691863,136093.5895378565,0.31536114940240445,127888.79919071583,-5.732436616998626
2728,121101.8464648958,132304.88814354813,0.02411,132304.88814354813,9.250925568587265,127645.52703623897,5.403452352181937,121657.21195228549,0.4585937403940976
