instance_id,mesh_volume,occ_volume_est,occ_fraction_inside,mesh_watertight,uncorrected_volume,uncorrected_error_pct,global_train_mean_volume,global_train_mean_error_pct,occupancy_only_ols_volume,occupancy_only_ols_error_pct
1,7442.123167069028,7816.453620743662,0.04665,True,7816.453620743662,5.029887913317865,7541.1827633429575,1.3310663375239784,7282.4440128970755,-2.1456128928169726
2,16203.33353094531,16839.637343284478,0.18327,True,16839.637343284478,3.926993239532761,16246.59839816734,0.267012137591327,16422.564291696537,1.3529978898017436
3,39440.16129839994,40998.06122995598,0.13207,True,40998.06122995598,3.950034381880796,39554.238748033174,0.28924184353644744,39560.32963524631,0.30468520637425556
4,70614.81265769752,75306.7158109598,0.0327,True,75306.7158109598,6.644361114439379,72654.65066285981,2.888682881664395,70115.58572023152,-0.7069719775169236
5,60821.14328166293,64650.18307100266,0.07335,True,64650.18307100266,6.295573517267572,62373.40741434952,2.5521784842123862,62045.41364057375,2.0129025744241913
6,21892.78372309596,22248.66417239841,0.25232,True,22248.66417239841,1.6255605216937807,21465.136352761227,-1.9533713745300552,21745.63579987201,-0.6721297989561559
7,45143.757379832125,49018.89762602284,0.02485,True,49018.89762602284,8.58400024966004,47292.60656961036,4.76001404069708,45344.7250430188,0.44517265476102796
8,23298.856746432324,23565.33100972841,0.07737,True,23565.33100972841,1.1437224847390404,22735.43433449397,-2.4182405946790886,22675.61604502706,-2.674984048308282
9,25012.48623936868,25312.942949674674,0.31675,True,25312.942949674674,1.2012268889651123,24421.500890759322,-2.362761314303785,24850.739973486212,-0.6466620884248098
10,18853.70495508664,20034.33779412364,0.07234,True,20034.33779412364,6.2620733794737315,19328.791569502264,2.5198581156721023,19275.39980606522,2.2366683470604
11,53523.59818671668,56412.89025732123,0.06874,True,56412.89025732123,5.398164862768162,54426.206087869556,1.6863737337017959,53817.78495644449,0.5496393734620408
12,130526.69951110151,142295.70513636054,0.00863,True,142295.70513636054,9.016550383439403,137284.49894774155,5.177331122254625,128225.35731577773,-1.76311988577329
13,59867.90716042061,62941.08847494617,0.03878,True,62941.08847494617,5.133269994374001,60724.501742536995,1.4308076275675985,58959.57334699159,-1.5172299425718627
14,18691.539309296026,18940.81372800943,0.23515,True,18940.81372800943,1.3336216701501424,18273.777973976496,-2.235029059975613,18564.622261687768,-0.6790080020062206
15,91282.46419705109,95343.4185731378,0.04558,True,95343.4185731378,4.4487782092739625,91985.72391369645,0.7704214854752811,88554.82143663098,-2.98813445102879
16,13172.52347563292,13527.298881411249,0.16355,True,13527.298881411249,2.693298717095538,13050.910055726974,-0.9232355526328062,13230.778147928886,0.44224382976980614
17,101402.74472444678,112701.48810797816,0.0375,True,112701.48810797816,11.142443347302633,108732.49695584146,7.228356837196714,104049.61573068758,2.6102557809785543
18,7074.695481032864,7196.2618961253465,0.17589,True,7196.2618961253465,1.7183271763201668,6942.832236289665,-1.8638716690594248,7039.426015267609,-0.49852980753464227
19,14806.542920540463,15418.833449129568,0.10262,True,15418.833449129568,4.135270007826741,14875.83073848894,0.4679540546386196,14879.81648254691,0.49487285722042973
20,28388.737207679067,29354.153728528603,0.14711,True,29354.153728528603,3.4007025877445196,28320.39296473667,-0.24074421642082955,28388.253046807593,-0.0017054681507366887
21,6363.497503072972,6484.324993185202,0.1821,True,6484.324993185202,1.8987591344835408,6255.967506894752,-1.689793955702712,6338.2095304047725,-0.3973910990927254
22,31624.81786001404,33834.33318101036,0.05926,True,33834.33318101036,6.986649949342483,32642.79461937917,3.218917382769315,31678.756778640374,0.17055882776966236
23,33608.89644145726,34831.78860951738,0.05377,True,34831.78860951738,3.6385966144120596,33605.12281188552,-0.011228067480029136,33061.570338271085,-1.6285155453989786
24,261999.1009226748,284672.51584920246,0.03697,True,284672.51584920246,8.654004859817954,274647.24718922284,4.827553309154653,259336.3360702867,-1.0163259503604194
25,19230.310704349104,19510.27660420087,0.13075,True,19510.27660420087,1.4558573917812456,18823.1861627364,-2.117098095147407,18988.505683014246,-1.2574160919832211
26,34744.65801884782,35844.253115461994,0.17582,True,35844.253115461994,3.164788946886987,34581.93150943392,-0.46834972249727436,34796.93663317878,0.15046518605135173
27,24139.84933613044,25013.34521645024,0.10636,True,25013.34521645024,3.618481077313218,24132.45404530337,-0.030635198770689875,24296.200480150434,0.6476889803366914
28,15193.133534872775,15741.520482623058,0.17771,True,15741.520482623058,3.609439398999359,15187.153751840851,-0.03935845767562007,15317.804071346864,0.8205715837877214
29,21384.49963926232,22324.99103803449,0.10856,True,22324.99103803449,4.398005165598606,21538.775226788097,0.7214365083507701,21528.99585253062,0.6757053740130692
30,6554.071355532903,6690.914824183582,0.2439,True,6690.914824183582,2.0879154532725153,6455.281895260392,-1.5072991262005897,6554.72991344667,0.010048073602542118
31,260814.45529338848,303319.54934692185,0.01072,True,303319.54934692185,16.297062218319013,292637.5909465624,12.201446280029327,268452.9978864233,2.928726701302753
32,28660.01025930521,28973.23818830974,0.23734,True,28973.23818830974,1.0929093401242929,27952.892069117635,-2.4672642605143236,28347.084638186643,-1.0918545328048812
33,7434.211120071031,7619.1702368879005,0.17383,True,7619.1702368879005,2.487945443431294,7350.84707838747,-1.1213569313157201,7445.905431208437,0.1573039956564326
34,56958.59753837849,60475.15512946136,0.05113,True,60475.15512946136,6.173883738470609,58345.41079633453,2.4347742358326263,56872.205922059504,-0.1516744092246558
35,41296.07437653577,43041.76180185153,0.12956,True,43041.76180185153,4.227247872034168,41525.966627964815,0.5566927484024209,41299.81375804492,0.00905505321171507
36,74777.18749283969,78527.86917097053,0.06113,True,78527.86917097053,5.01581004031475,75762.36515529048,1.3174842428315792,75132.87250150736,0.47565978421122423
37,11479.344569745122,11633.119983583738,0.26337,True,11633.119983583738,1.3395835703364556,11223.438167826773,-2.229277119120676,11398.925178655129,-0.7005573410693411
38,128180.05259240548,141457.77112294655,0.03728,True,141457.77112294655,10.358646499204017,136476.07432893405,6.472162843394003,128925.10754603441,0.5812565516711832
39,37032.644195635854,40284.37533868541,0.02248,True,40284.37533868541,8.780715538083994,38865.68662416365,4.949801636751117,37554.41038167051,1.4089358115458195
40,69686.76934518202,77030.90180983496,0.03609,True,77030.90180983496,10.53877591637944,74318.11626585506,6.645948670302704,72224.23918402982,3.6412505023426522
41,24386.623923886305,25048.343314860096,0.09676,True,25048.343314860096,2.7134522311866416,24166.21962100867,-0.9037917817798169,24189.621385984934,-0.8078303028588141
42,126845.06177721528,135229.05189541186,0.0531,True,135229.05189541186,6.609630679136602,130466.71095834725,2.855175542815269,127555.17276170338,0.5598254867306585
43,54822.9698967393,56733.64036061821,0.10869,True,56733.64036061821,3.4851640972346276,54735.66038360085,-0.15925717505436143,54629.18710222812,-0.3534700781007927
44,132027.4453352288,146938.19455652422,0.0417,True,146938.19455652422,11.293673965618112,141763.4945246397,7.374261589846154,135892.99565413158,2.9278384574418004
45,97506.68615837848,114481.1015148466,0.006,True,114481.1015148466,17.4084629733974,110449.4379882394,13.273707003885082,100992.04522827394,3.5744821275478955
46,12051.145135385408,12289.946391830115,0.23742,True,12289.946391830115,1.9815648534803776,11857.13322043105,-1.6099043931077306,12041.602112887196,-0.07918768209164151
47,30324.997747658985,32727.92138732317,0.02366,True,32727.92138732317,7.923903769620844,31575.347161420683,4.123164077920571,30485.6491482362,0.5297655812344315
48,128879.88109182616,139203.69399026595,0.03683,True,139203.69399026595,8.010414667502786,134301.3786875366,4.2066283346798405,128894.34608931215,0.011223627274836723
49,172306.75523179016,195751.40787102445,0.00813,True,195751.40787102445,13.606345617556382,188857.66033581865,9.605488236235393,173030.63821793065,0.4201129463361486
50,17115.193872694206,17420.059984317733,0.30604,True,17420.059984317733,1.781260054026701,16806.58038339884,-1.8031550889279324,17110.325461208966,-0.028444968379859326
51,72649.8761927027,78357.10294536191,0.0299,True,78357.10294536191,7.8557969424763785,75597.61277785638,4.057455758540951,71596.69502237858,-1.4496668480625696
52,80369.36756630786,86096.4883639474,0.05867,True,86096.4883639474,7.12599958300586,83064.44143818584,3.3533595615947043,81529.26999512459,1.4432145778175531
53,63139.89858451489,67682.35409042888,0.07349,True,67682.35409042888,7.194271146688269,65298.79492851858,3.419226816010701,63862.043964943936,1.1437227436506436
54,48249.89813837376,50241.54603083484,0.07868,True,50241.54603083484,4.127776367007696,48472.197151652326,0.4607243162276564,47758.58333117111,-1.018271180166297
55,41130.85988447913,41961.84176204978,0.24928,True,41961.84176204978,2.020336749352092,40484.07796782756,-1.5724979211913737,41014.562907557454,-0.2827487128844508
56,22524.95168197081,22883.49007834551,0.15268,True,22883.49007834551,1.5917388034251578,22077.60569140695,-1.9860019984945132,22277.34315500622,-1.0992632990319828
57,16870.304420412092,17077.734315999023,0.27725,True,17077.734315999023,1.2295563281949695,16476.310346035105,-2.3354295486231913,16740.359375645963,-0.7702590393621089
58,66723.99417960066,69800.56299467017,0.02838,True,69800.56299467017,4.610888261257751,67342.40719219683,0.9268225324335244,65801.97563672671,-1.3818395529382688
59,40904.64091312851,42374.85593424726,0.11121,True,42374.85593424726,3.5942499146762508,40882.54708278863,-0.05401301624136101,40884.00565083219,-0.05044723981356691
60,25624.92313243617,26825.53170595806,0.09707,True,26825.53170595806,4.6853158049170895,25880.821039047412,0.9986289726165998,25912.05839500926,1.1205312152122282
61,39370.84921849895,41840.2993973636,0.05655,True,41840.2993973636,6.272280704842759,40366.81594209828,2.5297059712172887,39260.26028190738,-0.2808904018753333
62,126875.6977990147,138131.8522353258,0.02825,True,138131.8522353258,8.87179706719099,133267.28382053258,5.03767556151129,126336.36582982661,-0.42508689886573414
63,206776.2100475075,225839.26312622856,0.04749,True,225839.26312622856,9.219171332302324,217885.91617224435,5.372816400002867,208377.07079113412,0.7741996737723467
64,86188.55590666519,92415.10437079788,0.01749,True,92415.10437079788,7.224333205994893,89160.53570689466,3.4482301843505425,85743.53932137483,-0.5163290887159944
65,9961.437025226796,10244.478514059978,0.2545,True,10244.478514059978,2.841372064255343,9883.700273566805,-0.7803768820013324,10050.43920275454,0.893467250782698
66,14239.622774271833,14645.821521783531,0.09413,True,14645.821521783531,2.85259486118985,14130.04185452626,-0.769549316598217,14120.736462233446,-0.8348979037084536
67,350937.9405910079,407673.1026283444,0.02697,True,407673.1026283444,16.16672222495803,393316.141025976,12.075696450375183,371144.43236849847,5.757853295503246
68,40841.27159648251,41777.58113128416,0.3717,True,41777.58113128416,2.2925572544667983,40306.30641564887,-1.3098641641699382,41022.56449557376,0.44389631371533067
69,137040.12320928907,147197.51872973598,0.0354,True,147197.51872973598,7.411986564646056,142013.68611791581,3.629274983233244,139122.6555657289,1.5196515499766194
70,20103.53055792059,20684.34123535592,0.08959,True,20684.34123535592,2.889097891347747,19955.903938483243,-0.7343318080971661,19990.234552276535,-0.5635627300271229
71,17959.924755285876,18661.999789216028,0.08962,True,18661.999789216028,3.909120129935517,18004.782983226647,0.24976846257425134,17952.514971651635,-0.04125732003448235
72,30207.950756537623,31462.438648689076,0.04464,True,31462.438648689076,4.152840099158195,30354.430735770922,0.4849053827380212,30011.788262902464,-0.649373720237223
73,13024.069324790444,13416.776899558665,0.24047,True,13416.776899558665,3.015244813084106,12944.280309686477,-0.6126273833024887,13128.029238764646,0.798213763929545
74,354516.9209673972,409667.4211524685,0.01512,True,409667.4211524685,15.5565212612639,395240.225938196,11.486984841139325,365852.2896738479,3.1974126017790594
75,7658.926718326872,7809.486483526884,0.16252,True,7809.486483526884,1.9658076221011456,7534.460986737057,-1.6251067044679157,7645.579975949751,-0.17426387362061702
76,22723.56264156633,23284.652090322317,0.09981,True,23284.652090322317,2.469196655499939,22464.640041869796,-1.1394454460362913,22568.399647423394,-0.6828286417513985
77,14972.49169736798,15663.418805324063,0.0947,True,15663.418805324063,4.61464345361795,15111.802569423253,0.9304454787559813,15041.32877478576,0.4597569917496269
78,56947.4944136683,66585.00838152907,0.01054,True,66585.00838152907,16.923508342357586,64240.09427641949,12.805830946270502,60417.985197939815,6.094193993965336
79,71048.93077260052,75009.7121508578,0.03603,True,75009.7121508578,5.574723412705773,72368.106535448,1.8567144480606368,71000.0630808828,-0.06878033375917747
80,44483.94839413249,46790.601748197296,0.04053,True,46790.601748197296,5.185361096159036,45142.78424853998,1.4810642449499811,43820.08958220902,-1.492355862931971
81,66672.56830366443,69764.3623944033,0.05043,True,69764.3623944033,4.637280622904916,67307.48146295937,0.9522854382977952,64966.18820326276,-2.5593435858505598
82,42056.11577292664,44120.877200071074,0.02864,True,44120.877200071074,4.909539050854539,42567.078983459985,1.2149557826314439,41475.238955859415,-1.3811946405216102
83,66418.35882213795,67895.06508057822,0.07163,True,67895.06508057822,2.2233404808973845,65504.01490810508,-1.376643341160233,64421.04797369503,-3.007166819330065
84,182205.7123060619,195303.7567605848,0.06981,True,195303.7567605848,7.1886025354250815,188425.77408639732,3.4137578353675258,182749.54523828052,0.29847194434009516
85,81236.97485542657,85357.68173077985,0.04114,True,85357.68173077985,5.0724523933673105,82351.65324576304,1.3721318307583497,79975.75742353714,-1.5525164915778156
86,5680.520164371756,5804.481625559899,0.17548,True,5804.481625559899,2.1822202474630625,5600.066079666531,-1.4163154495926977,5663.834987764119,-0.2937262103616223
87,237191.54775210013,283214.4999729469,0.00845,True,283214.4999729469,19.403285090473577,273240.5780361533,15.19827777410081,254593.64938082203,7.336729235777684
88,86264.07094961118,93698.49778222396,0.05006,True,93698.49778222396,8.618219324422327,90398.73204789891,4.793028027512025,87432.24051103804,1.3541785688611974
89,160926.61580084547,176703.37493872957,0.02638,True,176703.37493872957,9.803697827964397,170480.43907995394,5.936757715039387,160884.76427274707,-0.02600659181833942
90,42142.89951124843,43749.04477404492,0.14553,True,43749.04477404492,3.81118831742413,42208.3413233837,0.1552854997976416,42393.39655731717,0.5943991727524134
91,16960.244506953448,17444.166660249037,0.25466,True,17444.166660249037,2.8532734483703193,16829.838098193206,-0.7688946271191877,17094.795633465674,0.7933324690989174
92,20824.423849491883,21288.69438516785,0.3063,True,21288.69438516785,2.229452008043409,20538.973675408277,-1.370747042735454,20891.99623297724,0.3244862089522016
93,20483.39205721103,21138.60187578868,0.16203,True,21138.60187578868,3.198736892540177,20394.166951085976,-0.4355973164788529,20516.956674277953,0.16386259157261662
94,53316.59788277949,54336.041233396616,0.08015,True,54336.041233396616,1.9120562659651563,52422.497139898354,-1.6769651072765068,52251.923308145015,-1.9968914313986064
95,22396.925699243176,22834.80096159,0.19806,True,22834.80096159,1.9550686028378506,22030.631251865132,-1.6354675293244414,22265.633209414198,-0.5862076411380701
96,56884.587324305634,58805.163447703686,0.28911,True,58805.163447703686,3.376268008148897,56734.230957439904,-0.2643182871460925,57444.957532668064,0.9851002437051948
97,10012.939855274317,10357.946459171084,0.13501,True,10357.946459171084,3.4456074727647,9993.17223532616,-0.1974207399013328,10096.68189857299,0.8363382234295669
98,6400.341140952711,6545.795911928716,0.27167,True,6545.795911928716,2.2726096589650524,6315.2736136495105,-1.329109268237183,6440.5470749541555,0.6281842344962874
99,28721.714371126756,29592.492642907662,0.24559,True,29592.492642907662,3.03177679622173,28550.33833384618,-0.5966776044986299,28964.217769409606,0.8443207642459871
100,157715.76060211024,188257.60338246505,0.00673,True,188257.60338246505,19.365117768671603,181627.76401928303,15.161454585061197,166917.6880733309,5.834500899650452
101,60102.11510322507,62741.44421287512,0.03245,True,62741.44421287512,4.391408031343014,60531.88832205497,0.7150717043680865,59317.73154188459,-1.3050847877704608
102,120688.06954291226,128856.6422583043,0.05669,True,128856.6422583043,6.768334887059901,124318.71750147005,3.008290688804882,120467.5739323072,-0.1826987633824495
103,49892.0997553296,51560.986544103886,0.1217,True,51560.986544103886,3.3449920868403815,49745.17112920076,-0.29449276909445654,49498.00159958925,-0.7899009215346697
104,78971.10262587717,84877.63184936118,0.01803,True,84877.63184936118,7.4793551401529434,81888.50920794875,3.6942710498708564,78549.2394222202,-0.5341994598398125
105,69766.70959717622,73720.31923425288,0.11065,True,73720.31923425288,5.666899958310023,71124.12197292558,1.9456448262887616,70797.82858139699,1.4779527229739076
106,43576.56987622369,44582.1298651668,0.21239,True,44582.1298651668,2.3075703108329293,43012.0877836574,-1.2953798203246936,43434.78779205267,-0.3253631127317802
107,22451.967361329276,22736.66195175532,0.33438,True,22736.66195175532,1.2680162314701926,21935.948388601828,-2.2983240819075212,22342.709719338636,-0.4866283663801485
108,25684.928850878183,26295.351944431583,0.21798,True,26295.351944431583,2.3765808233201735,25369.312537482692,-1.22879964055147,25725.482662684604,0.15788952362636444
109,32288.391665527783,32978.651396691275,0.1546,True,32978.651396691275,2.137795336211923,31817.247250213084,-1.4591758555063228,32013.96277223947,-0.8499305141336677
110,37806.912794444775,38920.45487633033,0.15491,True,38920.45487633033,2.94533988516823,37549.79914112575,-0.6800704800123292,37617.165094743614,-0.5018862575022043
111,48431.0261138172,50008.37347865021,0.19949,True,50008.37347865021,3.2568943741272394,48247.23620174624,-0.3794879580685362,48565.88751285889,0.2784607510168291
112,110980.2434316525,120090.97629229457,0.01923,True,120090.97629229457,8.20932859662804,115861.75065954239,4.398537142240255,109775.25473595622,-1.0857686543446654
113,143284.10194236637,162505.21278343577,0.00733,True,162505.21278343577,13.414684937482303,156782.29144014703,9.420577241158323,143145.34307696926,-0.0968417734529381
114,149684.35372520966,171656.37684592447,0.01175,True,171656.37684592447,14.67890435699848,165611.18035076756,10.640274837807272,156114.01402015766,4.295479210039255
115,18889.47516026192,19395.32444700745,0.10896,True,19395.32444700745,2.677942518009657,18712.282258165724,-0.9380509547928684,18566.971548692523,-1.7073190696576535
116,13668.15084728497,13947.213122947129,0.29112,True,13947.213122947129,2.041697364772599,13456.036241334832,-1.5518895593127802,13714.022172317467,0.3356073952140326
117,41164.15497611925,42508.010895402906,0.13319,True,42508.010895402906,3.264626518055014,41011.012745945096,-0.3720281158765437,41192.01910749735,0.06769027906503577
118,56552.34641921177,61325.36355137299,0.03252,True,61325.36355137299,8.439998398615955,59165.67755766395,4.621083480922361,57540.19165826585,1.7467802869422622
119,56949.40864584621,60770.34367057459,0.04169,True,60770.34367057459,6.709349781820917,58630.20372752673,2.9513828530388198,57574.0591278111,1.0968515684674385
120,64524.35977085778,66413.57404882909,0.11775,True,66413.57404882909,2.927908598675577,64074.69732051978,-0.6968878915418419,63782.01305487668,-1.1504906342617804
121,74505.28208925293,78097.09983222923,0.06439,True,78097.09983222923,4.820890066121097,75346.76615478321,1.1294287356998778,74498.92343357645,-0.00853450318980542
122,31900.804272352587,33473.05216924422,0.07247,True,33473.05216924422,4.928552532621411,32294.23678601295,1.2332996695050058,31968.44451702316,0.21203303870678258
123,78066.84555807947,83936.35376637054,0.08271,True,83936.35376637054,7.518567153996658,80980.3799719326,3.7321021401915733,80553.25244640245,3.1849716362282843
124,14962.512413116709,15306.831058200583,0.26891,True,15306.831058200583,2.301208751426209,14767.77271871315,-1.3015173456621065,15004.256473114578,0.2789909798923462
125,84199.98165832458,90152.33641518108,0.03868,True,90152.33641518108,7.069306476823933,86977.45530594952,3.2986630079038015,83804.6443167783,-0.46952188558725405
126,38665.48026907617,39780.20429386422,0.1415,True,39780.20429386422,2.8829954187316265,38379.270894286856,-0.740219370864037,38362.27890433173,-0.784165520858493
127,6470.682223586588,6559.038516001948,0.23719,True,6559.038516001948,1.3654865030040764,6328.049854950783,-2.2042864060900613,6446.8855211801465,-0.3677618770969726
128,89271.82914768637,92589.4863426305,0.12885,True,92589.4863426305,3.7163540017260965,89328.77649536834,0.0637909497605893,88970.72131967655,-0.33729322103580595
129,44000.16215518381,46017.53398768006,0.11995,True,46017.53398768006,4.584919085936989,44396.941497674394,0.9017679096072095,44460.904089153526,1.047136899961254
130,12133.07439323487,12483.469653877006,0.24688,True,12483.469653877006,2.8879346593103206,12043.841203215072,-0.735454074768993,12242.908079610797,0.9052420088775381
131,14446.89347533148,14939.357305246169,0.18172,True,14939.357305246169,3.408787022314419,14413.240232982476,-0.2329444901526312,14579.04151163666,0.9147159320502141
132,18120.711269478776,18571.649594229344,0.26619,True,18571.649594229344,2.4885244185204547,17917.614637304392,-1.1207983459041393,18174.304735218608,0.2957580690008621
133,8552.242294125652,8942.248873243163,0.12126,True,8942.248873243163,4.560284492704314,8627.33105579516,0.8780008690947083,8627.689864148258,0.8821963577251513
134,47876.97063747842,49115.35431050569,0.21003,True,49115.35431050569,2.586595719274376,47385.66635371768,-1.026180807221222,47898.42149618772,0.04480412696059588
135,80913.39569199689,87027.30396697493,0.0304,True,87027.30396697493,7.556113821067534,83962.47664980321,3.7683265320032744,81546.21657473143,0.7820965580821904
136,134967.1374008168,151021.8469878599,0.02372,True,151021.8469878599,11.895273098491256,145703.3335898835,7.9546742976277285,138609.0655563368,2.698381417621998
137,91955.26610530376,98523.73109328302,0.05199,True,98523.73109328302,7.143109107484169,95054.03585190266,3.3698665425537566,91615.97589647904,-0.3689731139880359
138,111833.75369129726,121411.08873011028,0.02439,True,121411.08873011028,8.56390376133669,117135.372898573,4.740625287344091,111383.98671661927,-0.4021746206601562
139,77529.15813211775,83509.17535158698,0.03364,True,83509.17535158698,7.713249264591071,80568.24543436064,3.919928160530217,77522.7925185834,-0.008210605774283675
140,6823.891365144659,7056.943310033397,0.198,True,7056.943310033397,3.4152352729284408,6808.420011638102,-0.22672332659899874,6893.93289041518,1.0264161828290819
141,9399.186502343497,9719.6803206222,0.2021,True,9719.6803206222,3.409803797368993,9377.38381822654,-0.23196352271039888,9496.686676398756,1.03732566675796
142,45365.02244809148,46271.23499100075,0.16227,True,46271.23499100075,1.9976018835793585,44641.70795137757,-1.5944321366567316,44999.84027741559,-0.8049862007535435
143,103658.77154264724,105196.44169195367,0.02236,True,105196.44169195367,1.4833960758195985,101491.75461708911,-2.0905292367530803,97407.49921747643,-6.030625514984922
144,22579.501919349208,23058.260963892084,0.17413,True,23058.260963892084,2.120325976422932,22246.22169727952,-1.4760299995106863,22523.211900196227,-0.24929699226333701
145,69589.4410707408,73575.48639441819,0.05842,True,73575.48639441819,5.727945593966477,70984.389689166,2.004540627086193,69435.5043329027,-0.22120703294860045
146,26019.275190647048,26519.97341539546,0.07446,True,26519.97341539546,1.924335789831666,25586.0235482938,-1.6651180295329082,25478.735692769253,-2.0774579380754554
147,28104.50356682971,28450.743076460443,0.35912,True,28450.743076460443,1.2319716262107594,27448.797588092108,-2.3330993097899766,27969.49334453358,-0.48038643335253095
148,6587.747025497927,6795.610956024164,0.09957,True,6795.610956024164,3.155311363986768,6556.290959361992,-0.4774935348030862,6619.740392293958,0.485649595714599
149,10647.0501014482,11144.404799200229,0.0519,True,11144.404799200229,4.671291043181802,10751.933991703196,0.9850981187806251,10652.335031114337,0.04963750161575131
150,110780.8936440884,126727.63725529837,0.00608,True,126727.63725529837,14.394850128617765,122264.68934359406,10.366224103950872,112712.98069077874,1.7440616185112834
151,29776.422983554137,31049.59197590819,0.13195,True,31049.59197590819,4.275762045216913,29956.123221424987,0.6034984053326253,30075.295565445154,1.0037222471486418
152,8091.405274696682,8254.089067998026,0.22572,True,8254.089067998026,2.010575268181003,7963.406069664898,-1.5819156337658846,8095.716902415493,0.053286512941008723
153,100683.4388671236,105963.6399212932,0.08494,True,105963.6399212932,5.2443590659811745,102231.93454316305,1.5379844922490893,101216.77691597956,0.529717751853731
154,6767.836246991678,6890.651933819988,0.28694,True,6890.651933819988,1.8146964900768836,6647.984893509194,-1.7708961787566646,6778.017460937573,0.15043528794627115
155,30071.751808597448,31785.567425203764,0.14752,True,31785.567425203764,5.6990880595002125,30666.179935347296,1.9766993640187636,30701.718233948617,2.094877709023457
156,40111.72415673144,41323.889091340345,0.28106,True,41323.889091340345,3.0219716556499243,39868.5919792182,-0.6061374389274121,40401.776087210994,0.723110104532565
157,17625.815180770387,18116.614331094108,0.10543,True,18116.614331094108,2.784547241021662,17478.60428176899,-0.8352005140846108,17609.505965254375,-0.09253027646519696
158,17152.402025831205,17347.291976757177,0.29194,True,17347.291976757177,1.136225413982661,16736.375035684352,-2.425473642235787,17039.991714362255,-0.6553619213195971
159,101977.79746574316,110654.95029402884,0.01946,True,110654.95029402884,8.508864717538689,106758.03175257759,4.687524545173893,101376.89591822286,-0.5892474268452075
160,29590.280154172,30232.6508129867,0.21221,True,30232.6508129867,2.170884004706286,29167.952151089543,-1.4272524656138263,29479.080417773854,-0.37579818717082825
161,40657.85977932688,41718.90007523399,0.34136,True,41718.90007523399,2.609680641494605,40249.69192141763,-1.0039088631930038,40881.143376424116,0.5491769569503147
162,34282.52671524762,34953.4114496466,0.26296,True,34953.4114496466,1.9569290792693872,33722.46247896641,-1.6336725730082158,34109.78460538913,-0.5038779996973219
163,12264.873016569234,12547.260723820264,0.23757,True,12547.260723820264,2.302410362256002,12105.385752757928,-1.3003580517780056,12326.036750491807,0.4986903153415767
164,41224.27116801853,43570.82446528827,0.08002,True,43570.82446528827,5.692164423491808,42036.39737211319,1.9700195566457968,41618.55335767259,0.9564321660098463
165,32921.415606837545,34303.201175778304,0.06584,True,34303.201175778304,4.197224036301073,33095.15056134288,0.5277262575223318,32554.07188704366,-1.1158199397646507
166,43576.67146876248,46801.11492608328,0.04497,True,46801.11492608328,7.399471663713952,45152.92718544059,3.617200817662347,44586.96881200418,2.3184362393670277
167,51904.32590466647,54542.45381949178,0.05405,True,54542.45381949178,5.08267445698225,52621.64052536755,1.3819939055149,51414.69277572413,-0.9433378054878427
168,62794.85171868917,64477.38629677071,0.08454,True,64477.38629677071,2.6794148437821352,62206.69599781389,-0.9366304796930236,61040.66596500825,-2.793518426541375
169,18487.57910561222,19045.64386239389,0.18947,True,19045.64386239389,3.0185929352548824,18374.916321474782,-0.6093971714405733,18615.93551515259,0.6942845723992175
170,15097.677541999,15592.580078901434,0.18088,True,15592.580078901434,3.2780044183994717,15043.458559646517,-0.3591213430122364,15260.210929498598,1.0765456279448138
171,15324.35715074418,15813.351695159414,0.20765,True,15813.351695159414,3.1909628547875935,15256.455295498914,-0.4430975771271939,15390.769642101302,0.4333786448842858
172,24032.12854488961,25922.870230651464,0.00759,True,25922.870230651464,7.867558140886843,25009.948455520436,4.068802764617208,23159.34553065128,-3.63173412878538
173,30236.38333082751,38151.84783689045,0.00301,True,38151.84783689045,26.178608795426683,36808.26001880231,21.734995935424738,33381.125301012675,10.40052289249469
174,28492.325874827875,33659.04165622164,0.01223,True,33659.04165622164,18.13371012283138,32473.67630953739,13.97341323484904,30264.463451322154,6.219701347933504
175,128863.87443898457,137584.71586979125,0.05003,True,137584.71586979125,6.767483492773518,132739.41587310215,3.00746927794151,128481.50203366244,-0.29672583335461633
176,49478.31480018977,51010.61528314626,0.12845,True,51010.61528314626,3.096913241981736,49214.18220916696,-0.5338350590343821,49281.399916884955,-0.39798219502832355
177,28648.317008987808,29794.44938569828,0.26367,True,29794.44938569828,4.0006970613697845,28745.182796766258,0.3381203431533475,29184.239042622627,1.8706929048107224
178,282122.4948313891,321781.75013991434,0.0261,True,321781.75013991434,14.057459449388343,310449.61122440366,10.04071526091681,292233.9050337642,3.584049619445695
179,22045.866446349017,23872.218100976657,0.02364,True,23872.218100976657,8.284326946605901,23031.513829761745,4.470894286742633,22172.079281505103,0.5725011328687746
180,177106.88194043384,194846.4643486617,0.01651,True,194846.4643486617,10.016314563199312,187984.58607173935,6.141886759072412,173631.26767138613,-1.9624388566767625
181,19680.061776524748,20209.921073236084,0.19338,True,20209.921073236084,2.6923660236848335,19498.191359000157,-0.9241353995216306,19660.079256661902,-0.10153687569559589
182,26898.049208365275,28134.06080670696,0.13988,True,28134.06080670696,4.5951718980322465,27143.26786962957,0.9116596499795016,27154.845701226866,0.9547030376527266
183,8350.91386683993,8678.201365158213,0.11791,True,8678.201365158213,3.9191818229366016,8372.582468611137,0.25947581446443824,8424.24927351482,0.8781722317373397
184,23694.25005611067,24503.09950281305,0.06859,True,24503.09950281305,3.4136950728000715,23640.177577297625,-0.22820928573387134,23542.43596953747,-0.6407212138543672
185,34163.1723041753,35683.571151244534,0.078,True,35683.571151244534,4.450403005705117,34426.90825749252,0.771989061697842,33903.13648974186,-0.7611582792083293
186,30250.918009907724,30940.28445942638,0.17032,True,30940.28445942638,2.2788281971901636,29850.66517111316,-1.3231097273262105,30127.624651042974,-0.4075689829458051
187,49888.45867812211,51809.97674834631,0.16552,True,51809.97674834631,3.851628455033529,49985.39268331977,0.1943014632363571,50253.34785022388,0.7314099929525142
188,35394.15877296396,36174.84724046003,0.27247,True,36174.84724046003,2.205698608360218,34900.88315145242,-1.3936639225575531,35393.80101688772,-0.001010777169563326
189,75577.92955043273,78118.36588087097,0.12679,True,78118.36588087097,3.361346818508726,75367.28328022688,-0.2787139995218957,75156.06111709811,-0.558189984621249
190,49718.01853843862,51777.87328035199,0.12657,True,51777.87328035199,4.143074890084009,49954.41979827126,0.4754840735454291,49897.99545149457,0.3619953456447611
191,24604.10628365874,24963.964385422387,0.14684,True,24963.964385422387,1.4625936728400957,24084.81225148545,-2.1105990446732337,24285.5773210891,-1.2946170809756241
192,102693.99491277333,109392.55018789494,0.05091,True,109392.55018789494,6.522830551885006,105540.08939882848,2.7714322424330584,102910.72803812621,0.21104751600808935
193,52302.019056951285,55727.71222452353,0.03995,True,55727.71222452353,6.549829680269181,53765.15786556031,2.797480546622544,51893.951445783765,-0.7802138780209966
194,58046.4999606227,60812.55706957048,0.08961,True,60812.55706957048,4.765243573383771,58670.93050367558,1.0757419370271748,58082.654447729044,0.06228538694128538
195,59909.48267068758,63380.55087000521,0.02694,True,63380.55087000521,5.79385440264526,61148.48765732085,2.0681283352818713,59936.354564794274,0.0448541581545614
196,20543.70835770991,21556.921495215825,0.06421,True,21556.921495215825,4.931987545109706,20797.754672149178,1.2366137116813336,20793.601962715635,1.216399691110004
197,39768.3318208023,41856.48469853823,0.03655,True,41856.48469853823,5.25079323705413,40382.43124798505,1.544192072098749,39313.87928799719,-1.1427498011555848
198,196138.0665423365,218952.5047443933,0.01467,True,218952.5047443933,11.631825786929696,211241.6877120923,7.7005047699374884,196617.0804846562,0.2442228328055407
199,22611.71650131947,23546.53010215811,0.11585,True,23546.53010215811,4.134200076248473,22717.29553562384,0.46692180267786654,22852.97602269873,1.0669668592615755
200,144051.89296738963,151821.24385538592,0.03952,True,151821.24385538592,5.393438939226658,146474.57821960395,1.6818142422902804,139952.02632752768,-2.8461039667073806
201,228368.5703628722,261956.42901686043,0.01302,True,261956.42901686043,14.707741350141967,252731.1493291857,10.668096282952554,235306.3154781255,3.037959691313641
202,8230.36063914683,8361.53407647738,0.1438,True,8361.53407647738,1.5937750857069055,8067.067203635094,-1.984037427655927,8124.860431979043,-1.2818418510846974
203,39530.300605042576,40838.36859918337,0.19337,True,40838.36859918337,3.309026175161267,39400.16998833129,-0.32919207473642853,39823.25337554926,0.7410840950430764
204,68903.43006764857,72480.25044312615,0.08738,True,72480.25044312615,5.19106287156661,69927.72449566214,1.4865652218009062,69400.34974389493,0.7211827854701536
205,7328.039782937839,7465.5255926005475,0.09407,True,7465.5255926005475,1.8761607979097317,7202.613314151367,-1.7115964500971637,7252.974437181419,-1.0243577816157368
206,55239.558131373225,56520.45900904408,0.19746,True,56520.45900904408,2.318810868516663,54529.98660723628,-1.2845351196499655,55080.89109670309,-0.2872344385753123
207,17637.08702126397,18136.44035695316,0.15812,True,18136.44035695316,2.831268763867567,17497.732097493128,-0.7901243759971921,17641.47066883421,0.024854714188071725
208,86044.10278446642,91785.46232620088,0.0368,True,91785.46232620088,6.672577615360931,88553.06767034292,2.9159056863679034,85299.17516947039,-0.8657509241069339
209,29845.47308416048,31365.52611852438,0.10168,True,31365.52611852438,5.093077365795273,30260.93115942975,1.3920304566717112,30276.19262892077,1.4431654125425242
210,17585.939826866324,18368.66877065181,0.02735,True,18368.66877065181,4.4508792335892,17721.782158494592,0.7724485183370211,16944.9036919645,-3.645162790347445
211,97416.17246535503,106385.00076636662,0.03266,True,106385.00076636662,9.206713910055587,102638.45638749187,5.360797688899233,98548.8181500946,1.162687525156425
212,149464.94794254244,177461.28000601236,0.01527,True,177461.28000601236,18.731035235252836,171211.65311984476,14.549702439706614,159210.03524343835,6.519981731530877
213,46385.72841907983,47290.52130853869,0.21082,True,47290.52130853869,1.9505846308682573,45625.09821781878,-1.6397935899357008,45966.095459913115,-0.9046596301678589
214,20041.98388731545,21955.120243729736,0.01063,True,21955.120243729736,9.545643620765043,21181.930115947456,5.687791363575911,19818.89046970781,-1.1131304109511686
215,68879.31658602704,70939.90433338248,0.08325,True,70939.90433338248,2.9915914522494758,68441.62452040557,-0.6354477473289211,68014.1925267387,-1.2559997720184124
216,18269.02265155444,18871.003071120354,0.16183,True,18871.003071120354,3.2950882542952975,18206.425828365038,-0.34263914596479594,18313.68776597694,0.2444855166825466
217,18607.251725729027,19658.524543013908,0.07559,True,19658.524543013908,5.6498016621726155,18966.213276453433,1.9291486782438305,18867.420066103277,1.3982093874427726
218,7814.381990359598,8005.084462342389,0.16415,True,8005.084462342389,2.4404037608867446,7723.170621305051,-1.167224345662543,7792.7141534311795,-0.2772815170175913
219,66110.7541316595,69374.99512685198,0.09851,True,69374.99512685198,4.9375340488353014,66931.8264832029,1.2419648850294784,66496.33458475363,0.5832340867360841
220,40744.99510376756,41994.35021686621,0.14642,True,41994.35021686621,3.0662787169733363,40515.44157733891,-0.5633907326385135,40579.18996656061,-0.40693375170295365
221,25688.163898628714,26491.03727960748,0.08728,True,26491.03727960748,3.12546036434167,25558.10645199543,-0.5062932763373773,25493.484379384317,-0.7578568869797242
222,32592.04173477496,33665.86047955662,0.21593,True,33665.86047955662,3.2947268339924785,32480.25499540889,-0.34298783818381695,32858.9596622254,0.8189665735658602
223,44887.38752168392,47694.621781172376,0.03354,True,47694.621781172376,6.25394885842343,46014.96754561682,2.512019714642988,44117.465338064794,-1.715230549443758
224,64554.75569897034,68091.01965028912,0.03255,True,68091.01965028912,5.477929415160321,65693.06857556118,1.7633292299934933,63462.2877523752,-1.692312107398397
225,24224.23811155422,25329.280885782497,0.11383,True,25329.280885782497,4.561723547875829,24437.26345625807,0.8793892452792829,24352.018845884482,0.5274912413832045
226,83359.72757030024,87710.40259841026,0.06176,True,87710.40259841026,5.219156965743377,84621.51870071136,1.5136699305392964,83335.40234294027,-0.029181030299618715
227,16347.822889551657,16819.516128432013,0.16831,True,16819.516128432013,2.885358142592964,16227.185789075636,-0.7379398546892957,16391.98396925167,0.2701343169568826
228,25691.643761108924,26569.743657636867,0.09214,True,26569.743657636867,3.4178424109132965,25634.041039489843,-0.2242080037956895,25612.18609372174,-0.3092743622245986
229,30762.910955669853,33818.21250216428,0.01058,True,33818.21250216428,9.931769951475644,32627.24166002624,6.060319542071091,30333.402175231407,-1.3961903054537927
230,16407.734179309617,17491.14472686748,0.04744,True,17491.14472686748,6.603047902397496,16875.16174539019,2.8488245907226206,16500.03675320061,0.5625552735208705
231,655049.1134599298,797998.2578569939,0.01136,True,797998.2578569939,21.82266053945412,769895.2746752598,17.532450446153504,693736.0556572843,5.905960545921873
232,30422.98764253997,31237.35717319144,0.08017,True,31237.35717319144,2.6768230004891036,30137.2759203357,-0.9391310464353042,29870.441382265188,-1.8162130122360676
233,32300.624627486988,34806.037931539875,0.041,True,34806.037931539875,7.756547537228875,33580.278991614774,3.9617016044910525,32308.573731738743,0.024609753970494808
234,37469.08092698792,38386.62793376314,0.29422,True,38386.62793376314,2.4488110838991606,37034.77190073988,-1.159113102064957,37584.21826526891,0.30728626225273725
235,34592.389743265994,35588.48159663233,0.0772,True,35588.48159663233,2.879511536378443,34335.167457251286,-0.743580561862689,33982.293864452055,-1.7636708054629469
236,71639.41644512884,73605.58480113656,0.32382,True,73605.58480113656,2.7445342990945143,71013.42812487633,-0.8738043263263773,71995.68623438265,0.4973097310566388
237,131481.03970186497,149216.66220715808,0.0102,True,149216.66220715808,13.489110327625099,143961.72172683218,9.492381603664924,132780.5970490391,0.9883990498712913
238,14091.303376502294,14615.438205919898,0.14762,True,14615.438205919898,3.7195624521974002,14100.72854327268,0.06688640872003493,14124.704462494676,0.2370333325452334
239,67938.48084963334,71237.20532767067,0.07944,True,71237.20532767067,4.855458109724764,68728.4555108308,1.1627794017736282,67709.20333628578,-0.3374781279773087
240,45998.58991730696,48320.251509108784,0.07068,True,48320.251509108784,5.047245135069445,46618.56456665308,1.3478122926391167,45780.329889222034,-0.4744928670146198
241,104161.31927401356,111836.25821337044,0.08651,True,111836.25821337044,7.368319634246068,107897.73773073344,3.587145864474528,105839.0445476902,1.6106989479108824
242,7277.448470085805,7411.245794979014,0.32115,True,7411.245794979014,1.8385197152984034,7150.245079900615,-1.7479119324315895,7296.527814536454,0.26217079418804357
243,8580.66108233098,8708.737283866967,0.13069,True,8708.737283866967,1.492614616835497,8402.04300851867,-2.081635343692967,8509.417421250779,-0.8302817276736874
244,73704.87362121775,76547.26736311354,0.07437,True,76547.26736311354,3.8564529077186327,73851.51389982867,0.19895601390558237,73134.86295067634,-0.7733690359077117
245,129499.61898933577,133990.9540218365,0.06628,True,133990.9540218365,3.4682225844004932,129272.21498913175,-0.1756020612097231,127875.19138685252,-1.2543879396409774
246,168124.70141621697,193657.6049173556,0.01366,True,193657.6049173556,15.186884072393525,186837.59452206644,11.130365108886053,174964.0131789802,4.06799935116704
247,120460.01812960493,127098.70088061396,0.08426,True,127098.70088061396,5.511108875864834,122622.6852776974,1.7953402146807074,119541.69442827607,-0.7623473045976326
248,110352.8505301577,114938.06706841387,0.12669,True,114938.06706841387,4.155050382684156,110890.31065546251,0.4870378270454667,110376.77758695357,0.02168231874475346
249,40383.37026027807,41089.83208929475,0.2583,True,41089.83208929475,1.7493879893218711,39642.777726987275,-1.8339047199813718,40103.1214831093,-0.6939707492527591
250,7266.978534622525,7525.174797617487,0.14283,True,7525.174797617487,3.5530070959315596,7260.161862194573,-0.09380339291599205,7343.121184225399,1.0477896589359936
251,26301.563102342418,27486.47904220536,0.04492,True,27486.47904220536,4.505116046724278,26518.49189355846,0.8247752818794307,26261.161584683974,-0.15360880834814905
252,19021.629992358645,19654.1413948212,0.14835,True,19654.1413948212,3.3252218801261835,18961.98448892346,-0.31356673144807834,19088.519549788525,0.3516499766673675
253,246385.17783480257,304581.00782607595,0.0063,True,304581.00782607595,23.619858346467893,293854.62483446574,19.266356611553427,272732.37715903035,10.69350013493635
254,23248.96598170749,23862.730355193915,0.20699,True,23862.730355193915,2.639964177199716,23022.36021247808,-0.9746918181552822,23298.088408680702,0.2112886526302482
255,58169.84953821736,60799.87968742117,0.08052,True,60799.87968742117,4.521294399216025,58658.69957896377,0.8403838837940381,58141.22889934182,-0.049201844430990516
256,111402.81474423032,125773.9077620684,0.02444,True,125773.9077620684,12.900116618087853,121344.54719675773,8.92413039594433,117638.33623734259,5.597274635679894
257,34161.82248425731,35920.22012079706,0.07482,True,35920.22012079706,5.14725945124872,34655.22319630521,1.4443044198689137,34109.9537951658,-0.15183232427197213
258,133353.14294688,143840.72118543813,0.01747,True,143840.72118543813,7.864515231362623,138775.10440178934,4.065867016774516,130618.983117722,-2.050315252222523
259,36809.45634621119,37494.86017269805,0.28442,True,37494.86017269805,1.8620319192989232,36174.40938917812,-1.7252277541405014,36684.594852821756,-0.3392103708760308
260,18784.770500551047,18843.89121211233,0.17894,True,18843.89121211233,0.31472682383608674,18180.268763568936,-3.218041641575431,18417.525415840406,-1.9550150197462757
261,25084.12795735052,25362.81845771194,0.28681,True,25362.81845771194,1.1110232766921913,24469.61994062171,-2.4497882396933734,24899.80062904463,-0.7348365014693603
262,115653.99261270845,120995.51433876398,0.00978,True,120995.51433876398,4.618536382001737,116734.43372731119,0.9342013104734148,110299.85324306301,-4.629446203015997
263,48106.70596893495,49771.95103012712,0.0796,True,49771.95103012712,3.461565342402606,48019.139806606356,-0.18202485612949237,47945.632565153704,-0.3348252609215341
264,13382.131921223609,14543.645653071317,0.02216,True,14543.645653071317,8.679586621064361,14031.464297830053,4.852234161409097,13389.308040027738,0.053624630562398856
265,70196.03425173204,74168.71239187218,0.04508,True,74168.71239187218,5.659405381639648,71556.724136964,1.9384141849842162,69419.4979933342,-1.1062395001020797
266,33618.50486001054,34781.47675867176,0.18135,True,34781.47675867176,3.4593207029994577,33556.58278583304,-0.18419044640844984,33845.10520790146,0.674034579570093
267,54676.642509248246,58448.58173138272,0.03381,True,58448.58173138272,6.898629925011357,56390.20692514646,3.1339971462373217,54607.224188064174,-0.12696156530154212
268,24715.10027841844,25384.157584636127,0.07757,True,25384.157584636127,2.707079067779139,24490.207570761086,-0.9099405024616924,24366.251454031328,-1.4114805137640074
269,96584.1763706578,103415.0412311495,0.0626,True,103415.0412311495,7.072447182525132,99773.08946516187,3.3016931078503786,97525.9418116109,0.9750721871240264
270,56944.28829301981,59005.4330163559,0.09043,True,59005.4330163559,3.61958114698,56927.447663176405,-0.029573870089916188,56296.037746795526,-1.1383943247978867
271,20278.39520651537,20731.70930413621,0.19069,True,20731.70930413621,2.2354535110115092,20001.6038531953,-1.3649568937838752,20260.029906951033,-0.09056584299351744
272,49702.94200890203,50200.785634469314,0.1629,True,50200.785634469314,1.0016381434284405,48432.872207961365,-2.555321173368741,48697.9377316608,-2.022021708616817
273,28165.7380082093,29458.99703467987,0.12538,True,29458.99703467987,4.5916035507169495,28421.544020133657,0.9082169686084551,28284.378001894274,0.4212209658784438
274,13414.190211076828,14059.778880967506,0.07489,True,14059.778880967506,4.8127293540058735,13564.637788188908,1.1215554181410514,13413.078693407591,-0.008286133204815638
275,16560.92414754051,17312.215135658706,0.08321,True,17312.215135658706,4.536528163676001,16702.533490359718,0.8550811630897881,16507.784344018684,-0.32087462661145594
276,44465.91545761781,45836.49602879305,0.06457,True,45836.49602879305,3.0823172244853314,44222.27912502929,-0.5479170508043252,43890.16035000142,-1.2948234657738422
277,85979.22685819714,92127.53746502649,0.03964,True,92127.53746502649,7.150925672976283,88883.09600107257,3.3774078332487134,84489.09780225727,-1.7331268381809206
278,16072.417562328515,16648.636879723024,0.11322,True,16648.636879723024,3.5851440217997244,16062.324368858495,-0.06279822827448545,16103.992920729484,0.19645680731301685
279,90605.70874590796,95795.28546275751,0.10777,True,95795.28546275751,5.727648719577982,92421.67747584418,2.004254207677869,91231.36264686575,0.6905237093971062
280,76357.37410623768,81064.86212262731,0.05956,True,81064.86212262731,6.165073211972949,78210.01321233051,2.426273988305594,77529.2585221386,1.534736401844361
281,24397.21285634048,24962.795197760355,0.29971,True,24962.795197760355,2.3182252200291353,24083.684238927348,-1.2851001434438514,24463.30090282411,0.27088359179705535
282,33409.267315371624,34742.88842063428,0.08721,True,34742.88842063428,3.9917699860752442,33519.353407422605,0.3295076513106565,33273.08631131391,-0.4076144585040131
283,108211.85292408468,114502.21264934629,0.03009,True,114502.21264934629,5.813004356994567,110469.80565512879,2.086603888603733,107123.42635825487,-1.0058293397797957
284,35558.4892499038,37529.18716854782,0.11205,True,37529.18716854782,5.542130614138352,36207.527496440045,1.8252694651193613,36205.0570467645,1.8183218986516536
285,115281.6209827485,125870.1962734012,0.00891,True,125870.1962734012,9.184963917394295,121437.44473024324,5.339813662418869,112147.57566389425,-2.718599280732914
286,265688.16511181643,298836.0440438421,0.02355,True,298836.0440438421,12.476234655794771,288311.9805672962,8.51517622019724,271533.23329366714,2.1999731073421236
287,75282.04124160395,78142.4201453518,0.14978,True,78142.4201453518,3.799550140475061,75390.49042933686,0.1440571827547421,75768.61047798701,0.6463284315332274
288,22062.849379214094,22727.221936066984,0.17502,True,22727.221936066984,3.0112726848364746,21926.8408205091,-0.6164596257142163,22074.39737523655,0.052341362731400665
289,60275.84180758247,63351.37171864013,0.05018,True,63351.37171864013,5.102425480635553,61120.33610368798,1.401049360374551,60511.865344193284,0.3915723605557808
290,5884.11590243666,6002.118847535161,0.15344,True,6002.118847535161,2.0054490267541247,5790.743141678322,-1.5868613451286984,5844.459485619324,-0.67395709865119
291,16087.48442585436,16398.30152461227,0.33756,True,16398.30152461227,1.932042888311325,15820.805035844536,-1.6576823507672866,16121.770712330366,0.2131239761817838
292,69911.415699719,74088.93672622535,0.05409,True,74088.93672622535,5.975449051767856,71479.75791879141,2.2433277932872864,69670.74465427369,-0.3442514259459961
293,46975.78720638546,50851.642222710885,0.0286,True,50851.642222710885,8.250750539415286,49060.80767880327,4.43850033477331,47899.929557009,1.9672737926953232
294,21973.099755259103,22319.072163273144,0.18984,True,22319.072163273144,1.5745270893390284,21533.064796138293,-2.002607570265502,21814.025676462672,-0.7239491950076782
295,6896.691792049468,7006.557750686732,0.2674,True,7006.557750686732,1.5930240461654144,6759.808872865642,-1.984762017952213,6889.762024381252,-0.10047959046400878
296,66276.15639052352,68816.25861935718,0.08599,True,68816.25861935718,3.832603408481372,66392.76691424592,0.1759464188527904,65507.02818395143,-1.1604900592606882
297,52696.19085271796,56088.499389297474,0.04623,True,56088.499389297474,6.437483396211263,54113.23924366868,2.6890907445497714,53015.39787331391,0.6057497049229088
298,8516.22529893523,8697.518522763465,0.28367,True,8697.518522763465,2.128797882448019,8391.219336817316,-1.467856447310556,8546.434319010925,0.3547231198718137
299,17107.14375774171,17387.07087126964,0.2333,True,17387.07087126964,1.6363170701786611,16774.75304292361,-1.9429936377759027,17016.314843585744,-0.5309414326682194
300,42755.38629719195,45379.94711550172,0.06508,True,45379.94711550172,6.138550123407827,43781.80842532495,2.400684959313315,43218.81299489966,1.0839024923934293
301,64935.83573311475,69534.0703227751,0.02785,True,69534.0703227751,7.081197212212698,67085.29955216439,3.310134989074287,65484.91423584604,0.8455708570349163
302,52772.27572461783,54699.8814756112,0.0671,True,54699.8814756112,3.6526864239325496,52773.524075683854,0.002365543363214151,52566.60839294613,-0.38972609925889135
303,22510.44765125317,22902.530225614428,0.22884,True,22902.530225614428,1.7417804409564086,22095.975304707645,-1.8412443544740031,22385.620565060377,-0.5545295594592159
304,19887.005695203352,20478.197079157773,0.14243,True,20478.197079157773,2.9727521227442155,19757.01952965623,-0.653623615034582,19949.136441746374,0.3124188100273262
305,86026.21841596217,89930.81574951316,0.11654,True,89930.81574951316,4.5388457210464805,86763.73589984623,0.8573171033950944,86014.7171755834,-0.013369459439860343
306,8703.413614542582,8947.673787930928,0.16877,True,8947.673787930928,2.80648701999191,8632.564922088104,-0.8140333849708803,8728.775250089417,0.29139871629744185
307,127025.72658628,130805.44226049472,0.02066,True,130805.44226049472,2.9755513121567656,126198.88691061482,-0.650923004249504,120415.98718728438,-5.203465137832586
308,32648.721628653835,34618.876575573144,0.07763,True,34618.876575573144,6.034401497638497,33399.70886863285,2.300204119844973,33055.47576375108,1.245850112367819
309,22937.30110667874,23369.11364191052,0.18988,True,23369.11364191052,1.8825777855183023,22546.12712385181,-1.7054054485644454,22808.955191166686,-0.5595510775881274
310,34806.3534997234,35397.532383325684,0.30598,True,35397.532383325684,1.6984798008414792,34150.94287332483,-1.8830200825368903,34698.27645150483,-0.3105095402177849
311,7681.543698884066,7911.110169454779,0.27195,True,7911.110169454779,2.988546047118934,7632.505806786013,-0.6383859028905481,7765.9610905918125,1.0989638934165047
312,21036.04995001992,21752.988612159883,0.2013,True,21752.988612159883,3.4081429918799255,20986.91692327966,-0.23356583986535728,21245.355089421595,0.9949830880748411
313,128727.52480962493,134164.35883731695,0.02328,True,134164.35883731695,4.223520988019125,129439.51303361979,0.5530971134944274,125864.35869254965,-2.2242066110644276
314,26668.79024612275,28216.3698621389,0.0631,True,28216.3698621389,5.802961445696431,27222.678259584824,2.076914656984119,27014.18360674227,1.2951219662831859
315,11273.306968293691,11427.356240467796,0.21315,True,11427.356240467796,1.3664958526133475,11024.920775132356,-2.2033126025923444,11209.98682067955,-0.5616821026184105
316,31726.72470106637,33068.69983106615,0.10871,True,33068.69983106615,4.22979410148403,31904.124462581065,0.5591493076772869,32073.541424333416,1.093137493815699
317,21810.43241695864,22299.961437305465,0.2075,True,22299.961437305465,2.2444718701046584,21514.627089698126,-1.356256132870215,21730.886869599628,-0.36471329792233664
318,23382.34575491885,23780.01543786143,0.17133,True,23780.01543786143,1.7007262107520793,22942.55825379906,-1.8808527841021827,23154.27066823439,-0.9754157648467876
319,99780.28692871548,109517.5666488086,0.02803,True,109517.5666488086,9.758720905512707,105660.7031740672,5.893364738019624,101199.73305318941,1.4225717004482163
320,6423.2823973047925,6664.722868285296,0.07164,True,6664.722868285296,3.7588331953428034,6430.012337486235,0.10477416008156659,6392.430780597496,-0.480309206399554
321,29329.61149765283,29688.644706669187,0.37017,True,29688.644706669187,1.2241321677414208,28643.104225013747,-2.3406626872436442,29181.138563733548,-0.5062219590981076
322,57164.82909513,58842.77084999294,0.13963,True,58842.77084999294,2.9352694330120777,56770.51394556706,-0.6897862825877565,56830.62463982755,-0.5846330000327526
323,70212.79130513039,76237.00526520268,0.01946,True,76237.00526520268,8.579937997183862,73552.1782549942,4.756094847948034,70664.08244555001,0.6427477558304195
324,98539.14651566536,102426.6414427229,0.04093,True,102426.6414427229,3.9451274590038388,98819.4980016376,0.2845077270155594,95640.58150562384,-2.941536549213686
325,56056.94141906694,58423.60123137469,0.07877,True,58423.60123137469,4.221885376541024,56366.106159604875,0.551519103096787,55616.14202738785,-0.7863422094041783
326,17617.376624222852,17985.942299753773,0.2457,True,17985.942299753773,2.092057650763768,17352.534107466465,-1.5033028038479057,17640.39400829276,0.13065159791303405
327,11800.069143909976,12160.720515469067,0.15536,True,12160.720515469067,3.056349646435974,11732.45827208803,-0.5729701326101067,11878.903192179016,0.6680812400978731
328,27828.22987070256,29792.679491684685,0.04496,True,29792.679491684685,7.05919718972241,28743.475232840738,3.288909738027379,28457.266530053108,2.260426416891126
329,71782.06530035059,76149.10824637912,0.05359,True,76149.10824637912,6.083752156971167,73467.37669210354,2.34781680451972,71062.90576170765,-1.001865209135222
330,106460.60926849938,115032.57796319916,0.02555,True,115032.57796319916,8.051774974423465,110981.49317445187,4.246532061967234,105067.15553172487,-1.3088913790265333
331,30101.523456629195,30655.853251523487,0.31117,True,30655.853251523487,1.8415340196750618,29576.25073376503,-1.7450037823533604,30090.95914647708,-0.035095599620860174
332,19888.551929168392,20259.07074240995,0.21889,True,20259.07074240995,1.8629753164590923,19545.61013175591,-1.7243175804545374,19812.38138056203,-0.38298690059305196
333,11981.604021928802,12312.91858595772,0.20667,True,12312.91858595772,2.765193737186955,11879.296406294714,-0.8538724485206206,12017.75601805943,0.3017291847106751
334,11806.688279656571,11979.3611764714,0.13206,True,11979.3611764714,1.4625006837213794,11557.485837326707,-2.110688759008328,11605.140707726694,-1.707062701715878
335,41182.33181219328,42945.72556941294,0.04694,True,42945.72556941294,4.281918190697387,41433.312488906115,0.6094377507747772,40281.10198591176,-2.1883895025455735
336,27800.34188735289,28471.32835622963,0.13772,True,28471.32835622963,2.4135907090480524,27468.657919197,-1.193093126335909,27712.07856986408,-0.3174900432752037
337,66300.28929160097,68782.49262442146,0.11618,True,68782.49262442146,3.7438800936498096,66360.19005121425,0.09034765949484935,65800.67180505418,-0.7535675815068976
338,36485.10034520463,37787.61840346418,0.16597,True,37787.61840346418,3.5699999340436106,36456.857597892784,-0.07740898899721849,36755.35191073813,0.7407176161679851
339,46546.58077312177,48409.82479864024,0.26887,True,48409.82479864024,4.002966479106873,46704.983367281275,0.3403098391514314,47351.447969058754,1.7291650268793868
340,32297.989975817967,32880.418671576736,0.22311,True,32880.418671576736,1.8032970354961542,31722.473972026666,-1.781894180480581,32185.03773296516,-0.34971910926152594
341,97677.7896703438,100720.91686196093,0.07523,True,100720.91686196093,3.1154750756415384,97173.84366380393,-0.5159269146452372,96478.99112851439,-1.2272990061254263
342,19278.94855727852,20128.33501363325,0.11506,True,20128.33501363325,4.405771683197179,19419.478503239945,0.7289295136812424,19411.91595014903,0.689702513990631
343,15861.90350465448,16633.21622772053,0.08347,True,16633.21622772053,4.862674412561652,16047.44678361036,1.1697415691719115,15971.30769236328,0.6897292476700345
344,8769.967084533951,8933.533827951602,0.17733,True,8933.533827951602,1.8650781906137892,8618.922926927095,-1.7222887628988603,8758.806218784788,-0.12726234479084608
345,36763.54525040114,37236.02751005769,0.3668,True,37236.02751005769,1.285192318745132,35924.69199702043,-2.2817528822837163,36577.54084262654,-0.5059479615137752
346,160850.00000848583,181479.63184584747,0.01674,True,181479.63184584747,12.825385039647674,175088.4912745793,8.852030628127029,163753.9337820739,1.805367593058671
347,136363.8225168582,144336.46736952072,0.04579,True,144336.46736952072,5.846598243956436,139253.3919679658,2.119014704761879,135330.1800672468,-0.758003428279963
348,28778.322247181324,30129.773739251443,0.06577,True,30129.773739251443,4.696074637229719,29068.698083600855,1.0090089127692936,28928.44363121387,0.5216474495737922
349,69717.4714258385,73846.27678260594,0.08903,True,73846.27678260594,5.922196075569697,71245.6436934706,2.1919502190461237,70840.0255651879,1.6101475231262485
350,14122.811657725517,14453.769850415249,0.24236,True,14453.769850415249,2.343429911201067,13944.753637635913,-1.2607830820444477,14131.95698870446,0.06475573845057259
351,41876.25838037235,42768.92918325889,0.11174,True,42768.92918325889,2.1316871120103498,41262.742314172654,-1.4650689673059492,41280.19761171677,-1.4233859272750893
352,77805.3522621862,80546.94040141845,0.1125,True,80546.94040141845,3.523649799815476,77710.33106154336,-0.12212681760330746,77066.6719401222,-0.9493952544226247
353,62284.20902282535,64204.68872264817,0.16825,True,64204.68872264817,3.083413484658726,61943.601972651275,-0.5468593974585989,62089.036717171,-0.31335760494738407
354,198038.88949627985,213134.81606938495,0.04219,True,213134.81606938495,7.622708151667701,205628.87969362747,3.8325756201991856,197201.5190844926,-0.42283130041635975
355,33637.09188206001,34459.4728519677,0.32151,True,34459.4728519677,2.444863464389724,33245.9188416984,-1.1629216988589874,33821.92264018185,0.5494849518201672
356,84654.79898604068,91245.9401953716,0.02196,True,91245.9401953716,7.785903797867122,88032.5458082731,3.9900240301667944,83782.80787909169,-1.0300551385076018
357,45995.10598048075,47885.80389454915,0.1081,True,47885.80389454915,4.1106501958507735,46199.416827607085,0.44420127483353333,45993.297519240776,-0.003931855795147321
358,36609.11222661379,37723.56867768497,0.22975,True,37723.56867768497,3.0442050716023683,36395.06350155718,-0.5846870138003557,36805.16552913009,0.5355314308162162
359,39365.374294563,40623.08312470031,0.07863,True,40623.08312470031,3.1949622039057157,39192.46618963398,-0.4392390724782147,38912.787640274975,-1.1497074837937826
360,15463.301113881162,15830.515618229245,0.25115,True,15830.515618229245,2.3747484553504616,15273.014759302556,-1.2305674782972953,15519.444344266085,0.3630740290928136
361,26461.88583606378,26822.696321191677,0.33044,True,26822.696321191677,1.3635100966090885,25878.08550759477,-2.2061932096818726,26353.960993518678,-0.40785015555472315
362,26214.74671460535,26953.06158335995,0.23234,True,26953.06158335995,2.8164104608466634,26003.85971616847,-0.8044594164222318,26340.77027881977,0.48073538755271095
363,66486.34142590182,68515.89955576022,0.23638,True,68515.89955576022,3.0525940912545346,66102.98555007328,-0.5765934289763575,66912.61763487,0.6411485424314689
364,31548.03568332069,33435.9676683167,0.03515,True,33435.9676683167,5.984309146683731,32258.458284309872,2.2518758635891256,31774.549132634205,0.7179954136836253
365,59634.12143843336,62013.68247736031,0.20025,True,62013.68247736031,3.9902676211699184,59829.756060805434,0.32805819496151134,60086.006580401176,0.7577627221931005
366,45123.1001484145,47638.71679069755,0.05064,True,47638.71679069755,5.575008441372442,45961.03135268211,1.8569894389161457,45369.72107566371,0.5465513815275269
367,36652.12023731185,37662.35216420425,0.2355,True,37662.35216420425,2.756271452651138,36336.0028407138,-0.8624805183200301,36712.62682037873,0.16508344585557388
368,22255.07014669572,22593.819775834658,0.20933,True,22593.819775834658,1.5221233943818024,21798.136663848214,-2.053165772273924,22031.23700935705,-1.0057624436286217
369,28912.495286847265,29606.289740521283,0.23526,True,29606.289740521283,2.399635336869843,28563.64954117323,-1.206557034296285,28977.029553060827,0.22320545346676823
370,20528.758277792946,20883.658244872226,0.24268,True,20883.658244872226,1.7287941251819205,20148.201631213928,-1.8537733331425388,20414.876590427462,-0.5547422100472321
371,40387.342028016246,43354.47801591086,0.0837,True,43354.47801591086,7.346697848638684,41827.6699627129,3.5662855299997576,41362.61110768022,2.41478896775984
372,35825.750882907014,37291.69048015273,0.12072,True,37291.69048015273,4.091860075834819,35978.39469277023,0.4260728836141148,36050.104053013114,0.6262343833054018
373,28065.01268343852,28862.917488758703,0.15962,True,28862.917488758703,2.8430587732854784,27846.45651685051,-0.7787495735463557,28059.45515701538,-0.01980232998938236
374,8414.268682838881,8693.402990351804,0.18019,True,8693.402990351804,3.31739237281814,8387.248740484161,-0.32112050818899895,8515.595159323388,1.2042220221843314
375,90078.89961419988,95398.11082372608,0.05019,True,95398.11082372608,5.905057935107916,92038.4900756206,2.1754156298683602,90499.39489506284,0.466807745947051
376,96848.24161565928,102697.489012448,0.07441,True,102697.489012448,6.03960102858796,99080.80717372605,2.3052205397044556,97253.89376711754,0.41885339856564396
377,98688.49214682418,105242.55510273132,0.02744,True,105242.55510273132,6.641162321293059,101536.24405889843,2.885596739929408,96152.84761993318,-2.5693416443313244
378,109894.1852586002,120645.7185454838,0.03269,True,120645.7185454838,9.783532460414857,116396.9566392397,5.91730250816942,111969.817521801,1.8887553134103285
379,34529.9161862628,35611.86915240311,0.18572,True,35611.86915240311,3.1333784892612737,34357.73137703036,-0.49865400281783323,34663.54803883781,0.38700311884387606
380,41214.198914308894,42869.29577824217,0.13403,True,42869.29577824217,4.015841403042919,41359.57431405744,0.35273134885092094,41598.335130520805,0.9320482414582276
381,253603.1365148088,279648.9826005374,0.03719,True,279648.9826005374,10.270317017237552,269800.62694633205,6.386944047349119,258933.2508668352,2.101754112853871
382,79603.87977331813,94893.29055279744,0.00593,True,94893.29055279744,19.206866327392326,91551.44798333336,15.008776260701628,82491.41065192757,3.627374553642415
383,16964.798660300883,17402.242940176588,0.14386,True,17402.242940176588,2.5785409460789,16789.39079938924,-1.0339519166950861,16957.514384456612,-0.042937590891167776
384,11158.860366083927,11351.067868141216,0.09528,True,11351.067868141216,1.7224653392158285,10951.319038801965,-1.8598792392165775,10914.122425171994,-2.1932162683546585
385,36753.366748027205,38286.352449513,0.12603,True,38286.352449513,4.171007548765804,36938.0278029554,0.5024330320380965,36864.53895549517,0.3024816970650157
386,110716.26194054847,117612.01170259184,0.07348,True,117612.01170259184,6.22830796594831,113470.08738846613,2.4872818135752928,110232.68152099787,-0.43677451810130163
387,26940.88519867476,28469.63476956579,0.15084,True,28469.63476956579,5.674459319422165,27467.023975316915,1.9529379705312433,27515.603992139808,2.133258759787582
388,37253.04740604696,37920.35985316849,0.17188,True,37920.35985316849,1.7912962659082154,36584.92431216776,-1.7934723207925996,36902.645272069385,-0.9405999196744785
389,20054.76819795374,20711.71188146032,0.18114,True,20711.71188146032,3.275748076577667,19982.310676709934,-0.36129822358754726,20198.94297896489,0.7189052478096425
390,133094.76499219198,144540.7812901182,0.02708,True,144540.7812901182,8.5998997019888,139450.51059632073,4.775353564433282,132001.05203216203,-0.8217550555757125
391,35817.66694289673,36548.64496644815,0.23449,True,36548.64496644815,2.0408309249086543,35261.51689982105,-1.5527254858959338,35698.612433805414,-0.33239046329042177
392,109435.85503287672,120803.05149460355,0.04888,True,120803.05149460355,10.387086077329876,116548.74881783832,6.499600869225852,111862.84874676926,2.217731760000796
393,37605.44057656112,38535.26119241599,0.13277,True,38535.26119241599,2.472569398467317,37178.17076454657,-1.136191480444615,37487.77390841637,-0.31289799119677
394,101783.8534518272,108733.44001668954,0.0379,True,108733.44001668954,6.82778881834285,104904.19101019768,3.065650840039469,100989.83561303253,-0.7801019629999351
395,19020.81629573809,19679.07271599909,0.0999,True,19679.07271599909,3.460715933671543,18986.037807558285,-0.1828443513625433,18918.162321104624,-0.5396927925562567
396,10054.648794825684,10378.853672463994,0.13164,True,10378.853672463994,3.22442766777844,10013.34316247087,-0.41081128936169,10106.07309076703,0.511447957961586
397,27104.96202140459,27691.826526603545,0.29839,True,27691.826526603545,2.165155238865535,26716.607686855026,-1.4327794823799533,27133.904336241834,0.1067786585142283
398,37591.46268468696,38630.133792385575,0.12773,True,38630.133792385575,2.763050526687083,37269.70225060381,-0.8559401819025703,37334.29950175652,-0.6840999646315793
399,16482.65387792025,16850.49865445119,0.15584,True,16850.49865445119,2.2317084327281522,16257.077208191919,-1.3685700822153812,16449.29821038333,-0.2023683066086912
400,23780.84301271356,24654.56653937892,0.10341,True,24654.56653937892,3.674064566164681,23786.310422291914,0.022990814814383143,23732.91588288786,-0.2015367150780878
401,17948.704158987148,18640.324539979927,0.10314,True,18640.324539979927,3.853316511690763,17983.87106794365,0.1959300718592294,18097.99515092244,0.8317647369575853
402,61968.84210301085,66220.29782565015,0.07539,True,66220.29782565015,6.860634438791191,63888.2276766735,3.0973397412719983,62199.78504689311,0.3726759062213203
403,16595.67915588929,16957.589932623396,0.14654,True,16957.589932623396,2.1807530341755976,16360.397069121354,-1.4177309922531411,16437.654467935525,-0.9522038023836332
404,35003.41939873076,36485.5777195196,0.03664,True,36485.5777195196,4.234324378156562,35200.67068252797,0.5635200422858144,33956.033597317095,-2.99223852813546
405,34532.89106746176,35267.649889096814,0.20829,True,35267.649889096814,2.127707234820475,34025.63443112549,-1.4689086857666234,34443.23476934188,-0.25962580991186757
406,33585.02410189689,34968.884704375305,0.10317,True,34968.884704375305,4.120469284999717,33737.39081443856,0.453674566614537,33421.48681586519,-0.48693514566352514
407,150815.25711868308,158128.66361610554,0.02365,True,158128.66361610554,4.849248436228981,152559.8705386777,1.156788413404164,145666.33157208803,-3.4140614450851814
408,73725.82702527622,76774.05094315785,0.12949,True,76774.05094315785,4.134540148103838,74070.31087705384,0.46724989827449104,73479.20082904975,-0.33451804635832305
409,32024.823464022636,35101.242249306524,0.02388,True,35101.242249306524,9.60635673367567,33865.08714385639,5.746366352030474,32781.05324260382,2.361386252232567
410,63090.12093281242,65921.48752114114,0.05819,True,65921.48752114114,4.487812903931476,63599.94052917576,0.8080815012326159,62364.98201423703,-1.1493699930415713
411,79043.15509721446,89961.51717499815,0.01669,True,89961.51717499815,13.813165813479111,86793.35611790307,9.805024876798885,80521.99487340769,1.8709270579779114
412,6646.530860833377,6918.588679009183,0.08053,True,6918.588679009183,4.093230346359866,6674.937794595379,0.42739489753065296,6682.226844336932,0.5370618786095571
413,14160.751090094054,14414.78670502263,0.22397,True,14414.78670502263,1.7939416723897095,13907.143355740869,-1.790920077188507,14099.710303116906,-0.4310561395281409
414,29020.051571213717,29925.72129557759,0.0898,True,29925.72129557759,3.1208411954107174,28871.831723776555,-0.5107497726991928,28811.467936092755,-0.7187569415895378
415,38112.176294898185,41634.14959687552,0.02006,True,41634.14959687552,9.24107108113057,40167.92608775543,5.393944908710013,38016.21950412734,-0.25177462978857035
416,15715.905959301424,16242.292545544957,0.13491,True,16242.292545544957,3.3493874779264132,15670.290201246538,-0.2902521698272764,15817.13164572212,0.6440970484478115
417,195174.7713700593,222028.99424217865,0.00899,True,222028.99424217865,13.759064598160942,214209.83294751393,9.752828935745693,199574.88584996428,2.2544483843981
418,6835.912154763383,6976.837609168671,0.15705,True,6976.837609168671,2.0615457193534636,6731.135381047649,-1.5327402012140223,6789.3123626269235,-0.6816909152934092
419,12448.103860442216,13160.390437015314,0.05948,True,13160.390437015314,5.722048791998069,12696.922970169322,1.9988514918951372,12506.71789767997,0.4708671930671926
420,86221.29984383725,94171.09372961737,0.05273,True,94171.09372961737,9.220220409781188,90854.68465574793,5.373828532279856,88864.49168339696,3.0655903406084484
421,12348.97525520403,12761.55251601892,0.11118,True,12761.55251601892,3.340983784391538,12312.13086352859,-0.29835991176606624,12351.161111778863,0.017700712242607608
422,50280.12578507918,53339.12816725653,0.0732,True,53339.12816725653,6.083919509774027,51460.69220946601,2.3479782636844027,50854.435291696216,1.1422197093776232
423,49416.11282576877,51865.9230780062,0.0656,True,51865.9230780062,4.957513070433062,50039.36875960375,1.261240308464684,49674.43111997561,0.5227410240008723
424,48314.07693719206,49378.77292939383,0.1203,True,49378.77292939383,2.203697265262594,47639.808199200015,-1.3955947846599481,47451.82279351645,-1.7846851235438832
425,56991.81925425957,57978.61147338408,0.46289,True,57978.61147338408,1.731462922287319,55936.78753818847,-1.8511985226585703,56920.21786566386,-0.12563450251741326
426,101174.81397322418,111926.20205831518,0.0141,True,111926.20205831518,10.626545938534004,107984.51403698132,6.730627708946724,103335.89141446137,2.135983607352232
427,9421.857387759545,9733.19316874644,0.08049,True,9733.19316874644,3.3043992089221152,9390.420786435214,-0.33365609380981986,9431.94378048735,0.10705312458783034
428,24821.343428609,25361.403453505776,0.19172,True,25361.403453505776,2.1757888586896756,24468.254768403294,-1.4225203451265989,24787.82623908518,-0.1350337447294958
429,27293.11305595137,28739.0429647097,0.07121,True,28739.0429647097,5.297783018720326,27726.944463059706,1.5895270217764157,27653.498868970615,1.3204276561653128
430,7190.925228456588,7562.0817274210685,0.08305,True,7562.0817274210685,5.161456796904318,7295.769046268953,1.4580017797635847,7258.004691865731,0.9328349451290352
431,12441.684874092876,12630.833016451006,0.2162,True,12630.833016451006,1.5202775530184898,12186.014892679832,-2.054946608922892,12379.29710474961,-0.5014414846109427
432,20868.34493171374,21615.11453124321,0.15118,True,21615.11453124321,3.578480238720805,20853.898332884488,-0.0692273339190197,21006.156237622465,0.6603844548270565
433,57236.61064096636,64670.55121613295,0.02705,True,64670.55121613295,12.98808663182065,62393.05825761305,9.009002383093634,60450.833846032736,5.615677044939904
434,39062.03369103172,39895.91123657512,0.24805,True,39895.91123657512,2.13475200021358,38490.90300320834,-1.4621120148040512,38915.37137073207,-0.3754600220247095
435,11020.670603382698,11223.141163727683,0.19889,True,11223.141163727683,1.8371891115486205,10827.897509665736,-1.7491956765116612,10975.650460408317,-0.40850638399956285
436,7414.512321744842,7705.479289567114,0.07285,True,7705.479289567114,3.9242900300933137,7434.116598295786,0.2644041266672392,7357.138946284743,-0.7737983696087136
437,17695.53060724062,17987.029746474414,0.26078,True,17987.029746474414,1.6473037497644727,17353.58325774147,-1.9323938744127522,17662.759949831234,-0.1851917195180186
438,31567.832279846887,32263.515914315078,0.10385,True,32263.515914315078,2.2037738552999064,31127.296585267253,-1.395520891882318,31116.236904487985,-1.4305555457705732
439,73017.18308048461,75682.09143531288,0.14389,True,75682.09143531288,3.649700306694692,73016.80674098687,-0.000515412238411006,73075.5295301661,0.07990783432054727
440,47204.44229026694,50123.40713262596,0.0855,True,50123.40713262596,6.183665563528717,48358.218733039466,2.4442115758465777,48286.27262628538,2.291797728201317
441,21036.06688505759,21615.65747041592,0.16781,True,21615.65747041592,2.7552231532883553,20854.422151450995,-0.8634918998837171,21039.659850188516,0.01708002332641012
442,45065.86210930696,46424.96559626049,0.14306,True,46424.96559626049,3.015816015362205,44790.02464931158,-0.6120762969680671,44797.64447739407,-0.5951680925626812
443,45377.55689900704,47457.17376015255,0.07232,True,47457.17376015255,4.582919406115105,45785.881695410724,0.8998386522052204,44915.168063504774,-1.018981335930813
444,53902.98672357929,57816.63767143279,0.01306,True,57816.63767143279,7.260545631586535,55780.517942966086,3.4831673224620996,52294.930260394765,-2.9832418589916476
445,31264.181827264023,32295.81803068573,0.23786,True,32295.81803068573,3.2997383687234816,31158.46112292246,-0.3381527939086082,31535.586791635404,0.8681019252987587
446,20081.757263937227,20566.15671870019,0.23527,True,20566.15671870019,2.4121367886108525,19841.88150796143,-1.1944958442783649,20120.956507923518,0.19519827608256435
447,59799.53309858536,62425.85525887516,0.06883,True,62425.85525887516,4.391877367938735,60227.413416211486,0.7155245124083498,58941.12514029084,-1.4354760209905781
448,30721.37130590164,31519.247137752485,0.09669,True,31519.247137752485,2.5971361235999524,30409.238608921944,-1.016011602710376,30393.122551930937,-1.0684703840275755
449,5890.291267071295,6047.335248403843,0.20227,True,6047.335248403843,2.6661496726057887,5834.367163440108,-0.9494284933551866,5922.61400854869,0.5487460638507136
450,20291.44851984741,21418.052341632872,0.06439,True,21418.052341632872,5.552111376787683,20663.77605241035,1.8348987367696301,20296.165463565558,0.023245968436080844
451,158964.94192898576,164853.72297735678,0.05981,True,164853.72297735678,3.704452678000991,159048.09450804107,0.052308753141594444,155599.92816954182,-2.116827596456583
452,138357.82017074848,148872.87783359544,0.05884,True,148872.87783359544,7.5999012198011195,143630.04435522505,3.8105718765806484,139317.37513744098,0.6935314285150707
453,21096.3120567486,21532.07029215002,0.32195,True,21532.07029215002,2.065565935075475,20773.778650119082,-1.5288615648171633,21161.209813486257,0.3076260749418358
454,37731.20888709687,39353.10746863974,0.17411,True,39353.10746863974,4.298559811311842,37967.215072946885,0.6254933059691048,38285.41221696165,1.4688194367774576
455,11350.442255550315,11670.359804622947,0.14722,True,11670.359804622947,2.8185469946441444,11259.366519756806,-0.8023981246102818,11396.289698851999,0.40392649263745195
456,17747.6815281046,18482.69786294528,0.10403,True,18482.69786294528,4.141478049832781,17831.795505601403,0.4739434689742694,17896.19736651373,0.8368182524232548
457,25404.643776918638,26951.114341964603,0.03791,True,26951.114341964603,6.087353865796019,26001.98105047695,2.3512916725131117,25661.337837564402,1.0104218067366944
458,24057.03560029137,24599.63279020161,0.21098,True,24599.63279020161,2.2554615577975445,23733.311266597782,-1.3456534673360387,24070.891314737222,0.057595269326049525
459,65797.13955023703,68357.71360991235,0.05928,True,68357.71360991235,3.891619114718936,65950.37041460248,0.2328837779467019,65074.892599147985,-1.0976874618350174
460,60840.89973483413,65787.21539825707,0.01404,True,65787.21539825707,8.129918664879575,63470.39704720541,4.321923777970982,59093.68034464436,-2.8717842730872856
461,55603.31690570128,58618.23484668738,0.06267,True,58618.23484668738,5.4221908130034135,56553.88539251275,1.7095535657046357,55762.64798432461,0.2865495936034579
462,41760.51097167632,43186.49347635914,0.11663,True,43186.49347635914,3.414667281370143,41665.60130912124,-0.22727131528503808,41780.89388072389,0.04880905087918386
463,43666.641118212094,45424.84558672871,0.05334,True,45424.84558672871,4.0264248027616745,43825.125713924834,0.3629420345927281,43015.159592845324,-1.4919432974089153
464,5814.905848958886,5961.662504335873,0.28566,True,5961.662504335873,2.5238010586751347,5751.711543359526,-1.086764037816268,5864.704413201586,0.8563950223134942
465,62398.12862801123,68705.68468303508,0.02044,True,68705.68468303508,10.108566063938529,66286.08704340857,6.23088945275192,63213.70865048898,1.3070584653906092
466,16827.749599674007,17160.912202572763,0.15607,True,17160.912202572763,1.9798405064525681,16556.55896963808,-1.6115680140687316,16685.47589392415,-0.8454707797209693
467,19238.14071003919,19867.043011483944,0.09478,True,19867.043011483944,3.269038889587539,19167.388381758454,-0.3677711341606771,19125.25372075465,-0.5867874187323818
468,45682.35703867701,47397.19760183897,0.18963,True,47397.19760183897,3.7538355599954887,45728.017708335356,0.09995252569758861,46184.34840616354,1.0988736134204258
469,38742.61093602413,40372.82946950464,0.13912,True,40372.82946950464,4.207817940232528,38951.02567932164,0.5379470775515482,38940.49384841531,0.5107629754689036
470,46828.80652891451,47661.872605231554,0.08098,True,47661.872605231554,1.778960725387413,45983.371692420274,-1.8053734424605117,45583.588149150455,-2.6590863019222866
471,23353.07229259078,23840.88026953403,0.22467,True,23840.88026953403,2.0888385512257246,23001.279617959026,-1.5064085368474922,23277.785437910792,-0.3223852251075021
472,80918.68395512231,85208.25809068553,0.08202,True,85208.25809068553,5.301092313787792,82207.49183525778,1.5927197739032062,81562.4262999077,0.7955422818572089
473,38915.46411744639,39691.50000859126,0.17876,True,39691.50000859126,1.9941581290224386,38293.69049432647,-1.5977546130335751,38541.686796770846,-0.9604853215870457
474,32510.829552128725,33281.050029583086,0.27483,True,33281.050029583086,2.369119730455882,32108.996356479158,-1.235997977244041,32598.226595664615,0.26882440325233237
475,122662.5475612424,127262.40291076856,0.07601,True,127262.40291076856,3.750008002425975,122780.62223837351,0.09625976264038272,121228.94144488884,-1.1687398842240682
476,33924.16399917324,35169.56811307972,0.13471,True,35169.56811307972,3.671141649759835,33931.00678608513,0.020170834311672436,33872.11023857378,-0.1534415427325575
477,36566.8344682326,38376.68895062663,0.07667,True,38376.68895062663,4.949442599321374,37025.182937259655,1.2534540539057115,36854.47409770121,0.7866134262141333
478,38816.99076940172,40154.02107555645,0.07371,True,40154.02107555645,3.4444460522392584,38739.92302727777,-0.1985412588569213,38232.41948352462,-1.5059675525849747
479,55850.33131838901,57214.27608251043,0.26446,True,57214.27608251043,2.4421426550648384,55199.3696304339,-1.165546689856034,55871.23594022213,0.03742971857041422
480,134740.67330383675,157960.38910028906,0.00715,True,157960.38910028906,17.232892805940224,152397.52212087126,13.10431986429128,140310.8695214277,4.1340124559347435
481,15013.344327905806,15342.600780862082,0.27156,True,15342.600780862082,2.1930919971260066,14802.282744496273,-1.4058265686828109,15059.420585172631,0.30690202169800784
482,49001.34912520985,49782.55311429734,0.35051,True,49782.55311429734,1.5942499605293259,48029.36851879212,-1.9835792764278604,48843.891936814485,-0.3213323535093293
483,57383.861710798265,58339.17827739992,0.13064,True,58339.17827739992,1.664782637697404,56284.65631595002,-1.9155305378156462,56140.79262702965,-2.166234628881203
484,20599.78558649463,21152.028807704304,0.21592,True,21152.028807704304,2.680820239079229,20407.12102878407,-0.9352745779881877,20650.90592101909,0.24815954666039808
485,13751.68928283174,14086.808267480445,0.17573,True,14086.808267480445,2.4369295855679596,13590.715284911226,-1.1705761714779328,13750.761132017986,-0.006749358530899752
486,46216.6713368838,47712.23182528259,0.22534,True,47712.23182528259,3.2359762075838683,46031.957419484075,-0.3996694527247713,46560.8742601504,0.744759224993996
487,52971.01793028942,54115.357647822166,0.17632,True,54115.357647822166,2.160312869650194,52209.585334566305,-1.4374513186157123,52479.900139329904,-0.9271443331631435
488,54637.34317606012,56866.43422673291,0.0742,True,56866.43422673291,4.079794003690651,54863.77766834547,0.41443174049604625,53793.90628628529,-1.5437004084495776
489,35130.38085322506,35750.48231580008,0.27131,True,35750.48231580008,1.7651430115881883,34491.46302175062,-1.818704539936089,34927.17162745046,-0.5784429910498656
490,48527.60171513644,49388.02393427586,0.28953,True,49388.02393427586,1.7730573709168862,47648.73341285123,-1.8110688993952073,48358.25470834387,-0.348970484440303
491,65391.94975529018,67835.7219304096,0.09832,True,67835.7219304096,3.7371147125365045,65446.76163662319,0.08382053377842258,64931.17004713551,-0.704642864877103
492,25903.1316760449,27076.65311469981,0.06999,True,27076.65311469981,4.530423013446572,26123.098743361294,0.8491910170067118,26123.44867843575,0.8505419543328729
493,25735.38609302313,26103.961362883914,0.12869,True,26103.961362883914,1.4321730730152193,25184.66212891337,-2.1399483268644826,25286.506139819496,-1.7442130130906675
494,17802.217685780204,17859.739188143634,0.21841,True,17859.739188143634,0.32311425114959214,17230.775471628225,-3.2099495930129396,17448.15991087737,-1.9888408351822595
495,43705.26453188116,44349.2544642596,0.24422,True,44349.2544642596,1.4734836621539404,42787.41352029743,-2.1000925664554693,43386.623195755696,-0.7290685448043233
496,46237.04541337205,51448.23223119514,0.02456,True,51448.23223119514,11.270587839758427,49636.38766776712,7.351988484566885,47642.56323310013,3.0398088960104763
497,17126.290352684973,17687.290470195734,0.07216,True,17687.290470195734,3.27566627657232,17064.399853931463,-0.3613771428545687,17010.525256748482,-0.6759496280427268
498,104244.4138426177,110777.39344809602,0.07781,True,110777.39344809602,6.266982915114716,106876.16284472535,2.5245947529437096,105238.18277180508,0.9533066497814602
499,219937.0983773271,257913.604442804,0.01846,True,257913.604442804,17.26698512695839,248830.70029278586,13.137211561229446,232254.6028019896,5.600466913285551
500,17116.17520290322,18021.794740771507,0.06538,True,18021.794740771507,5.291015820606204,17387.123938526063,1.5829981430482531,17254.407827835614,0.8076139867331245
501,36073.83966238167,37853.03087529503,0.1064,True,37853.03087529503,4.932081612506378,36519.96644865976,1.236704466320826,36258.38641990747,0.5115805782056615
502,20779.61721382003,21182.00821773615,0.2452,True,21182.00821773615,1.9364697615724014,20436.044658496063,-1.6534113780280135,20768.752588979878,-0.0522850095281191
503,15590.282568871511,15898.595392777508,0.17008,True,15898.595392777508,1.9775961246628837,15338.696978793138,-1.6137333558065459,15503.574988685357,-0.5561642632397112
504,45588.44712476151,47845.72897091083,0.11491,True,47845.72897091083,4.951433945472727,46160.753216454636,1.2553752711227606,45934.144617492195,0.7583006540771597
505,40585.07603633941,41186.52729953651,0.22777,True,41186.52729953651,1.4819517959226314,39736.067636728156,-2.0919226536647573,40193.040199708914,-0.9659605818638117
506,34897.123294188794,37363.81865787234,0.03384,True,37363.81865787234,7.068477659000361,36047.98274343389,3.297863378431365,35073.12542744823,0.5043456785125411
507,90283.47158111172,98173.48627569692,0.00918,True,98173.48627569692,8.739157407673147,94716.1255527459,4.909707052693291,89449.31342363496,-0.9239323021903778
508,36099.6034256669,37286.42109540229,0.22118,True,37286.42109540229,3.287619688618415,35973.31087914048,-0.3498446923010379,36425.45039276407,0.9026330933749049
509,48829.5922666435,50061.33680731155,0.05513,True,50061.33680731155,2.522537018007176,48298.33432892378,-1.0879835629564183,47215.583999869355,-3.305389604649034
510,54801.66505389628,59573.09038785748,0.02344,True,59573.09038785748,8.706715989867476,57475.1139314303,4.878408119360489,55284.1996694965,0.8805108660944194
511,51889.25446506287,53956.187496825805,0.11127,True,53956.187496825805,3.9833546522712204,52056.02065454992,0.3213886790363052,51661.9626261319,-0.4380325777931682
512,64470.742463953,68249.15074251288,0.0256,True,68249.15074251288,5.860655755085298,65845.6307891796,2.1325771546610195,64166.988752667516,-0.4711497024488587
513,18677.35848550684,19318.64852027036,0.15904,True,19318.64852027036,3.4335156936734057,18638.306615869507,-0.2090866846488848,18775.91156823222,0.5276607117749244
514,17414.33768257461,17923.681291169327,0.20395,True,17923.681291169327,2.9248520264103073,17292.46573534444,-0.6998368209668815,17456.50023326331,0.24211400661473537
515,7110.539886140795,7213.422213378581,0.29576,True,7213.422213378581,1.4468989540205701,6959.388221262205,-2.125741044969043,7093.07086733544,-0.24567781188322702
516,44106.11517043804,46044.18613663054,0.10486,True,46044.18613663054,4.394109430638515,44422.65504195207,0.7176779688957691,44350.83458090782,0.5548423603487063
517,31743.33836215037,33026.43937379307,0.06941,True,33026.43937379307,4.042111125818537,31863.352285399207,0.37807593479814994,31418.929705759077,-1.0219739735317424
518,85781.62964387669,94141.76016903752,0.01972,True,94141.76016903752,9.745828518143096,90826.38413070608,5.880926379893614,86089.2721012571,0.3586344286738319
519,34684.27968168121,35193.97004327887,0.24018,True,35193.97004327887,1.469514045773468,33954.54935722273,-2.103922385460111,34450.5083252879,-0.6739980144860325
520,25353.896978242712,26203.717961040613,0.10097,True,26203.717961040613,3.3518357494596085,25280.905614136973,-0.28789011870000714,25186.742003595227,-0.6592871099497133
521,77572.97435281296,84069.26429640318,0.02199,True,84069.26429640318,8.374424208673714,81108.60981205973,4.557818607246111,76667.64690560343,-1.1670655337927105
522,41353.90503988662,41892.18154090068,0.22336,True,41892.18154090068,1.3016340306795326,40416.87096008352,-2.265890195615894,40942.16975490804,-0.9956382222705451
523,78496.06476613105,81286.53596644457,0.05883,True,81286.53596644457,3.5549185919413473,78423.88040213156,-0.09195921377020966,77348.2645031433,-1.4622392427027675
524,13706.552151295,13971.237528806258,0.1579,True,13971.237528806258,1.9310864949085627,13479.21458334963,-1.6586050630091553,13651.038016359451,-0.4050189597119336
525,157098.7291876583,171911.66910645156,0.0236,True,171911.66910645156,9.429064127628205,165857.4820226143,5.57531743270403,157289.88033551347,0.12167580784618881
526,20085.46291452374,21241.288413318376,0.03747,True,21241.288413318376,5.754537516578018,20493.23719245365,2.030196066006762,19951.29500636833,-0.6679851429184369
527,81363.11061601916,94050.4955160354,0.01414,True,94050.4955160354,15.59353471611038,90738.33353109713,11.522694798780385,86743.59098992452,6.612923637221435
528,33407.61095284662,35349.043918912066,0.04329,True,35349.043918912066,5.8113493024260165,34104.162019781914,2.0850071198399878,33268.01193534413,-0.4178659099554394
529,12355.815694741746,12793.346497690502,0.02577,True,12793.346497690502,3.5410920149525626,12342.80516138708,-0.10529886230177254,12107.114283265348,-2.0128287570867376
530,8422.096313232083,8633.6319743168,0.19882,True,8633.6319743168,2.5116746854624727,8329.582671222974,-1.09846335838929,8448.062846370889,0.30831436940479406
531,33085.75406723597,34549.47784248568,0.1329,True,34549.47784248568,4.42403027077809,33332.754140165176,0.7465450913624716,33310.99739326973,0.6807864362892602
532,16802.60681029218,17139.221243729808,0.34878,True,17139.221243729808,2.003346488066593,16535.631897991065,-1.5888898390313155,16860.306783339332,0.34339893624011353
533,35062.51675958556,36383.50871706437,0.08232,True,36383.50871706437,3.7675331937421896,35102.19622859604,0.11316777196157535,35005.87894619269,-0.16153379342737084
534,28107.4536301067,28680.38934245266,0.26282,True,28680.38934245266,2.0383764388115067,27670.356436489885,-1.55509353272979,28126.448614608795,0.06757988379904045
535,23392.839985470757,23918.379520271144,0.20562,True,23918.379520271144,2.2465828652134645,23076.049589379276,-1.3542194803548346,23391.65831115341,-0.005051435901248791
536,52988.72125115353,55730.5612013882,0.06501,True,55730.5612013882,5.1743840679585595,53767.90651044038,1.4704737930807843,52378.81610418867,-1.1510093706056046
537,44108.80285227435,45750.58838892399,0.04104,True,45750.58838892399,3.72212671957608,44139.39688143729,0.06936037068474565,43142.36159046451,-2.1910394282215306
538,38145.802708128926,40170.609094651,0.07626,True,40170.609094651,5.308071249712065,38755.926868628776,1.5994529337033159,38290.62617546419,0.37965767411785034
539,122000.85660114702,131720.64916267636,0.06495,True,131720.64916267636,7.96698714444759,127081.86311062815,4.164730192093868,122781.78409097392,0.6401000055105799
540,33138.04947587266,34258.4116144674,0.13525,True,34258.4116144674,3.3808934331227114,33051.93834719514,-0.25985575505952374,33016.886182182665,-0.36563194154869416
541,24956.77067427317,25375.52352746565,0.04307,True,25375.52352746565,1.6779128143536326,24481.877577867774,-1.9028627645921503,23817.18217799164,-4.566249821160895
542,13325.641778907771,13790.010882635188,0.18821,True,13790.010882635188,3.4847785302350998,13304.370168391828,-0.1596291635995506,13408.526290448766,0.6219926433276068
543,45111.18372269722,46293.8760426698,0.03115,True,46293.8760426698,2.62172752380585,44663.551656576245,-0.9922862341024241,43172.09933061631,-4.298456019244923
544,30048.34228455646,30896.116099305014,0.05548,True,30896.116099305014,2.8213663393480193,29808.052281407217,-0.7996780683397042,29042.770451853692,-3.346513505404214
545,55213.62429964271,59507.91073010162,0.02571,True,59507.91073010162,7.7775847626917916,57412.22969576047,3.9819979651869897,55947.24690475529,1.3286985131264473
546,31758.458504609614,32563.228236129547,0.16487,True,32563.228236129547,2.534032725181312,31416.45398386431,-1.0768926983520388,31478.123392990445,-0.8827100710145586
547,9527.275665210822,9731.988415214244,0.20925,True,9731.988415214244,2.1487018660637514,9389.258460524783,-1.448653419256185,9551.53806908424,0.2546625575453154
548,36664.630509860704,37651.74932645414,0.16609,True,37651.74932645414,2.692291734204044,36325.773401486855,-0.9242070727610852,36565.530936211384,-0.27028657393034505
549,9777.974603218125,10028.852652627103,0.14664,True,10028.852652627103,2.5657465844348692,9675.668075275085,-1.0462957012525753,9777.324396490989,-0.0066497076697480395
550,26856.258617035444,27474.818064506744,0.04489,True,27474.818064506744,2.3032227098041647,26507.241578736513,-1.2995743125497894,26187.04349443591,-2.4918404761526847
551,13884.953852802382,14648.259575402706,0.06581,True,14648.259575402706,5.497358728680735,14132.394047582231,1.7820743043370557,13856.133777410942,-0.20756335020605254
552,29637.277406199933,30405.82301132395,0.15592,True,30405.82301132395,2.593172087268858,29335.025770476903,-1.0198360381773797,29652.907231303052,0.05273704763397724
553,14522.351911200563,14918.831602871564,0.19952,True,14918.831602871564,2.7301341690061154,14393.437381144131,-0.8876973292253343,14564.177855729813,0.2880108179790897
554,19011.373161157928,19416.921927767948,0.19028,True,19416.921927767948,2.1331902917911982,18733.119143733682,-1.4636187247786259,18956.37613980384,-0.28928484485514216
555,17322.04559243479,17809.453218252216,0.13036,True,17809.453218252216,2.8137994627510654,17182.260415084325,-0.8069784633953136,17305.30633986094,-0.09663554159654586
556,132722.20013924417,146605.95981857646,0.01912,True,146605.95981857646,10.46076667261866,141442.960046888,6.570686666205461,134807.41592612216,1.5711130351141689
557,26877.416531472885,27259.32125909633,0.23355,True,27259.32125909633,1.4209130820897364,26299.333891520957,-2.1508117764034607,26696.264439131814,-0.6739936932887325
558,23466.687523293334,23850.300411535238,0.17447,True,23850.300411535238,1.634712559500029,23010.36801225324,-1.9445416426461803,23213.352803952257,-1.0795504013492052
559,9280.006103965316,9480.401506134183,0.35633,True,9480.401506134183,2.159431792649791,9146.531649327151,-1.4383013668615052,9327.766113849642,0.5146549404091427
560,58018.88191623639,60693.38803370887,0.0284,True,60693.38803370887,4.609716749339898,58555.958225610906,0.9256922774725451,56803.950481496155,-2.094027658951214
561,44602.964331049065,45254.64548024464,0.10142,True,45254.64548024464,1.461071386104984,43660.91951868425,-2.112067721268107,43273.41007479284,-2.980865232158336
562,16925.7684715715,18207.44971514574,0.05655,True,18207.44971514574,7.572366629774896,17566.240729926743,3.7840069680202593,17445.89710709767,3.072998643457625
563,62788.187685495104,66846.35038491535,0.07358,True,66846.35038491535,6.463258216254797,64492.232638252004,2.7139578566790723,62915.22115612353,0.20232065187919535
564,11919.501848679642,12207.629830685775,0.29421,True,12207.629830685775,2.417282078261107,11777.715589090929,-1.1895317555105644,11982.69651079308,0.5301787181688056
565,38052.37470746209,38790.35682412818,0.11412,True,38790.35682412818,1.9393851825005193,37424.282732225474,-1.6505986290349606,37375.76992543185,-1.7780881935275383
566,137644.12116965195,147767.27531466522,0.02914,True,147767.27531466522,7.354585186050988,142563.3776719176,3.5738951002509456,138180.89728454128,0.38997387634720493
567,168786.98667173303,182622.73205995568,0.01901,True,182622.73205995568,8.197163573475752,176191.33510244128,4.3868005328566495,166667.61686533736,-1.255647635038093
568,21702.33085508709,22212.7609834958,0.27546,True,22212.7609834958,2.3519599429987714,21430.497560997286,-1.2525534510782088,21753.916698208777,0.2376972476649808
569,35876.55459012218,37250.447615259145,0.07081,True,37250.447615259145,3.8295010232538784,35938.60427157192,0.1729532898536279,35560.0350473345,-0.8822462089902672
570,120746.05443057104,127624.75103238413,0.0347,True,127624.75103238413,5.696829295377381,123130.20960134402,1.9745201464482331,119134.7423477761,-1.3344635486382983
571,8286.157904556441,8482.870688440826,0.23336,True,8482.870688440826,2.3739927014450712,8184.130722603959,-1.2312966169324313,8308.47182243946,0.26929148756322796
572,32666.336581200823,33285.351989500086,0.30597,True,33285.351989500086,1.894964275410982,32113.146814928576,-1.6934551718009394,32657.368289519283,-0.02745423154275617
573,7868.197971164712,7972.58024075658,0.11453,True,7972.58024075658,1.3266350182647546,7691.811095943284,-2.241769664005,7740.4419319526205,-1.6237013822007262
574,28351.70161042148,29024.64622829153,0.23765,True,29024.64622829153,2.3735598911025724,28002.48967998033,-1.2317141850589741,28430.49669852714,0.27792013752252487
575,68177.42476534231,71155.3117117648,0.09355,True,71155.3117117648,4.367848971520982,68649.44592993107,0.692342320369832,67599.90439685796,-0.8470844571675906
576,67700.43734074192,70266.15686804829,0.07435,True,70266.15686804829,3.789812338128473,67791.60431700535,0.134662315111167,66894.95464859153,-1.189774724934678
577,54231.18672935863,56940.42964804401,0.08566,True,56940.42964804401,4.995728624206364,54935.16720416727,1.298110030897659,54228.74752406035,-0.004497790746227359
578,5821.083477061831,6087.859981746366,0.13959,True,6087.859981746366,4.582935560635337,5873.464743416874,0.8998542378141794,5917.427247743599,1.6550831311973768
579,11043.846870543792,11626.742526585973,0.04947,True,11626.742526585973,5.2780128416746175,11217.28530476137,1.570453088046464,11082.812670465872,0.3528281438418768
580,5498.574254896824,5705.040536645561,0.15437,True,5705.040536645561,3.7549057660695606,5504.126992444323,0.10098504248723383,5579.754542495868,1.4763879477802444
581,38468.56011434509,40266.16171644256,0.12094,True,40266.16171644256,4.672911064916985,38848.11442828299,0.9866610884569083,38959.71006563688,1.2767567848442463
582,25208.60493100714,25804.61567961412,0.24524,True,25804.61567961412,2.3643146863469244,24895.85845700717,-1.2406338028459696,25201.727655506744,-0.02728146011735655
583,7682.299319221939,7894.04275310213,0.23322,True,7894.04275310213,2.7562507666212044,7616.039451037183,-0.8625004758531896,7748.790954799635,0.8655173772170954
584,91134.83361674362,92498.71100736878,0.0708,True,92498.71100736878,1.496548944567988,89241.19798127141,-2.0778395705813857,87135.29353218761,-4.388596462880024
585,33180.02424110158,34093.273041679495,0.07998,True,34093.273041679495,2.7524054652336094,32892.615434388965,-0.8662103578471414,32897.77441372265,-0.850661908285455
586,10141.881673019472,10402.486111307278,0.23935,True,10402.486111307278,2.5695866574848125,10036.14334131256,-1.042590863470716,10180.708110030988,0.3828326760585865
587,63681.138496621694,65162.20621754722,0.25082,True,65162.20621754722,2.3257557196532996,62867.39871967848,-1.2778348442787024,63450.390706434766,-0.3623487199418851
588,49945.53208796634,51727.16073293944,0.16264,True,51727.16073293944,3.567143186772359,49905.49318692186,-0.08016513063462405,50062.25459293219,0.23369959250865158
589,25254.351332018403,25709.52972811664,0.1829,True,25709.52972811664,1.8023761137794247,24804.121132990316,-1.7827826702373817,24992.878547669417,-1.0353573564864438
590,66298.36285039272,68782.43431327026,0.09959,True,68782.43431327026,3.74680664209317,66360.133793598,0.09317114412714655,65526.39489729522,-1.1643846392398904
591,104522.55557978353,123506.87977231752,0.00905,True,123506.87977231752,18.162897077313623,119157.35678665218,14.001572316797883,111570.24710505595,6.742747042663755
592,64863.97857001459,67081.06760756069,0.14356,True,67081.06760756069,3.418058969591198,64718.68386019432,-0.22399907163178634,64622.771409689434,-0.3718661199062834
593,17275.292670906874,18042.317122816265,0.10252,True,18042.317122816265,4.44000843586938,17406.92358696611,0.7619605558458309,17380.61944141169,0.6096960121676931
594,41809.18633694072,42772.21181472373,0.25327,True,42772.21181472373,2.303382491163486,41265.90934170484,-1.299420158186304,41839.08042884296,0.07150125252695094
595,21919.676424632125,22617.868607152308,0.17835,True,22617.868607152308,3.1852303336722176,21821.33857113388,-0.44862821691901145,22062.029562450418,0.6494308358417467
596,10958.654921242063,11161.886941140803,0.28048,True,11161.886941140803,1.8545343507878842,10768.800467712046,-1.7324612819225371,10976.840704289449,0.16594904372921881
597,82758.68107568084,87945.73810803713,0.05616,True,87945.73810803713,6.267689340786919,84848.56643551667,2.5252763005305434,82628.64761183242,-0.15712365416928886
598,84883.8383002969,92928.7372745331,0.01938,True,92928.7372745331,9.477539111480127,89656.08007884031,5.622085280428135,84556.21084504257,-0.3859715368846439
599,6460.98827887822,6515.71398753493,0.23337,True,6515.71398753493,0.8470176123924533,6286.251079808259,-2.704496456698402,6409.671414294014,-0.7942571998151959
600,35111.85103015351,36568.490346070284,0.07296,True,36568.490346070284,4.148568854048262,35280.66338772975,0.48078455741698,34727.52213072997,-1.094584558055589
601,14193.650345216103,14921.902113551949,0.06096,True,14921.902113551949,5.130827874601684,14396.399758117255,1.428451511555573,14331.42671566755,0.9706901825849545
602,45757.334695891936,47274.48633111714,0.07118,True,47274.48633111714,3.315646869094002,45609.627941756364,-0.32280454077416865,45018.661427589235,-1.6143275678358493
603,12012.952948455446,13021.293770191904,0.02628,True,13021.293770191904,8.393779831345327,12562.724849489197,4.576492585900271,12210.326205360045,1.643003662392406
604,40566.6493638637,41408.39354915368,0.35355,True,41408.39354915368,2.074966008999013,39950.120456403354,-1.519792531866182,40649.799264088164,0.20497108222730098
605,23721.220369621256,23919.619607339937,0.27031,True,23919.619607339937,0.83637871335136,23077.246004490524,-2.7147606872513275,23427.829847382243,-1.2368272697080407
606,36785.974864987984,37876.7993063688,0.1253,True,37876.7993063688,2.965326990474937,36542.89783051425,-0.6607872575509433,36458.195612442636,-0.8910440833724387
607,27326.307386756453,28403.84907781618,0.09388,True,28403.84907781618,3.9432392961441742,27403.555048260252,0.2826860592999081,27411.343122940907,0.3111863413556737
608,32231.72407585858,33304.16736237448,0.09007,True,33304.16736237448,3.3272910998861427,32131.29956968038,-0.3115703830854577,31894.32830530168,-1.0467816420953069
609,25029.957353604976,25558.585055204992,0.25564,True,25558.585055204992,2.111980033093741,24658.49225564895,-1.4840820250240028,25066.936768122854,0.1477406213500787
610,14731.502882021729,15057.590902453796,0.1211,True,15057.590902453796,2.21354211476974,14527.31001559386,-1.386096639719403,14641.101232765373,-0.6136620953092309
611,14828.211459758755,15303.026463313508,0.24475,True,15303.026463313508,3.202105694562829,14764.102109665106,-0.43234715304425464,14971.777654887052,0.9681963028239204
612,72325.53974159005,79715.60002394562,0.01614,True,79715.60002394562,10.217774120676193,76908.26787160369,6.3362515459782776,73350.12450807715,1.4166292711368822
613,22981.814343175025,23239.330251219297,0.23792,True,23239.330251219297,1.1205203566564625,22420.91429507592,-2.440625616948633,22759.517235924774,-0.9672739668453056
614,34662.7833364176,35837.78781020622,0.04366,True,35837.78781020622,3.389815706328836,34575.69389184923,-0.2512476961908261,34080.45588081506,-1.6799789271126686
615,107716.4502163201,112864.3481012866,0.10388,True,112864.3481012866,4.779119507399576,108889.62153355485,1.0891292043868406,107859.53093258096,0.13283088699407308
616,18137.24606615947,18958.78051013231,0.10541,True,18958.78051013231,4.529543465287489,18291.112022668123,0.848342443761263,18197.018970393226,0.3295588757836754
617,28112.46692766761,28425.03983677873,0.25973,True,28425.03983677873,1.1118658135387482,27423.99953548992,-2.448975374338702,27864.242224552527,-0.8829701916724608
618,32476.15245885683,33135.4988573964,0.29148,True,33135.4988573964,2.030247885351799,31968.57103776868,-1.5629358241595614,32458.441491266636,-0.05453530128802786
619,5336.537130276396,5457.301076758465,0.24873,True,5457.301076758465,2.262964606709561,5265.112135407058,-1.3384146521554952,5375.007253524732,0.720881768630055
620,27626.825923381417,28910.55865941429,0.12899,True,28910.55865941429,4.646689198365039,27892.4199156507,0.9613626733880443,27846.634898684373,0.7956360094082626
621,190351.6514171048,211952.1744543428,0.01468,True,211952.1744543428,11.34769405803906,204487.88698832956,7.426379264894845,189262.62961575115,-0.5721105087590383
622,40029.23925416569,41012.81730384579,0.13447,True,41012.81730384579,2.4571489941012103,39568.47515951487,-1.151068826777335,39747.787902373035,-0.7031144159537428
623,19955.00973105883,20915.34512009492,0.09863,True,20915.34512009492,4.8125027347963645,20178.77259457504,1.1213367797457519,19921.21864017877,-0.16933637886163977
624,175490.1021583957,182507.4493422246,0.02062,True,182507.4493422246,3.998713943134602,176080.11227863308,0.3362070640912096,168356.66791791507,-4.0648641448975065
625,35480.877808575395,37826.25626259206,0.09812,True,37826.25626259206,6.610260508971422,36494.134753416925,2.8557831920286825,36129.29639036213,1.8275156135793669
626,26663.15019714538,28044.63764260765,0.05178,True,28044.63764260765,5.18126116099431,27056.993907489035,1.4771086965778668,26780.52842294115,0.4402263983358523
627,9404.785376199625,9619.99837311625,0.23811,True,9619.99837311625,2.288335015717191,9281.212354693082,-1.3139377089802062,9437.397738961274,0.34676349812490237
628,66400.32484577422,69911.21855602661,0.04134,True,69911.21855602661,5.287464659859764,67449.16581349213,1.5795720429892857,65390.29078331604,-1.5211281944842114
629,26065.06202073141,26828.57576476953,0.20983,True,26828.57576476953,2.92926118276966,25883.757895703067,-0.6955829411959158,26163.13246421253,0.3762524846598003
630,13675.56361733874,14123.341573043064,0.19028,True,14123.341573043064,3.2742925135210044,13625.962002612669,-0.36270252630160593,13811.429946251013,0.9934971070590048
631,63216.81866301425,66194.61291175938,0.07718,True,66194.61291175938,4.710446225740439,63863.44730448566,1.0228743792349615,63445.01932973776,0.36098094075243115
632,30584.030668244814,31074.09015738464,0.26397,True,31074.09015738464,1.6023378162795643,29979.758654173304,-1.975776249462502,30453.098367345094,-0.4281067538807637
633,132266.5898408188,158794.4967549869,0.00652,True,158794.4967549869,20.056392885077102,153202.25513325512,15.828385170912874,140465.46553405636,6.198750344364967
634,19942.9612672262,20477.42399257416,0.17898,True,20477.42399257416,2.6799566934238683,19756.273668745158,-0.9361077122876482,19903.630175654693,-0.19721791084328366
635,32459.594606333558,33633.4743001632,0.04879,True,33633.4743001632,3.6164336248383,32449.009355165592,-0.03261054642346162,31949.220956902842,-1.5723352544000369
636,67564.94242964871,70820.97932199284,0.08002,True,70820.97932199284,4.819121833389328,68326.88767304018,1.1277227745510654,66926.79372133395,-0.9444967839338125
637,21537.474604991912,22068.357563508653,0.08978,True,22068.357563508653,2.4649266836219264,21291.17957427184,-1.1435650429646338,21364.222930811105,-0.8044196330272202
638,31139.974862159343,32258.89514229584,0.2456,True,32258.89514229584,3.5931958361860694,31122.83854227288,-0.05502997340979254,31512.388738673224,1.1959350582727346
639,65598.04136097654,69620.29645894493,0.05087,True,69620.29645894493,6.1316695049391745,67168.48907562142,2.3940466545379513,66264.29771422039,1.0156650098400721
640,111174.24824615834,121395.46778923442,0.03297,True,121395.46778923442,9.193873315378397,117120.30207799426,5.348409299490253,113183.63829095372,1.807424000157165
641,118350.792544196,126686.38751398333,0.03526,True,126686.38751398333,7.043125601946909,122224.89228814018,3.2734041409122616,118890.35273240221,0.455899091680978
642,17011.634749870595,17340.918084808498,0.2921,True,17340.918084808498,1.935636050147438,16730.225612118244,-1.6542157287646408,17027.43510504864,0.09287969916098593
643,30054.221823240205,31050.40952295004,0.14694,True,31050.40952295004,3.3146348142659487,29956.911977037107,-0.3237809542213754,30204.361275689076,0.49956193619618006
644,34213.470692133815,35042.15830428609,0.29883,True,35042.15830428609,2.4221091733403144,33808.08394913443,-1.184874655504009,34307.397424397364,0.27453143561124715
645,56701.44163402456,59901.19244535852,0.02774,True,59901.19244535852,5.643156010012107,57791.66126871352,1.922737065003921,55252.202115373584,-2.5559130013042552
646,23745.661901578755,25588.14577861337,0.02552,True,25588.14577861337,7.759244129186027,24687.011943560563,3.9643032309797155,23668.180736677852,-0.3262960839838791
647,13884.11607299123,14034.823969721963,0.25599,True,14034.823969721963,1.0854698703067323,13540.561710254253,-2.474441735655708,13780.134497259523,-0.7489247078104055
648,21942.96883371369,22368.159763363645,0.26476,True,22368.159763363645,1.9377092173447519,21580.423685688147,-1.6522155719809417,21937.932979092802,-0.022949741482336528
649,27982.69117651004,29377.34542577685,0.09727,True,29377.34542577685,4.983988996875133,28342.76792351299,1.2867838362352169,28228.17698790701,0.8772773492316643
650,11020.164732055122,11254.91535911558,0.32603,True,11254.91535911558,2.130191632958267,10858.552718051082,-1.4665117802998728,11069.274264109172,0.44563337525438396
651,37213.16047625171,38336.3883869576,0.22528,True,38336.3883869576,3.018362042704492,36986.30163240711,-0.6096199326831586,37467.17851998201,0.6826027149518854
652,14243.891348183315,14562.20062797108,0.22935,True,14562.20062797108,2.234707300181449,14049.365825003068,-1.3656768254207252,14233.79691066853,-0.07086853773334845
653,50770.10079843603,53448.9098824909,0.03559,True,53448.9098824909,5.2763517147426775,51566.60775874511,1.5688504607688447,49868.76615907754,-1.775325684179574
654,44092.87916187063,46120.79966718686,0.13788,True,46120.79966718686,4.599201830008592,44496.57048546432,0.9155476604548518,44503.00574172133,0.9301424348931109
655,31696.8135208662,34667.70842991067,0.03401,True,34667.70842991067,9.372850387906384,33446.82101898899,5.521083363697588,32787.18763018723,3.440011749456251
656,14591.08964766038,14888.58972353262,0.35986,True,14888.58972353262,2.0389160991820976,14364.260525466678,-1.5545728774963186,14651.542885517649,0.4143161293437947
657,35029.49602599138,35674.283106253555,0.27455,True,35674.283106253555,1.8406975646573676,34417.94730816823,-1.745810780062007,34895.29656933865,-0.3831041604285601
658,32837.85013108564,33450.062826993235,0.27346,True,33450.062826993235,1.8643507216937305,32272.057055928755,-1.7229906126567052,32736.91665211518,-0.30736932706477704
659,24853.14956368237,25665.198887271206,0.14746,True,25665.198887271206,3.2673900002415435,24761.351484619234,-0.36936195482153433,24908.311683650663,0.2219522311526223
660,73675.54149563484,81138.93090648565,0.02484,True,81138.93090648565,10.130077444076878,78281.47352710189,6.25164326989025,73083.8801978004,-0.8030633855191871
661,11532.249206762845,12344.63960555609,0.02361,True,12344.63960555609,7.044509568149437,11909.900311574222,3.2747393681876957,11651.586602159787,1.0348145730926461
662,22416.441417448368,24238.997679190565,0.04855,True,24238.997679190565,8.13044420299276,23385.376587398085,4.322430808288424,22949.866796976123,2.3796166822114273
663,30904.59128144885,32081.56539074828,0.12949,True,32081.56539074828,3.8084118265169664,30951.753785593784,0.15260678814814632,31099.507060487824,0.6307016885092276
664,32434.415624333265,33867.55327349472,0.09259,True,33867.55327349472,4.418570896299023,32674.844804923014,0.7412779788434687,32583.30388217237,0.45904405851975305
665,7878.868912717793,8019.64060602957,0.2462,True,8019.64060602957,1.7866992695429795,7737.214143495627,-1.7979074254365623,7885.830382468972,0.08835620732237093
666,8292.474830963523,8487.340521522901,0.2326,True,8487.340521522901,2.3499099428286874,8188.443142254747,-1.2545312567043276,8336.468998710861,0.5305312182928512
667,62005.88558672999,72484.43107843453,0.00877,True,72484.43107843453,16.899275597068588,69931.75790217321,12.782451601883826,65575.83113592745,5.757430146214171
668,8092.727864469732,8342.839910931138,0.10608,True,8342.839910931138,3.0905777464666384,8049.031387671412,-0.5399474383682712,8101.157813864779,0.10416696985522389
669,18662.79290126948,19146.3338950148,0.12033,True,19146.3338950148,2.590935859939947,18472.060368543152,-1.021993512628827,18593.66004050305,-0.3704314843558376
670,30475.55605047113,31879.15737123298,0.0801,True,31879.15737123298,4.605662710263014,30756.47393849275,0.9217810088727685,30329.130753549634,-0.4804680074712908
671,12357.26939425649,12602.693035886738,0.28493,True,12602.693035886738,1.9860669359876404,12158.865913527841,-1.605560859754851,12370.634773014195,0.108158026917482
672,144017.23905317567,154568.42039981106,0.0325,True,154568.42039981106,7.326332191897911,149125.00786581836,3.5466370874925213,142874.10761586804,-0.793746252061911
673,37128.66285962463,38500.7344231504,0.13225,True,38500.7344231504,3.6954510554642717,37144.85991925881,0.043624139375597615,37211.39595334579,0.22282809923415137
674,10510.351771325892,10674.581320307749,0.31593,True,10674.581320307749,1.5625504507841947,10298.65621475392,-2.014162429363342,10514.356266445426,0.0381004861365275
675,32040.01817985181,33085.96146828698,0.1377,True,33085.96146828698,3.2644903088504096,31920.778199351324,-0.3721595282223378,32196.52998524385,0.4884885037002462
676,56694.64790880787,58900.993707877344,0.03224,True,58900.993707877344,3.891629775386085,56826.68637792758,0.23289406317874572,55219.39273858003,-2.6021065914383357
677,7481.856525463806,7621.751482535532,0.18967,True,7621.751482535532,1.8697893577029445,7353.337420700026,-1.7177435082639914,7450.805815280079,-0.41501344055515643
678,38768.353090906414,39608.11284582001,0.17443,True,39608.11284582001,2.1660960241062455,38213.23996457397,-1.4318718286298604,38322.80500508547,-1.1492571912358307
679,11679.263957306262,11886.435122896928,0.27266,True,11886.435122896928,1.7738375153432795,11467.832346436471,-1.8103162291963182,11682.954834731789,0.031601969430772314
680,12878.392150266807,13855.760050885672,0.02569,True,13855.760050885672,7.589207481918581,13367.803858191874,3.800254738437414,13069.598286255103,1.4847050296129982
681,50205.43397880355,51431.70982193639,0.08973,True,51431.70982193639,2.4425161699639375,49620.44712568032,-1.165186328974277,49142.11327431451,-2.117939474316599
682,78523.4348570076,83261.15344158967,0.04066,True,83261.15344158967,6.033509095990941,80328.95807421571,2.299343145770427,77556.23781979595,-1.2317304241376226
683,6494.858440310764,6607.232592966476,0.39309,True,6607.232592966476,1.730201723231617,6374.546688442587,-1.852415306259092,6526.565967094271,0.4881942705126985
684,49281.64964202029,52210.53782808252,0.0882,True,52210.53782808252,5.943161820550946,50371.847264481265,2.2121776165776152,50172.25895415611,1.807182427141063
685,55275.14565138234,58914.07782494644,0.0404,True,58914.07782494644,6.583306349864126,56839.30971363742,2.829778273439909,55292.99938303985,0.0322997460198593
686,9640.755259358437,9846.027308042603,0.30858,True,9846.027308042603,2.129211282330856,9499.281263022536,-1.4674576060684674,9689.628689759844,0.5069460751424559
687,226100.87775434283,250581.26168033545,0.01885,True,250581.26168033545,10.82719543998869,241756.5795293098,6.924210967450017,225581.06055807616,-0.22990498817587746
688,52483.48637025459,54476.4668585301,0.07654,True,54476.4668585301,3.7973477489960272,52557.977417166025,0.14193235256119152,52091.37239163169,-0.747118771524935
689,14004.57290396859,14176.581193387858,0.26391,True,14176.581193387858,1.228229454755625,13677.326691351509,-2.336709693762573,13895.280535632235,-0.78040486550921
690,87330.0016087751,89746.74366604601,0.03616,True,89746.74366604601,2.767367471373161,86586.14625492449,-0.8517752664003897,82971.33504951741,-4.991029977056272
691,29905.802808334887,32131.88553641287,0.01363,True,32131.88553641287,7.443648118543611,31000.30181434785,3.6598215170064563,29739.314351722616,-0.5567095378756104
692,22691.998639434245,23315.35873113069,0.16736,True,23315.35873113069,2.7470479863909825,22494.265291582753,-0.8713791631728252,22567.950290859597,-0.5466611846127845
693,82996.6514317997,88663.46596303822,0.03605,True,88663.46596303822,6.827762847631358,85541.01817789525,3.065625783934567,82980.03275638584,-0.020023308322891786
694,11572.706661022044,12012.575367929509,0.07014,True,12012.575367929509,3.8009146847987063,11589.530329659845,0.14537367212861252,11545.298860743369,-0.23683137472919613
695,49411.807758256415,51800.978597957845,0.07161,True,51800.978597957845,4.835222486475854,49976.711419423904,1.1432564133885492,48881.80047060808,-1.0726328618482328
696,60555.25287304993,63884.33249836902,0.04124,True,63884.33249836902,5.497590163314614,61634.52768476038,1.7822975885726677,59362.95635493576,-1.9689398715149298
697,98756.13921076608,106536.28995538296,0.06713,True,106536.28995538296,7.878143887351063,102784.41764816671,4.079015714459477,99469.96247073318,0.7228140606465594
698,19959.81841671843,20852.65092479137,0.05915,True,20852.65092479137,4.473149451725966,20118.286291204662,0.7939344495914824,19955.52885402183,-0.021490990584394076
699,19811.1307525586,20248.837982579145,0.21224,True,20248.837982579145,2.2094005409762474,19535.737737470517,-1.3900923603389792,19734.814337113832,-0.385219886729149
700,41417.54172619852,41968.24846754546,0.18925,True,41968.24846754546,1.3296461315534636,40490.25904935098,-2.2388645926346595,40962.86134781316,-1.0977966326228272
701,36478.10795012513,39058.98151083927,0.04343,True,39058.98151083927,7.075130004667063,37683.44730423266,3.3042814494532724,36889.32986194142,1.1273115162073077
702,20789.27201041733,21581.42995158152,0.11968,True,21581.42995158152,3.8104169341150795,20821.400017937533,0.15454128217717855,20884.114343859008,0.45620805478012727
703,28703.524145302592,29021.277943725905,0.29304,True,29021.277943725905,1.1070201582731976,27999.240015779553,-2.4536503809003407,28464.169943644803,-0.8338843705955168
704,52165.25677556529,54153.2167729068,0.17031,True,54153.2167729068,3.81088893302004,52246.11118060546,0.15499665876856916,52263.39245629313,0.1881246001530279
705,31602.350963954308,32600.35882708136,0.1245,True,32600.35882708136,3.1580177824914957,31452.276952446307,-0.4748824278268948,31614.17501494945,0.037415099302684496
706,28878.707122927663,29664.49736276496,0.1849,True,29664.49736276496,2.7210021435254417,28619.80727444427,-0.8965077535546762,28890.682469945154,0.041467739419620564
707,109175.86667988806,120590.91114665808,0.02386,True,120590.91114665808,10.455648133520024,116344.07938423606,6.565748385919146,111708.85993074335,2.3201036345168013
708,9932.356203500642,10359.431040075176,0.1133,True,10359.431040075176,4.299834075866249,9994.604533970523,0.6267226949426385,10055.290052454631,1.2377108355282385
709,78364.76885904133,81279.80266275888,0.05087,True,81279.80266275888,3.7198269658154315,78417.38422417687,0.06714160700223015,75871.8353864835,-3.181191636055236
710,149076.80791885775,164592.96196589142,0.03868,True,164592.96196589142,10.40816090956218,158796.51667742542,6.519933512299292,153246.6039916232,2.7970789896675674
711,27377.23094869148,28177.28450328724,0.14791,True,28177.28450328724,2.9223319045493135,27184.969363866567,-0.7022681920798912,27313.482801155795,-0.23285096894991586
712,208306.6806438039,236811.88489022217,0.01124,True,236811.88489022217,13.684248704035085,228472.1167857443,9.680647821575384,212763.05950027873,2.1393355425287863
713,30693.441084455582,31466.20574757984,0.17511,True,31466.20574757984,2.5176866321307223,30358.06516931345,-1.092663133531746,30576.899932401615,-0.3796939930368004
714,43283.635571356805,45183.691626276224,0.13453,True,45183.691626276224,4.3897792545337655,43592.464435790986,0.7135002879438135,43417.4732643499,0.3092108396773874
715,25037.36201152985,25493.545505332248,0.3206,True,25493.545505332248,1.8220110153470692,24595.74319370425,-1.7638392480095688,25023.66380180751,-0.054711074257873804
716,33529.73644058597,35157.35908849843,0.06268,True,35157.35908849843,4.854266155048892,33919.227724864155,1.1616294239841674,33430.73306741682,-0.2952703590276773
717,84061.27568673684,88909.77761081417,0.0124,True,88909.77761081417,5.767818635236721,85778.65550586316,2.0430094655312203,79527.57512122506,-5.3933282935261335
718,42558.51777162804,44958.7775130237,0.0602,True,44958.7775130237,5.639904458786882,43375.47108863016,1.9196000231632926,42223.23222949153,-0.7878224141537937
719,28433.82806343537,28857.41120454467,0.08481,True,28857.41120454467,1.4897154901700072,27841.14414660952,-2.084432372255962,27778.24864469818,-2.305631929948382
720,10996.372876055771,11721.197445714331,0.03864,True,11721.197445714331,6.591487737168689,11308.413819379994,2.8376715380730833,11149.293337457702,1.3906445618528496
721,51178.28923460664,52990.0491765846,0.17343,True,52990.0491765846,3.540094772751523,51123.90668047443,-0.10626098477600765,51267.04824764121,0.17343098872979468
722,71266.51032619717,73011.74348250107,0.18121,True,73011.74348250107,2.4488825793710367,70440.50002556921,-1.1590441244382355,70857.7787940666,-0.5735253911826721
723,10786.888146507765,10922.560683064845,0.26041,True,10922.560683064845,1.257754180022741,10537.90252603833,-2.308224736251152,10732.080660674941,-0.5080935770207962
724,11592.681650021286,11855.6169311719,0.26902,True,11855.6169311719,2.2681143939645043,11438.099474278513,-1.3334462241744505,11625.61853061658,0.2841178735830674
725,28153.09915798993,28736.694227045355,0.2373,True,28736.694227045355,2.0729336609813354,27724.678440532178,-1.5217533069930789,28094.22916326305,-0.20910662231717891
726,97852.98203962603,106239.49240853266,0.03252,True,106239.49240853266,8.570520993944243,102498.07237534758,4.747009481878117,98439.88607872151,0.5997814546498059
727,30548.43737216218,31334.802924546908,0.28601,True,31334.802924546908,2.5741596625865837,30231.289939498132,-1.038178905193543,30696.67257666683,0.4852464389544675
728,76950.03009363647,79788.80384422651,0.15868,True,79788.80384422651,3.6891132428872098,76978.89368408828,0.03750952457939327,76906.6351638448,-0.056393648889885295
729,309756.91455520963,345908.00262664136,0.0453,True,345908.00262664136,11.670792925911687,333726.21314962,7.738099609117266,319910.88351634674,3.2780443257311997
730,24809.67316457223,25808.586467143054,0.14492,True,25808.586467143054,4.02630577172316,24899.6894059161,0.36282719545217557,24969.218866131367,0.643078610914416
731,7331.453032202823,7466.491576704252,0.28004,True,7466.491576704252,1.841906971350471,7203.545279339926,-1.7446439648603373,7353.874373198362,0.30582397373419834
732,79364.77385755445,80908.85492509458,0.13807,True,80908.85492509458,1.9455496342892342,78059.50009652706,-1.6446512698065852,78455.46125589541,-1.1457382884894174
733,47304.724244100384,49663.44085537171,0.03816,True,49663.44085537171,4.9862178650486255,47914.45101815871,1.2889342106975121,46647.74746141496,-1.3888185444128398
734,47890.177014769964,50262.64895520535,0.03539,True,50262.64895520535,4.9539844876824946,48492.55689754741,1.2578359912757575,47049.389258909854,-1.7556580665818
735,65334.60258247643,68302.11540062686,0.09936,True,68302.11540062686,4.542023217183178,65896.73019899067,0.860382698133999,65289.51873493956,-0.06900454851617166
736,32557.12910739052,32887.56535724613,0.30158,True,32887.56535724613,1.0149428371453162,31729.368973954653,-2.5424850290253764,32243.897103030173,-0.9620995860143089
737,86766.72587894058,91185.26885655487,0.04712,True,91185.26885655487,5.092439449402741,87974.01112276055,1.3914150056836494,85739.5386737894,-1.183849217249866
738,11653.138730707617,12015.037380560523,0.28776,True,12015.037380560523,3.1055894743555523,11591.905637966784,-0.5254643762154454,11781.349429835898,1.1002246012091987
739,202503.170642601,231100.73910144312,0.01953,True,231100.73910144312,14.122034913376314,222962.09954890158,10.103016580618696,211924.54303375946,4.652456730065868
740,52255.78698264703,54562.60417210576,0.18072,True,54562.60417210576,4.414472200418262,52641.08124608066,0.7373236261116523,52829.66629703352,1.0982119828700787
741,7457.094062693759,7639.651481816352,0.22557,True,7639.651481816352,2.4481040146172806,7370.607038430776,-1.1597952705955428,7474.996132251739,0.2400676377080968
742,35835.747111259705,37615.98124188006,0.08218,True,37615.98124188006,4.967760613705741,36291.264956102874,1.2711269655657498,36012.942756308184,0.4944661666975714
743,8476.087615583361,8615.444276043401,0.26022,True,8615.444276043401,1.6441153841287859,8312.035486351277,-1.9354699558611577,8467.41794358474,-0.1022838884143007
744,11676.933172706304,12124.277877380062,0.05693,True,12124.277877380062,3.8310119451516966,11697.299028837584,0.17441100184494296,11625.134060870898,-0.4436020234874771
745,13285.681424078772,13713.074679120293,0.14729,True,13713.074679120293,3.216946435784007,13230.143415445475,-0.41802905594771067,13279.092922431468,-0.04959099527528377
746,9524.57005650128,9884.723360682316,0.17164,True,9884.723360682316,3.7813077340451917,9536.614562666455,0.12645721637538632,9603.34649723179,0.8270865799001603
747,55579.54252869583,57628.86108308747,0.24431,True,57628.86108308747,3.6871814001232073,55599.354254150596,0.0356457152279388,56212.699896901504,1.1391913992073288
748,16503.875571720437,16865.98049429369,0.15886,True,16865.98049429369,2.1940599406464534,16272.013826437214,-1.4048927130820066,16453.66124218759,-0.30425780486911247
749,50289.18268450403,51482.94894081812,0.07184,True,51482.94894081812,2.373803256663254,49669.88176431162,-1.2314793900662035,49028.68846579498,-2.50649175711789
750,15412.009309813888,15860.604782396373,0.16902,True,15860.604782396373,2.910687786159283,15302.044277955154,-0.7135022413249592,15386.642411917377,-0.16459176338777803
751,102154.3637161288,110103.2528357883,0.08248,True,110103.2528357883,7.781252636204772,106225.76333974872,3.9855366677567616,103856.20006768312,1.665945819293091
752,33013.08955512427,34956.51907572866,0.03444,True,34956.51907572866,5.886845329514845,33725.46066425376,2.157844414834287,32862.134153492385,-0.45725923767245824
753,10740.491602834363,10908.049220811148,0.31556,True,10908.049220811148,1.5600553882707535,10523.902111741996,-2.016569623640041,10728.809833797555,-0.10876382077078528
754,11807.598358153797,12007.899271515782,0.25492,True,12007.899271515782,1.6963730242709918,11585.018910621762,-1.88505266507758,11785.150524655723,-0.19011345759887277
755,28658.298962351,30790.20365794057,0.03454,True,30790.20365794057,7.439048278442129,29705.869742369116,3.6553836687736707,28649.046817498664,-0.03228434759680043
756,15229.980637866993,15594.727674336102,0.26839,True,15594.727674336102,2.3949277753001263,15045.530523539654,-1.211098810386746,15278.44357863391,0.31820750084490257
757,13007.07300797176,13125.715694069218,0.20293,True,13125.715694069218,0.9121397721435498,12663.469362367634,-2.641667694134864,12828.620319981615,-1.3719665283709381
758,121084.32934476456,130715.04919629764,0.03261,True,130715.04919629764,7.953729358413875,126111.67720520063,4.151939303492913,122219.30439101845,0.9373426374789329
759,28530.56937179757,29191.217424783896,0.15619,True,29191.217424783896,2.315579631016318,28163.194764000018,-1.2876525631510982,28305.25853309808,-0.7897172880195313
760,14577.199519622658,14845.46156849656,0.08191,True,14845.46156849656,1.8402852242832335,14322.651208101883,-1.7462085991079568,14363.033880618597,-1.4691823262470094
761,26424.706387910108,26671.663565919847,0.37781,True,26671.663565919847,0.934569241317007,25732.37164987629,-2.6200281201632425,26227.670632141842,-0.745649744885768
762,17197.622975648355,18019.628878796397,0.05673,True,18019.628878796397,4.779764647195672,17385.03435138246,1.089751624392954,17214.992952759818,0.10100219743192085
763,58186.2596019186,61355.32936037227,0.05211,True,61355.32936037227,5.446422884259738,59194.58806532887,1.7329322597959607,58121.57334354589,-0.1111710201261662
764,34680.16461016767,35781.63531049288,0.12954,True,35781.63531049288,3.1760826763846284,34521.51890617119,-0.45745372255229233,34692.7599048807,0.036318439818883164
765,50112.75339429799,52861.595988025074,0.05547,True,52861.595988025074,5.4853154287863415,50999.97720830423,1.7704551315018913,50370.211704710484,0.5137580615192983
766,45508.76379026731,46873.89377874492,0.14687,True,46873.89377874492,2.9997079128955884,45223.142996325885,-0.6276171228419725,45067.86422737969,-0.9688234224940917
767,46738.24406292501,48409.79428266472,0.15112,True,48409.79428266472,3.5764078288633483,46704.95392598222,-0.0712267600339711,46813.102939476645,0.1601662151681449
768,6807.3900524542905,7070.022250618305,0.15532,True,7070.022250618305,3.8580453909693,6821.038353163208,0.20049241491599812,6895.933046885966,1.3006893060248936
769,38125.13235927134,39332.74284392144,0.14492,True,39332.74284392144,3.1674919139170754,37947.56762611754,-0.4657419454456524,38260.665482891294,0.35549548351141436
770,115053.69353439834,124087.58421432388,0.02274,True,124087.58421432388,7.851891062692951,119717.6106487148,4.0536874315313165,113535.57369850216,-1.319488135721858
771,55166.68899135019,56279.06558215508,0.16541,True,56279.06558215508,2.0163917957434663,54297.094295918956,-1.5763039459692374,54499.72748437975,-1.2089931789725727
772,47295.27993544785,51868.0116588332,0.03457,True,51868.0116588332,9.668473745427786,50041.38378719768,5.80629579843468,49016.07401870008,3.6384055356071476
773,12121.129628821573,12316.740042044668,0.27816,True,12316.740042044668,1.613796891982533,11882.983282744322,-1.9647207262843414,12092.583259242365,-0.23550915181478338
774,62267.56238966426,64111.035231483576,0.12844,True,64111.035231483576,2.9605669004401536,61853.2466622298,-0.665379712219516,61497.127055630466,-1.2372980480791607
775,89959.11628648681,99992.77221297933,0.01336,True,99992.77221297933,11.153573246027682,96471.34197409288,7.2390947759724655,91310.8109306119,1.502565498554298
776,62808.16981021565,69008.45047581117,0.03787,True,69008.45047581117,9.871774140737744,66578.19037934515,6.002436594667837,63528.32823394023,1.1465999182919129
777,21906.55465069703,22483.62200899036,0.3063,True,22483.62200899036,2.634222348035764,21691.81971498541,-0.9802314381955557,22089.88007448786,0.8368519226960913
778,47652.20571244168,48511.62622016282,0.24055,True,48511.62622016282,1.8035272342005193,46803.199663637526,-1.7816720886489557,47344.81623670057,-0.6450687248268361
779,17261.100375110087,17631.08304627496,0.22003,True,17631.08304627496,2.1434477705626342,17010.171878303445,-1.453722482075781,17240.139742357176,-0.12143277251973617
780,13159.85910113069,13374.042578990004,0.25157,True,13374.042578990004,1.6275514518306,12903.05095718059,-1.9514505586768482,13095.931793397476,-0.4857750166012198
781,51270.38872935509,52938.6168104325,0.17263,True,52938.6168104325,3.253784733101228,51074.28560013246,-0.3824880873398717,51235.740074292655,-0.06758024645635574
782,7040.056533008433,7146.723933440813,0.21747,True,7146.723933440813,1.5151497709180672,6895.038844496701,-2.059893806701596,7013.30396710963,-0.38000498679759964
783,23025.774208411352,23705.08678956079,0.17945,True,23705.08678956079,2.9502268848848656,22870.268356300556,-0.6753555850208537,23088.745568628892,0.27348205383919133
784,19683.618752831266,19993.266162365504,0.28497,True,19993.266162365504,1.573122368516211,19289.166351148146,-2.003962821248928,19588.405962647863,-0.4837158826280774
785,7162.503182523776,7435.624547126516,0.15234,True,7435.624547126516,3.813211074993239,7173.765289244485,0.15723702222134595,7262.536565864016,1.3966260229289373
786,60695.73911386568,65507.10651184658,0.03134,True,65507.10651184658,7.927026622008393,63200.1527128116,4.126176953290939,60540.06313550877,-0.2564858433717454
787,51190.99932923244,52859.149603426544,0.09013,True,52859.149603426544,3.258678861620723,50997.616977659745,-0.3777663145995036,50381.40402922458,-1.5815188424062487
788,10065.752275879086,10533.082049606372,0.05181,True,10533.082049606372,4.642770464828194,10162.140102330892,0.9575819452936729,10053.743102690247,-0.11930725950425325
789,7891.065333730989,8022.416018917001,0.25729,True,8022.416018917001,1.6645494572772535,7739.891815089853,-1.9157555063564424,7889.703297885999,-0.017260481156677887
790,27927.376717500058,30902.54903081048,0.02185,True,30902.54903081048,10.6532466096112,29814.258665343026,6.756388066554764,28418.759189669378,1.759500998392749
791,23936.290553295883,24383.984651720013,0.33238,True,24383.984651720013,1.8703570523064483,23525.257575784777,-1.7171958060749226,23937.18911745585,0.0037539825060495247
792,17055.689709951108,17468.756459646273,0.34432,True,17468.756459646273,2.421870687845362,16853.561922367942,-1.185104742291565,17181.590588448016,0.7381752402745301
793,57513.33751555937,59633.06667394392,0.08022,True,59633.06667394392,3.685630585794275,57532.97804177876,0.034149515691184185,56976.44599664146,-0.933507847240933
794,43002.39404793602,44117.2062686305,0.10021,True,44117.2062686305,2.5924422241509815,42563.53733065319,-1.0205401978169437,42378.827592166555,-1.4500738146679737
795,43961.58053990083,45512.358680787824,0.17368,True,45512.358680787824,3.527575946636996,43909.55687267104,-0.11833893729679135,44219.86861232241,0.5875313609053467
796,53748.78460773514,55444.744830823576,0.13696,True,55444.744830823576,3.1553461821802076,53492.15569149314,-0.47745994279667636,53414.28525844697,-0.6223384430538936
797,14171.871191113316,14568.512630364832,0.1446,True,14568.512630364832,2.7987937083441494,14055.455538569284,-0.821455762433354,14157.546796170365,-0.10107624286009864
798,78921.03363760983,83027.1740358705,0.07121,True,83027.1740358705,5.202846705119546,80103.21868561317,1.4979340658812346,79287.55174803294,0.46441118866498154
799,14076.363286533597,14263.128819483263,0.34873,True,14263.128819483263,1.326802449950537,13760.826382872334,-2.241608128735406,14041.298505379295,-0.24910397977471188
800,19165.94503348465,19705.68550095539,0.12208,True,19705.68550095539,2.816143250582037,19011.713374117575,-0.8047172163836436,19027.680436939492,-0.7214076650204237
801,112173.0170943892,119315.7231026731,0.05412,True,119315.7231026731,6.367579470804108,115113.79944349668,2.621648615043437,110835.78233208948,-1.1921180306441181
802,51996.256480355,53049.46025943822,0.10547,True,53049.46025943822,2.025537702855873,51181.2254922663,-1.567480128875487,50803.185116755245,-2.294533192116466
803,21245.86427739469,21913.246076758365,0.29081,True,21913.246076758365,3.1412315858280415,21141.53062514055,-0.49107746755753245,21507.70595016275,1.2324359665925932
804,20407.20709459088,20816.998961733192,0.36,True,20816.998961733192,2.0080742320242706,20083.88987790283,-1.5843285913129557,20466.83523955151,0.2921916001745961
805,64637.80995320922,67234.62082577293,0.09771,True,67234.62082577293,4.017479667772661,64866.829418093475,0.35431191906105663,63866.72258471591,-1.1929354801028746
806,20523.59054562244,21496.640877505622,0.05816,True,21496.640877505622,4.741131088734996,20739.59694777742,1.0524786180800882,20283.268796863693,-1.1709537287080907
807,33177.62168362711,35457.02131891875,0.04949,True,35457.02131891875,6.8702924429827394,34208.33679612806,3.1066576209999974,33486.62152782517,0.9313501948530201
808,77488.17494392581,82192.94778838789,0.03545,True,82192.94778838789,6.071601051214159,79298.37125690859,2.3360936224046114,76393.17783880535,-1.4131151055149505
809,20042.97617586405,20165.822268347303,0.21698,True,20165.822268347303,0.6129134286513072,19455.64557501076,-2.930356229034281,19719.563211887853,-1.6135975073684583
810,33508.881179442506,35465.06458005789,0.04193,True,35465.06458005789,5.837805774952276,34216.096798963954,2.1105318788003036,33295.08860919935,-0.6380176320966324
811,32416.544799545674,32951.06117726733,0.33742,True,32951.06117726733,1.6488999090647827,31790.628671347018,-1.9308539268115599,32335.18394180088,-0.25098559469526327
812,138306.34446418684,157618.48581970623,0.01051,True,157618.48581970623,13.963308357499171,152067.6595960788,9.949879873699729,142502.8536470823,3.0342130718248317
813,7319.911390313529,7656.065084595097,0.06704,True,7656.065084595097,4.59231917378673,7386.442605858814,0.9089073896895172,7340.215785922902,0.27738581147636054
814,26476.42673889146,26950.72825886025,0.2621,True,26950.72825886025,1.791410618382594,26001.608564002512,-1.7933619954519142,26380.01472070512,-0.36414286239283555
815,25634.94567048208,25822.713523181188,0.27537,True,25822.713523181188,0.7324683075701444,24913.31895157205,-2.8150116960885985,25264.895283301437,-1.4435388002664862
816,7251.353434289183,7382.215627852472,0.24974,True,7382.215627852472,1.8046588784996542,7122.237263751016,-1.7805802972948426,7236.235894260202,-0.20847887454353842
817,25609.602707028407,27628.27643461065,0.02438,True,27628.27643461065,7.882487482042144,26655.29562877873,4.083206341437462,25780.982729584426,0.6692021915239765
818,9756.967810967422,10034.63713440007,0.14309,True,10034.63713440007,2.8458567129895807,9681.248845833925,-0.7760501684589416,9756.403166154823,-0.005787093116826902
819,23267.884639861644,24489.541428255867,0.03205,True,24489.541428255867,5.2503990255363675,23627.096975388416,1.5438117434680043,23000.614000360827,-1.1486675460086304
820,71229.46787781118,73950.5634324924,0.09912,True,73950.5634324924,3.8201823427195247,71346.25769628173,0.16396278387322827,70551.21505568271,-0.9522081834051677
821,65644.61823717323,66874.60169781889,0.30242,True,66874.60169781889,1.8737003789126128,64519.48902896922,-1.7139702208929464,65357.00866102085,-0.4381312343279209
822,54131.85141478223,55668.42675825018,0.11054,True,55668.42675825018,2.8385789573204034,53707.96024652872,-0.7830716245144975,53525.825732820114,-1.1195362178146762
823,23277.32845817035,23883.61085479588,0.23391,True,23883.61085479588,2.6046047239270953,23042.50536670383,-1.0088060229441642,23369.377339003386,0.395444352638874
824,17988.781378697673,18438.079051898403,0.20954,True,18438.079051898403,2.497654864674659,17788.74802843163,-1.1119894452823909,18009.658492237773,0.11605629698085984
825,60852.7483764156,64194.28090090485,0.0489,True,64194.28090090485,5.491177660242408,61933.560681582094,1.7761109136450681,61023.58210845205,0.28073297688993026
826,22518.931956144075,22890.00771470174,0.26359,True,22890.00771470174,1.6478390683907218,22083.893797155688,-1.9318774080210765,22394.347216866743,-0.5532444412548632
827,85609.87534103471,93104.58377228733,0.01633,True,93104.58377228733,8.754490532075598,89825.73381724916,4.924500192787562,85515.44649878859,-0.11030134300507033
828,13877.964282089364,14143.107620567682,0.34724,True,14143.107620567682,1.9105348096370767,13645.03195225025,-1.6784329827086553,13924.312550716302,0.33397022563859124
829,15363.058458618529,15924.199382728995,0.09949,True,15924.199382728995,3.652533937965141,15363.399276927748,0.0022184274709236007,15386.83491365974,0.1547638128518214
830,47365.278923818085,48385.767165571495,0.07273,True,48385.767165571495,2.154506982624871,46681.77296821444,-1.4430527406013804,45851.867779091415,-3.1951910325722532
831,5884.962496244795,6024.910863078353,0.22048,True,6024.910863078353,2.378067267597017,5812.732494279357,-1.2273655441564557,5894.698481262159,0.16543835281153108
832,14545.981585328169,14969.265538848773,0.23483,True,14969.265538848773,2.9099717405633774,14442.0951928747,-0.7141930700521049,14652.821297308361,0.7344964061274162
833,8199.284222383845,8408.13484027897,0.31216,True,8408.13484027897,2.5471810981374077,8112.026835431097,-1.0642073696449872,8273.721914452184,0.9078559792466523
834,7368.576229616687,7531.682124351048,0.09449,True,7531.682124351048,2.213533383542754,7266.440021393053,-1.3861050634600969,7270.979402683086,-1.3245004719002251
835,23055.58820260016,23400.770329264156,0.12987,True,23400.770329264156,1.497173369123006,22576.668962465454,-2.077237136290866,22733.114592903115,-1.3986787362062492
836,157129.16362516122,169285.80384307678,0.03214,True,169285.80384307678,7.736717957027883,163324.0914565306,3.9425703595976858,154629.89473913226,-1.5905824408198876
837,29092.71359029369,32844.369872112125,0.02295,True,32844.369872112125,12.89551856403699,31687.694697645726,8.919694270863099,29983.78585145398,3.062870908877957
838,84169.73344002187,88036.87854380382,0.07645,True,88036.87854380382,4.594460438130787,84936.49719242967,0.9109732454531061,83839.71230504668,-0.3920900322327392
839,37966.86409530867,39476.25187446433,0.11189,True,39476.25187446433,3.9755397637440515,38086.02272097565,0.31384900624884526,37979.77550699307,0.03400705323459707
840,25264.77374979548,26075.710743998938,0.25411,True,26075.710743998938,3.2097536365629287,25157.40640777357,-0.4249685474534637,25538.07163235024,1.0817349296744494
841,10393.367529798012,10659.150172801194,0.18205,True,10659.150172801194,2.557233180113916,10283.768503620291,-1.0545092903094022,10354.329408772503,-0.375606086416036
842,127668.82659928087,138138.9914899127,0.05651,True,138138.9914899127,8.20103479410439,133274.17165307738,4.390535421297659,129623.66014436945,1.5311753050134103
843,5769.80634948159,5950.704039321952,0.1485,True,5950.704039321952,3.135247162265964,5741.139000939987,-0.4968511385859187,5793.610688220883,0.41256737743775584
844,28557.68708994848,31683.400191630197,0.02238,True,31683.400191630197,10.945259998950974,30567.610709687367,7.038117664810217,29138.17109102864,2.0326716209607687
845,59272.81159789127,69410.63637803419,0.00735,True,69410.63637803419,17.1036677809689,66966.21256186726,12.979645737354728,61921.55891597329,4.468739117778342
846,9703.41865192484,9912.655247263492,0.06928,True,9912.655247263492,2.156318333200513,9563.56277624948,-1.4413051800832744,9525.294238357303,-1.8356871939376074
847,26740.81983275592,29603.791557137934,0.01498,True,29603.791557137934,10.706372288837018,28561.23933593384,6.8076428268216915,26383.6715168141,-1.335592245022832
848,45244.98825004552,46178.60800069116,0.12114,True,46178.60800069116,2.063476612008408,44552.34299168674,-1.5308773085118133,44807.53169244559,-0.9668619100580478
849,15484.120676560631,15606.692263038743,0.08886,True,15606.692263038743,0.7915953965901057,15057.073757143113,-2.757966876762774,15089.961952229285,-2.545567375537261
850,62243.070511848025,66009.21437355192,0.0781,True,66009.21437355192,6.05070384660249,63684.577918378294,2.3159323514669428,62746.68946005631,0.8091164913087256
851,10955.932458025927,11180.787387080249,0.3138,True,11180.787387080249,2.052357751526679,10787.035299523724,-1.5416045977763804,10990.309395369062,0.31377463739248324
852,10601.678103869031,11338.926537507688,0.09965,True,11338.926537507688,6.954072991233362,10939.605287561299,3.1874876824353082,10928.42690130199,3.0820479006404833
853,59191.41352967045,63082.12367302959,0.053,True,63082.12367302959,6.573098886055284,60860.57012551682,2.8199302843303187,59496.48098234415,0.515391396288889
854,19017.178686193085,19367.143277381598,0.35492,True,19367.143277381598,1.8402550502540915,18685.09354050106,-1.746237710502907,19050.345414755444,0.17440404336337423
855,14262.3563354363,14529.50600432552,0.29154,True,14529.50600432552,1.8731103234705948,14017.822602941906,-1.71453949644228,14253.835427517908,-0.05974404031134917
856,43750.01447996096,45523.10333945416,0.0796,True,45523.10333945416,4.052773194635928,43919.923138328595,0.3883625191609008,43408.23712003494,-0.7812051355607474
857,7082.003948415139,7155.929182771916,0.31248,True,7155.929182771916,1.0438462742359933,6903.919913963264,-2.5145994798792537,7052.1839231301565,-0.4210676173324712
858,79299.62569343897,84293.8791220692,0.04282,True,84293.8791220692,6.297953344618912,81325.31441159941,2.5544745015461556,77774.1609047616,-1.923672117412767
859,32620.25230703128,33254.424628723216,0.30682,True,33254.424628723216,1.9441061207096766,32083.308618308656,-1.6460439473881316,32591.286157458653,-0.08879805496287974
860,12177.254764540994,12462.82005373615,0.16821,True,12462.82005373615,2.345071156979439,12023.918816899251,-1.2591996357688262,12153.593124141924,-0.19431013686246335
861,48061.18221653459,49956.16101704876,0.08896,True,49956.16101704876,3.942846832141056,48196.862498457616,0.282307416641836,47974.084704549685,-0.1812221588567975
862,24115.112464267637,25576.225300185397,0.06264,True,25576.225300185397,6.058909482934194,24675.511266806945,2.3238490111529675,24418.700702542432,1.2589128030177532
863,48545.74482526133,49618.642966211504,0.17882,True,49618.642966211504,2.2100765881994944,47871.23076944227,-1.389440121367902,48103.080746346764,-0.9118493917601223
864,30707.611633486365,31138.138581120584,0.36522,True,31138.138581120584,1.402020296377371,30041.551494319505,-2.169039217757096,30584.903377565366,-0.3996020836318892
865,33593.377675404095,36097.92842097686,0.0408,True,36097.92842097686,7.455489500856327,34826.67317032699,3.671245883160701,33957.015598016864,1.0824690691314753
866,31137.56557718541,32116.228043572093,0.07283,True,32116.228043572093,3.143028198401465,30985.195729049185,-0.48934412601564503,30966.695303760218,-0.548759256730047
867,17907.912358124504,18268.950146083607,0.14876,True,18268.950146083607,2.016079712358576,17625.5753095494,-1.5766050387610475,17739.310088433966,-0.9414959506100495
868,10349.636044039604,10685.243511079729,0.12143,True,10685.243511079729,3.242698251533227,10308.942916776401,-0.39318413797398977,10373.305280747682,0.22869631943926994
869,7689.342513586322,8144.722330632999,0.07115,True,8144.722330632999,5.922220479086016,7857.890884042683,2.1919737631475256,7736.342812194805,0.611239498376337
870,45262.62629998269,48002.85756201723,0.05464,True,48002.85756201723,6.054070402087097,46312.34823388496,2.319180347479466,45452.873985954524,0.42031959151231923
871,152211.82442044953,162372.8306391935,0.02564,True,162372.8306391935,6.675569560664729,156654.57137772834,2.9187922647893494,148716.81217534526,-2.296150288199761
872,22010.440155791555,22574.90540299757,0.3161,True,22574.90540299757,2.5645341174946434,21779.88839560033,-1.0474654689291207,22184.068569875395,0.788845715282771
873,171335.0111958089,188613.9463915077,0.0106,True,188613.9463915077,10.084882870758793,181971.55775081602,6.2080403069815215,169346.96394083693,-1.1603275017153192
874,38622.59018516269,40709.57663287137,0.0428,True,40709.57663287137,5.403538286022114,39275.91366909317,1.6915579219269006,37916.896542299444,-1.8271525536740052
875,8084.820386568316,8343.886312850253,0.16816,True,8343.886312850253,3.2043498048804464,8050.040938613416,-0.43018207321811053,8168.107098588549,1.0301615625079474
876,10716.562053428102,11026.069874739893,0.17955,True,11026.069874739893,2.8881260591663516,10637.766450265537,-0.735269415412565,10740.186059650427,0.22044388960327232
877,27439.27947176005,28381.87874147513,0.12596,True,28381.87874147513,3.4352187370123355,27382.35843790997,-0.2074436171279892,27592.769284765858,0.559379896122203
878,16007.275460916697,16391.117114042685,0.2041,True,16391.117114042685,2.3979199587286004,15813.873637568424,-1.2082120022266274,16011.481132196996,0.02627349851365146
879,48016.79459896003,49629.48286696131,0.11693,True,49629.48286696131,3.3585920956835658,47881.68892305734,-0.2813717096926127,47679.79994497769,-0.7018266354448244
880,46309.54125516189,48662.672517095685,0.03974,True,48662.672517095685,5.081309808206114,46948.92658612243,1.380677315366996,45688.25210618718,-1.3416007417379694
881,10832.049287986889,11118.581438677234,0.19452,True,11118.581438677234,2.645225691579145,10727.020048537104,-0.9696155977268806,10856.387759412522,0.22468944498457155
882,10935.986338178043,11281.365675858768,0.19685,True,11281.365675858768,3.1581910126843304,10884.07153801559,-0.4747152982554126,11050.700248233068,1.0489580592703662
883,14894.021206579871,15248.436310115016,0.23528,True,15248.436310115016,2.379579689188116,14711.434449582508,-1.225906385286335,14916.194234723094,0.14887200599276174
884,105267.8843479283,109150.93429284597,0.13728,True,109150.93429284597,3.6887318187981633,105306.98245397852,0.037141533044393604,105106.44189144413,-0.15336344744097952
885,22836.51973785738,23310.438148586127,0.08245,True,23310.438148586127,2.0752654790173963,22489.517996444687,-1.5195036082378488,22549.569874588487,-1.2565393788669055
886,22809.832956027494,23713.49623302328,0.08985,True,23713.49623302328,3.9617268514761106,22878.38164567265,0.30052254120975785,22704.253937390928,-0.46286625088443056
887,56726.627548780525,59722.81614925478,0.10051,True,59722.81614925478,5.281802796927715,57619.566823478584,1.5741095730223087,56763.86445251169,0.06564272430815699
888,62063.87324776413,65482.590193280965,0.07987,True,65482.590193280965,5.508384776227282,63176.49978170522,1.7927120492454485,62088.6114141143,0.03985920480891192
889,52265.36818540908,54083.18524026613,0.11185,True,54083.18524026613,3.4780527105604975,52178.54593779013,-0.16611812110641777,51960.68053220825,-0.5829627988460095
890,62701.4472497174,64670.096493213954,0.06358,True,64670.096493213954,3.1397189855221885,62392.61954860187,-0.49253679884864177,60793.0741573617,-3.0435869921077496
891,19892.17472167489,20055.42572287492,0.38572,True,20055.42572287492,0.8206795058065985,19349.136847876554,-2.7299070181936114,19740.82891594374,-0.7608308686643528
892,15943.693728599135,16437.76883739313,0.10968,True,16437.76883739313,3.0988748103442543,15858.882434278607,-0.5319425709263248,15925.97438984394,-0.11113697400879641
893,72675.64006532829,73997.39355427604,0.04561,True,73997.39355427604,1.8187022333200353,71391.43860879463,-1.7670315051636076,69966.31027671255,-3.727975131942851
894,53235.79607421478,53474.82229560272,0.11642,True,53474.82229560272,0.4489952983040224,51591.60761834856,-3.0885016795355047,51660.855230177156,-2.9584245191750957
895,13046.841577997991,13339.56521021289,0.21234,True,13339.56521021289,2.2436359824322682,12869.787772651818,-1.357062583213664,13074.726747618926,0.2137311889182536
896,24509.29390730862,24991.3221758336,0.31507,True,24991.3221758336,1.966716260158119,24111.206586755947,-1.6242300657791087,24518.890153297452,0.03915349836320914
897,6456.7076010219125,6694.73122422778,0.08464,True,6694.73122422778,3.6864550466586987,6458.9638937251375,0.03494494164282269,6471.574461551026,0.23025451124285556
898,24698.61807718093,25277.29653853593,0.29086,True,25277.29653853593,2.3429588633124387,24387.10983385583,-1.2612375411112708,24758.787514560376,0.24361459087072213
899,15189.943224113718,15375.396780096036,0.20173,True,15375.396780096036,1.22089696614478,14833.923772017162,-2.34378395523811,15011.562780930652,-1.1743325208740218
900,48225.69667580311,49984.38769260167,0.08728,True,49984.38769260167,3.6467923493596066,48224.09511947403,-0.0033209604826445194,47846.152975757956,-0.7870154838749865
901,13955.80425405044,14414.122500745176,0.0894,True,14414.122500745176,3.2840690393154404,13906.502542644354,-0.3532702989279657,13922.591935467324,-0.23798211825359905
902,62335.64859617581,65755.11361489458,0.02891,True,65755.11361489458,5.4855690054190775,63439.42578746131,1.770699777964957,62010.67584887869,-0.5213272896258281
903,32201.49959864406,32903.764616552435,0.21161,True,32903.764616552435,2.180845695577327,31744.997746411696,-1.4176415940939102,32118.25537429836,-0.25851039666862086
904,29867.89148045842,31144.32102416912,0.12517,True,31144.32102416912,4.273584375870065,30047.516211212245,0.6013974266357192,29916.999672914466,0.16441800884463564
905,21354.41410961034,21795.30304577074,0.31889,True,21795.30304577074,2.0646267038625155,21027.741175922823,-1.529767719267472,21392.586381515583,0.17875588489248972
906,22555.18280884802,24665.16332833414,0.02101,True,24665.16332833414,9.354748030055472,23796.53402574346,5.503618513827679,22598.227321786188,0.1908408958728458
907,49295.14214726395,50981.50112977521,0.09354,True,50981.50112977521,3.4209435434295887,49186.09336450364,-0.2212160833912069,48705.53251281808,-1.1960806050309691
908,17776.029659666532,18083.506616571205,0.1645,True,18083.506616571205,1.7297279695832835,17446.662516589033,-1.852872375797321,17579.382191661276,-1.1062507869878613
909,24729.392952337566,25725.87962379532,0.102,True,25725.87962379532,4.029563820585258,24819.895236881537,0.365970506103408,24695.996480682297,-0.13504768078875795
910,17514.243690166575,18419.58937467256,0.0493,True,18419.58937467256,5.1691965723549504,17770.90949935429,1.4654689847202418,17542.876688794713,0.16348407122035447
911,49094.80818903041,53738.18192324941,0.02464,True,53738.18192324941,9.457973063751579,51845.69255007501,5.603208287224248,50150.649845218926,2.150617743780958
912,32121.94805585917,32990.603570269144,0.14906,True,32990.603570269144,2.7042429459739115,31828.778505913328,-0.9126767449969986,32022.5003819105,-0.3095941559202231
913,22569.70278672322,23732.27062987448,0.05885,True,23732.27062987448,5.151010866811889,22896.494867447636,1.447923722401212,22534.94356646098,-0.1540083207594911
914,61393.90859911382,64770.7134890178,0.08811,True,64770.7134890178,5.500227900382804,62489.69313097964,1.7848424328560153,61574.87736141451,0.29476664123531116
915,34935.89504738583,35928.17605178003,0.20569,True,35928.17605178003,2.840290775571397,34662.89894447775,-0.7814200911062885,34978.96837785922,0.12329247730729076
916,30323.445813798746,30974.265508952103,0.21824,True,30974.265508952103,2.1462590338503063,29883.44951519007,-1.4510102226194088,30241.579545502158,-0.26997679880871317
917,31276.47885782203,31845.822363294665,0.24398,True,31845.822363294665,1.820356786519306,30724.312884454994,-1.7654352201125212,31075.113634289355,-0.6438231888188151
918,7174.38315039284,7421.117201726924,0.1858,True,7421.117201726924,3.4390977755428764,7159.768846819633,-0.20370118610695265,7235.210056462361,0.8478346471666898
919,28562.61507637712,29256.327628499763,0.20538,True,29256.327628499763,2.4287431324745423,28226.011991582203,-1.178474323498846,28463.268343489835,-0.34782085821493114
920,132325.7796734646,161064.10094867545,0.00969,True,161064.10094867545,21.717855240397867,155391.93102151642,17.431336059361445,143400.85989054313,8.369555988567079
921,10471.895304269849,10753.183881444513,0.28423,True,10753.183881444513,2.686128623344519,10374.490641459413,-0.9301531382835626,10552.2385871831,0.7672277135972738
922,28874.77671598182,29403.37813358941,0.17399,True,29403.37813358941,1.8306684162687104,28367.883841417017,-1.7554867334584334,28664.0855393065,-0.729672055121755
923,13031.613664381446,13396.79159250858,0.24564,True,13396.79159250858,2.8022464257458246,12924.998822152766,-0.8181246388548558,13112.785316836527,0.6228825880323807
924,16773.182287040345,16914.610944390017,0.3364,True,16914.610944390017,0.8431832131160055,16318.931665374655,-2.708195820519177,16640.998702983434,-0.7880650302062309
925,96383.21588762484,107575.37734396802,0.01974,True,107575.37734396802,11.612147772068893,103786.91165434993,7.681519752730814,98134.37910168072,1.8168756851790313
926,5534.0232792134,5633.745106128297,0.38919,True,5633.745106128297,1.8019770044962913,5435.342362251539,-1.7831677241496369,5567.274152055028,0.6008444699993065
927,5633.885195578259,5726.629465812081,0.35511,True,5726.629465812081,1.6461867257538731,5524.955627578489,-1.9334715603588015,5651.016564107556,0.30407734511066487
928,15709.080069595477,16344.169197503896,0.1085,True,16344.169197503896,4.042815525128152,15768.579078660327,0.3787555273845111,15805.182610039757,0.6117642791208633
929,41570.049414598514,43686.40323796255,0.07546,True,43686.40323796255,5.091054384507943,42147.905824742724,1.3900787184084384,41485.611497674276,-0.20312200277199377
930,42857.001555892464,43834.21157341309,0.1845,True,43834.21157341309,2.280164225316117,42290.50881654196,-1.3218207498994272,42695.216199834606,-0.3775004087648637
931,17562.2249506167,18013.276269569742,0.29859,True,18013.276269569742,2.568303960468321,17378.905461027993,-1.0438283879416366,17670.433947925314,0.61614628905442
932,9272.402010716009,9411.097829887944,0.22664,True,9411.097829887944,1.4957916946616967,9079.668630098398,-2.078570152532977,9209.69085046074,-0.6763205497647085
933,12414.961640239657,13120.642843714324,0.03151,True,13120.642843714324,5.684119080862859,12658.575161811537,1.9622575456236246,12362.900896999796,-0.4193387361836054
934,33878.19650742437,36595.03435237207,0.04197,True,36595.03435237207,8.0194287920619,35306.27259780194,4.215325010186444,34715.18620743254,2.4705851736374074
935,27102.48032682549,28879.695685439816,0.09015,True,28879.695685439816,6.557390088224779,27862.643838332955,2.8047747008419277,27688.996567295857,2.1640685036854235
936,41685.39774080555,42886.07985297797,0.16514,True,42886.07985297797,2.8803422235241793,41375.767306588015,-0.7427791288997065,41497.53207543799,-0.4506749978390068
937,59461.21440055528,63898.28120827102,0.02218,True,63898.28120827102,7.462119387313271,61647.98516506893,3.677642285915428,58716.91465477087,-1.2517399001818141
938,36589.79632585228,38121.34449458386,0.08333,True,38121.34449458386,4.18572477171586,36778.83090805875,0.5166319607876835,36353.17782033641,-0.6466789358668512
939,37715.12860617042,40919.64781083345,0.01003,True,40919.64781083345,8.496641329598287,39478.58680235639,4.67573162642605,37572.82178251857,-0.3773202661930486
940,82433.1236565934,86906.7284664557,0.07959,True,86906.7284664557,5.426950492011939,83846.14743833267,1.7141456238219943,83005.44140930756,0.694281288063725
941,9411.6293454533,9556.208494125314,0.36115,True,9556.208494125314,1.5361755479869066,9219.668954160961,-2.0396084912234103,9419.906129406469,0.08794209428961697
942,40361.02169833551,41365.08346199181,0.16261,True,41365.08346199181,2.487701553148991,39908.33561398873,-1.1215922325510608,40199.788177095965,-0.3994782947880582
943,23168.344996202348,23533.421620389458,0.33697,True,23533.421620389458,1.5757561631914108,22704.648693262363,-2.0014217805198964,23125.438430367994,-0.18519478124736644
944,24953.91609172783,26484.92578569484,0.04134,True,26484.92578569484,6.135348409200336,25552.210185633663,2.397595999387714,25191.901011512076,0.9536976838001587
945,34697.90080085365,36270.79463272397,0.083,True,36270.79463272397,4.53310948376342,34993.45157900738,0.8517828783073167,34409.56995571305,-0.8309748961340735
946,18374.57701998424,18663.43025055171,0.36608,True,18663.43025055171,1.5720265574185044,18006.163068223206,-2.0050200413339936,18362.477872212527,-0.06584721791720316
947,17777.346884478207,18139.088167412745,0.18217,True,18139.088167412745,2.034844036543948,17500.28666041479,-1.5585015349243392,17656.02888354273,-0.6824302958356565
948,111291.19005824784,118948.780193373,0.03605,True,118948.780193373,6.880679531881451,114759.77910678014,3.1166789093700187,110057.35740906093,-1.1086525793651214
949,10524.79961253776,10703.80913437698,0.3799,True,10703.80913437698,1.7008354403819093,10326.85471734391,-1.880747401195615,10552.963289366082,0.2675934731790175
950,31387.0946426954,32615.61463412692,0.097,True,32615.61463412692,3.9140927359373467,31466.995498057266,0.25456594906740904,31206.206639842327,-0.5763133061924552
951,40233.92920843522,41313.27641375819,0.27753,True,41313.27641375819,2.682679088416462,39858.35304668708,-0.9334811914651353,40430.617450883066,0.48886163076165
952,36288.12878235471,37574.38041683862,0.15022,True,37574.38041683862,3.5445521101362454,36251.12918098476,-0.1019606207635082,36384.63358486211,0.2659404211393879
953,50098.894594051584,52055.62690751622,0.08558,True,52055.62690751622,3.905739496489735,50222.39181822519,0.24650688438196955,49618.26136646913,-0.9593689271529815
954,19683.34282314766,20297.62684456772,0.09002,True,20297.62684456772,3.120831796404322,19582.80840953271,-0.5107588407022079,19645.24226953515,-0.19356749488560476
955,35691.49866670325,38044.1239914204,0.05731,True,38044.1239914204,6.591556568376666,36704.32986760128,2.837737945262875,36152.354222657865,1.2912194028561474
956,23536.94011679252,24256.630856956315,0.10355,True,24256.630856956315,3.0577073170625413,23402.388780226447,-0.5716602748633282,23522.66465891234,-0.06065129030937699
957,54268.95318951965,55739.11454364687,0.20028,True,55739.11454364687,2.7090283997059705,53776.15863094666,-0.9080598198606071,54144.076164602164,-0.23010767221064432
958,24527.098187142343,25634.191933107995,0.13493,True,25634.191933107995,4.5137575489709425,24731.436497641145,0.8331124576568261,24591.740331233515,0.26355398261119767
959,42914.6981149359,45461.01818376191,0.069,True,45461.01818376191,5.933445138088467,43860.02442611423,2.2028031250424185,43571.31680224412,1.5300554731845883
960,7365.6597725305155,7580.696522535879,0.14386,True,7580.696522535879,2.919449942655805,7313.728286977608,-0.7050486603600747,7381.84910691829,0.21979476228526362
961,12703.0937857597,13023.320367519882,0.14416,True,13023.320367519882,2.520855054373916,12564.680076447548,-1.089606293132428,12651.08180046256,-0.40944344877187344
962,5861.3022372630585,5911.422879029657,0.31337,True,5911.422879029657,0.8551110271700191,5703.241199290627,-2.6966880664771486,5825.500305599953,-0.6108187261782083
963,26176.049415803947,26908.0332336811,0.24944,True,26908.0332336811,2.7963876681681876,25960.417123026386,-0.8237770694586644,26277.712077151682,0.3883804608282748
964,28648.905336639484,29379.34306021287,0.2136,True,29379.34306021287,2.549618266353848,28344.69520756114,-1.0618560308106595,28739.604364321905,0.31658810909758195
965,11164.373929807123,11503.969224764309,0.14638,True,11503.969224764309,3.0417764318205087,11098.835691622342,-0.5870301245446852,11127.254095296475,-0.33248469411745196
966,26306.61531201772,28094.117265677407,0.06375,True,28094.117265677407,6.7948762410461105,27104.731014204554,3.033897339967684,26599.011567533522,1.1114932576758552
967,12976.99086858933,13171.193224743784,0.23366,True,13171.193224743784,1.4965130061431964,12707.345317766676,-2.0778742433681385,12904.650602735337,-0.5574502331591513
968,7541.775163371812,7766.452640889161,0.14387,True,7766.452640889161,2.9791060148350867,7492.9426603852235,-0.6474934869943216,7537.998533696268,-0.05007613716576653
969,26975.677726780694,27366.56639795724,0.15351,True,27366.56639795724,1.4490411515721835,26402.802194650638,-2.1236742888625204,26566.75946901397,-1.5158776061472645
970,19388.679306753995,19814.45192920005,0.1833,True,19814.45192920005,2.1959856868525307,19116.64939161434,-1.4030347855869318,19357.166729639233,-0.16253080788120045
971,22768.82618937393,23223.088697174484,0.02393,True,23223.088697174484,1.995107275282182,22405.24471736774,-1.5968388927131927,21625.327683263513,-5.0222110555882775
972,6950.339265413738,7077.65365403359,0.28913,True,7077.65365403359,1.831772288489475,6828.4010026060105,-1.7544217361376346,6960.043157728972,0.13961753440616675
973,18116.665724641545,18613.600776422536,0.19914,True,18613.600776422536,2.742971909588632,17958.088431099775,-0.8753116933988503,18215.308584147842,0.544486833314628
974,14965.126095954003,15297.497301023766,0.24885,True,15297.497301023766,2.2209716305673144,14758.767667042115,-1.3789287680488038,15012.33043286467,0.3154289286171119
975,5538.472493201351,5677.560968725883,0.29586,True,5677.560968725883,2.5113147297430194,5477.615168285342,-1.0988106376029316,5584.781833462969,0.8361392120022959
976,21784.460615863078,22269.44818033786,0.14847,True,22269.44818033786,2.226300540678161,21485.188413456654,-1.3737875253541976,21606.476431883642,-0.8170235982332796
977,42793.7006977389,44246.2686185926,0.12067,True,44246.2686185926,3.394349862643331,42688.05451148157,-0.24687321856909916,42833.79739147477,0.0936976542857959
978,18274.252706354964,18966.08129365486,0.14433,True,18966.08129365486,3.785810552238389,18298.155695608628,0.13080145950565836,18388.535719419695,0.6253772173402616
979,24346.254642464457,25262.643369145462,0.09066,True,25262.643369145462,3.7639823461085964,24372.97270290139,0.10974197398860852,24304.828452711125,-0.17015426135023048
980,15763.367563901184,16369.967356290925,0.17729,True,16369.967356290925,3.8481611872001276,15793.468707616152,0.19095630164649435,15899.317956667237,0.8624451102528852
981,9335.298298110343,9490.306392558448,0.35972,True,9490.306392558448,1.6604514338816712,9156.087716873859,-1.9197092102858693,9356.7110811781,0.22937438509160746
982,8619.198192339501,8894.518981853582,0.11998,True,8894.518981853582,3.194273798678604,8581.282060725565,-0.43990323424323297,8579.023204332323,-0.4661105025161705
983,37062.780769680096,39658.354268086354,0.04882,True,39658.354268086354,7.0031806694051735,38261.71204231973,3.2348659429797477,37301.53505376087,0.6441888037610255
984,11694.257650685344,12064.917813906088,0.15381,True,12064.917813906088,3.169591215557155,11640.029439683636,-0.4637165745918881,11788.957591529665,0.8097986522365597
985,49621.47932196048,51747.58776297697,0.06743,True,51747.58776297697,4.2846534808476555,49925.200841351805,0.6120767126281734,49542.3617830304,-0.15944212065251984
986,9235.727945758956,9495.99361680373,0.14986,True,9495.99361680373,2.818030939989824,9161.57465500856,-0.8028960054463963,9257.062019469131,0.2309950426806484
987,34021.35325244022,34511.40051225431,0.28322,True,34511.40051225431,1.4404108389749037,33296.01777347673,-2.132000669054701,33812.312822420994,-0.614438903908765
988,32893.36855633199,34714.44942008736,0.03342,True,34714.44942008736,5.536316113798612,33491.91593882918,1.819659733153034,32543.785333963104,-1.0627772031624017
989,22308.561207285937,22660.29607781161,0.13371,True,22660.29607781161,1.5766811102582379,21862.27188001696,-2.000529407173146,21907.247965013772,-1.7989203272378518
990,22466.83693813805,22753.623351325383,0.33678,True,22753.623351325383,1.2764877137667163,21952.312461144968,-2.29015093851358,22369.24014396414,-0.4344038034488018
991,16162.51727071358,16651.820655239946,0.13687,True,16651.820655239946,3.0273958958916714,16065.396021837647,-0.6009042233286133,16181.749777300472,0.11899449983414634
992,12604.507945452962,12706.620646988771,0.33411,True,12706.620646988771,0.8101284237172157,12259.133521768763,-2.7400865244310624,12501.374869524903,-0.8182237368913992
993,9604.356766693949,9879.389477559453,0.17781,True,9879.389477559453,2.86362447321058,9531.468522093646,-0.7589081327451841,9665.803449664896,0.6397792633446642
994,5150.343944982292,5262.053989995032,0.24096,True,5262.053989995032,2.1689822312075613,5076.741035579149,-1.429087264644724,5174.897490546223,0.4767360360049766
995,18373.891462055184,18893.929762615386,0.22146,True,18893.929762615386,2.830311159909482,18228.545114055414,-0.7910482561624521,18497.67322539217,0.673682891795746
996,36269.25333005309,38455.21387024399,0.03669,True,38455.21387024399,6.027034855938407,37100.94245673531,2.2930969080443564,36658.1069197926,1.0721301213479917
997,30586.134175777235,32128.04887182146,0.12271,True,32128.04887182146,5.041221251377848,30996.60026498937,1.3420005511425748,31115.328727890846,1.7301779593078104
998,47590.85505180789,50498.61593152938,0.03275,True,50498.61593152938,6.109915185503745,48720.213860783326,2.373058453658805,47662.437853054485,0.15041293367952235
999,72535.95839792125,76106.07197204378,0.11131,True,76106.07197204378,4.921853454444514,73425.85601969081,1.2268365117445779,72936.79096763865,0.5525984333432099
1000,25086.723060215085,25586.478511855777,0.17147,True,25586.478511855777,1.9921113269403046,24685.403392682594,-1.5997293331983298,24882.925252704277,-0.8123731705477644
1001,19900.84500077291,20206.265800236844,0.13029,True,20206.265800236844,1.5347127192441912,19494.66481319375,-2.041019803748967,19554.138849169845,-1.7421679913069088
1002,61982.42292152572,65818.91448449383,0.0472,True,65818.91448449383,6.189644389709303,63500.979791547164,2.449979846615613,61844.82397388973,-0.22199672286157268
1003,62170.18694832834,64372.68232106803,0.04034,True,64372.68232106803,3.5426873890056942,62105.67936608629,-0.10375967229383498,59320.01703631801,-4.584464116826926
1004,11585.35608824232,11802.198485152405,0.35944,True,11802.198485152405,1.871693845734712,11386.562257541536,-1.7159060902973478,11630.457523576402,0.38929692786788817
1005,67241.18291001367,69911.3637036513,0.14049,True,69911.3637036513,3.9710497021015145,67449.305849475,0.309517070423726,67284.32016703037,0.06415303114823967
1006,33131.29796397773,33910.726451958326,0.30761,True,33910.726451958326,2.352544379118604,32716.497560132157,-1.2519895969562378,33179.394867876996,0.145170599568889
1007,33362.3738014684,34773.59754738344,0.05072,True,34773.59754738344,4.229986014523135,33548.98105552935,0.5593344621441121,33016.17256560253,-1.0376996490898072
1008,5545.534618771594,5604.684549931373,0.37564,True,5604.684549931373,1.066622701435449,5407.305227238826,-2.4926251666496313,5536.458249417721,-0.16366987094714736
1009,21126.662865325547,21808.79774551597,0.1645,True,21808.79774551597,3.228786697353847,21040.76063488119,-0.40660577106734763,21295.236920157018,0.7979208827540107
1010,17111.372465775115,17744.62431886186,0.12905,True,17744.62431886186,3.7007659926363567,17119.71458517604,0.04875190121429451,17269.046667078,0.92145853068335
1011,7233.198533303032,7566.14839828937,0.08825,True,7566.14839828937,4.603079307907465,7299.692501808283,0.919288585804745,7264.387076230429,0.431186048382326
1012,14511.890709769452,14851.84615165427,0.28049,True,14851.84615165427,2.342599242812371,14328.810946366342,-1.261584496910939,14562.165242107645,0.34643681752886124
1013,7005.876884523932,7260.0401887555345,0.22013,True,7260.0401887555345,3.627858559619468,7004.364458496141,-0.021587961831470714,7109.208864535956,1.4749328558754105
1014,28240.75213235452,30075.688165084983,0.0509,True,30075.688165084983,6.49747579005957,29016.51723286732,2.7469703953955094,28485.880545832115,0.8679953434978183
1015,30018.601713107524,31085.48504771352,0.03184,True,31085.48504771352,3.554074053156664,29990.752252383918,-0.09277401056108081,29198.89353388373,-2.730667427676592
1016,89201.98494712399,95096.86699454588,0.03861,True,95096.86699454588,6.60846510412989,91747.8551045196,2.8540510156861654,89464.17093641136,0.29392394064189364
1017,24744.688139000744,25467.36645867848,0.16962,True,25467.36645867848,2.9205392107516825,24570.486090551713,-0.7039977528529362,24731.592805762768,-0.05292179543510134
1018,20745.64116571553,21423.764864984067,0.13618,True,21423.764864984067,3.2687526688218727,20669.287398696204,-0.3680472751331876,20646.998902279916,-0.47548428437406143
1019,55275.46075328366,59771.67510654009,0.02851,True,59771.67510654009,8.134196064551723,57666.70512230211,4.3260505411099714,56000.16826637648,1.3110836223102273
1020,78224.73581007379,81198.26100040288,0.16517,True,81198.26100040288,3.80125948593637,78338.71420213241,0.14570633045709602,78203.12565430846,-0.027625731862868097
1021,19862.55016401844,21403.29292554892,0.02561,True,21403.29292554892,7.7570238907266775,20649.536416436065,3.962161182320245,19847.459273256194,-0.07597660238807258
1022,56037.860469343694,59229.23259559496,0.04517,True,59229.23259559496,5.6950285030906045,57143.36572669847,1.9727827723893032,54755.95518968085,-2.2875699909423397
1023,19723.35496455821,20158.085023649302,0.29375,True,20158.085023649302,2.20413849404566,19448.180811681585,-1.3951690945637751,19759.172840636533,0.1816013357904156
1024,47965.50548966976,49810.2572948661,0.06256,True,49810.2572948661,3.845996797831397,48056.09704545072,0.18886813524869872,46913.96628514174,-2.1922821281524785
1025,68022.42805550876,71470.48411912596,0.11186,True,71470.48411912596,5.0689988025764965,68953.51895859533,1.368799864548742,68407.00354325182,0.5653657164799153
1026,8306.528957792138,8526.13582926397,0.2355,True,8526.13582926397,2.643786262441483,8225.872201548225,-0.9710043347077035,8346.911540029148,0.48615471567252655
1027,22994.18660064062,24072.481084883184,0.06019,True,24072.481084883184,4.689422169917168,23224.72418264654,1.0025907243855103,22970.69031320377,-0.10218359903279017
1028,34693.69304623198,35548.30595754414,0.13482,True,35548.30595754414,2.463309138561054,34296.40667752963,-1.145125623187293,34113.46591451886,-1.6724282737496932
1029,35844.52163456554,36620.088916856985,0.19895,True,36620.088916856985,2.1636982359489743,35330.444819503,-1.4341851742465717,35583.8500797858,-0.7272284379668537
1030,31944.077787813774,33193.56759954505,0.09353,True,33193.56759954505,3.9114912630470178,32024.594781863863,0.25205609185188216,32047.379517677742,0.3233830400431126
1031,27180.98502403732,27908.634660358886,0.18609,True,27908.634660358886,2.6770539613559796,26925.780521564786,-0.9389082192821419,27118.173620661004,-0.23108582459675509
1032,27657.537512354884,28443.415439570694,0.12526,True,28443.415439570694,2.8414602235095954,27441.72800747535,-0.7802918274381065,27514.161899439692,-0.518396161809942
1033,264346.86538423016,321345.4244664677,0.0079,True,321345.4244664677,21.56203327752335,310028.6515657846,17.281001654835435,290943.219530153,10.061157376413309
1034,68363.96891246678,69941.39249756106,0.17354,True,69941.39249756106,2.3073902966546767,67478.2771239204,-1.2955534949710357,67738.51620642135,-0.9148864760123221
1035,58981.11662925539,64536.566812248166,0.01698,True,64536.566812248166,9.419031887635043,62263.792362085784,5.565638496579672,59039.99920412219,0.09983292659059284
1036,22559.62070590955,24341.021713807128,0.02511,True,24341.021713807128,7.896413823264914,23483.80765711688,4.096642240821158,22698.415127927925,0.6152338455850836
1037,19897.197947633274,20182.651280256785,0.24533,True,20182.651280256785,1.4346408643809205,19471.881922169407,-2.1375674433316783,19763.532854308516,-0.6717784769320168
1038,39327.39858341418,40474.02579971168,0.06592,True,40474.02579971168,2.9155938546646665,39048.65819377111,-0.7087689490873794,38600.55521359459,-1.8481857331039575
1039,15762.140359497882,16238.276082413233,0.06201,True,16238.276082413233,3.020755506903239,15666.415185285568,-0.6073107587487803,15637.241696062561,-0.7923965945402789
1040,10287.84258787965,10468.924221724646,0.28228,True,10468.924221724646,1.7601516770710868,10100.241710908062,-1.823520095385256,10283.045033488557,-0.04663324064410057
1041,9844.128704157758,9963.836885316166,0.37612,True,9963.836885316166,1.2160363273983732,9612.941958345333,-2.3484734176096422,9826.101610907763,-0.1831253307606695
1042,67507.63444968035,69907.3103540497,0.17825,True,69907.3103540497,3.55467336980686,67445.39524606935,-0.09219579995413119,67693.18721774736,0.2748619020346732
1043,84219.52389948677,92512.8063849678,0.03146,True,92512.8063849678,9.847220812336577,89254.79696410302,5.978747957095654,86237.05127397875,2.395557800706438
1044,67454.9714028473,69708.60107510435,0.09824,True,69708.60107510435,3.3409393338827087,67253.68388155462,-0.29840279686810245,67175.62396351011,-0.4141243166035924
1045,12211.309999823185,12406.680641904371,0.36521,True,12406.680641904371,1.599915505248961,11969.756458188838,-1.9781132543342572,12222.382695248243,0.09067573769905302
1046,21327.36333028998,21784.005980157883,0.27235,True,21784.005980157883,2.1411115982600704,21016.8419573501,-1.455976381753965,21373.112471765446,0.214509129736129
1047,83488.7089719435,86602.62040880798,0.11071,True,86602.62040880798,3.7297395961781055,83552.74910786214,0.07670514577025056,83381.07810280031,-0.1289166768399297
1048,48551.499055159984,50165.12938814207,0.1043,True,50165.12938814207,3.3235437924353795,48398.47166223371,-0.3151857221801113,48196.356505779324,-0.7314759714775798
1049,32119.78093416705,32952.29490005708,0.06808,True,32952.29490005708,2.5919042461602038,31791.81894630907,-1.0210592299186971,31379.164644580058,-2.3057949588914273
1050,15615.94678252228,16263.862753450456,0.11834,True,16263.862753450456,4.149066207457475,15691.100774423481,0.48126439560689516,15615.722301096628,-0.0014375140283129362
1051,52429.406211414025,55580.790598234205,0.05531,True,55580.790598234205,6.010719202335957,53623.41035582072,2.2773558403313743,51634.44251466914,-1.5162553883202645
1052,9010.968503749587,9492.151313239132,0.05036,True,9492.151313239132,5.339967721442118,9157.867665263751,1.6302261122435047,8959.477327409899,-0.5714277695928249
1053,82910.42168669998,87498.50505889587,0.02721,True,87498.50505889587,5.5337836653795325,84417.08352459261,1.8172164695844595,81704.13073146094,-1.4549328428184127
1054,18296.096446456428,18865.120835039957,0.18881,True,18865.120835039957,3.1100862976361165,18200.750746097336,-0.5211259168758864,18405.827984465817,0.599753823612148
1055,25265.53597583767,26203.615226200094,0.08613,True,26203.615226200094,3.7128808637170607,25280.806497293695,0.060440124724170374,25004.970571282607,-1.0313076469236626
1056,24940.427153721303,25070.771452128916,0.21958,True,25070.771452128916,0.5226225581632216,24187.857909981132,-3.0174673396797913,24527.004075701083,-1.6576423309515476
1057,27641.424564894765,28422.86464736008,0.12007,True,28422.86464736008,2.827061538129838,27421.90094938593,-0.7941834365065126,27630.21191473482,-0.04056466096246103
1058,94529.89491322024,98300.73130339308,0.02937,True,98300.73130339308,3.9890411320508967,94838.88941166995,0.32687489892311294,90505.49242196893,-4.25728019156878
1059,5262.059686865524,5437.003871561982,0.1621,True,5437.003871561982,3.3246332255244315,5245.529733796494,-0.3141346554903168,5330.922815963659,1.3086725198123927
1060,34996.850259951374,35435.98082684074,0.08922,True,35435.98082684074,1.2547716826730726,34188.037283856946,-2.311102199445625,33588.80576977617,-4.023346328930922
1061,7146.837360077734,7356.276509489607,0.09303,True,7356.276509489607,2.9305151196220125,7097.211639371281,-0.6943731640468354,7068.3565913586235,-1.0981188568457534
1062,33672.40635705576,35485.23022466552,0.04673,True,35485.23022466552,5.3837075033691395,34235.5522731349,1.6724255169281443,33682.523057772545,0.030044483929980714
1063,9142.860741209688,9330.925780599577,0.13412,True,9330.925780599577,2.0569605587693385,9002.31998766664,-1.537163886895787,9027.06856941857,-1.2664763805184776
1064,84388.02679981709,87836.6711743746,0.13695,True,87836.6711743746,4.086651276653597,84743.34049545559,0.4210475219208032,84461.11614425584,0.08661103619844734
1065,9081.900475620843,9233.477396405313,0.33399,True,9233.477396405313,1.6690000203300803,8908.303428385696,-1.9114616781052085,9094.960009007971,0.143797362921827
1066,40566.782399918695,41861.01071898411,0.09308,True,41861.01071898411,3.190364733161588,40386.7978762578,-0.44367463479493274,40070.99860914563,-1.222142258869563
1067,45012.13626455824,46984.62940988841,0.06074,True,46984.62940988841,4.382136261511493,45329.97886760273,0.7061264570434433,44290.668357720846,-1.602829740399292
1068,41384.99304079698,43367.61288910632,0.07688,True,43367.61288910632,4.790673388189015,41840.342267078326,1.100276193915195,41215.98717915326,-0.4083747494583845
1069,14459.427660527652,14600.830581129852,0.32318,True,14600.830581129852,0.9779288912534989,14086.635352981404,-2.5781954604186863,14354.879518396634,-0.7230448160574166
1070,9765.434832496778,9906.099794625576,0.29357,True,9906.099794625576,1.440437262053118,9557.238185989292,-2.131975176514034,9743.620764685189,-0.223380404311313
1071,49616.64482712379,50962.81613951593,0.13726,True,50962.81613951593,2.7131445850127944,49168.06640070224,-0.9040885936251852,49095.49348914402,-1.0503558630285958
1072,28569.338527340107,29486.414534723925,0.09334,True,29486.414534723925,3.210000842358318,28447.995962251945,-0.4247300474669369,28276.722612116224,-1.024230627334466
1073,71052.10974092867,74352.5689635484,0.09995,True,74352.5689635484,4.645124873355511,71734.10585974075,0.9598534389742674,71365.80815534918,0.44150471472883535
1074,45942.46520023986,49113.64070854051,0.07431,True,49113.64070854051,6.902493138927368,47384.01309941208,3.1377243099368846,46748.44827592492,1.7543313624382106
1075,13630.869552737237,14249.691314501031,0.11453,True,14249.691314501031,4.5398553582337575,13747.862104457707,0.8582911843432406,13738.460945717206,0.789321565757084
1076,13574.185298704122,14149.248195052796,0.079,True,14149.248195052796,4.236445014520118,13650.956275058394,0.5655659965213555,13690.26282325003,0.8551343744879425
1077,29043.2229607636,29852.512528163206,0.07363,True,29852.512528163206,2.7865005495186557,28801.201138380922,-0.8333159949556634,28609.617763455044,-1.4929651502326058
1078,40574.35163757913,41368.63191757661,0.35369,True,41368.63191757661,1.9575920450737083,39911.75910415332,-1.6330329547696976,40590.49621420365,0.03979010377967995
1079,13724.846961910333,14389.359847582178,0.15133,True,14389.359847582178,4.841677925561028,13882.611952068615,1.14948451225807,13896.819493892915,1.2530014539313017
1080,40229.6592989431,41447.20120476157,0.16451,True,41447.20120476157,3.026478292473289,39987.56142871071,-0.6017895116470773,40084.12206124169,-0.3617660209845108
1081,38362.176970616914,38949.40355174447,0.26677,True,38949.40355174447,1.5307436321388534,37577.72833544418,-2.0448491121178303,38099.94651974126,-0.6835650934943316
1082,38428.19650763624,39549.68332436747,0.16005,True,39549.68332436747,2.9183956538485267,38156.86814668473,-0.7060658204388948,38157.68917304126,-0.7039292997818025
1083,35412.96368657641,37784.4303090883,0.05066,True,37784.4303090883,6.696605919517573,36453.78177815127,2.9390877893944456,35440.9789028077,0.07911005833693974
1084,42814.11282028733,43957.88992157233,0.23206,True,43957.88992157233,2.6714955091700965,42409.83160313945,-0.9442709203034361,42857.126042263226,0.10046505496084102
1085,100223.15672837084,107563.37462191796,0.06467,True,107563.37462191796,7.323874175546963,103775.33163033533,3.544265634729249,102137.35949337207,1.9099406040354427
1086,25544.613698841215,26696.367157143428,0.06354,True,26696.367157143428,4.508791841132687,25756.205258487942,0.8283216263956561,25508.854283637145,-0.1399880836940981
1087,58572.154691947006,60401.64608955761,0.09478,True,60401.64608955761,3.1234831759777038,58274.490513100085,-0.5082008343596844,57584.82754623897,-1.685659595247535
1088,171681.4904657181,183330.77048246423,0.03617,True,183330.77048246423,6.785402424655862,176874.43864359654,3.024757161527214,169952.77162158355,-1.006933734932669
1089,32499.396441412813,33563.44357715746,0.05484,True,33563.44357715746,3.2740519894356224,32381.4448934724,-0.3629345798868866,31930.308084492655,-1.7510736174625952
1090,21921.35461084099,23022.7312577092,0.04058,True,23022.7312577092,5.024218012163972,22211.94323535122,1.3255961124159832,21972.246845261678,0.2321582553822532
1091,61404.04242836302,65411.62593301477,0.02901,True,65411.62593301477,6.52657927094491,63108.034658991186,2.7750489434244185,60149.70883462732,-2.042754099128019
1092,168903.9142851342,185152.15975227644,0.01113,True,185152.15975227644,9.619815820083865,178631.6843247318,5.759351451841255,168478.20751586912,-0.2520407955415638
1093,49732.78404594708,53024.90302454651,0.04314,True,53024.90302454651,6.619615293521286,51157.53308577785,2.864808530554974,49720.21208365483,-0.025279023753510543
1094,23930.89556857324,24917.64594350167,0.15311,True,24917.64594350167,4.123332418132564,24040.124999083615,0.4564368692236531,24164.981230462537,0.9781734294837863
1095,6233.93081849341,6310.86369103623,0.19031,True,6310.86369103623,1.2340989141970127,6088.6149650206025,-2.331046938180914,6146.776447595054,-1.3980644546103371
1096,42262.06743576077,43766.43741129161,0.17862,True,43766.43741129161,3.5596222967972713,42225.121446771846,-0.08742115857224286,42644.166903039295,0.9041192030165623
1097,17165.73812521278,18111.338673296414,0.1019,True,18111.338673296414,5.508650669060056,17473.514416008933,1.792968578170795,17362.39409717846,1.1456307356619622
1098,24007.05080095349,24632.254133264752,0.2815,True,24632.254133264752,2.6042487996336128,23764.783788787645,-1.0091494127059675,24166.957612552676,0.6660826976416345
1099,10277.117849563365,10404.801238108974,0.34162,True,10404.801238108974,1.2424046353719076,10038.376936646071,-2.3230337183244187,10249.551217486585,-0.26823310270739364
1100,8313.362599016802,8599.048610727186,0.16535,True,8599.048610727186,3.4364675942821554,8296.217224684879,-0.20623874067458026,8378.158581415244,0.7794196587323832
1101,45187.88189146237,46651.120180328006,0.12783,True,46651.120180328006,3.2381209908891373,45008.21478181552,-0.39760020192669554,44990.665467779465,-0.436436529945361
1102,35389.116566440025,37687.75737033617,0.04266,True,37687.75737033617,6.495332539823773,36360.513355568364,2.744902623677037,35618.76542831324,0.6489251051013722
1103,23895.02869926549,24843.29958723193,0.13079,True,24843.29958723193,3.968486080937783,23968.39688712619,0.3070437319163011,23995.832803187044,0.4218622425201435
1104,13804.243421663146,14098.808451456647,0.28525,True,14098.808451456647,2.1338730475531698,13602.292860234917,-1.4629600135224075,13857.26724485489,0.3841124904283566
1105,9465.495265622922,9640.921528184124,0.35511,True,9640.921528184124,1.8533236522585428,9301.398662193695,-1.7336293434660255,9501.967586502999,0.3853186743702386
1106,31589.8310811009,32842.19370065797,0.05321,True,32842.19370065797,3.9644486111428234,31685.59516409043,0.30314844908057026,30959.97763198233,-1.993848740442905
1107,18333.317089202024,18902.22212839558,0.13395,True,18902.22212839558,3.103121145101606,18236.545448852128,-0.5278457786937696,18260.047917761087,-0.39965038014910803
1108,15870.220204798426,16324.03721559154,0.10822,True,16324.03721559154,2.859550812381917,15749.15608169064,-0.7628383320804955,15841.761707874874,-0.17932011374958146
1109,24612.72857184345,25276.75020375976,0.11456,True,25276.75020375976,2.69787898557472,24386.58273926831,-0.9188165867714759,24429.597820776627,-0.744048960407917
1110,14748.55767462893,15104.382084148843,0.36704,True,15104.382084148843,2.4126047941082307,14572.453359365349,-1.1940443204593643,14869.10490865406,0.8173493075360305
1111,20961.21941387014,21702.338037666374,0.1091,True,21702.338037666374,3.53566559828018,20938.050102358444,-0.11053417768417395,20961.551626360833,0.0015848910511095937
1112,71018.20256527203,73771.12829423163,0.07272,True,73771.12829423163,3.8763663814631366,71173.14169797284,0.2181681978763228,70090.9113567855,-1.3057092055156927
1113,11348.5172125418,11741.622547770445,0.13729,True,11741.622547770445,3.4639356654823983,11328.11961372595,-0.1797380083567779,11371.01962375691,0.19828503401522202
1114,66238.62452741255,76280.46185698247,0.01406,True,76280.46185698247,15.160093376356487,73594.10444259591,11.10451789671345,68471.76486046774,3.3713567408559575
1115,8365.998908670315,8753.025022132408,0.18273,True,8753.025022132408,4.62617934435765,8444.771072246758,0.9415751117873628,8514.403017318156,1.7738958642946834
1116,31921.235367748217,32367.54062399927,0.22919,True,32367.54062399927,1.398145313329513,31227.657872584346,-2.172777736116782,31561.223650356133,-1.1278126088936524
1117,26651.15887229237,27383.99993755299,0.15105,True,27383.99993755299,2.749753092434992,26419.621779936046,-0.8687693224366244,26558.209444215354,-0.34876317582440697
1118,32114.017579405456,33298.60514171822,0.13175,True,33298.60514171822,3.6886931365212705,32125.93323290233,0.03710421303535494,32268.569108024138,0.48125877815361484
1119,31277.34730843564,32814.191520632645,0.05629,True,32814.191520632645,4.913601518190491,31658.57913257678,1.2188751826735622,30899.84028889184,-1.2069662296520511
1120,6173.931311428384,6342.831324678544,0.12284,True,6342.831324678544,2.7356963453337046,6119.456799374804,-0.8823310352148561,6131.361410943026,-0.6895104324623369
1121,8765.339296783546,8953.599159131305,0.20245,True,8953.599159131305,2.1477760982605787,8638.281620392834,-1.4495465844355349,8760.28161893792,-0.0577008792743805
1122,34854.41095096243,36945.84090162988,0.02839,True,36945.84090162988,6.000474240146936,35644.72484621163,2.2674716734163436,34218.254037339306,-1.8251833735424494
1123,98193.06611011206,103596.91064251008,0.08555,True,103596.91064251008,5.50328525879642,99948.55400914533,1.7877921207437364,98974.36286347419,0.7956740575612464
1124,120869.30317112536,130109.68009559406,0.01006,True,130109.68009559406,7.644932734812149,125527.62729597185,3.8540175235818985,117212.88485726836,-3.0251008468877183
1125,10372.532264437206,10638.010853298094,0.14273,True,10638.010853298094,2.5594385449259516,10263.373644314466,-1.052381591494267,10334.914139080523,-0.36267060345195334
1126,18933.325022152865,19400.61488612749,0.21288,True,19400.61488612749,2.4680813508872523,18717.38638469654,-1.1405214731362134,18954.78642631452,0.11335253652775545
1127,28570.656566362315,30813.852770239748,0.04253,True,30813.852770239748,7.851398859760406,29728.686007480144,4.0532125624345605,28509.104873637032,-0.21543674567755522
1128,57026.87183206916,58765.99323858114,0.16871,True,58765.99323858114,3.0496524719666906,56696.44019960984,-0.5794314537054923,56691.54301478964,-0.588018957566161
1129,54061.01055745161,56521.25375288797,0.07032,True,56521.25375288797,4.550864236660557,54530.75336270718,0.868912364774177,53727.17262625315,-0.6175207006973826
1130,8877.552883037957,9035.03636618207,0.36,True,9035.03636618207,1.7739515068956768,8716.850865718643,-1.8102062520670814,8903.765896393079,0.2952729620479877
1131,25282.348513042303,25583.398644523764,0.3192,True,25583.398644523764,1.1907522409405846,24682.431988569617,-2.3728670782431904,25121.42421865003,-0.6365084885577632
1132,66382.26992484408,69044.85407440925,0.08904,True,69044.85407440925,4.010986898428848,66613.31195795248,0.3480478045869484,65371.37481121498,-1.5228390273089532
1133,27935.645914425328,28625.10231488268,0.19186,True,28625.10231488268,2.468016678652596,27617.016443754463,-1.140583867818612,27714.224714036536,-0.7926117085929052
1134,26583.740257044887,27431.993523457342,0.23933,True,27431.993523457342,3.190872534152378,26465.925183030824,-0.4431847169543479,26754.610526246575,0.6427623334771537
1135,8773.030059914701,8901.590128501546,0.33858,True,8901.590128501546,1.465400981289866,8588.104183878344,-2.107890600777851,8774.443474437823,0.016110904823873895
1136,44975.99151955295,46757.98222678206,0.08257,True,46757.98222678206,3.9620932124518227,45111.313483845326,0.3008760001067534,44883.27509396679,-0.20614648494374777
1137,29720.27036934016,30253.51804284256,0.35454,True,30253.51804284256,1.7942221483035592,29188.084502887818,-1.7906494787522265,29716.88601861986,-0.011387348359348515
1138,82497.53294591162,85530.83278835563,0.08951,True,85530.83278835563,3.676837032730118,82518.70646889991,0.02566564384680614,81947.38474678242,-0.6668662437334882
1139,43216.28180782984,44614.72590752997,0.2198,True,44614.72590752997,3.2359195219954673,43043.535896158195,-0.39972414202543716,43511.30628234847,0.6826697304282758
1140,27024.90462496574,27723.862130194582,0.08253,True,27723.862130194582,2.5863458721816945,26747.515097470612,-1.0264218554868587,26655.003395686348,-1.368742034107595
1141,13055.669945715208,14927.984921855485,0.00754,True,14927.984921855485,14.341010334400783,14402.268349086644,10.314280377571738,13181.18918957288,0.9614155717751371
1142,14461.538569796256,14856.35229517087,0.1127,True,14856.35229517087,2.7300948890680576,14333.158397712607,-0.8877352258478077,14288.161479096436,-1.1988841288431584
1143,48537.00265149665,51201.42014546902,0.08746,True,51201.42014546902,5.489456184806674,49398.26752569616,1.7744500631477589,48820.60934313845,0.5843102708219083
1144,11454.729691550136,12329.732093874663,0.03874,True,12329.732093874663,7.6387869979157585,11895.51779546257,3.8480882201663125,11637.448210501005,1.5951360169210727
1145,42543.72716693597,43645.94296790008,0.10012,True,43645.94296790008,2.5907833524767776,42108.87043785249,-1.022140649259895,42146.816729215905,-0.9329470268616524
1146,77851.1484831735,83942.9905144579,0.04983,True,83942.9905144579,7.8249867214239766,80986.78299467277,4.027730576353661,78479.16831461307,0.8066930850420428
1147,56702.553076527045,58999.71822825503,0.09968,True,58999.71822825503,4.051255238238882,56921.93413189822,0.38689802040323684,56746.48709816607,0.07748155815794355
1148,9117.506426308124,9309.604985388642,0.31941,True,9309.604985388642,2.106919919751604,8981.75004365536,-1.4889639371247987,9167.17526847823,0.5447634457025341
1149,10964.638951834708,11350.354324309184,0.15551,True,11350.354324309184,3.5178118875490716,10950.630623734456,-0.1277591370020259,11004.972003708554,0.367846602619748
1150,12259.722832298665,12494.967002695632,0.34083,True,12494.967002695632,1.9188375921289857,12054.93365165039,-1.6704225980439857,12297.768606265994,0.3103314364260923
1151,53069.99474996087,55963.8839952158,0.09098,True,55963.8839952158,5.452966895680844,53993.012410952375,1.7392458117629461,53628.8517054053,1.0530563609012722
1152,39530.60864356389,41424.39551103713,0.08334,True,41424.39551103713,4.7906848198290275,39965.55887963085,1.1002872229688654,39597.68642771182,0.1696856852186457
1153,20667.27327512944,21009.308604829028,0.30322,True,21009.308604829028,1.654961083381945,20269.42698156967,-1.9250062079477437,20615.248282118086,-0.2517264484713566
1154,15555.74407746204,16955.823778860864,0.01764,True,16955.823778860864,9.000403287858983,16358.693113727048,5.16175267648149,15396.293980799823,-1.025023913148826
1155,15185.43037539134,15431.771104430674,0.34547,True,15431.771104430674,1.6222176319647952,14888.312770352577,-1.956596538220312,15190.065818783023,0.030525597741348776
1156,20645.77460210552,21237.31063896442,0.10192,True,21237.31063896442,2.8651675621730988,20489.39950277365,-0.7574193865117818,20476.48574136515,-0.819968560167772
1157,25910.7526738431,26943.646045510624,0.12785,True,26943.646045510624,3.9863503182222537,25994.775763882422,0.3242788470754876,26185.35597464121,1.0598044150038177
1158,34792.90988470511,36056.1033057321,0.03933,True,36056.1033057321,3.6306058481825554,34786.3210037995,-0.01893742411152033,33888.01254784109,-2.6008095898348738
1159,16778.221033256534,17839.31355134375,0.03422,True,17839.31355134375,6.324225410930007,17211.069161370484,2.5798213484969024,16865.053988680927,0.5175337436089222
1160,6541.907893533204,6742.858737669707,0.12651,True,6742.858737669707,3.0717467657278785,6505.396507851783,-0.5581152513246534,6579.404869658672,0.5731810465038123
1161,78858.37237220533,82403.65493671996,0.0635,True,82403.65493671996,4.495759242634612,79501.6579636701,0.8157479949351787,78808.20479926729,-0.06361730711514912
1162,35057.37509504283,35858.16595596694,0.13192,True,35858.16595596694,2.2842293775649614,34595.35438355251,-1.317898759498537,34571.27915491499,-1.3865725508826587
1163,35942.69120166331,36469.348569058624,0.16012,True,36469.348569058624,1.4652697107192303,35185.0130715885,-2.1080172484127746,35523.458315247524,-1.1663925888676374
1164,60589.958058321,62152.12282943378,0.08168,True,62152.12282943378,2.578256894664155,59963.32098007227,-1.034225964714408,59418.17196078859,-1.9339608989405455
1165,10088.115589675945,10553.629434195524,0.09922,True,10553.629434195524,4.614477702812803,10181.963872804536,0.9302855651716957,10171.70050500535,0.8285483506448532
1166,36123.06368960359,37035.7083688907,0.1557,True,37035.7083688907,2.526487473845629,35731.427464556866,-1.0841722297199152,35847.689490328026,-0.7623223811849988
1167,10552.34593371734,10735.339507485594,0.1708,True,10735.339507485594,1.73415063264315,10357.274690102073,-1.8486054649892392,10476.090614543058,-0.7226385455259554
1168,46814.03750766036,47669.58060588256,0.318,True,47669.58060588256,1.8275353799214855,45990.80824158561,-1.7585094341414975,46664.288073000134,-0.31988147707986414
1169,33883.47695907369,34450.24539752739,0.3023,True,34450.24539752739,1.6726985814893514,33237.01634911658,-1.907893368611313,33762.701350687435,-0.3564439639182626
1170,46079.64010458067,50823.31800843777,0.04157,True,50823.31800843777,10.294520298099163,49033.48095407291,6.4102949649526675,47204.184675899494,2.440436966882986
1171,25165.55822265352,26904.84104708288,0.06363,True,26904.84104708288,6.911361985460318,25957.337355177704,3.146280823651426,25355.616639761804,0.7552322719279081
1172,18547.34433719196,18914.007473797705,0.29444,True,18914.007473797705,1.976903700819821,18247.9157515391,-1.614401394664522,18578.362772611683,0.16723922765331523
1173,33694.93709920384,34305.62828113397,0.26326,True,34305.62828113397,1.8124122924822572,33097.49219169867,-1.77309993411231,33592.495039097084,-0.30402804968931996
1174,40228.16694293869,42031.31343393734,0.05319,True,42031.31343393734,4.482298419304831,40551.10306642071,0.802761219371706,39673.615902378995,-1.3785143164646074
1175,35454.45545207986,36206.99727474541,0.12948,True,36206.99727474541,2.1225592469828802,34931.900962874,-1.473875377700118,34804.09375977443,-1.8343581476930715
1176,77047.26366358685,78417.60132233938,0.07222,True,78417.60132233938,1.7785675877288298,75655.98059270045,-1.8057527350500036,75015.0463943892,-2.6376241965853198
1177,101870.16871756512,111541.77461067397,0.03173,True,111541.77461067397,9.494051119050727,107613.62491224907,5.638015787141448,104111.59554812103,2.2002779211746093
1178,19052.016956847176,20061.435155785053,0.05926,True,20061.435155785053,5.29822223664933,19354.934647502603,1.5899507718344807,19068.698638877664,0.0875586142310869
1179,32235.543617393105,35288.44158567829,0.03769,True,35288.44158567829,9.470595577727291,34045.693909693204,5.615386276046563,33055.88851608514,2.5448458646418093
1180,50769.09529318268,53956.72286533785,0.04717,True,53956.72286533785,6.2786771238430905,52056.53716907056,2.5358771285033166,50943.91968298696,0.3443519897187386
1181,11657.024484743451,11814.638782040362,0.34871,True,11814.638782040362,1.3520971625580191,11398.564446387558,-2.217204216171653,11632.664629246492,-0.2089714706256407
1182,241802.1111020092,260760.83239114904,0.01223,True,260760.83239114904,7.840593782550442,251577.6578478574,4.042788005984033,228573.35980369957,-5.470899835414922
1183,27709.588001756856,33168.62031618577,0.00753,True,33168.62031618577,19.700878678105195,32000.526063185363,15.48539105365425,29256.426342777344,5.582321689237735
1184,93211.60373533017,97533.00096296173,0.12971,True,97533.00096296173,4.636115091316273,94098.1961137795,0.9511609530576948,93810.40682931081,0.6424126074269898
1185,13102.543540845292,13570.751876059534,0.10191,True,13570.751876059534,3.573415602510077,13092.832772876814,-0.07411360960721813,13145.970587459731,0.3314398191394119
1186,71211.90632829622,74485.22983177,0.07859,True,74485.22983177,4.596595811356785,71862.09483035882,0.9130334175652566,70995.01520949384,-0.30457142630402334
1187,60292.47710051356,65604.89503991777,0.02561,True,65604.89503991777,8.811079250480747,63294.49743717433,4.979096034910135,61288.65166350151,1.652236913947358
1188,17101.502381885784,18311.1889116049,0.02765,True,18311.1889116049,7.073568758499471,17666.32655889459,3.302775185454343,16916.946730414722,-1.0791780005629636
1189,71724.81513644238,75313.66312495717,0.07202,True,75313.66312495717,5.003635048326993,72661.3533143576,1.3057380156834775,72171.95648492369,0.6234123401094971
1190,30017.474162501905,30731.48247391765,0.18667,True,30731.48247391765,2.3786422120342543,29649.216533345843,-1.226810847449955,29921.111569691726,-0.32102165654749326
1191,89416.1525253108,91539.61744765342,0.07799,True,91539.61744765342,2.3748113314778774,88315.88067346263,-1.2305068164688904,86819.07985795532,-2.904478211160255
1192,32121.75547626501,33451.014062198374,0.09861,True,33451.014062198374,4.138187861231812,32272.974791628465,0.4707691504444389,32359.993252864144,0.7416710981912766
1193,40763.98034086941,41723.559080346495,0.15688,True,41723.559080346495,2.3539868566637923,40254.18685105625,-1.2505979189231686,40466.58809024564,-0.7295466442113097
1194,26682.71245220732,27230.92492614009,0.23481,True,27230.92492614009,2.0545605133462264,26271.937587900164,-1.5394794102845277,26578.343461369415,-0.3911483550439132
1195,91990.79630908051,97536.93889265983,0.04216,True,97536.93889265983,6.029018995492552,94101.99536200684,2.295011172457828,92122.86003923563,0.1435618947262851
1196,66930.12198381066,71295.52305686998,0.05414,True,71295.52305686998,6.522326485696883,68784.71947343758,2.770945927867152,67306.5474943187,0.5624156946839154
1197,56174.179150514254,58709.38275042181,0.05632,True,58709.38275042181,4.5131119639767014,56641.8233543952,0.8324896081310484,55376.2444395802,-1.4204652796012351
1198,81271.98226208055,85513.61326073781,0.04773,True,85513.61326073781,5.219056900789165,82502.09335876517,1.5135733895573544,80485.56618185055,-0.9676349196135248
1199,55026.45760378294,56360.843387635,0.03188,True,56360.843387635,2.4249894359187785,54375.992144870885,-1.1820958266943515,52797.76698069561,-4.050216423406672
1200,8524.040027093159,8616.382730461813,0.32008,True,8616.382730461813,1.0833208557814,8312.94089136328,-2.4765150686635984,8483.709604237749,-0.4731374175534375
1201,16500.17325497976,17227.275026764004,0.17226,True,17227.275026764004,4.406631133796157,16620.584704351022,0.7297586971392711,16741.486742653065,1.4624906293058348
1202,9594.75030923177,9785.983565174653,0.11297,True,9785.983565174653,1.9931029967385827,9441.352071507765,-1.5987725868844116,9501.757292565237,-0.969207260944116
1203,14270.505193504368,14670.783264601734,0.17269,True,14670.783264601734,2.8049327313202976,14154.12452344712,-0.8155329364949337,14294.419089215598,0.1675756771534198
1204,27984.58754825263,28685.04185353352,0.05094,True,28685.04185353352,2.503000282112877,27674.845100796178,-1.1068322765964589,26845.019630106115,-4.072126902644568
1205,20200.825442329424,20783.555261319,0.17725,True,20783.555261319,2.8846832059075567,20051.623959195582,-0.7385910222321934,20247.327086527795,0.23019675275710583
1206,25820.57455784928,26678.36180173174,0.21599,True,26678.36180173174,3.3221074998182054,25738.83399493715,-0.3165714330988001,25972.564520514818,0.588638964346111
1207,16111.05283910247,18625.90055152703,0.00962,True,18625.90055152703,15.609456051940175,17969.95504689659,11.53805543534967,16788.025491246135,4.201914418036123
1208,104023.2511947505,114675.75065499768,0.01713,True,114675.75065499768,10.240498482693795,110637.23219924979,6.35817562759764,104945.98750679768,0.8870481372665884
1209,63786.76217759529,70709.43014157185,0.04445,True,70709.43014157185,10.852828592714037,68219.2669031269,6.948941401337505,65307.89448307677,2.3847147175245276
1210,44784.505944918106,46210.28966694044,0.06278,True,46210.28966694044,3.1836540159133397,44582.90892951807,-0.45014902173530214,44198.23175527972,-1.3091004964071007
1211,24817.139937049127,27355.21924997734,0.01311,True,27355.21924997734,10.227122542590639,26391.854657453972,6.345270745941112,25143.368982091684,1.3145311904194656
1212,98898.74851047344,106082.45910840297,0.04079,True,106082.45910840297,7.263702226898028,102346.56929304612,3.486212752436968,98164.96057235655,-0.7419587701245622
1213,124046.05367185525,134349.04308524355,0.03858,True,134349.04308524355,8.3057776595161,129617.6932844984,4.491589573161314,124710.34903142271,0.535523170551433
1214,5000.2806018540405,5085.532976969597,0.27597,True,5085.532976969597,1.7049518197828073,4906.4365362007475,-1.8767759877015067,5008.097131822689,0.15632182653411153
1215,160602.73479780587,187182.99854094023,0.01077,True,187182.99854094023,16.550318259896457,180591.00337289402,12.44578344213927,167142.15852895603,4.071800981087348
1216,41912.464183684606,43376.59976481062,0.16805,True,43376.59976481062,3.4933178223769623,41849.01265334886,-0.15139059840926228,42150.45483840286,0.5678278749615906
1217,11865.99033071522,12317.884217444353,0.09996,True,12317.884217444353,3.808311604294845,11884.087163893113,0.1525100954367753,11973.01705488325,0.901962003887613
1218,12678.972310532168,13621.300376149917,0.04502,True,13621.300376149917,7.432211716678139,13141.601114133622,3.648787869164738,12902.531871146899,1.7632309239213662
1219,62275.02615324398,66077.6880912755,0.07508,True,66077.6880912755,6.106239006105074,63750.64020760735,2.36951173771045,62324.709703591056,0.07978085826059189
1220,152301.3814457104,162822.6793730139,0.0142,True,162822.6793730139,6.908209122879128,157088.57785716234,3.143238994951858,147188.25173343177,-3.3572444739125795
1221,47157.10399035473,49451.47886239964,0.09375,True,49451.47886239964,4.8653854412141095,47709.953658429906,1.1723571239409702,47128.873125907274,-0.05986556013538591
1222,24812.28023390197,25286.002868077965,0.28728,True,25286.002868077965,1.9092265189264213,24395.509553915592,-1.6796951995444842,24761.840428104155,-0.20328565259752907
1223,100220.58393849988,110559.9687595852,0.03337,True,110559.9687595852,10.316627996729743,106666.3951683751,6.431624100125655,101308.65182215312,1.0856730632510692
1224,13555.886693633016,13786.57053592846,0.34456,True,13786.57053592846,1.7017244796225128,13301.050979851409,-1.8798896711146096,13569.568234800072,0.10092693658676488
1225,36076.71593683302,37682.31596979615,0.06878,True,37682.31596979615,4.45051604967146,36355.26358400292,0.7720981246120306,35860.24482687701,-0.6000299759407968
1226,41976.29683612477,43200.56233291231,0.25962,True,43200.56233291231,2.916563844512221,41679.174704894634,-0.7078331192246434,42196.25872147642,0.5240145080219527
1227,10035.1960115372,10249.408933578528,0.28111,True,10249.408933578528,2.134616222693131,9888.457059251641,-1.4622430106682294,10069.46220792512,0.34146016030505155
1228,41322.68346523584,44243.1156261331,0.04353,True,44243.1156261331,7.067382647969067,42685.01255747759,3.2968069302369063,42119.81046029877,1.929030082795924
1229,26865.800596678622,27375.60171176884,0.30388,True,27375.60171176884,1.8975839311233589,26411.51931319102,-1.6909277721050442,26855.458268588263,-0.038496258665887684
1230,54178.90304898531,56956.91073316818,0.11849,True,56956.91073316818,5.127471262515537,54951.06787742525,1.4252131087663322,54899.26590262081,1.329600292911426
1231,44426.15830715329,47307.94049683432,0.02898,True,47307.94049683432,6.486678793509415,45641.903957211616,2.736553635029426,44458.03392132836,0.07174965243379461
1232,235861.15475486816,276037.4803120562,0.00724,True,276037.4803120562,17.033888263179044,266316.31038422894,12.91232363422159,243312.63819603663,3.159266920791959
1233,42933.53921345925,43356.67649361281,0.22465,True,43356.67649361281,0.985563472999007,41829.791016960255,-2.5708297445764194,42276.12804127288,-1.5312298595226759
1234,133314.0455814679,148772.11179544777,0.03314,True,148772.11179544777,11.595227004444553,143532.82697930498,7.66519488120434,135578.39066730306,1.6985045168788515
1235,58795.52099145445,61827.72313615879,0.11987,True,61827.72313615879,5.157199211050534,59650.3456214177,1.4538941326627475,59432.50988551656,1.0833969719473924
1236,107933.31938376352,118481.75391875666,0.06684,True,118481.75391875666,9.773103055866873,114309.20002538979,5.907240394373892,111391.33039531665,3.2038401406501382
1237,43450.18537769022,47380.40595899517,0.0356,True,47380.40595899517,9.045348246829231,45711.81741422169,5.205114815672851,44514.14294497213,2.448683608673874
1238,24038.629326117734,25198.83216987938,0.07849,True,25198.83216987938,4.826410141867354,24311.408732927008,1.1347544117787933,24136.078064137237,0.4053839205949483
1239,27288.606431123782,27872.54906947188,0.18471,True,27872.54906947188,2.139877094207665,26890.965751439373,-1.4571674104650656,27111.633333322392,-0.6485237648469533
1240,7916.080264669136,8546.398877656566,0.01892,True,8546.398877656566,7.962509119578454,8245.421649249865,4.160409869144943,7925.018528649643,0.11291275077640606
1241,10098.19471702924,11081.217840856374,0.02241,True,11081.217840856374,9.73464219470237,10690.972278853498,5.870134003502803,10159.76160291087,0.6096821026614352
1242,9000.454696532683,9141.711796217078,0.36967,True,9141.711796217078,1.569444038630774,8819.76952337143,-2.007511611950674,9014.860646088076,0.16005801974585676
1243,56375.71390906612,58618.06886965776,0.07334,True,58618.06886965776,3.9775194052682927,56553.725260670915,0.31575893103885644,55580.33707369213,-1.4108501342562807
1244,23465.191484271945,25275.968057678383,0.0332,True,25275.968057678383,7.71686254774504,24385.82813790643,3.923414195241315,23897.439724855158,1.8420827329405531
1245,26760.232018995823,28038.46413038448,0.11179,True,28038.46413038448,4.776610720270669,27051.037806906144,1.0867087688323895,26951.410261489396,0.7144117523266047
1246,14718.133689096976,16201.594755023423,0.00992,True,16201.594755023423,10.079138410227785,15631.025658619094,6.202498148242652,14280.724656855407,-2.9719055518947823
1247,34060.07562593756,35401.49352213992,0.13551,True,35401.49352213992,3.938387897121509,34154.764513316375,0.2780055112581836,34194.59430826478,0.394945342472397
1248,9878.042785852367,10239.415898761545,0.08904,True,10239.415898761545,3.6583473137689504,9878.815947620744,0.007827074503907738,9949.020845944018,0.7185437604432021
1249,30813.14197524336,31997.62064844604,0.15385,True,31997.62064844604,3.8440697613840946,30870.765312503776,0.18700896295065217,31022.552726471054,0.6796150532001777
1250,11029.903746110596,11220.371413599132,0.29564,True,11220.371413599132,1.7268298243826363,10825.225301405872,-1.8556684574595583,11019.38173256752,-0.09539533422298074
1251,34655.59228227638,35394.970485165235,0.27234,True,35394.970485165235,2.1335032939748366,34148.47119714194,-1.4633167455452734,34615.299690737935,-0.11626577093317714
1252,8723.317209073002,8816.970817717896,0.33228,True,8816.970817717896,1.0736008607767467,8506.464898482456,-2.485892756083674,8685.65207229816,-0.431775388560518
1253,30352.62209066376,31311.218421006142,0.04753,True,31311.218421006142,3.158199405240958,30208.53600782871,-0.474707201258151,29760.31563085428,-1.9514177656225318
1254,24511.62753296873,25355.302547032577,0.11245,True,25355.302547032577,3.441937965682129,24462.36871662473,-0.20096101851151404,24519.64126991501,0.03269361422655326
1255,35163.34155157785,35670.38381987953,0.21254,True,35670.38381987953,1.441962697310628,34414.18534236892,-2.1305034622777885,34733.01500179737,-1.22379310609394
1256,29510.82019411787,31938.405311770875,0.05894,True,31938.405311770875,8.226084878985752,30813.63535332699,4.41470332115268,30588.155891308037,3.6506464073299494
1257,44453.92231692708,46533.99608104262,0.07009,True,46533.99608104262,4.679168126686317,44895.21542410693,0.9926977962343209,44714.472053761,0.5861119182608343
1258,252014.4946385573,335639.2026210183,0.00243,True,335639.2026210183,33.182499325047424,323819.04791075643,28.492231518342702,286731.78364485793,13.775909618251369
1259,12567.575573152935,12968.687993295562,0.20784,True,12968.687993295562,3.1916451809487434,12511.971682230564,-0.44243928034261026,12660.559436935633,0.7398711329918761
1260,91366.37928110828,93283.64380179122,0.07198,True,93283.64380179122,2.0984354811566464,89998.48791694916,-1.4971495805371826,88488.22623563715,-3.1501226907721502
1261,12887.412583215098,13221.129062991851,0.16538,True,13221.129062991851,2.589476185556383,12755.522573200014,-1.0234017818818164,12910.69358187211,0.18064912958040136
1262,90804.42226489696,97321.60020166766,0.08577,True,97321.60020166766,7.1771591891842235,93894.24022091812,3.402717487709417,92666.12818578034,2.0502370638429523
1263,86370.05696920295,95420.16519103944,0.01155,True,95420.16519103944,10.478293681181071,92059.76775763724,6.587596428775155,87426.98784372861,1.223723720481651
1264,38634.77117149403,40723.55952335189,0.08865,True,40723.55952335189,5.406498572454432,39289.404126248,1.6944139564025296,38929.77193254421,0.7635628531115435
1265,26934.393248627177,27564.988425398624,0.32418,True,27564.988425398624,2.3412265906661567,26594.236423753908,-1.2629088085754692,27055.44379260268,0.44942740257076785
1266,62636.71276015517,65073.23873237336,0.0793,True,65073.23873237336,3.8899327005680995,62781.56438888804,0.23125675398631973,61846.73110593533,-1.2612118666648242
1267,34846.036861732435,35954.37702105959,0.09052,True,35954.37702105959,3.180677801969267,34688.1771982103,-0.4530204228059387,34280.17706898689,-1.6238856515903066
1268,24091.167800152285,25526.32455327555,0.14093,True,25526.32455327555,5.957190473407414,24627.367866905508,2.2257122245017635,24684.479095078288,2.462775154146968
1269,23811.874586100294,24182.1620606105,0.35178,True,24182.1620606105,1.5550538584070628,23330.542540146467,-2.0213950153878057,23774.281402212247,-0.15787578484052212
1270,15561.020572755704,17562.968490989155,0.01579,True,17562.968490989155,12.865145373167032,16944.45610294326,8.890390728032838,15727.363106640392,1.0689693076810336
1271,32530.92601643941,34461.81927460026,0.0718,True,34461.81927460026,5.935561924013721,33248.182630722265,2.2048453644399446,32768.99250744274,0.7318159061411977
1272,22039.795920436085,23410.35627919072,0.0556,True,23410.35627919072,6.218571005386675,22585.917325452552,2.477887758071673,22034.929776079563,-0.02207889934230378
1273,8745.688688377437,8903.799064398128,0.36151,True,8903.799064398128,1.8078665003341765,8590.235328015684,-1.7774856377902215,8777.523773766901,0.3640089022580062
1274,55387.34759897348,58838.760214622496,0.07338,True,58838.760214622496,6.231409816983158,56766.644552131984,2.4902744271943833,56058.29838052672,1.2113791518077344
1275,37779.42806892852,38365.527764209546,0.29735,True,38365.527764209546,1.5513725994255045,37014.414812645744,-2.024946632032154,37576.12713463073,-0.5381260243719543
1276,36375.3379179908,37421.52583827454,0.25424,True,37421.52583827454,2.8760912754745904,36103.65765884761,-0.7468803719588912,36580.32049310318,0.5635207446718971
1277,127810.71349725936,141811.29646255844,0.03634,True,141811.29646255844,10.954154454039022,136817.14962047176,7.046698885227265,130392.65923990976,2.0201324849858926
1278,23255.093158554755,23737.006671620224,0.17558,True,23737.006671620224,2.07229233518762,22901.064120732102,-1.5223720473139357,22976.75944989028,-1.1968720433273572
1279,5980.99152143707,6135.450738751753,0.08749,True,6135.450738751753,2.5825018604535677,5919.379503976705,-1.0301304932390565,5968.42976409223,-0.2100280078949579
1280,13275.198605879445,13473.314302769691,0.33274,True,13473.314302769691,1.4923746361316548,12998.826643774315,-2.0818668730329004,13255.981617117362,-0.14475857825261285
1281,28688.242527158534,29637.080150544865,0.11177,True,29637.080150544865,3.307409376813819,28593.355610013692,-0.33075193454257246,28686.176295166126,-0.007202365186542714
1282,24260.235635211862,24867.869642305606,0.20501,True,24867.869642305606,2.504650062886493,23992.101662310204,-1.1052405959012246,24270.119626342414,0.0407415297986935
1283,23405.31781331763,23932.85036339182,0.21461,True,23932.85036339182,2.2539003925596157,23090.01081502041,-1.3471596532554253,23340.212150304153,-0.2781661139266034
1284,25389.25980629258,26898.45923275475,0.04894,True,26898.45923275475,5.944243502869373,25951.18028823338,2.2132212054544853,25794.87768620898,1.5975963183293418
1285,47106.68456820082,50628.406977735656,0.04022,True,50628.406977735656,7.476056618750371,48845.43407547116,3.6910886919944152,47453.931571778645,0.7371501661830537
1286,36859.80385884253,37580.28001640582,0.30422,True,37580.28001640582,1.9546391519672968,36256.821015252,-1.6358818562890565,36824.35065578455,-0.09618391675050297
1287,238270.3295996496,261106.63208014503,0.03511,True,261106.63208014503,9.584198972178303,251911.279561841,5.724988917047047,241186.0869022701,1.2237181639525474
1288,57878.8261813767,59952.72212553119,0.17675,True,59952.72212553119,3.5831686317470357,57841.376235983,-0.06470405131635548,57987.74849256149,0.1881902560419091
1289,84163.92547132856,87576.96033265389,0.04954,True,87576.96033265389,4.0552229975157505,84492.77585091656,0.3907260477055807,82608.086803236,-1.8485813956272468
1290,81976.07727130204,85953.02758462017,0.01125,True,85953.02758462017,4.851354743599523,82926.03289528767,1.1588205432686571,77822.91895940852,-5.066305256530557
1291,102867.26567344478,109287.0579727657,0.06845,True,109287.0579727657,6.240850534222164,105438.31228698223,2.4993826721313894,102726.67618707634,-0.1366707722306404
1292,7915.032366732408,8077.829287179858,0.16656,True,8077.829287179858,2.0568067558598857,7793.353602718882,-1.5373122733515654,7840.407178295295,-0.9428285947480131
1293,40338.42456318158,42270.19057676467,0.06389,True,42270.19057676467,4.78889801597826,40781.56770926914,1.0985633447173182,39865.95534953022,-1.1712634262930566
1294,28271.135525851703,28568.171040547462,0.28481,True,28568.171040547462,1.050667082063761,27562.090109441866,-2.5080188794025293,27977.671561452,-1.0380338778092413
1295,30310.214427668765,31163.996093968835,0.11854,True,31163.996093968835,2.816811700021149,30066.498387073614,-0.8040723076266798,30066.70839591196,-0.8033794427218632
1296,97129.15836575325,107309.56716775832,0.03073,True,107309.56716775832,10.48131063142681,103530.4624746562,6.5905071315432995,98745.16465233234,1.663770502873918
1297,37056.759399907,41115.54871590676,0.03359,True,41115.54871590676,10.952898693051804,39667.58869507428,7.045487348183577,38310.73400761394,3.3839294855072533
1298,39013.23682511638,41297.37291965738,0.02254,True,41297.37291965738,5.8547720733350905,39843.009623517304,2.126900677635457,37834.512169609305,-3.021345449471191
1299,43960.72188482896,46777.41968759234,0.05121,True,46777.41968759234,6.407305617370729,45130.066418556875,2.6599757319532458,44047.71323932628,0.19788427206728354
1300,22060.746847722246,23258.808639906925,0.03484,True,23258.808639906925,5.430739949352059,22439.706716313987,1.7178016284197906,21644.90209717239,-1.8849985153280957
1301,25097.633625850733,25723.69699638731,0.2193,True,25723.69699638731,2.4945115538371976,24817.78947473073,-1.1150220586205517,25084.51345186415,-0.05227653802815091
1302,21003.540245283497,21531.45279346948,0.20479,True,21531.45279346948,2.5134455526112154,20773.182897795585,-1.0967548555993578,20947.184778982115,-0.2683141301097369
1303,24610.580067689367,25699.54310088865,0.05164,True,25699.54310088865,4.424775971164352,24794.486203293327,0.7472645305317549,24116.394154183425,-2.0080222089309707
1304,22087.359171183707,22507.4402003054,0.18547,True,22507.4402003054,1.901906995154734,21714.79910468233,-1.6867569527616366,22002.931535234726,-0.3822441392592135
1305,33420.39514250575,36365.07934018876,0.0336,True,36365.07934018876,8.81103944201367,35084.41587628068,4.979057628371786,34576.14616332673,3.4582206939589355
1306,23517.735621629505,23839.68274739527,0.2971,True,23839.68274739527,1.3689546091744775,23000.124268775147,-2.2009404356867823,23367.56115530272,-0.6385583575855391
1307,28323.35139148918,29584.42573334962,0.09357,True,29584.42573334962,4.452419222674964,28542.55551541416,0.7739342738615429,28629.36903087068,1.0804429008124172
1308,18276.98556369572,18682.794663177625,0.28905,True,18682.794663177625,2.2203283909572935,18024.845527277175,-1.3795493547873794,18325.145876819377,0.26350249583453333
1309,19414.826282250087,19777.12295446225,0.36328,True,19777.12295446225,1.8660824822491096,19080.63502569795,-1.7213198392491913,19460.79676937553,0.2367803165330029
1310,41759.381990922935,43305.96501647538,0.10861,True,43305.96501647538,3.7035582228889696,41780.865438194254,0.05144579791911408,41621.15040374235,-0.3310192358944142
1311,54702.6924027167,55187.26595327402,0.21906,True,55187.26595327402,0.8858312621798037,53243.74440838278,-2.667049701307689,53747.054470696086,-1.7469669042709746
1312,28317.867632168345,29192.81304420542,0.08552,True,29192.81304420542,3.089729154052412,28164.73419073525,-0.540766146032623,28035.543457911732,-0.996982463241336
1313,12963.745133733166,13475.971391958674,0.12551,True,13475.971391958674,3.9512212940119973,13001.39015865777,0.290386956363764,13038.00679734842,0.5728411261497035
1314,35711.55338787709,36707.28308963861,0.1255,True,36707.28308963861,2.7882564808831223,35414.5682883738,-0.83162190195879,35361.61745814072,-0.979895570309075
1315,6312.791304809813,6539.406835620612,0.16568,True,6539.406835620612,3.5897833441466354,6309.109540469252,-0.058322288236500874,6389.446674891087,1.214286460299574
1316,14945.380881634444,15199.43409982064,0.3387,True,15199.43409982064,1.6998778431828843,14664.157942669326,-1.8816712748398245,14959.230716200542,0.09266966613823424
1317,13681.21943774868,13848.60301635147,0.31944,True,13848.60301635147,1.223455112056393,13360.898871853473,-2.3413158991616667,13621.76038373463,-0.43460346707101527
1318,8446.345819343716,8933.47241612156,0.04482,True,8933.47241612156,5.767305852694693,8618.863677828123,2.0425147415739087,8538.291651192532,1.0885871099220568
1319,13244.730389102178,13731.471604874305,0.14442,True,13731.471604874305,3.674980173040132,13247.892459465447,0.023874176901861333,13352.679488968017,0.8150343321043252
1320,25142.70387940471,25675.473835690413,0.30558,True,25675.473835690413,2.1189843337498404,24771.264581743933,-1.4773243937579728,25205.6514177783,0.2503610537494705
1321,26750.22049480212,28401.44824009238,0.03123,True,28401.44824009238,6.172763120255831,27401.238760473138,2.4336930822589586,26049.364027967466,-2.6200025789351544
1322,66615.45643398042,67921.99808263424,0.28839,True,67921.99808263424,1.9613190670676683,65529.99941472722,-1.629437186742011,66389.7393563106,-0.3388358944797054
1323,177063.39807293992,195322.75423532864,0.0567,True,195322.75423532864,10.312326749126832,188444.10252996476,6.42747432890487,182735.34391237944,3.203341798005588
1324,14837.758951433305,15185.838003248418,0.20174,True,15185.838003248418,2.3459004351967128,14651.040657760594,-1.258399562116319,14854.760850979605,0.11458536024173682
1325,27124.37867694025,27751.840147439623,0.14005,True,27751.840147439623,2.3132749987479384,26774.507817140937,-1.2898760335356751,26921.14816662004,-0.7492540667594527
1326,11490.79773172277,11844.483068825231,0.20817,True,11844.483068825231,3.077987667697246,11427.357711467395,-0.5520941342500141,11593.621115053784,0.894832419224878
1327,21814.34424379448,22789.913729284635,0.09004,True,22789.913729284635,4.472146742470495,21987.324806387474,0.7929670525952393,21954.259153470233,0.6413894825903599
1328,76732.90269470775,80367.70242849762,0.0253,True,80367.70242849762,4.736950651080418,77537.40528503264,1.048445402262077,73737.67662010078,-3.903444245454757
1329,15779.258955375766,16080.720625356314,0.08407,True,16080.720625356314,1.9104932039780254,15514.408334777932,-1.6784731231475392,15590.90618936723,-1.193673077685109
1330,73064.08485664777,76184.49680448053,0.05857,True,76184.49680448053,4.270787698162559,73501.51897674087,0.5986992391013413,71565.47156054106,-2.05109432226106
1331,15875.19874262325,16130.499073332878,0.32382,True,16130.499073332878,1.6081709265419963,15562.433742729001,-1.9701485629562976,15867.67102296616,-0.04741811286355091
1332,75840.25454627162,81691.53514447159,0.05267,True,81691.53514447159,7.715270252198314,78814.61678575189,3.921877975324506,76318.59707755761,0.6307237945702537
1333,12139.095668663533,12727.26290017916,0.0919,True,12727.26290017916,4.845231041666076,12279.048819870552,1.1529124988140627,12269.023041960607,1.0703216849379915
1334,6396.9137496668845,6588.575065720102,0.16767,True,6588.575065720102,2.9961528879953736,6356.546220493342,-0.6310469509713923,6444.209403435291,0.7393511249212947
1335,41646.95129036887,42688.54011091416,0.20222,True,42688.54011091416,2.500996563429525,41185.18429155247,-1.108765430623937,41567.65509080227,-0.19040097080271767
1336,31590.33277856452,34194.37438240466,0.05175,True,34194.37438240466,8.243159773255382,32990.15630458669,4.431176891469835,32421.1147221407,2.6298613230814283
1337,38482.45601403237,39910.31301724796,0.15914,True,39910.31301724796,3.7104102781146064,38504.797598563346,0.05805654535884219,38593.334152413896,0.2881264603826095
1338,47440.1581190876,48530.84813245562,0.10393,True,48530.84813245562,2.2990859571548894,46821.74464077093,-1.3035653818106785,46910.00739755732,-1.1175146596254182
1339,12281.071742266293,12519.797102502773,0.30748,True,12519.797102502773,1.9438479413395715,12078.889313612071,-1.6462930344946503,12307.098365460288,0.2119246898006688
1340,30617.681159931915,33351.06176201992,0.03949,True,33351.06176201992,8.927457921487104,32176.542496391416,5.091376215973908,31492.730995081387,2.8579885935144267
1341,62143.83427182661,63577.78802261524,0.17991,True,63577.78802261524,2.307475500330902,61338.778739149355,-1.295471291899719,61456.502467934384,-1.1060337874964854
1342,78828.64632942583,81063.82033409888,0.14319,True,81063.82033409888,2.8354844447439076,78209.00811231011,-0.7860571581125964,78597.32603615074,-0.2934469942670326
1343,11986.9561697158,12650.943182815286,0.04026,True,12650.943182815286,5.539246191431002,12205.416842376277,1.8224866226874248,11950.54006316907,-0.3037977784446477
1344,32743.79700089614,34954.513194503634,0.05271,True,34954.513194503634,6.75155722944103,33723.52542384251,2.992103887400588,32877.99184781256,0.40983288197380396
1345,64368.83603193347,67063.6930856087,0.06179,True,67063.6930856087,4.186586584132579,64701.921214137285,0.5174634228876984,63045.36287587423,-2.056077502166831
1346,6696.582732474027,6818.12252314052,0.36193,True,6818.12252314052,1.8149524245717918,6578.00974004575,-1.7706492574679267,6725.830672968535,0.4367591899174794
1347,20847.70843477081,21229.45163157266,0.36878,True,21229.45163157266,1.831103874060136,20481.817264848967,-1.7550666111177615,20883.749248640048,0.17287662086220568
1348,31493.64772015872,32821.64798388104,0.13221,True,32821.64798388104,4.216724196328281,31665.773002693924,0.5465396833820302,31904.47284997783,1.3044698202937743
1349,293300.0396652168,343711.8825194952,0.01125,True,343711.8825194952,17.187806354141742,331607.4334700105,13.060821215203088,306624.15259375743,4.542826841670133
1350,40517.96576072074,42211.92140366916,0.05587,True,42211.92140366916,4.180751948289041,40725.350592773255,0.5118342645265672,40136.51294503253,-0.9414411817732393
1351,152195.3790181032,178188.48926094366,0.00625,True,178188.48926094366,17.07877756245717,171913.2523571354,12.95563207387973,155006.96873634122,1.8473555086738758
1352,33441.68016988316,34354.93385612831,0.09818,True,34354.93385612831,2.730884577586501,33145.061379763356,-0.886973347669695,33263.12602162312,-0.5339269658491852
1353,78728.45726304126,82655.689233158,0.05984,True,82655.689233158,4.988325831148188,79744.81640665322,1.290967940875798,77675.77925718398,-1.3370997507802684
1354,45486.71473219415,46873.8903351285,0.15227,True,46873.8903351285,3.049628031176632,45223.139673982776,-0.5794550337679727,45525.859722897745,0.08605807417410016
1355,55416.39614861212,55767.38104089258,0.07497,True,55767.38104089258,0.6333592883579264,53803.42967126137,-2.910630408056847,53471.11157514764,-3.510305087771748
1356,11734.867919999262,12126.731238246495,0.19235,True,12126.731238246495,3.3393074461400385,11699.665990067817,-0.2999772146685342,11813.227456216955,0.6677496223382873
1357,75643.29186048252,79477.6847926376,0.07692,True,79477.6847926376,5.0690455661650535,76678.73126478301,1.3688449812711223,75134.78138132775,-0.6722479504100431
1358,7255.184562353301,7374.853763894612,0.24718,True,7374.853763894612,1.6494301490587393,7115.134661435593,-1.9303423601987668,7252.63938896173,-0.03508075321443371
1359,28875.54045446217,29973.2203860808,0.14816,True,29973.2203860808,3.801417789390693,28917.658046039465,0.14585905896278284,29106.11182759552,0.7985006323846022
1360,31719.67919844693,32956.75678708757,0.12833,True,32956.75678708757,3.9000318411202883,31796.123699743162,0.24100023464290743,32012.07006126386,0.9217964059083039
1361,38312.138016403136,39915.97529979854,0.16793,True,39915.97529979854,4.186238008196597,38510.260473371214,0.5171271226973806,38610.3243802056,0.7783078137659549
1362,13745.48679141738,14376.77731535556,0.09043,True,14376.77731535556,4.592711291479001,13870.472536964206,0.9092856982327202,13676.658837914776,-0.5007312912743034
1363,46069.3472992609,47663.90760503425,0.06197,True,47663.90760503425,3.461217488963486,45985.33502594467,-0.18236045926698363,45282.464586167036,-1.7080396385526608
1364,11520.563875431815,11543.519221271015,0.09419,True,11543.519221271015,0.19925540179637213,11136.992861922072,-3.329446524121338,11121.652220198028,-3.4626052990729628
1365,53458.09889607731,57789.95438537616,0.03258,True,57789.95438537616,8.103272616783453,55754.77435813298,4.296216119694818,53172.35437121656,-0.53452055116332
1366,112278.50305732842,117779.2212702477,0.09051,True,117779.2212702477,4.899173094702425,113631.40836222921,1.2049548827792966,111593.47629387637,-0.6101139085389118
1367,38313.7521895184,38747.35636485844,0.2796,True,38747.35636485844,1.1317194233423589,37382.79661358463,-2.429820946089578,37934.52244377707,-0.9898005913528962
1368,18403.48127436511,18757.247313605138,0.35705,True,18757.247313605138,1.922277823233376,18096.676190047197,-1.6671035210347518,18450.887938996417,0.25759617935625645
1369,91561.57454997784,98213.27027440011,0.03095,True,98213.27027440011,7.26472404730385,94754.50848442237,3.4871985875490896,92030.03277967784,0.5116319067277386
1370,26208.00784082692,26967.8988779369,0.15304,True,26967.8988779369,2.899461270483217,26018.17448800072,-0.7243333945072816,26086.6178388407,-0.4631790509354028
1371,13835.752504520817,14041.667097010224,0.35072,True,14041.667097010224,1.488278952822597,13547.16384417041,-2.085818319286281,13816.796330735062,-0.13700862153729343
1372,28791.18280017132,29292.72453849365,0.1941,True,29292.72453849365,1.7419976865950426,28261.127117136897,-1.8410347595419596,28476.84868466172,-1.091772150144965
1373,401108.8177367952,493306.675449589,0.01203,True,493306.675449589,22.985746918506635,475933.9693476649,18.654576589231088,440631.2259607414,9.85328830389378
1374,23530.037783137468,24131.214692795715,0.14259,True,24131.214692795715,2.554933890030009,23281.3893780292,-1.056727606644392,23375.350140866893,-0.6574049888752431
1375,38349.40871833165,39082.943934039096,0.1734,True,39082.943934039096,1.9127679936217667,37706.56584642203,-1.6762784444244394,38002.48947945969,-0.904627347503606
1376,143637.48659709044,150775.92910170538,0.08016,True,150775.92910170538,4.969762889710383,145466.07615649395,1.2730587277211214,143372.62126926516,-0.18439847013491661
1377,11767.56462138272,11979.563878444793,0.25124,True,11979.563878444793,1.8015559198786946,11557.681400775557,-1.783573979494335,11752.329524575971,-0.1294668633394669
1378,71864.75561323855,74403.64178770727,0.09347,True,74403.64178770727,3.5328669148093628,71783.38006002513,-0.11323430034517745,70748.0652560788,-1.5538776241994734
1379,63432.17259762931,68364.120456955,0.04414,True,68364.120456955,7.775152036192456,65956.55163268803,3.9796509116464707,64216.15347484809,1.2359357170245833
1380,54189.53316279552,55919.45029599477,0.15131,True,55919.45029599477,3.192345518095263,53950.14352655345,-0.44176360686277727,53906.26216460796,-0.5227411672592996
1381,54567.437072231776,59958.347166260726,0.03193,True,59958.347166260726,9.879353664517755,57846.80318050936,6.009749191512581,55038.92702273419,0.8640500192052203
1382,42598.39064965437,44187.08986998178,0.13645,True,44187.08986998178,3.7294817858108287,42630.95985185283,0.07645641467144415,42701.46818289378,0.24197518184938538
1383,12929.4268077219,13196.235940914252,0.17872,True,13196.235940914252,2.063580521860442,12731.506108413581,-1.5307770580372027,12804.679189232249,-0.9648348712191002
1384,24391.04924317852,25280.549426552723,0.04806,True,25280.549426552723,3.646830337251572,24390.248165410463,-0.0032843104044832927,23827.156483170373,-2.311883980004892
1385,36328.22169957016,37413.79377076137,0.1749,True,37413.79377076137,2.9882334460760385,36096.19789037913,-0.6386874951101018,36359.40867024076,0.08584777677396183
1386,7147.5542813013135,7257.049486107912,0.32569,True,7257.049486107912,1.5319254740471022,7001.479078968438,-2.0437088909561973,7151.755192160592,0.058774102216596624
1387,5087.208991024924,5203.051261332475,0.28661,True,5203.051261332475,2.277128195675182,5019.816197030956,-1.3247498601466123,5124.574202994345,0.7344933545160526
1388,42813.51463323685,44263.78601343131,0.08928,True,44263.78601343131,3.387414914702158,42704.9549988926,-0.25356393950421996,42504.22354973089,-0.7224146070592852
1389,38231.7577677212,39166.07307803455,0.23947,True,39166.07307803455,2.443819915343215,37786.767444006684,-1.1639284973975816,38133.966639403,-0.2557850698687192
1390,40907.5285436193,42969.352705932375,0.1527,True,42969.352705932375,5.0402071103234025,41456.10755215508,1.3410221249392729,41648.20753062468,1.8106177844882554
1391,42110.784246142925,43216.96171020981,0.05893,True,43216.96171020981,2.6268270322422405,41694.99654781804,-0.9873663142784372,41044.845904362744,-2.5312716465920815
1392,108833.12588140658,113910.02256300686,0.0427,True,113910.02256300686,4.664845046472776,109898.47063692131,0.9788791297565158,105569.01329487839,-2.999190329316681
1393,17793.678149575037,18201.63757223948,0.1371,True,18201.63757223948,2.292721152058075,17560.633272372535,-1.3097060385351855,17612.923967401755,-1.015833717199155
1394,75930.75623035278,80048.94270867654,0.05009,True,80048.94270867654,5.423607880093173,77229.87127774532,1.710920728158416,75487.27698405102,-0.584057460136933
1395,44409.21188233711,46193.96426347169,0.13231,True,46193.96426347169,4.018878753947042,44567.15845529834,0.3556617338306145,44700.518631848354,0.6559601874562837
1396,28998.393760851613,29731.48958341134,0.24527,True,29731.48958341134,2.5280566523978365,28684.440240253192,-1.0826583126899436,29044.945274354995,0.1605313517958562
1397,7759.928041379234,7942.809720353426,0.26409,True,7942.809720353426,2.3567445213279026,7663.088999425727,-1.247937370515817,7802.9428220638465,0.5543193242932176
1398,41892.25920744861,42630.95398186685,0.14615,True,42630.95398186685,1.7633204520201673,41129.6261644465,-1.8204629147012263,41258.67406191354,-1.5124157959531037
1399,16167.652723516623,16469.83040001247,0.27852,True,16469.83040001247,1.8690262690781,15889.814889727348,-1.7184797233128823,16140.067935021192,-0.1706171512164345
1400,267463.42753210926,283010.1319595726,0.02269,True,283010.1319595726,5.812646824619394,273043.40721999865,2.0862589473917836,256896.9260588579,-3.9506341374402787
1401,19325.024465211387,21114.138662477973,0.01744,True,21114.138662477973,9.258017760791581,20370.565255034828,5.410294779732916,18898.43257486752,-2.207458474952062
1402,72235.59647818169,75039.83245057623,0.10047,True,75039.83245057623,3.8820693800757144,72397.16609315593,0.22367035485482134,72067.13871990249,-0.233206018213028
1403,44458.25403588173,45609.34949616987,0.17599,True,45609.34949616987,2.589160292617665,44003.13197727098,-1.023706550066994,44271.50624421248,-0.42005201445500795
1404,58267.26688620052,59515.59031571345,0.27916,True,59515.59031571345,2.1424094456858223,57419.63883057474,-1.454724240423444,58137.92603663252,-0.2219785764460469
1405,27908.529563242253,28310.68482516599,0.34842,True,28310.68482516599,1.4409761754464068,27313.671746914893,-2.131455241951674,27799.9962665899,-0.38888934082467186
1406,54459.58885045011,56925.060240926265,0.09041,True,56925.060240926265,4.52715755391857,54920.33905912058,0.8460405566698581,54366.19013143975,-0.17150096242343205
1407,67703.06097870339,71388.31147358354,0.06075,True,71388.31147358354,5.443255358925914,68874.24017460328,1.729876284719678,68263.33815644014,0.8275507335081755
1408,33781.84514347204,35268.1343583381,0.0518,True,35268.1343583381,4.399668545497648,34026.10183888725,0.7230413092530696,33612.30165145378,-0.5018775359907246
1409,8304.414214795614,9627.41398058135,0.01409,True,9627.41398058135,15.931283430306319,9288.366807838831,11.848549067918013,8544.809588210037,2.894790254875801
1410,43184.04118763999,44676.39732605672,0.23739,True,44676.39732605672,3.455804731040013,43103.035441725835,-0.18758259691855628,43544.78065223163,0.8353536507252457
1411,107941.32350407136,114334.42851497568,0.03619,True,114334.42851497568,5.922759517269749,110307.93034907948,2.192493818105601,105655.3685572905,-2.1177755400550113
1412,10365.265906100254,10514.059847937502,0.35957,True,10514.059847937502,1.4355053038212828,10143.78780264278,-2.1367334467235155,10359.867967134818,-0.05207718754478563
1413,38482.15061986642,40280.76939315768,0.10421,True,40280.76939315768,4.673903990081896,38862.2076686707,0.9876190459274348,38496.07332290027,0.0361796386365798
1414,36131.510528520594,36558.89722194016,0.33736,True,36558.89722194016,1.182864173592213,35271.40810319193,-2.3804773527244083,35849.930091946364,-0.7793209651502431
1415,15199.453234723986,15424.946483810954,0.33868,True,15424.946483810954,1.483561583464188,14881.72849135843,-2.0903695577660364,15172.570429335232,-0.1768669239189391
1416,6856.621020785157,7006.119502356898,0.36693,True,7006.119502356898,2.180352116859763,6759.386058260533,-1.4181177905248976,6914.089511166251,0.8381459352483356
1417,22623.444611664443,23145.33437063357,0.28877,True,23145.33437063357,2.3068536552565577,22330.228653109443,-1.296071237550711,22703.230156026482,0.35266753463751854
1418,45253.22560335516,46838.94221864303,0.08597,True,46838.94221864303,3.5040963249486135,45189.42231999605,-0.14099168072205792,44228.044137123135,-2.2654329112752003
1419,65700.1611701636,71625.76346787614,0.02148,True,71625.76346787614,9.019159454366044,69103.32985815601,5.1798483099275705,66782.4463853197,1.6473098328525726
1420,9344.97799035048,9540.220003279252,0.2708,True,9540.220003279252,2.089272046765389,9204.243527563378,-1.5059903076542702,9384.81959731112,0.42634243763632895
1421,26356.336789866626,26860.97877665025,0.28863,True,26860.97877665025,1.9146894001508041,25915.01977564652,-1.6744247037766669,26347.735304763377,-0.03263535889613811
1422,78637.36378531829,83200.2401621891,0.0435,True,83200.2401621891,5.802427951841782,80270.18996850403,2.0763999511013376,77802.30875659322,-1.0619061836874222
1423,31208.49053780061,32756.41863414093,0.08519,True,32756.41863414093,4.959958234652273,31602.840825034895,1.26359936170779,31649.504809340764,1.4131227237856425
1424,34519.87731647419,34878.412762640444,0.14061,True,34878.412762640444,1.0386347636153204,33650.105009304825,-2.5196274575236544,33722.18301756059,-2.310825996281596
1425,15837.854088665852,16007.881251286297,0.36752,True,16007.881251286297,1.0735492426472204,15444.134133857484,-2.48594255638539,15761.088255642399,-0.48469844837369935
1426,12421.839543241576,12822.906015610586,0.19102,True,12822.906015610586,3.228720440099564,12371.323686263897,-0.4066696949500015,12496.97317838157,0.6048511162815018
1427,42031.15832045704,43196.93915385352,0.11174,True,43196.93915385352,2.7736110066447495,41675.679122781265,-0.8457516087601147,41406.26169521282,-1.4867461431346651
1428,6783.630129763245,6907.008412698467,0.12138,True,6907.008412698467,1.8187648880486185,6663.765348760668,-1.76697105693705,6680.060668695432,-1.5267557205603244
1429,43515.40000254299,45257.69831728272,0.21195,True,45257.69831728272,4.003866021311775,43663.864844425036,0.34117770231543165,43952.838018655544,1.0052487535148202
1430,25952.067027958157,26933.863641385196,0.05912,True,26933.863641385196,3.7831152808342816,25985.337865194077,0.12820110706432963,25574.4291064334,-1.455136198276341
1431,20786.30588964412,22195.37902490864,0.04775,True,22195.37902490864,6.778853071562518,21413.727740199945,3.0184384560048683,21084.984048151764,1.4368986971198483
1432,10683.905990900146,10941.22661080353,0.24076,True,10941.22661080353,2.408488245053375,10555.911098641025,-1.1980158976327426,10742.943843767867,0.5525867872480772
1433,22786.844419186997,24245.297419645973,0.02395,True,24245.297419645973,6.400416721285596,23391.454470852772,2.653329441072949,22774.047357650757,-0.05615986707427911
1434,33173.85514041235,35633.96256923048,0.05073,True,35633.96256923048,7.415802047743414,34379.046733360214,3.6329560970431274,33499.520355482266,0.9816924011137651
1435,111443.3671376223,128219.0789871934,0.02269,True,128219.0789871934,15.053127234440634,123703.60719903283,11.001318765135881,114473.29137593559,2.7188017700251255
1436,17623.980512185623,18369.44711130065,0.10009,True,18369.44711130065,4.229842393434313,17722.53308843928,0.5591958989373369,17568.352380646455,-0.3156388620647044
1437,19990.299208225075,20598.928114137485,0.20568,True,20598.928114137485,3.0446212914211346,19873.49879815382,-0.5842854519315765,20064.89306875574,0.3731502953191024
1438,94320.18496266216,99447.16493958762,0.06787,True,99447.16493958762,5.43571874774742,95944.94926900002,1.7226050892299005,94407.8270921235,0.09291980236896258
1439,39823.5290309151,42978.46253972424,0.03989,True,42978.46253972424,7.922285105270199,41464.89656631693,4.121602417825976,39989.155699156356,0.41590153427306653
1440,42163.45878391022,44062.10071111693,0.17157,True,44062.10071111693,4.503050703068134,42510.37241717083,0.8227826731164622,42723.37584292098,1.3279675699291227
1441,11671.314577431258,11878.136149124564,0.30001,True,11878.136149124564,1.772050357491306,11459.825636360241,-1.812040448982255,11681.397725919318,0.08639256890186076
1442,109576.33022167726,120531.73814089313,0.02889,True,120531.73814089313,9.997969358028925,116286.99026520827,6.1241876142001495,111313.97505844438,1.5857848435440358
1443,25482.199723035024,26409.595105279488,0.06102,True,26409.595105279488,3.6393851093087903,25479.53241432424,-0.01046734088805401,24872.15959478914,-2.3939853500733244
1444,19295.27096778048,19745.13658025103,0.21261,True,19745.13658025103,2.331481186357731,19049.7751107586,-1.2723110104637225,19255.407240325923,-0.2065984329586379
1445,39537.69457284858,40683.92717211934,0.0785,True,40683.92717211934,2.8990881022635806,39251.16750149628,-0.7246934209185318,39113.93131322029,-1.0717955718118732
1446,61625.4109382494,64390.52415731215,0.03159,True,64390.52415731215,4.486969217671399,62122.89286909915,0.807267526943134,60091.89461661905,-2.48844802538839
1447,54904.4343525017,57742.843224419565,0.03755,True,57742.843224419565,5.1697260984322035,55709.32230376089,1.4659798625582532,53945.03412327279,-1.7474002610960326
1448,33923.93661646193,35407.420973792505,0.11601,True,35407.420973792505,4.372972317754842,34160.483218806345,0.6972852384992123,33906.41641231484,-0.05164555147350036
1449,8600.242776648098,8762.862565702528,0.32176,True,8762.862565702528,1.8908744006155942,8454.262168542366,-1.6974010140981988,8629.572447728175,0.34103305966797226
1450,8925.61646521119,9662.896327023029,0.03218,True,9662.896327023029,8.260268236770973,9322.599577886725,4.447682848829904,8823.031924610108,-1.1493272313561564
1451,117871.5937839499,123158.9803212374,0.06517,True,123158.9803212374,4.485717353562646,118821.70925758613,0.8060597495421318,115657.64760426193,-1.8782694868332395
1452,134113.35711453075,141642.22007238542,0.07293,True,141642.22007238542,5.613805455205423,136654.02756779594,1.8944201442183672,132690.94392017252,-1.0606051663769156
1453,44374.20580223267,46147.849350606695,0.00989,True,46147.849350606695,3.997014743832983,44522.66756430046,0.3345677052327467,42110.03293374742,-5.102452714480643
1454,96657.861083079,104600.02648527289,0.06705,True,104600.02648527289,8.216781659763273,100916.34327396021,4.405727731985487,98730.1425170586,2.1439347102854223
1455,49744.183847960376,50716.27937391762,0.26476,True,50716.27937391762,1.954189315736654,48930.211882852054,-1.6363158507056275,49525.74693413488,-0.4391205100341744
1456,27662.893585063168,28306.054360949147,0.34829,True,28306.054360949147,2.324994577693995,27309.20435305156,-1.2785691812174926,27796.984175047844,0.48473088895184535
1457,8969.012280586021,9143.363716061078,0.2326,True,9143.363716061078,1.943931282739464,8821.363267805726,-1.6462126281161504,8965.986865053492,-0.03373186966281194
1458,27366.91518936443,28082.59917053318,0.06593,True,28082.59917053318,2.61514305217303,27093.618550063824,-0.9986388213999997,26601.765358867833,-2.795893600729815
1459,6273.224700223203,6403.575707480021,0.31066,True,6403.575707480021,2.077894758849941,6178.061956493209,-1.5169669233529581,6305.93626519446,0.5214473661383945
1460,19312.143597381397,20398.06094969769,0.04458,True,20398.06094969769,5.622976790953116,19679.70554206963,1.9032684944310096,19327.63962687015,0.08023982118097184
1461,75326.29626718357,81651.46266196502,0.03992,True,81651.46266196502,8.397022963064572,78775.95552976223,4.579621504743403,75539.5685085586,0.2831311931474012
1462,53200.77901237537,55803.16665275954,0.08317,True,55803.16665275954,4.891634462305161,53837.955026682226,1.197681737251699,53033.72804632144,-0.31400097734485266
1463,31465.609372181138,32306.458910214114,0.13813,True,32306.458910214114,2.67228111837039,31168.72726421617,-0.94351297778279,31180.94244032079,-0.90469225780202
1464,37031.64972432743,38316.63044904608,0.15254,True,38316.63044904608,3.4699526871861286,36967.23950678762,-0.17393288719053102,37153.565503767146,0.32922049205825754
1465,61980.27462540637,64792.08641515218,0.02891,True,64792.08641515218,4.536623638310289,62510.31337002758,0.8551732754084052,59103.67776980622,-4.6411489348596735
1466,35886.67628502998,36638.638478396446,0.33387,True,36638.638478396446,2.095379876904757,35348.341123957194,-1.5000975760392388,35954.164947631325,0.18806049929316337
1467,54409.66489320565,58873.93097518248,0.05702,True,58873.93097518248,8.204913760706333,56800.57670937075,4.394277782923206,55968.30426553522,2.8646369636512903
1468,140979.69119741756,159479.1831760464,0.01097,True,159479.1831760464,13.122097105975028,153862.82905684193,9.138293430777743,145558.47397831766,3.247831472753271
1469,135527.30066290195,160065.23191119955,0.00935,True,160065.23191119955,18.105526435098838,154428.23900289307,13.946222087757487,143893.81087140506,6.173302476755738
1470,34319.20985949523,36946.70565526887,0.04446,True,36946.70565526887,7.656049794067954,35645.55914595334,3.8647430750540446,35332.84588295822,2.9535529157369123
1471,56011.65210393146,59411.40081682475,0.04299,True,59411.40081682475,6.0697168985212935,57319.11855740947,2.3342758236303496,56170.901487081595,0.2843147401805579
1472,19681.809348433027,20090.99067010164,0.32994,True,20090.99067010164,2.078982244085137,19383.449309770218,-1.5159177359197584,19748.97643230811,0.3412647825512538
1473,19916.61517104669,20488.12761952656,0.14748,True,20488.12761952656,2.8695259890882063,19766.6003476964,-0.7532144496539384,19872.184861868307,-0.2230816270576641
1474,95404.1821836327,100863.1421805306,0.0206,True,100863.1421805306,5.7219294500010065,97311.06025497799,1.9987363527470547,94273.5903503242,-1.1850547926005484
1475,136975.08018963764,144995.96784789604,0.10281,True,144995.96784789604,5.855727660209253,139889.66691837832,2.127822611752106,138789.71736538294,1.324793658257395
1476,39476.68610611892,40924.693153433465,0.06108,True,40924.693153433465,3.6680055752960072,39483.45446389403,0.017145202504886825,39332.0977918049,-0.36626254272038583
1477,35887.470933296434,36694.917545905,0.34282,True,36694.917545905,2.2499401367941374,35402.63822011167,-1.35098044129639,36004.83383908125,0.32703030537581945
1478,44801.5800369515,46285.73104890294,0.10991,True,46285.73104890294,3.312720244972045,44655.6935038151,-0.3256280984199056,44873.45517398454,0.16042991558280484
1479,31229.706900221638,32132.164712790727,0.12659,True,32132.164712790727,2.8897415382489022,31000.571159013707,-0.7337108284109606,31071.815567680176,-0.5055805776401301
1480,53043.00682402519,55440.682799239774,0.05286,True,55440.682799239774,4.520248980547192,53488.23671185734,0.8393752814753297,52737.682708208486,-0.575616153944003
1481,24615.60934577139,25211.296531311837,0.16037,True,25211.296531311837,2.4199570978435947,24323.434138840126,-1.1869509416855273,24521.18044800829,-0.3836138948935752
1482,20190.403720371138,21276.61479750852,0.0529,True,21276.61479750852,5.37983832409179,20527.31949274888,1.6686925979484624,20023.19410084032,-0.8281638239958089
1483,6186.380298392937,6527.494351707548,0.0835,True,6527.494351707548,5.513952212139683,6297.616576688927,1.7980834176147598,6293.505298649274,1.7316264938346038
1484,27174.72251189625,28139.91774026432,0.12526,True,28139.91774026432,3.551812637444751,27148.91854044934,-0.09495578634008961,27284.72462679876,0.40479572460898616
1485,9509.71686569059,9602.09338240786,0.3269,True,9602.09338240786,0.9713908207987565,9263.937921317109,-2.5845032806414037,9449.166519410575,-0.6367208102532551
1486,14934.19685166999,15375.158963639578,0.21014,True,15375.158963639578,2.9527005459304423,14833.694330706652,-0.6729690385198106,15016.958360933868,0.5541744901710111
1487,26133.4327698594,26724.536066074124,0.20383,True,26724.536066074124,2.2618662516332932,25783.382147240485,-1.3394743266282205,25963.027231552598,-0.6520595277606844
1488,14629.26612062694,14957.012215637327,0.28434,True,14957.012215637327,2.2403454302350356,14430.273393081685,-1.360237252535046,14696.347528255832,0.4585425343675231
1489,17049.03440372947,17832.747772011375,0.13924,True,17832.747772011375,4.596819677426822,17204.734608089468,0.913249399777949,17265.82626635623,1.2715785392475754
1490,76679.98486983588,84741.66884223178,0.0196,True,84741.66884223178,10.513413619056644,81757.33438934617,6.621479553144249,75781.36721253354,-1.1719064092510445
1491,41918.57988680631,43130.105599905575,0.12342,True,43130.105599905575,2.890187874614969,41611.19923592981,-0.7332802106047587,41686.52557971622,-0.5535834174647869
1492,81525.1792569294,90483.8833128713,0.02692,True,90483.8833128713,10.988879923475213,87297.32616700932,7.080201433091982,83063.4553649339,1.8868724019073468
1493,21732.938841596584,22501.635499097814,0.24701,True,22501.635499097814,3.5370120125215454,21709.198826753625,-0.10923517990820697,22004.123444746125,1.2478045658072645
1494,160565.46857196334,189510.11315411548,0.00272,True,189510.11315411548,18.026693310572895,182836.16434495273,13.870165217378583,166871.312410238,3.9272727158320864
1495,29365.149466495004,29812.766983266756,0.11186,True,29812.766983266756,1.5243154722657692,28762.855306289326,-2.0510508924631354,28761.8055600091,-2.0546256955862208
1496,42904.1882261546,44020.51383682583,0.123,True,44020.51383682583,2.6019035829017545,42470.2501015016,-1.0114120382971437,42691.85879285507,-0.494892088810317
1497,13410.45616939664,13905.494349882283,0.18627,True,13905.494349882283,3.6914343123938265,13415.786671950897,0.03974885333446476,13569.307554414949,1.184533792227116
1498,40684.198972384016,41828.98920138127,0.20566,True,41828.98920138127,2.8138448289821927,40355.90405556631,-0.8069346948198497,40736.308374115586,0.12808265382573403
1499,36283.2104413188,37253.30713234556,0.27224,True,37253.30713234556,2.673679311249777,35941.36308548036,-0.9421640248492014,36410.65283211203,0.35124342428116684
1500,51006.31410537907,54727.71071145599,0.04739,True,54727.71071145599,7.295952807702433,52800.37325356586,3.517327569446138,51281.63868101524,0.5397852804406744
1501,13797.486156031391,14021.986206852132,0.28673,True,14021.986206852132,1.6271083607690695,13528.176052925342,-1.951878045467892,13762.613030139506,-0.2527498523826499
1502,19339.91139790308,19635.835728830305,0.08824,True,19635.835728830305,1.5301224749111775,18944.323490785417,-2.0454483941459767,18751.660991504323,-3.041639614039482
1503,13680.689580965436,13886.669065338388,0.30552,True,13886.669065338388,1.5056220898363337,13397.624354587342,-2.069085952888916,13642.58018682958,-0.2785634006993276
1504,67423.77197107677,70403.08795960121,0.16454,True,70403.08795960121,4.418791624121088,67923.71312714965,0.7414909333274045,68458.945623491,1.535324444408559
1505,21855.890857407107,22127.710216840325,0.37053,True,22127.710216840325,1.2436892241393105,21348.44201424534,-2.321794368724117,21761.221741179972,-0.4331514869138853
1506,75726.69748743648,80815.1726520418,0.05865,True,80815.1726520418,6.71952605017474,77969.11701782477,2.9612007452989975,76256.64175093791,0.6998116662744414
1507,15291.490560297769,15993.0565041544,0.12212,True,15993.0565041544,4.587950017627129,15429.83146758882,0.9046921014373321,15344.225140685034,0.3448622629646181
1508,133036.57745607503,139917.62762602294,0.07409,True,139917.62762602294,5.172299454426232,134990.16983111267,1.4684625930659223,131951.46292050666,-0.8156512714908359
1509,42923.3011994287,44405.71051515174,0.03295,True,44405.71051515174,3.453623729534505,42841.881367038615,-0.18968679042601355,41690.65076660323,-2.8717512362303577
1510,214048.36570962137,251089.61173533095,0.01818,True,251089.61173533095,17.305082383090852,242247.0270977957,13.17396715209156,229649.86609151663,7.288773418181704
1511,116411.43307022072,127588.05344762634,0.01715,True,127588.05344762634,9.600964512363452,123094.80438984281,5.741164027755419,116668.13585346678,0.22051337783224323
1512,32760.777226088718,33532.68177900973,0.13989,True,33532.68177900973,2.356185103894015,32351.76642888771,-1.2484770870310635,32410.30501684691,-1.0697921078707262
1513,65839.84108305874,69505.33447600911,0.05684,True,69505.33447600911,5.567287728301551,67057.57569134003,1.8495406250222945,65373.72941988165,-0.7079477342435747
1514,113886.03130556014,124524.46267386847,0.0154,True,124524.46267386847,9.341296071477867,120139.10362604793,5.490640290827753,113044.64134503723,-0.7387999659637212
1515,30297.767888591054,31230.77134633613,0.05693,True,31230.77134633613,3.079446186187229,30130.922025542306,-0.5506869801837011,29855.008325629307,-1.461360337137152
1516,18909.92741857776,19173.592138913104,0.258,True,19173.592138913104,1.3943190499838165,18498.358663015133,-2.1764692505286343,18783.118323986328,-0.6705953533531428
1517,35111.434020416484,35970.89239450951,0.36716,True,35970.89239450951,2.4478019712703025,34704.11095226728,-1.1600866769279738,35326.51246606394,0.6125595597217481
1518,42064.88890032108,43516.75932517674,0.14124,True,43516.75932517674,3.4515018648832774,41984.236235811586,-0.19173392969279446,41928.96617834671,-0.3231263068267154
1519,18459.24694170097,18904.771892867728,0.18935,True,18904.771892867728,2.413559732820292,18239.005418656965,-1.1931230116785652,18433.863421572216,-0.13751113579509866
1520,318957.81372267014,361109.5591305575,0.02793,True,361109.5591305575,13.215460977713445,348392.4187520028,9.228369321256302,328870.6928643276,3.1078966293255794
1521,209778.3132475681,223748.66451976652,0.03294,True,223748.66451976652,6.659578416817302,215868.9418586911,2.903364278620746,204021.52029637783,-2.744226923207471
1522,23221.654962583198,24089.565746530658,0.13199,True,24089.565746530658,3.7375061568433177,23241.20717636527,0.08419819265068629,23283.59996705939,0.2667553392555533
1523,210257.0022952009,233080.7583761141,0.04162,True,233080.7583761141,10.855170496946709,224872.38878615992,6.951200831085291,213334.31597186663,1.4635962860086726
1524,7781.592111679965,8053.997646795102,0.10862,True,8053.997646795102,3.5006401158737654,7770.361237586085,-0.14432617300799144,7818.892366986443,0.479339636043008
1525,26722.757197820592,27102.32486664536,0.18603,True,27102.32486664536,1.4203911146403847,26147.866417126133,-2.1513153618045955,26418.372177730973,-1.1390479576502854
1526,27841.32426995614,28772.44114279432,0.08926,True,28772.44114279432,3.3443699150580875,27759.166462590336,-0.2950930299478016,27762.633485008,-0.2826402371709724
1527,7072.160405220328,7322.795116587465,0.11969,True,7322.795116587465,3.5439624811412607,7064.909355586691,-0.10252948488392866,7112.54129831073,0.5709838405332901
1528,10758.135944464704,10935.94471222675,0.33293,True,10935.94471222675,1.6527841689296885,10550.815211882455,-1.9271064583351039,10761.51900352007,0.03144651706235013
1529,108161.29913224003,118216.80235711783,0.04088,True,118216.80235711783,9.296766316188343,114053.5792225683,5.447678733152284,110776.26446771601,2.417653408802778
1530,6090.170472202623,6246.13928852014,0.17646,True,6246.13928852014,2.5609926196549893,6026.169951936066,-1.050882246378404,6083.192840358427,-0.11457202841931302
1531,13776.989377560438,14392.576239917727,0.1443,True,14392.576239917727,4.46822484569771,13885.715073204858,0.789183272664129,13934.310436215615,1.1419117366194609
1532,12398.457946472625,12658.887453817117,0.37373,True,12658.887453817117,2.1004991787594296,12213.081341195451,-1.4951585598587558,12471.571296097352,0.5896971215321845
1533,18982.148768259856,20239.815905490534,0.00945,True,20239.815905490534,6.625525658789644,19527.033389497465,2.870510751389288,18133.959123121625,-4.468354217919169
1534,12402.689073962678,13015.882503742234,0.068,True,13015.882503742234,4.944036137024921,12557.504150786423,1.248237990169021,12401.20709638656,-0.011948840830233731
1535,31892.65394089921,34196.28279386235,0.04617,True,34196.28279386235,7.2230704200159535,32991.99750780856,3.4470118697132124,32254.09710411725,1.1333116519178121
1536,19773.6334724308,20665.735915476867,0.07821,True,20665.735915476867,4.511575701501047,19937.953839322407,0.8310074479771723,19877.564609218283,0.5256046488997024
1537,47110.0595777045,49271.91846302201,0.1282,True,49271.91846302201,4.588953834269072,47536.71681030584,0.905660566821398,47510.65759575903,0.8503449616610537
1538,25136.22192201381,25588.153738692406,0.26252,True,25588.153738692406,1.7979305644290289,24687.01962331071,-1.787071661352968,25075.35995125502,-0.2421285543532159
1539,84718.41777833259,92999.6467904051,0.02052,True,92999.6467904051,9.775004337003201,89724.49238508516,5.909074718381868,84914.19106101748,0.2310870384727215
1540,46439.24078946656,48204.62016988189,0.07474,True,48204.62016988189,3.8014820018671847,46507.00539869922,0.14592101007824265,46391.87705294475,-0.10199076409653784
1541,189336.80837243877,200303.4428189952,0.09824,True,200303.4428189952,5.792130194243206,193249.38696190278,2.0664648480646752,190920.88422815912,0.8366444271123319
1542,31312.778335137515,33354.84014550146,0.0598,True,33354.84014550146,6.521496714561592,32180.187817117006,2.7701453786556307,31659.3082036437,1.10667237763864
1543,83819.39086433394,99058.41279068892,0.00726,True,99058.41279068892,18.180783431151546,95569.8877453562,14.018828769635249,88720.43816717075,5.847152135440137
1544,10050.444103179634,10258.333536736733,0.15929,True,10258.333536736733,2.068460173728326,9897.067366018859,-1.5260692521264052,9996.918008329456,-0.5325744245793462
1545,54611.39583916141,55752.31995270951,0.22542,True,55752.31995270951,2.089168562745214,53788.89898712836,-1.5060901472934707,54330.54250402995,-0.5142760605471586
1546,55752.62175603743,60606.19856402937,0.04615,True,60606.19856402937,8.705557972197697,58471.839294213794,4.877290883422725,56672.755643531724,1.6503867594256372
1547,17210.021924878925,17564.408182342188,0.19401,True,17564.408182342188,2.0591853921519965,16945.845092905052,-1.5350174051317,17162.268888059934,-0.27747226021809235
1548,41511.72278955211,43960.1087922584,0.06189,True,43960.1087922584,5.898059242490694,42411.97233219431,2.168663409143745,41723.32399115805,0.509738424200501
1549,39922.55851347054,40538.091980435,0.12647,True,40538.091980435,1.5418186856856142,39110.46816555956,-2.0341640870460864,39340.65166378374,-1.457589070826848
1550,20464.355570343792,20688.070974443344,0.2566,True,20688.070974443344,1.0931954506486097,19959.502327916936,-2.4669882259008014,20272.218770930212,-0.938885169157333
1551,55292.91796274717,57962.28707065365,0.02812,True,57962.28707065365,4.82768717271338,55921.038029464224,1.1359864696239175,54054.298957818886,-2.2401042494497814
1552,13337.411349826536,13596.837026065054,0.34895,True,13596.837026065054,1.9450976612631177,13117.999286125072,-1.6450873257674359,13385.336469625232,0.35932849742479345
1553,30159.696110222994,35055.797076980554,0.01314,True,35055.797076980554,16.233920092775623,33821.24240724691,12.140527821110192,31154.794846817,3.299432238830491
1554,33089.858205634584,33990.60500256208,0.10496,True,33990.60500256208,2.7221234715781195,32793.5630399778,-0.8954259151413568,32865.203176993695,-0.6789241200273133
1555,29784.114949054045,31041.10657610919,0.09809,True,31041.10657610919,4.220342384540343,29947.936650659125,0.5500304504105546,29892.69905002714,0.36457051404357177
1556,46378.987691301976,48058.56089016325,0.091,True,48058.56089016325,3.6214097859153194,46366.0898664024,-0.027809630053643453,45860.1503327963,-1.1186905629744448
1557,46027.92644769117,49614.08122957519,0.035,True,49614.08122957519,7.7912586089654345,47866.829682790725,3.9951902616977453,47154.59817171019,2.4478003051026764
1558,73540.24688922582,79290.23493239068,0.02296,True,79290.23493239068,7.818831573717877,76497.8827977322,4.0217921935474354,72112.37692847016,-1.9416170344199069
1559,90087.3984807998,93340.68453765236,0.07467,True,93340.68453765236,3.6112554160900867,90053.51985789779,-0.03760639498235907,88565.5489593617,-1.689303439883949
1560,7643.656320867119,7746.813194585131,0.35809,True,7746.813194585131,1.3495749859448125,7473.994853472315,-2.2196375696749815,7639.357088210415,-0.056245760879736206
1561,57489.42186992249,59619.44706727258,0.12287,True,59619.44706727258,3.705073260554892,57519.838074722495,0.052907480734165624,57308.769465444275,-0.31423590393196976
1562,9937.492566096136,10176.457790347597,0.22787,True,10176.457790347597,2.404683300762822,9818.075025327806,-1.2016868437793704,9984.903820992384,0.4770947457913177
1563,229699.8999144481,252203.3063923361,0.01156,True,252203.3063923361,9.79687256558206,243321.5009395832,5.930172816883461,226915.53786269942,-1.2121738201826382
1564,17909.66143342794,18381.89079421299,0.2265,True,18381.89079421299,2.636729692185291,17734.538544064577,-0.9778123948032902,17972.82080677968,0.3526553172795044
1565,38967.10359924117,40212.79481700258,0.24085,True,40212.79481700258,3.196776518400668,38796.626942817486,-0.43748865242067003,39264.30801867628,0.7627059544679682
1566,121599.8810073329,129413.54907090748,0.0655,True,129413.54907090748,6.425720156011816,124856.0118116219,2.677741768589925,121844.03265705712,0.20078280315873887
1567,55164.51137002662,57742.559597641455,0.13237,True,57742.559597641455,4.673381787653441,55709.048665423856,0.9871152338224221,55729.79341151821,1.0247204723700776
1568,72932.23683375049,77870.04925741283,0.02129,True,77870.04925741283,6.770411327048853,75127.7115855002,3.0102940031228043,72097.62246416637,-1.1443696310681206
1569,25402.47131200428,26773.56030357735,0.05141,True,26773.56030357735,5.39746300559798,25830.679905633653,1.685696593728725,25586.925796163952,0.7261281073566606
1570,21477.332725098226,21929.969148953947,0.11588,True,21929.969148953947,2.107507620472693,21157.664763448076,-1.4883969333705394,21236.25621299596,-1.1224695132675766
1571,24249.03295610525,26036.65125466104,0.04745,True,26036.65125466104,7.37191582770198,25119.722470526347,3.5906154113328537,24512.875366284035,1.0880533283796678
1572,15526.387514566266,15806.401936213162,0.23857,True,15806.401936213162,1.8034743843936551,15249.750285155633,-1.7817230772522064,15487.623163872098,-0.24966754602639973
1573,7190.133198092369,7338.788992643635,0.15288,True,7338.788992643635,2.067497088798098,7080.339977744257,-1.5269984202412434,7151.439127856422,-0.5381551241110949
1574,19459.25646121484,20004.53869219897,0.21237,True,20004.53869219897,2.802174029983906,19300.041898014286,-0.818194485066237,19499.96442296731,0.2091958746399447
1575,20613.265163695007,21415.571302078693,0.13608,True,21415.571302078693,3.8921836594657755,20661.382387248508,0.23342844120710637,20637.708388581348,0.11858007303662266
1576,28732.306117735843,29733.82131483333,0.13846,True,29733.82131483333,3.4856763428372073,28686.689855444612,-0.1587629691271908,28920.547903519237,0.6551572470794298
1577,108442.7212384828,117179.84401053822,0.04587,True,117179.84401053822,8.056901073923717,113053.13928024228,4.251477636401657,109895.01802574516,1.339229383656404
1578,11814.236576980513,12045.162329174427,0.24757,True,12045.162329174427,1.9546396475914607,11620.969680850741,-1.6358813781191972,11829.558867419073,0.12969344518134474
1579,22437.24577400541,22959.64942969565,0.33665,True,22959.64942969565,2.328287798565154,22151.082950472988,-1.2753919372044953,22558.072590694384,0.5385100199283732
1580,31994.598990901588,32969.623678284,0.17992,True,32969.623678284,3.0474665041424043,31808.537459590825,-0.5815404386336431,32093.281466698314,0.30843479496269754
1581,10388.40995681493,10615.482236393198,0.17967,True,10615.482236393198,2.1858232445794545,10241.638414281975,-1.4128393386773408,10336.14041881252,-0.503152438339427
1582,19458.560590422323,19763.643084734347,0.34101,True,19763.643084734347,1.5678574625000108,19067.62987449045,-2.009042313871323,19426.035412310437,-0.1671509974273011
1583,24710.93497666532,25812.192176634984,0.07373,True,25812.192176634984,4.456558203927075,24903.168133685685,0.7779274932409042,24577.73879935396,-0.5390171494406792
1584,27376.80930880235,27848.571962320948,0.30626,True,27848.571962320948,1.7232200005386167,26867.833042421364,-1.8591511546867334,27299.3481928457,-0.2829442798936488
1585,88102.71960897125,96592.58535028614,0.03218,True,96592.58535028614,9.636326527711848,93190.89897459262,5.775280704391839,90033.75175247472,2.1917962942279434
1586,98198.53506719536,106814.07937103922,0.04587,True,106814.07937103922,8.77359758773224,103052.42419625478,4.942934358173456,101093.18631277373,2.947754000197267
1587,18636.583053554303,18958.736227079396,0.30237,True,18958.736227079396,1.7286064328388528,18291.06929912474,-1.8539544155529386,18632.35165112386,-0.022704818894558887
1588,11959.846282025092,12184.451737171656,0.30067,True,12184.451737171656,1.8779961702696246,11755.353754968104,-1.7098257137662998,11983.53023331245,0.19802889375721833
1589,20169.03638487851,20816.764790331472,0.24106,True,20816.764790331472,3.211499018062103,20083.663953279724,-0.4232846327888673,20396.069813407797,1.1256533242188116
1590,102099.88449851342,107139.49061883528,0.08212,True,107139.49061883528,4.935956730093305,103366.37548566883,1.2404431144815264,101547.89605718988,-0.5406357157353825
1591,10840.776103315531,11353.84345551254,0.05858,True,11353.84345551254,4.732754807472617,10953.996878735312,1.0443973230399362,10902.702857672986,0.571239123170475
1592,79361.57526577385,85722.58372005634,0.03209,True,85722.58372005634,8.015224537794419,82703.70453722577,4.211268816501534,78901.79667453241,-0.5793466040734274
1593,118121.68672567986,130695.47921456542,0.02715,True,130695.47921456542,10.644778988033199,126092.79641653628,6.7482186479169926,122388.39945921954,3.612133260040973
1594,24010.095716394106,25651.300300569048,0.05888,True,25651.300300569048,6.835477057487638,24747.942362329428,3.073068323636541,24219.575020928827,0.8724634295884437
1595,16200.913723457938,16714.039553670686,0.11796,True,16714.039553670686,3.1672647541463927,16125.42376679284,-0.4659611053652757,16143.142982812587,-0.35658939755787156
1596,21942.68715735645,22414.894676512984,0.14863,True,22414.894676512984,2.152004062994739,21625.512742514737,-1.4454675152918872,21751.359970330825,-0.8719405497310762
1597,29662.72161552761,30114.23893427651,0.37027,True,30114.23893427651,1.5221709073133027,29053.710365488132,-2.053119932598091,29588.96055381064,-0.24866585970438893
1598,10708.216633380578,10894.248313353695,0.18967,True,10894.248313353695,1.7372797576134413,10510.587228741804,-1.8455865379367276,10669.798256170732,-0.35877474770247275
1599,16605.706815942194,16974.358327269078,0.16986,True,16974.358327269078,2.2200290262439193,16376.574933765156,-1.3798381768192036,16583.33623609965,-0.13471621587987093
1600,19952.89925233053,21538.87917653392,0.03159,True,21538.87917653392,7.948618915710415,20780.34774705803,4.147008834472254,20230.854333056188,1.3930561028277166
1601,79711.3706382916,87493.32951964061,0.01988,True,87493.32951964061,9.762671020501479,84412.09025151552,5.897175742410066,80680.6694739521,1.2160107496569372
1602,25385.319911658484,26408.12385549716,0.06254,True,26408.12385549716,4.0291158330801435,25478.112977321554,0.3655382953060782,25084.63740752394,-1.1844739604658372
1603,18107.49552046724,18343.516623293624,0.31912,True,18343.516623293624,1.303444214908711,17697.51579048145,-2.264143760369186,18024.47791574525,-0.4584709388891106
1604,25278.974939627416,26049.280487786367,0.20999,True,26049.280487786367,3.0472182910843415,25131.906941871028,-0.5817799104102295,25339.232401109086,0.2383698770443754
1605,15163.236540570935,15550.111322493613,0.21106,True,15550.111322493613,2.55139976803469,15002.48541896884,-1.0601372680033583,15174.839805226562,0.07652234814501391
1606,22620.09593689568,23233.66290546613,0.10044,True,23233.66290546613,2.7124861463105665,22415.446535375504,-0.9047238441918903,22410.15504359006,-0.928116723692507
1607,17636.1619559918,17963.707761754547,0.2586,True,17963.707761754547,1.8572397247206274,17331.082599807585,-1.7298511827317675,17590.924270831456,-0.25650527180022253
1608,32748.855323587555,33777.279417147394,0.22318,True,33777.279417147394,3.1403360007490333,32587.75010923387,-0.49194151295312016,32940.55157454192,0.5853525231958034
1609,79582.01627710235,83501.98427243074,0.08827,True,83501.98427243074,4.925695752265402,80561.30760234447,1.2305434959479555,79987.86460694844,0.5099749275425891
1610,13654.594945345654,14069.016361646443,0.07314,True,14069.016361646443,3.0350326608703293,13573.549953916834,-0.5935364011397937,13558.795096660704,-0.7015942184180668
1611,78202.65385052603,82004.76330564058,0.12036,True,82004.76330564058,4.861867555520272,79116.81403844619,1.1689631270921597,78481.68661629816,0.35680728470606216
1612,23368.235181476663,23535.64889500948,0.26724,True,23535.64889500948,0.7164157337200994,22706.79753029111,-2.830498948888771,23022.023601581477,-1.4815478242431346
1613,68818.13716192292,71277.49801717828,0.12865,True,71277.49801717828,3.5737102988834257,68767.32921882506,-0.073829291511196,68497.88487365415,-0.46536029813657454
1614,20206.57274568405,20588.938107757607,0.35283,True,20588.938107757607,1.8922821147649982,19863.86060830802,-1.6960428752037182,20240.391143993176,0.1673633561453336
1615,7860.459156680154,7968.7422035070595,0.29159,True,7968.7422035070595,1.3775664330611281,7688.108222267384,-2.1926318930911126,7843.961281913259,-0.20988436474317362
1616,28275.377336830523,29604.44638346809,0.08972,True,29604.44638346809,4.700446720144624,28561.871101344797,1.0132270247056985,28515.48333799278,0.8491699272550557
1617,38630.96648940624,40001.71817349823,0.11926,True,40001.71817349823,3.5483235566158955,38592.98375333895,-0.09832199274046882,38665.75875742033,0.09006315703654622
1618,84691.15541249143,88487.41952559659,0.0961,True,88487.41952559659,4.482480011773737,85371.17154104456,0.8029364167262631,84025.74046437052,-0.7856959146205655
1619,44957.059571076585,46405.8270881312,0.07852,True,46405.8270881312,3.222558438823442,44771.56013910996,-0.4126146899650962,44446.98036314527,-1.134592014686564
1620,26570.506602500147,27379.270669347585,0.09326,True,27379.270669347585,3.0438413499098926,26415.059061649175,-0.5850379263613426,26322.536368862013,-0.9332536911990985
1621,72397.56734762866,73883.30044010925,0.08319,True,73883.30044010925,2.052186484867091,71281.36349446308,-1.5417698329640683,70450.48621037924,-2.6894289526334436
1622,10076.70728762552,10302.230189163409,0.21402,True,10302.230189163409,2.238061453018858,9939.418116718638,-1.3624407952732454,10092.0856061576,0.15261253595173496
1623,17526.007375398476,18048.839419540167,0.14325,True,18048.839419540167,2.98317827296819,17413.21618895906,-0.6435646409560625,17599.790854650226,0.4209942268729172
1624,11916.926164002109,12124.903285973593,0.35585,True,12124.903285973593,1.7452245579881787,11697.902412511872,-1.8379215283874872,11939.47230709874,0.18919428371333424
1625,66986.43017645359,71864.0624536918,0.03203,True,71864.0624536918,7.281522935898654,69333.23670486026,3.503405872241272,65938.25517390118,-1.5647572199195214
1626,73351.55798196887,75585.30405680105,0.20225,True,75585.30405680105,3.0452605728991777,72923.42790885187,-0.5836686839320371,73302.99631857192,-0.06620399720600467
1627,8520.286737366056,8773.372049472,0.16209,True,8773.372049472,2.9703849166956786,8464.401541421603,-0.6559074555480215,8570.493957880522,0.5892667942063667
1628,171006.45575267496,179508.54186469805,0.02608,True,179508.54186469805,4.971792482688242,173186.81686927174,1.2750168448319998,167274.35335438713,-2.182433629105518
1629,18736.68676331597,19739.373141565724,0.02554,True,19739.373141565724,5.351460431162702,19044.214642216208,1.641314084955181,18507.44035211754,-1.2235162710157788
1630,61518.94121290178,63897.54907809795,0.13922,True,63897.54907809795,3.8664642438568597,61647.278818212726,0.20861478234288633,61700.76504224175,0.29555747507215013
1631,6799.257315338956,6885.7791024253465,0.25893,True,6885.7791024253465,1.2725182041750216,6643.283667876072,-2.2939806544901686,6769.89227448808,-0.4318860059116858
1632,97446.90114269873,102984.7983502214,0.05256,True,102984.7983502214,5.682989548752437,99357.99838228313,1.9611677920735815,96989.78728018764,-0.4690901990220375
1633,35183.11532133062,36354.89284992297,0.06412,True,36354.89284992297,3.3305110075966926,35074.58812209207,-0.3084638703746312,34868.402198407544,-0.8945004444568583
1634,18608.523110908063,19105.20967214455,0.33929,True,19105.20967214455,2.6691347737603843,18432.384411170107,-0.9465485180535693,18774.249603552416,0.8905945499092738
1635,23931.578676797177,24418.74297862892,0.21586,True,24418.74297862892,2.035654682087795,23558.791823985583,-1.5577194377612402,23832.712513161714,-0.4131201078319102
1636,37185.36809663315,38703.17929940924,0.04656,True,38703.17929940924,4.0817431168941765,37340.175325125056,0.4163122120765639,36774.78971067801,-1.104139630642298
1637,333166.2837692264,495590.3256685821,0.00254,True,495590.3256685821,48.75164439264257,478137.19660449564,43.513080373909,423732.6626292861,27.183536651863662
1638,63779.56858017886,65861.6670287905,0.099,True,65861.6670287905,3.264522628424782,63542.22672599881,-0.37212834684148266,63108.47707521191,-1.052204522398581
1639,27098.59062210271,28036.44323997004,0.05401,True,28036.44323997004,3.4608907560763624,27049.088085881824,-0.1826756856517453,26787.054573713398,-1.149639303142247
1640,5509.370652448913,5598.957372108146,0.31976,True,5598.957372108146,1.626079008124326,5401.779742565252,-1.9528711475572447,5517.290223722483,0.14374729480308712
1641,13955.228928333869,14245.008700228653,0.20389,True,14245.008700228653,2.0764960100828844,13743.344397099407,-1.518316412597609,13902.788078231171,-0.37577921775417966
1642,15721.436479724876,15965.301612479774,0.31736,True,15965.301612479774,1.551163171822112,15403.054015709662,-2.0251486842555066,15695.304251210386,-0.16622036127673656
1643,38234.48570974029,40296.06485192907,0.05444,True,40296.06485192907,5.391936373459805,38876.9644695987,1.6803645921533494,38474.50862435209,0.6277655110466185
1644,16733.586623475374,17279.62535024151,0.09142,True,17279.62535024151,3.26313024847944,16671.09141445499,-0.3734716915542169,16727.31238596078,-0.03749487575958055
1645,32222.80594311236,34034.11793004087,0.07882,True,34034.11793004087,5.621211231964973,32835.543579312776,1.9015651128650113,32874.71282324732,2.0231226333481622
1646,23060.11321914765,23538.4750376275,0.32243,True,23538.4750376275,2.074412271673709,22709.524145074727,-1.5203267683083888,23119.646267893382,0.2581645986729164
1647,65121.79324928112,68762.43764927097,0.13759,True,68762.43764927097,5.590516197939666,66340.84134907102,1.871951061180832,66281.81515474558,1.7813113668783354
1648,58007.62332721866,59877.49856853203,0.04605,True,59877.49856853203,3.2234991438374827,57768.80181554072,-0.41170711361635526,55694.59219472107,-3.987460612633398
1649,13280.69592118127,13652.36081463624,0.12513,True,13652.36081463624,2.798534773032535,13171.567701885555,-0.8217055788595218,13103.807105661048,-1.3319242950070365
1650,69685.30037330648,72861.47693639774,0.09268,True,72861.47693639774,4.557886019112178,70295.52539354758,0.8756868621819791,69544.81875749285,-0.20159433203426058
1651,39154.40430810883,39717.34119528988,0.29941,True,39717.34119528988,1.4377357978715866,38318.62163588647,-2.134581503642674,38887.38953884634,-0.6819533433871983
1652,21254.55070719218,21599.31861579908,0.36926,True,21599.31861579908,1.6220898449301746,20838.65869979022,-1.9567198249983653,21244.734865115428,-0.04618230802417855
1653,14483.021152466605,14866.170779789109,0.24049,True,14866.170779789109,2.6455089949050326,14342.631106252542,-0.9693422714511013,14563.557347409493,0.5560731707498157
1654,46352.27842372642,47611.46225847362,0.27828,True,47611.46225847362,2.716552190242849,45934.73663917104,-0.9008009935098538,46591.221675980894,0.5154940822329923
1655,22627.7987604706,23288.349847403108,0.17895,True,23288.349847403108,2.9192017037311224,22468.207575602315,-0.705288157092332,22757.6222693622,0.5737345919762937
1656,25789.898628949824,26157.450921679483,0.32497,True,26157.450921679483,1.4251792844081734,25236.26795405861,-2.1466958162826955,25663.62868805008,-0.4896100706576756
1657,49663.31138897096,51551.41076402894,0.08421,True,51551.41076402894,3.8017991999568457,49735.932577915155,0.14622703745108545,49265.52595963579,-0.8009643702967195
1658,28257.005980376165,29275.93949457724,0.11787,True,29275.93949457724,3.6059500249555843,28244.9331895572,-0.042724946964833865,28324.848958405106,0.24009259181971832
1659,91988.75852251305,97657.56846483651,0.04415,True,97657.56846483651,6.162502933373215,94218.37674090148,2.4237942268160673,90491.84155396871,-1.6272824990653412
1660,72329.79975882305,75855.62708960012,0.01836,True,75855.62708960012,4.874653797651329,73184.23101655136,1.1812990780803112,68602.08100649418,-5.153779997675379
1661,20705.094813568823,21203.99240559756,0.07381,True,21203.99240559756,2.409540243697861,20457.254632559823,-1.1970009470643972,20426.95188384468,-1.3433550158962193
1662,74495.35965561678,78314.98863959145,0.12156,True,78314.98863959145,5.127338134391679,75556.98160518192,1.4250846689953578,75371.84987265628,1.1765702200666084
1663,89548.48282533966,91589.77145000293,0.09946,True,91589.77145000293,2.27953457195329,88364.26840994545,-1.32242822885561,88239.81357702854,-1.4614086213650457
1664,205198.5901191162,224329.3694646532,0.02708,True,224329.3694646532,9.32305594031213,216429.19620592418,5.473042519584892,208507.57924867285,1.6125788815779751
1665,10296.18548396194,10480.14350724164,0.34457,True,10480.14350724164,1.7866619008199525,10111.065888554718,-1.7979434781509762,10319.967771594213,0.2309815384476055
1666,24149.208573910662,24888.53136092676,0.20162,True,24888.53136092676,3.0614783285892733,24012.03574033165,-0.5680220664755375,24282.72881058681,0.552896945949577
1667,7477.714597613313,7642.427951847514,0.3354,True,7642.427951847514,2.202723199502321,7373.285729939463,-1.396534546894601,7529.351622682515,0.6905455456361231
1668,23453.66176924108,23918.214564126087,0.21136,True,23918.214564126087,1.9807260778965219,23075.89044246967,-1.6107136296595215,23365.07985167883,-0.3776890723239723
1669,10630.954583888417,10995.46627054636,0.18772,True,10995.46627054636,3.42877663319503,10608.240608542641,-0.21365885035573573,10718.913755749156,0.827387335414298
1670,28937.05882571833,30436.091917215188,0.01113,True,30436.091917215188,5.180322922675762,29364.228700916672,1.4762035000553952,27921.258786128452,-3.5103776292809252
1671,46743.491621499445,48008.995897470966,0.21793,True,48008.995897470966,2.707337924643727,46318.270396513355,-0.9096907617198835,46743.20647597258,-0.000610021881053413
1672,39513.47569381806,41018.975645358056,0.10319,True,41018.975645358056,3.8100924434130157,39574.41662365147,0.15422821901478478,39634.30473486388,0.3057919834289047
1673,32645.607728591072,33808.3091738289,0.09887,True,33808.3091738289,3.5615861554923134,32617.687095697438,-0.08552646078995307,32273.33146410526,-1.1403563615076218
1674,13085.84703999436,13285.47859565548,0.38831,True,13285.47859565548,1.5255531800959066,12817.605918166624,-2.0498567728012507,13094.963487361701,0.06966646743982174
1675,210158.7277078752,232855.80094177288,0.01202,True,232855.80094177288,10.79996699706285,224655.3536435426,6.89794142445419,209247.250676382,-0.4337088644541853
1676,17978.268462863783,18224.55228808127,0.29162,True,18224.55228808127,1.3698973609511667,17582.741004154428,-2.2000308846559014,17889.339735193997,-0.494645676548211
1677,6521.281163334676,6667.646651931161,0.30963,True,6667.646651931161,2.2444284325511266,6432.83315468848,-1.3562980406900293,6568.276678590702,0.7206485056993728
1678,82549.22002031647,88679.89427696395,0.01588,True,88679.89427696395,7.426689501292261,85556.86793839006,3.6434601287975488,80985.80330168143,-1.893920643042124
1679,11852.05462287086,12053.119151661083,0.33154,True,12053.119151661083,1.696452937385473,11628.646289131011,-1.8849755662511014,11861.426087103311,0.07907037666166072
1680,12474.989876140791,12730.52929082484,0.32066,True,12730.52929082484,2.0484138041088285,12282.200178534049,-1.545409651798313,12520.085239842068,0.3614861747304854
1681,12624.254511385318,12844.187177958918,0.09509,True,12844.187177958918,1.742143794512785,12391.855393157064,-1.8408937970845085,12381.929496931292,-1.919519400020664
1682,14606.29822203258,15662.119638552324,0.03125,True,15662.119638552324,7.228535255613999,15110.549155209963,3.452284251027793,14922.65541145289,2.165895729440259
1683,100566.3547313696,107721.92659723638,0.05176,True,107721.92659723638,7.115274173932784,103928.29990487255,3.343011867620427,101473.70517154908,0.9022405580904058
1684,30771.52802096702,31658.38677704261,0.2128,True,31658.38677704261,2.8820757795040564,30543.478188713965,-0.7411066232969166,30778.321991166125,0.022078754732213213
1685,14533.964511361432,14822.823144767568,0.35913,True,14822.823144767568,1.9874730888487457,14300.810038295507,-1.604204227165018,14595.85598834032,0.4258402924439908
1686,38928.26216662157,40160.769674672,0.20974,True,40160.769674672,3.166099485189,38746.433962005496,-0.4670853372231498,39059.22840628553,0.33642971038212455
1687,13855.395910760091,14404.886223937434,0.10091,True,14404.886223937434,3.9658939861156206,13897.591538391074,0.30454292250294834,13870.074505148474,0.10594135658716919
1688,59901.6604896388,62811.85520621194,0.23581,True,62811.85520621194,4.858287220729918,60599.81966215687,1.16550888040714,61255.389846630176,2.259919584742609
1689,12785.839896825082,13006.110455810403,0.34135,True,13006.110455810403,1.7227695697958678,12548.076243579182,-1.8595857226785695,12797.168527457625,0.08860294453831852
1690,21953.041214628844,22273.216791735664,0.08913,True,22273.216791735664,1.4584565936744287,21488.82430624049,-2.114590428951646,21372.846171285328,-2.642891422974647
1691,13241.053953781076,13446.1813458274,0.34494,True,13446.1813458274,1.5491772238247492,12972.649224046687,-2.0270646934245296,13238.010550065517,-0.022984603236131385
1692,61647.23409657933,64030.0048748977,0.04929,True,64030.0048748977,3.865170616714808,61775.06993937799,0.2073667126709866,60287.04351753025,-2.206409742435711
1693,24469.138339891342,25442.069526570387,0.10626,True,25442.069526570387,3.9761563041756265,24546.080036651165,0.3144438340699107,24503.458626996147,0.14025948371403363
1694,32855.97491081867,33960.51491190032,0.11827,True,33960.51491190032,3.3617629794267634,32764.532627458793,-0.2783124944795712,32832.24581749885,-0.07222154687003268
1695,51594.47400158346,53632.86863283048,0.0627,True,53632.86863283048,3.9508002953658528,51744.08806177478,0.2899807839628954,51109.316701762786,-0.9403280277763604
1696,28214.514578207,28710.73330579626,0.30941,True,28710.73330579626,1.7587356543519617,27699.63178109514,-1.8248862502477925,28145.808316712297,-0.24351388823031783
1697,18091.36836546161,18259.989349553885,0.16097,True,18259.989349553885,0.9320521294242656,17616.93008402712,-2.622456587309585,17783.061906786963,-1.7041632918339045
1698,6594.828458190747,6714.400756788659,0.33616,True,6714.400756788659,1.8131221965205668,6477.940727351766,-1.772415030656438,6622.5342916003865,0.42011454255839187
1699,9871.02659246757,10411.571396281084,0.11264,True,10411.571396281084,5.47607484135435,10044.908671188336,1.7615399684309807,10046.751741870428,1.780211488204797
1700,39054.21359919877,39754.03556357356,0.1971,True,39754.03556357356,1.7919243530463813,38354.02374418764,-1.792866352903577,38752.538088000816,-0.7724531705949889
1701,83087.90116851091,87145.36147994506,0.06773,True,87145.36147994506,4.883334702612352,84076.37654930889,1.1896742689326611,82412.97407713222,-0.8123048986516945
1702,17413.722140967617,18464.722151016176,0.03548,True,18464.722151016176,6.035470197241577,17814.45284158318,2.301235183216832,17392.877183813758,-0.11970420215227096
1703,23567.983643110558,24845.888119266827,0.11915,True,24845.888119266827,5.4222053761897815,23970.89425922242,1.7095676160215012,23999.08932110213,1.8292005142221512
1704,31880.477026406326,34451.11558209984,0.03411,True,34451.11558209984,8.063362896246119,33237.8558885314,4.2577118937108915,32508.09490495443,1.9686589947454314
1705,30242.004250300964,31064.18362100191,0.1911,True,31064.18362100191,2.718666937204617,29970.20099477447,-0.8987607212699533,30152.819524588478,-0.2949034891151392
1706,49530.0638267876,53492.49963468354,0.05276,True,53492.49963468354,8.000061986096041,51608.662417269676,4.1966402420783755,51146.44226591689,3.2634289444527287
1707,96531.86295301204,107035.83314352772,0.02151,True,107035.83314352772,10.881350332613593,103266.36849989122,6.976458695464394,97097.51973977039,0.5859793538157243
1708,56434.76316450187,57060.67773360382,0.32023,True,57060.67773360382,1.1090939945605394,55051.18053120117,-2.451649578589865,55837.691912573646,-1.05798486331522
1709,15905.136625634765,16240.606266256304,0.21842,True,16240.606266256304,2.109190562254293,15668.66330739892,-1.4867732594935013,15848.428216173928,-0.35654147962135285
1710,26353.656246163504,26758.15516533361,0.18894,True,26758.15516533361,1.5348872861957963,25815.817287798593,-2.0408513844951126,26055.570716638194,-1.1310974338473612
1711,8861.417447428636,9187.320681881018,0.04119,True,9187.320681881018,3.677777696241491,8863.77220785118,0.026573180154465526,8493.146135222662,-4.155896214017519
1712,69693.60941088376,71736.55349169942,0.07218,True,71736.55349169942,2.9313219649327316,69210.21820657393,-0.6935947332845971,68882.06480164162,-1.1644462327350724
1713,14783.44289863368,15480.588656964072,0.03549,True,15480.588656964072,4.715719897662152,14935.411122569041,1.027962329055332,14618.901398432206,-1.11301204550045
1714,18774.030046458,19241.007684568543,0.15618,True,19241.007684568543,2.4873595970335893,18563.400045660706,-1.1219221460500028,18761.38406829489,-0.0673588895501731
1715,11393.977035194916,11765.846404775511,0.18392,True,11765.846404775511,3.263736344490842,11351.49038284604,-0.3728869403338164,11494.625892971271,0.8833514186088021
1716,25862.3045935376,26978.1137912716,0.12838,True,26978.1137912716,4.314422922746086,26028.02966428735,0.6407977686225363,26078.4382079547,0.835709028309517
1717,40450.01109785638,42698.52035935686,0.1008,True,42698.52035935686,5.558735833374429,41194.81306710488,1.8412899008771078,40800.3275644513,0.8660478874713551
1718,121188.00209750916,133209.03769666265,0.04619,True,133209.03769666265,9.919328143953754,128517.8352921642,6.04831589579089,125886.51746520726,3.8770466435428252
1719,41465.53499012414,42213.71482819456,0.1383,True,42213.71482819456,1.804341456702807,40727.080858540125,-1.7808865404965735,40976.480427794326,-1.1794242192854743
1720,25857.415644328765,26531.313828636798,0.26276,True,26531.313828636798,2.60620857698064,25596.96458792817,-1.0072586525394667,26005.98738614686,0.5745807851090579
1721,31026.61005238362,32598.38496850728,0.1114,True,32598.38496850728,5.065893159033363,31450.372606949182,1.3658035919815292,31323.523818163558,0.9569648932920671
1722,15140.07581815238,15792.9605070359,0.14504,True,15792.9605070359,4.312294711897913,15236.782220743753,0.6387445066518449,15240.063610052135,0.6604180395178405
1723,95878.45254512428,101273.7181426637,0.02653,True,101273.7181426637,5.627193028590227,97707.17702594739,1.907336249469016,94215.72856927408,-1.7341998454424856
1724,43675.22601805072,44472.75470199307,0.1738,True,44472.75470199307,1.8260436330947316,42906.56446895691,-1.759948646347309,43164.13839607075,-1.1702002910499831
1725,28534.4775608359,31218.61577509693,0.03899,True,31218.61577509693,9.40664923175274,30119.19453520521,5.553691918804793,29128.981817719978,2.0834594066654555
1726,15389.25411156266,16318.750494045402,0.07116,True,16318.750494045402,6.039905350476782,15744.05554181249,2.305514144335641,15707.453291242104,2.0676712293701494
1727,24608.291993519728,25430.842704273146,0.14125,True,25430.842704273146,3.3425753846306083,24535.248587645903,-0.29682436267035595,24608.206006582557,-0.0003494226141098622
1728,38428.49787242144,40765.660088108525,0.05925,True,40765.660088108525,6.081846403276603,39330.02204182383,2.3459781654629364,38627.62931535684,0.5181869028461517
1729,34031.195778732275,34922.876089267,0.1725,True,34922.876089267,2.6201850688184702,33693.002477725444,-0.9937743686872835,33927.99211120178,-0.3032619488351762
1730,23127.407785456027,23491.053737458755,0.31663,True,23491.053737458755,1.5723593209240327,22663.772873615915,-2.004698996710197,23038.458250403444,-0.3846065926528919
1731,14422.2009466311,14665.084149034708,0.27301,True,14665.084149034708,1.6840924856226236,14148.626112765543,-1.8969007218656242,14386.307447615385,-0.24887670854495392
1732,27819.545857402267,28528.77732464262,0.20216,True,28528.77732464262,2.5493998747346147,27524.08371603383,-1.0620667313654963,27874.565648870495,0.1977738664399764
1733,47089.21120237231,55268.85414394095,0.00586,True,55268.85414394095,17.370524442245404,53322.45932015772,13.237104548209944,49519.37183505131,5.160758846086955
1734,26777.85073385264,26957.61940597751,0.33195,True,26957.61940597751,0.6713334610443766,26008.257026640666,-2.873993566029742,26475.327020726392,-1.129753527021482
1735,14907.433878929627,15111.182402031574,0.21977,True,15111.182402031574,1.3667578522010393,14579.014191488297,-2.203059829804266,14755.77882826611,-1.0173115768628005
1736,122815.58694485616,131957.69613155408,0.01659,True,131957.69613155408,7.443769487339336,127310.56203248439,3.659938611575786,120624.5514812139,-1.7840043907668024
1737,71624.78259599568,76779.23414208238,0.02444,True,76779.23414208238,7.196463792652219,74075.31154005078,3.4213422438954755,70756.66837544367,-1.2120305138637155
1738,72190.06918575945,76968.76059061976,0.05924,True,76968.76059061976,6.619596654719606,74258.16346449828,2.8647905481531177,72258.84568814898,0.09527141775216297
1739,42481.35357992124,44526.55571310718,0.06689,True,44526.55571310718,4.814352559030977,42958.470778051786,1.1231214590018412,42301.54447651922,-0.42326594670233364
1740,44322.883137896046,49719.26972034539,0.01688,True,49719.26972034539,12.175170477200847,47968.313766492465,8.22471457295515,45716.02381014581,3.143163471373156
1741,49363.18877566183,50154.731169228966,0.19806,True,50154.731169228966,1.6035074175706487,48388.43963581333,-1.9746478378420584,48773.018851657274,-1.1955668558744637
1742,60205.426827277326,64231.03646070945,0.04833,True,64231.03646070945,6.68645643021708,61969.02182643171,2.9292957331138014,60906.13133601597,1.1638560602666104
1743,98960.19224596908,102856.06286650043,0.13703,True,102856.06286650043,3.936805832842394,99233.79655649723,0.2764791622959839,98260.88073116123,-0.7066594141912019
1744,30919.93817035058,31286.26360989053,0.27299,True,31286.26360989053,1.1847547608980102,30184.460026497723,-2.378653345943982,30633.849795828977,-0.925255325367802
1745,11807.408964036498,12188.314773053204,0.06891,True,12188.314773053204,3.2259898016312016,11759.080746903013,-0.40930416893905086,11657.74620444549,-1.2675326148764543
1746,40015.99349826907,40714.37871912954,0.04766,True,40714.37871912954,1.7452652297404114,39280.54664101052,-1.837882288966186,37813.54890045155,-5.5039108248375435
1747,32619.0379849907,32862.80032326456,0.35038,True,32862.80032326456,0.7473008198035203,31705.476086405266,-2.800701538180861,32277.029867808385,-1.048492347750063
1748,16696.78809380289,17092.303475860026,0.25031,True,17092.303475860026,2.3688111739522677,16490.36642601089,-1.23629566736021,16757.720222910077,0.36493323605035766
1749,10746.728929988029,10913.4863099124,0.3559,True,10913.4863099124,1.5517036021914121,10529.147723703962,-2.024627286140257,10750.433457804958,0.034471212971531884
1750,15543.935678788852,15775.83361682437,0.29254,True,15775.83361682437,1.4918868864850277,15220.258485617878,-2.0823374456744648,15503.304668797244,-0.26139460964865746
1751,45989.04884734298,47979.80071413432,0.09508,True,47979.80071413432,4.3287519891952675,46290.103375504405,0.6546222105196176,46028.46901774185,0.08571642899100063
1752,153911.3942684297,167584.00972573803,0.03366,True,167584.00972573803,8.883432914305601,161682.22916358802,5.048901630769187,153482.45218757365,-0.27869416874226616
1753,38843.40598081651,40373.43130216563,0.11989,True,40373.43130216563,3.9389576756084344,38951.60631733341,0.2785552239428668,38787.34181347398,-0.14433380885863212
1754,12394.891366500966,12631.117404350518,0.3123,True,12631.117404350518,1.9058338702990785,12186.289265333973,-1.6829683697815234,12430.80791111648,0.28976893426095884
1755,39017.04535354472,42598.98741023747,0.03084,True,42598.98741023747,9.180454399444482,41098.78535470448,5.335462955476267,40233.66755001957,3.11818126014074
1756,23460.006969421825,24796.97585718141,0.04785,True,24796.97585718141,5.698927922324204,23923.704532825814,1.976544866369312,23463.600186122898,0.015316349674376895
1757,51437.91616823957,53731.359029929576,0.07386,True,53731.359029929576,4.458662077578679,51839.10993755069,0.7799572750943451,50811.52642310629,-1.217758789225698
1758,17969.37149257412,18357.04066276394,0.3438,True,18357.04066276394,2.157388589523146,17710.563555912267,-1.4402726148146305,18049.584890495284,0.44638955766658217
1759,109334.45192313222,116750.63987153892,0.08629,True,116750.63987153892,6.783029336096802,112639.05035807593,3.0224676456667154,110080.08881574738,0.6819779854380981
1760,61669.84179498556,65359.305651248345,0.03303,True,65359.305651248345,5.982606325678597,63057.556932623935,2.2502330105721446,60595.37045007955,-1.7422962563743316
1761,27441.385850240626,28411.057109392143,0.21535,True,28411.057109392143,3.53360892355592,27410.509235685357,-0.11251842280770585,27709.431160535,0.9767921771779875
1762,17967.84843555516,18444.63360520843,0.21446,True,18444.63360520843,2.653546257156747,17795.071751035422,-0.9615880562407364,18028.33761769674,0.336652339641752
1763,23215.850982730837,23965.917452573944,0.19184,True,23965.917452573944,3.230837716873025,23121.91338555603,-0.4046269819903858,23362.074363490927,0.6298428641227094
1764,11171.8612190346,11333.22933307842,0.32921,True,11333.22933307842,1.4444156696905797,10934.10872071323,-2.128136875852771,11152.988386354358,-0.1689318575501586
1765,5771.175621976621,5855.340755979563,0.32914,True,5855.340755979563,1.45837069456769,5649.134111831595,-2.114673302962611,5777.916251995988,0.11679821341250562
1766,24448.8735675705,24949.97920177416,0.26709,True,24949.97920177416,2.049606223447187,24071.319581921045,-1.5442592257102983,24410.433649190843,-0.15722572360407083
1767,15922.020221379738,16139.213599985307,0.35342,True,16139.213599985307,1.3641069134802786,15570.84137122277,-2.2056174108195936,15884.583289620039,-0.2351267693369019
1768,37141.35655368133,38289.45927603316,0.1463,True,38289.45927603316,3.0911706757195123,36941.0252168389,-0.5393753902146581,37144.88911128219,0.009511116255933594
1769,47571.6217629804,50197.99051008135,0.03136,True,50197.99051008135,5.520872843449598,48430.17551904352,1.804760326105237,47316.58896642742,-0.5361028005806623
1770,37715.21000028625,38396.05182001207,0.07657,True,38396.05182001207,1.8052181592536742,37043.86390742121,-1.780040712646025,36492.467408887635,-3.242041052905009
1771,36054.326984559375,36793.82090604708,0.26188,True,36793.82090604708,2.051054570521882,35498.05851567395,-1.5428618848540854,35998.03438871531,-0.15613270459375883
1772,21249.84016009579,22123.143035641988,0.07261,True,22123.143035641988,4.109691503403101,21344.035674772083,0.44327634451188924,21084.970222691067,-0.7758643649203867
1773,8173.471640059957,8332.547431789959,0.20894,True,8332.547431789959,1.9462451053275487,8039.101377201505,-1.6439802910659718,8152.384313791541,-0.2579971791308644
1774,53797.54918882192,56066.70309753211,0.09565,True,56066.70309753211,4.217950339607057,54092.21054859275,0.5477226457595963,53576.83746573413,-0.41026352764347296
1775,10060.717436058798,10211.751812402525,0.36504,True,10211.751812402525,1.5012286877514436,9852.126103180213,-2.07332463320129,10063.181598193345,0.024492906695861016
1776,32092.694694516063,32652.04983711826,0.26557,True,32652.04983711826,1.7429360417583695,31502.147568050746,-1.840129450289596,31983.285365601037,-0.3409166165586064
1777,5499.449860095665,5614.318123886171,0.22643,True,5614.318123886171,2.0887228125125112,5416.599537086006,-1.5065201996080635,5516.8636665050635,0.31664633467711756
1778,9797.739508319226,9908.620353102278,0.26689,True,9908.620353102278,1.1316982319126145,9559.669978341783,-2.4298413912239636,9720.196864448299,-0.7914340221546579
1779,71511.70553514671,75267.07484833451,0.0619,True,75267.07484833451,5.251405046327839,72616.40572998146,1.5447823353783807,71160.55450260581,-0.49103993522895406
1780,44487.55146879178,45252.899386851015,0.168,True,45252.899386851015,1.7203642205306124,43659.23491719589,-1.8619063631248767,43601.54091335246,-1.9915920885438365
1781,26023.388536916074,28244.40335255437,0.03599,True,28244.40335255437,8.53468721987387,27249.724498835378,4.712437660374835,25958.89271834926,-0.24783789580408166
1782,12296.663676733357,12746.890379072593,0.12172,True,12746.890379072593,3.661372825794329,12297.98508082734,0.010746037532793906,12357.983980318639,0.4986743168499119
1783,42273.82806929306,44112.40250407264,0.08843,True,44112.40250407264,4.349202612467207,42558.90273954058,0.6743526273046418,42136.1949747081,-0.32557518651813444
1784,12078.812287452294,12911.53987634602,0.0446,True,12911.53987634602,6.8941181390721695,12456.836141816982,3.1296442511768108,12081.096875889581,0.018914015574700294
1785,73821.57021468667,78304.1924430009,0.0532,True,78304.1924430009,6.072239069526608,75546.56561660339,2.3367091717232835,73762.34842720452,-0.08022287701267006
1786,20687.4767880722,21179.40876134517,0.11272,True,21179.40876134517,2.3779215721300817,20433.536746765134,-1.2275061086883254,20578.186090520616,-0.5282939948220156
1787,18609.24973564804,20078.246278976123,0.04753,True,20078.246278976123,7.8939052578463675,19371.153735927113,4.094222019169114,18862.24195361297,1.3594971401791334
1788,44996.46222078643,46344.63388262777,0.09642,True,46344.63388262777,2.996172577359979,44712.521965410386,-0.6310279550041487,44319.723792138495,-1.50398141375504
1789,9670.165900777998,9997.461476882556,0.30184,True,9997.461476882556,3.384591117286062,9645.382397788608,-0.2562882916765319,9830.353682405641,1.6565153408045985
1790,56292.03837355767,59011.8116590232,0.08883,True,59011.8116590232,4.83154166032671,56933.601670155804,1.1397052143336417,56252.28215770014,-0.07062493561470484
1791,8524.602139993796,8702.536343328604,0.23487,True,8702.536343328604,2.087302145164238,8396.060445559388,-1.5078908355305676,8519.1538873414,-0.06391210478711162
1792,40220.88128247504,42729.403057701566,0.06706,True,42729.403057701566,6.23686427358201,41224.60817416271,2.495536795025455,40728.34406945817,1.2616898755130945
1793,10748.60720051195,11522.429131463954,0.05405,True,11522.429131463954,7.199276301725388,11116.645498597572,3.424055705264717,10974.05763532374,2.0974851030099106
1794,23732.617187904663,24578.614720216283,0.07739,True,24578.614720216283,3.5647039077627785,23713.033386783918,-0.08251850592663201,23576.74278411466,-0.6567939918124321
1795,82426.98736149904,87204.59650784063,0.01426,True,87204.59650784063,5.796171010579942,84133.52550624336,2.0703633595875237,79599.21080466453,-3.430644073442546
1796,80753.51465288717,84411.22179073578,0.05555,True,84411.22179073578,4.5294711364217255,81438.52464136458,0.8482726620901548,80098.60005515619,-0.8110044504515801
1797,28154.021780464343,30902.34723314725,0.02196,True,30902.34723314725,9.761750822363613,29814.063974357385,5.896287950749968,28111.59025678855,-0.15071212207854456
1798,50755.60368468853,51953.0725391378,0.28604,True,51953.0725391378,2.359284034701581,50123.44909142791,-1.245487290798053,50805.40711044283,0.09812399447299835
1799,15036.955434928996,15727.856699250467,0.03156,True,15727.856699250467,4.5946885146483485,15173.971163847496,0.9111932898346664,14561.085608555104,-3.16466872854132
1800,19786.08280874524,20018.64340939372,0.3359,True,20018.64340939372,1.1753746453830205,19313.6498915305,-2.3877031233586643,19677.00926005456,-0.5512639856256385
1801,126176.51138540624,135243.2413733481,0.04602,True,135243.2413733481,7.1857510469975905,130480.40072759883,3.4110067673739586,124929.72556511515,-0.9881283026464294
1802,7664.626027579376,7797.221973973703,0.34371,True,7797.221973973703,1.7299728116833224,7522.628394550001,-1.8526361562642424,7686.25772115837,0.2822276455649364
1803,64269.33136620993,70422.20778604622,0.01591,True,70422.20778604622,9.573580880711031,67942.15961357702,5.714744761290769,63100.168847552646,-1.8191608560470862
1804,41550.21911948953,42878.099518493815,0.13371,True,42878.099518493815,3.1958445157306725,41368.06801432868,-0.43838783289450456,41123.13769586322,-1.0278680417980857
1805,34985.80649360494,35966.37015225433,0.16202,True,35966.37015225433,2.802747047802434,34699.74796912926,-0.8176416471290082,34905.936882855975,-0.22829146660822142
1806,51052.1712489574,52078.18654129309,0.1483,True,52078.18654129309,2.009738797067606,50244.156972813194,-1.5827226470033984,50167.76382850275,-1.7323600521157223
1807,38953.44381377778,40208.40940345368,0.06498,True,40208.40940345368,3.221706393086654,38792.39596971003,-0.41343672933685793,38718.717998906446,-0.6025803931315465
1808,11471.91217971948,11698.68978692049,0.34048,True,11698.68978692049,1.9768073852754586,11286.69880937995,-1.614494318279025,11522.428871573811,0.4403511033115759
1809,12451.40621439017,13056.640707122822,0.05238,True,13056.640707122822,4.860772207665809,12596.826978722462,1.1679063539363765,12552.3905474175,0.8110275360755814
1810,19897.40877492641,21063.637153241467,0.10077,True,21063.637153241467,5.8612073135104525,20321.842249762147,2.133109288937085,20314.73516776097,2.0973906580260326
1811,125136.7039267852,137510.883279652,0.0222,True,137510.883279652,9.888529076254615,132668.18343405158,6.018601474170904,125186.96785087376,0.04016721114692423
1812,10926.096727646514,11016.32889938388,0.27138,True,11016.32889938388,0.8258408651009796,10628.36852135594,-2.7249274257038825,10820.708762716687,-0.9645527360485628
1813,39824.594322732,40429.54489108187,0.30135,True,40429.54489108187,1.5190376164222696,39005.743762529964,-2.056142878860756,39573.5197741917,-0.6304509884159426
1814,44216.00848402149,45730.20307463262,0.16693,True,45730.20307463262,3.4245393072021013,44119.72947365642,-0.21774695108416342,44331.8568169849,0.2620054069450317
1815,21661.807218874488,22158.88208561149,0.23764,True,22158.88208561149,2.2947063544351387,21378.516108058735,-1.3077907487280882,21685.645544779116,0.11004772438309995
1816,60853.85369780198,64820.27524134606,0.07685,True,64820.27524134606,6.517946362511706,62537.50947462008,2.7667200588134877,61613.394462857046,1.2481391381175655
1817,12987.028053894925,13218.468518667109,0.2076,True,13218.468518667109,1.7820895112548252,12752.955724859788,-1.802354842568743,12913.58512763644,-0.5655098761141009
1818,32858.49915205204,34944.90323679684,0.06944,True,34944.90323679684,6.349663370472292,33714.25389855353,2.6043634632899604,33223.3639389981,1.1104122110314751
1819,25130.7442493506,25556.60044326989,0.341,True,25556.60044326989,1.694562603056604,24656.577535490283,-1.8867993289636398,25107.421310168662,-0.09280640060048695
1820,13879.11783967673,14246.955356883123,0.20856,True,14246.955356883123,2.6502946473647038,13745.222498642781,-0.9647251545856772,13881.898135435398,0.020032222442267766
1821,14621.11239880281,14862.41815485912,0.15125,True,14862.41815485912,1.6503925930838825,14339.010636943516,-1.9294138104183678,14428.244492108717,-1.3191055607361668
1822,51796.32157380784,54749.26432235493,0.04633,True,54749.26432235493,5.701066521373055,52821.167814230495,1.978608150700989,50887.79897970842,-1.7540291790891116
1823,4991.550384091762,5059.727416544492,0.34545,True,5059.727416544492,1.3658488286527826,4881.539766269208,-2.2039368404085824,4993.437859563647,0.0378134111978623
1824,32602.213044344728,33759.22324547568,0.08937,True,33759.22324547568,3.5488701320895544,32570.32981901155,-0.09779466593207164,32189.74966924977,-1.2651391932625433
1825,12161.817443205424,12349.191199895557,0.24731,True,12349.191199895557,1.5406723342555662,11914.291613108644,-2.0352700675923097,12111.244063282851,-0.4158373545627203
1826,46518.86247871601,48445.213140952445,0.06139,True,48445.213140952445,4.1410098175074905,46739.12544372881,0.4734917263154781,46219.82999070576,-0.6428198629041426
1827,54895.4843999895,60349.67050625338,0.0136,True,60349.67050625338,9.935582436111856,58224.345346001755,6.06399776301616,55853.67417894398,1.7454801418141042
1828,28010.818485868465,29142.26751831163,0.12058,True,29142.26751831163,4.039328707991818,28115.968718933203,0.37539150495651263,28162.345092915268,0.5409574415801144
1829,72429.79358598804,76379.6870622254,0.07117,True,76379.6870622254,5.453409820294586,73689.83524888913,1.7396731379679675,72244.98382039086,-0.25515710655419355
1830,22129.204996029992,22763.67998965467,0.24583,True,22763.67998965467,2.8671386691862866,21962.014936372954,-0.7555176956742571,22251.3568149224,0.5519937065715741
1831,9654.583152570063,10047.774118751791,0.00961,True,10047.774118751791,4.0725835592089865,9693.923187007342,0.40747522514015255,9208.240057777579,-4.623121348058068
1832,24408.684622447152,25205.105400338565,0.05997,True,25205.105400338565,3.2628582416890817,24317.461039983973,-0.37373411912285937,24144.063946683316,-1.0841250966898919
1833,28925.448735337093,30214.44440231032,0.04748,True,30214.44440231032,4.456268522460327,29150.386912806713,0.7776480134422892,28433.23753771332,-1.701654491611937
1834,17405.43344154438,17712.105656416177,0.33418,True,17712.105656416177,1.7619338001650275,17088.34112751596,-1.8218007330490615,17416.907435124253,0.0659219066184491
1835,129113.58888523464,137184.0816291588,0.03348,True,137184.0816291588,6.250691978748879,132352.89070754056,2.5088775320041945,125943.7216263705,-2.455099642286096
1836,22256.094683373605,22528.92953668838,0.32422,True,22528.92953668838,1.2258882665456827,21735.531654376857,-2.3389684327036697,22126.92708225049,-0.5803695704961642
1837,22580.969557982437,23482.6170639945,0.14667,True,23482.6170639945,3.9929530204487085,22655.633313196886,0.33064902294266396,22702.033845341026,0.5361341418388843
1838,235000.45472386107,256419.4074578465,0.0503,True,256419.4074578465,9.114430335530166,247389.12421561233,5.271764050971162,240765.8537295763,2.4533565317947703
1839,53695.94037407399,54482.40470516712,0.3424,True,54482.40470516712,1.4646625529122215,52563.70615156185,-2.1086030240357156,53406.548787524196,-0.5389450013050134
1840,25216.58367629916,25719.47786990126,0.24554,True,25719.47786990126,1.9942994660088198,24813.718932579937,-1.5976182534903516,25121.352922269187,-0.37765129191342783
1841,22446.624556241062,22965.10341012888,0.15453,True,22965.10341012888,2.3098299371860698,22156.34485890746,-1.2931997708888976,22235.520527457138,-0.9404711530457188
1842,11521.218172205712,12733.78679726623,0.01943,True,12733.78679726623,10.524656394284504,12285.342965866925,6.632326393268206,11458.805518158495,-0.5417192272062388
1843,17317.080132874496,18250.90778996949,0.096,True,18250.90778996949,5.392523739162169,17608.168348344283,1.6809312726871806,17499.35409670449,1.0525675369715826
1844,6199.361870750642,6338.738232464243,0.33221,True,6338.738232464243,2.2482372318221255,6115.507852965995,-1.352623375323203,6253.913183494965,0.8799504510569545
1845,26511.50014300557,27020.85566459869,0.33755,True,27020.85566459869,1.9212625420877982,26069.26630356732,-1.6680830471787589,26529.61933101754,0.0683446350234096
1846,18124.87173225461,18570.614843592997,0.2001,True,18570.614843592997,2.4592897424214666,17916.616327323703,-1.1490034688648398,18094.656030957616,-0.1667084972702071
1847,20939.97216659284,21633.645088189736,0.22674,True,21633.645088189736,3.312673560777535,20871.776302027607,-0.32567313854424684,21103.846469540134,0.7825908346178911
1848,5767.776750241799,5875.726328100701,0.34769,True,5875.726328100701,1.871597714914608,5668.801768362278,-1.715998835693,5798.561650073291,0.5337394487434199
1849,12535.09337357612,12692.440105080372,0.34576,True,12692.440105080372,1.2552497760881298,12245.452373846298,-2.3106409429736074,12494.096729264782,-0.3270549575462911
1850,68799.2675321219,73037.34927132676,0.04947,True,73037.34927132676,6.160068110065464,70465.20405922736,2.421445150310131,68903.41921086884,0.15138486568671006
1851,10678.184517294858,11074.159488448073,0.11785,True,11074.159488448073,3.7082611797153,10684.162499367592,0.055983131430736854,10725.918994025973,0.44702801917124724
1852,28656.863249418984,29605.09574383309,0.12467,True,29605.09574383309,3.3089193543655915,28562.497593284665,-0.32929513364039487,28672.989852507937,0.05627483702104197
1853,18717.77610721512,19137.926780147907,0.16976,True,19137.926780147907,2.2446612809458255,18463.94932576086,-1.3560733924817936,18648.791695724194,-0.3685502545589969
1854,36806.46749547915,37615.13810282887,0.26634,True,37615.13810282887,2.1970883444575318,36290.451509751314,-1.4019709601069796,36756.08812045903,-0.136876419956089
1855,17912.343846237447,18483.561388888906,0.12641,True,18483.561388888906,3.1889603479861917,17832.62862088331,-0.4450295619513822,17828.454127938654,-0.46833468036855397
1856,18363.54138158084,19122.33675679433,0.27305,True,19122.33675679433,4.132075395732682,18448.90833388673,0.4648719467124085,18710.00987240196,1.8867193621413314
1857,37358.9908530598,38168.096870507485,0.16094,True,38168.096870507485,2.165759831763281,36823.93681267576,-1.4321961813382633,36961.62829539437,-1.063633006652498
1858,67103.44940378399,71839.49025251817,0.04514,True,71839.49025251817,7.057820262317405,69309.52985915517,3.287581301665221,67140.10429244678,0.05462444775710118
1859,55558.02392201254,59572.06159252605,0.03089,True,59572.06159252605,7.2249467982303806,57474.12136702746,3.4488221678016684,54841.000622120926,-1.2905845983617104
1860,51134.56317228557,53007.73988107258,0.08231,True,53007.73988107258,3.663230098350101,51140.9743741152,0.012537902803688716,50756.67581639253,-0.7390057378995007
1861,24920.364378534327,25750.639044852545,0.05838,True,25750.639044852545,3.331711582168495,24843.78270917608,-0.3073055762547794,24367.676374971103,-2.217816702709585
1862,9411.44326768959,9859.796514545067,0.07089,True,9859.796514545067,4.763915948946074,9512.565561475447,1.0744610673372401,9333.568707127431,-0.8274454655590402
1863,27987.61445980023,28563.899130265378,0.31541,True,28563.899130265378,2.0590703480387385,27557.968642373948,-1.5351283977539376,28039.494464304174,0.18536772606492224
1864,36694.30040115098,37267.64756939746,0.10607,True,37267.64756939746,1.562496523924728,35955.198497543395,-2.0142144570888143,36060.00393630822,-1.728596697330309
1865,15465.673884252186,15713.108436163828,0.27112,True,15713.108436163828,1.599895056390599,15159.74228809711,-1.9781329830482752,15411.110245310278,-0.3528047943482604
1866,16808.02200958181,17042.65478285,0.37868,True,17042.65478285,1.39595708010396,16442.466203465454,-2.174888906665895,16784.26209283015,-0.14136057614700936
1867,128791.95365674912,143840.2210909326,0.0211,True,143840.2210909326,11.6841673776372,138774.6219190359,7.751003054812089,132538.55139984883,2.909030911267174
1868,17692.85251141826,18414.504926085952,0.11394,True,18414.504926085952,4.078779350033956,17766.004109019643,0.4134528197427434,17803.509806236918,0.6254350153387822
1869,105545.71656547848,114367.72334175112,0.0348,True,114367.72334175112,8.358469735528917,110340.05263700827,4.542426000353572,105776.67074726212,0.2188190949846458
1870,30222.02841804141,31339.014512197264,0.11496,True,31339.014512197264,3.695933571053933,30235.35320830726,0.044089662287194464,30195.75504369387,-0.08693451671779595
1871,28114.157813049387,29198.9054778232,0.1115,True,29198.9054778232,3.8583679866459164,28170.612068045655,0.2008036497898047,28044.521700489517,-0.24769055158233577
1872,16610.727284373697,16809.470574694802,0.31331,True,16809.470574694802,1.1964755481120193,16217.494008075331,-2.3673453279092427,16519.381569593108,-0.5499200198568199
1873,21635.256427759,21898.93404866382,0.34028,True,21898.93404866382,1.2187404470349161,21127.72262156094,-2.3458645285427293,21512.76172923034,-0.5661809414539309
1874,18072.25646777867,18256.382922283497,0.36878,True,18256.382922283497,1.0188348911111866,17613.450663756972,-2.5387300409315694,17962.132793825724,-0.6093520980586242
1875,31287.26146190549,31671.867109878487,0.35945,True,31671.867109878487,1.2292723300225017,30556.483786720233,-2.335703545275236,31108.289617337843,-0.5720278356274755
1876,70859.48573557823,77428.03488863855,0.01228,True,77428.03488863855,9.269823348100136,74701.26356947099,5.42168461147019,69587.91689167595,-1.7944934692968428
1877,25627.07604957317,26499.73172354353,0.07551,True,26499.73172354353,3.4052096785536,25566.494705022786,-0.23639585114273443,25534.620221975696,-0.3607740009770377
1878,119712.82068266284,128971.70882840792,0.04003,True,128971.70882840792,7.7342494253716865,124429.73178968889,3.940188761845076,120829.530673521,0.9328240571812696
1879,17699.09376238988,18158.456510038774,0.10909,True,18158.456510038774,2.5954026449932055,17518.972911066656,-1.0176840336649118,17479.172835161025,-1.2425547329218634
1880,65283.94384494107,68646.9763201639,0.03452,True,68646.9763201639,5.151392941594524,66229.44620401647,1.4482923417143745,63424.5292581282,-2.848195861495839
1881,12034.472560577668,12309.835989423846,0.3064,True,12309.835989423846,2.2881221213483682,11876.322369093765,-1.3141431058804276,12099.404423961241,0.5395488922071756
1882,13605.51575012804,13747.685223772687,0.1217,True,13747.685223772687,1.0449399806347737,13263.535085815,-2.5135442903722383,13243.978060358635,-2.6572876501649856
1883,16458.571159078045,17095.643657412264,0.10286,True,17095.643657412264,3.8707643098339517,16493.58897689782,0.21276341355100925,16578.583667054576,0.7291793851153194
1884,56396.301635164265,60347.68809978087,0.07276,True,60347.68809978087,7.006463810656749,58222.43275363624,3.238033462345591,57795.21479867434,2.480505144751932
1885,25003.879666629826,25568.438928214844,0.15937,True,25568.438928214844,2.2578866524400887,24667.999106312895,-1.3433137768823822,24762.580880418496,-0.9650453826706262
1886,13758.153869261929,14105.073714547732,0.21949,True,14105.073714547732,2.521558114427558,13608.337480509374,-1.0889279926376672,13826.418479073287,0.49617565307125133
1887,38136.88418106381,39030.777652737794,0.19102,True,39030.777652737794,2.3439079800804175,37656.236697108965,-1.2603218492440504,38045.47813890196,-0.23967884142783724
1888,17559.74411540922,17918.361219359158,0.31049,True,17918.361219359158,2.0422683929388397,17287.33301969343,-1.551338640958555,17609.774640316744,0.28491602485039014
1889,83631.83390249991,87084.0001334226,0.05633,True,87084.0001334226,4.127813620525522,84017.17615598695,0.46076025779402396,81854.83317586011,-2.1247898601763016
1890,9754.59988651117,9907.175217462587,0.29579,True,9907.175217462587,1.5641372555157407,9558.275735823947,-2.0126315068924927,9732.899225290226,-0.22246592862258385
1891,24340.522450063927,24983.956553850203,0.09412,True,24983.956553850203,2.643468746845179,24104.1003587608,-0.9713106684055894,23997.795937027557,-1.4080491235941794
1892,14535.519694591248,14947.22878929823,0.13744,True,14947.22878929823,2.8324346384407617,14420.834508178812,-0.7889995598513888,14408.952309105138,-0.8707455126850894
1893,22100.47962271028,22569.686100123054,0.32882,True,22569.686100123054,2.1230601571678998,21774.852900120703,-1.4733921079928436,22167.729446974437,0.304291243503374
1894,14253.693906487002,14537.79389092456,0.29521,True,14537.79389092456,1.993167429449727,14025.818616300108,-1.5987104232902394,14291.002693999153,0.2617482019532602
1895,87119.25444437958,91724.06781321664,0.09308,True,91724.06781321664,5.285643682564989,88493.83527857743,1.577815194774712,87148.27311436208,0.033309134895120884
1896,40753.636914038776,52878.41641520405,0.00607,True,52878.41641520405,29.751404829806827,51016.205273059524,25.181969355685908,46463.95981362765,14.011811784144811
1897,16729.88716189803,17938.350110848736,0.03025,True,17938.350110848736,7.223377762540784,17306.617965433976,3.447308388603121,16715.444138127557,-0.08633067055805466
1898,25162.44825351863,26461.28897799109,0.0951,True,26461.28897799109,5.161821740819028,25529.405791789006,1.4583538715039923,25308.212180658174,0.5792915127770248
1899,34444.7207277739,35404.76266878696,0.28226,True,35404.76266878696,2.7871961819651236,34157.918530923554,-0.8326448604911718,34673.527414570985,0.6642721495854431
1900,44350.91930208584,45995.005792133765,0.15116,True,45995.005792133765,3.706995291009907,44375.206674161585,0.05476182333521429,44326.24670629614,-0.05563040446049383
1901,55191.94354407373,57103.2747612434,0.12765,True,57103.2747612434,3.4630619877398905,55092.27742580217,-0.18058091792323427,55137.61571525522,-0.09843434626491954
1902,12960.389387369833,13561.898520150007,0.05733,True,13561.898520150007,4.641134728300345,13084.291204254763,0.9560038142501837,12704.575550675136,-1.9738128928749044
1903,29629.824678934627,31029.78501848044,0.05632,True,31029.78501848044,4.724835042784159,29937.013802602105,1.0367564674990337,29711.928684388364,0.2770991942861789
1904,23967.763456907825,25217.964831952435,0.0502,True,25217.964831952435,5.216178711427855,24329.86760295206,1.5107965609526763,24005.260071280663,0.15644602985278588
1905,56336.74560084203,58588.13364750826,0.07919,True,58588.13364750826,3.996304761048508,56524.84426268334,0.33388272580392453,55578.05521102492,-1.3467061004776348
1906,14360.3699235035,14670.684262873416,0.29835,True,14670.684262873416,2.160907699613124,14154.0290082476,-1.4368774366890325,14404.854964220365,0.309776426051922
1907,14108.980935589823,14438.4164209478,0.182,True,14438.4164209478,2.3349346551810646,13929.940907557038,-1.2689791619262647,14129.926136157777,0.14845296526782015
1908,47900.79122768247,50738.03165973687,0.03284,True,50738.03165973687,5.923159846292325,48951.198121732574,2.192880048801915,47155.91875674375,-1.5550316640871142
1909,59515.52091659433,63257.94214165359,0.11327,True,63257.94214165359,6.288143273254598,61030.196821893034,2.5450099099718626,60527.569922436356,1.700479119153342
1910,72669.14817967005,78186.36833482106,0.03478,True,78186.36833482106,7.592245531088393,75432.89090210703,3.8031857970920235,72131.0907139602,-0.74042076890668
1911,11731.142882786144,12031.693682232866,0.39623,True,12031.693682232866,2.5619907834192324,11607.975357198426,-1.0499192347955266,11863.522166389366,1.1284431953980434
1912,45737.58027609292,46861.53889218901,0.15319,True,46861.53889218901,2.457407255284094,45211.22320992925,-1.150819660739244,45411.56954927058,-0.7127852519840272
1913,18515.022742893223,19385.39467672923,0.12055,True,19385.39467672923,4.700895839677477,18702.702183095957,1.013660327664323,18654.572036039383,0.753708461955438
1914,21758.770114896037,22322.918792094337,0.29828,True,22322.918792094337,2.592741566822676,21536.775958817794,-1.0202513970505422,21896.909670117908,0.6348683978572023
1915,21909.46333440069,23369.57491371833,0.06302,True,23369.57491371833,6.664296413984161,22546.572151120577,2.9079161227995254,22213.295007708388,1.3867599980445178
1916,41459.21637175418,43169.08410060715,0.04745,True,43169.08410060715,4.1242162261848625,41648.80503670519,0.4572895523422771,41198.06762175037,-0.6298931163149613
1917,13483.508507983142,13784.857019473357,0.34193,True,13784.857019473357,2.23494138274023,13299.397808044487,-1.3654509865117848,13562.797582938876,0.5880448320167542
1918,19063.198221235245,19304.07110623116,0.35347,True,19304.07110623116,1.263549180995227,18624.24257240166,-2.302633816945854,18989.76420177285,-0.38521353348041076
1919,17455.55351976502,17774.69075678097,0.2788,True,17774.69075678097,1.8282848301234722,17148.722177927433,-1.7577863772131885,17436.414852997248,-0.10964227943904836
1920,198803.31410252443,218112.2108568375,0.02726,True,218112.2108568375,9.712562811883174,210430.98632647144,5.848832186947606,198845.29549556502,0.021117048893337653
1921,99562.51581054692,108248.0101874109,0.03136,True,108248.0101874109,8.723659005755957,104435.85648932832,4.894754455637362,101019.92392193801,1.4638120577068703
1922,25336.72718028993,27559.612034278543,0.02243,True,27559.612034278543,8.77337012855335,26589.04937218155,4.942714909389845,25060.72145868688,-1.0893503317893516
1923,150460.01169656057,165275.4934807363,0.05513,True,165275.4934807363,9.846790264814542,159455.01158380177,5.9783325721001646,155644.67940097695,3.44587750988119
1924,11831.61122786452,12359.050935152118,0.12537,True,12359.050935152118,4.45788571927912,11923.804119569448,0.7792082576868697,11963.6618606394,1.1160832639927287
1925,54354.56657353592,56210.58226884401,0.071,True,56210.58226884401,3.41464537813414,54231.02274902875,-0.2272924471581006,53795.09613579773,-1.0292979468087382
1926,12129.52120378994,12312.221236297688,0.39943,True,12312.221236297688,1.506242739826047,11878.623615091514,-2.0684871602354105,12141.773699355876,0.10101384349867626
1927,23789.485414506267,25390.986959049773,0.05778,True,25390.986959049773,6.73197219964643,24496.796436135523,2.973208580619202,24128.429383638173,1.4247637694812187
1928,44861.94541156577,47445.829036005845,0.06825,True,47445.829036005845,5.759633472724812,45774.93649668748,2.035112558641572,44782.04453026101,-0.17810391540480364
1929,61577.4587008295,65248.078542961375,0.07425,True,65248.078542961375,5.960979747419204,62950.24689247936,2.229368052227465,61651.6839327851,0.12053961550477776
1930,10439.1662727624,10493.993573066644,0.31169,True,10493.993573066644,0.5252076542481943,10124.428198719714,-3.0149732825301756,10324.965110004876,-1.093968232458331
1931,230046.1076623788,251355.0726875193,0.05221,True,251355.0726875193,9.262910484194787,242503.13935203728,5.415015196840756,235651.8057901296,2.4367715605855267
1932,77319.46202176124,80807.30559968959,0.06247,True,80807.30559968959,4.510951688912046,77961.52701825778,0.8304054111445192,75456.11544675284,-2.409932151990357
1933,72485.30930703293,77844.12989335583,0.01108,True,77844.12989335583,7.392974711088041,75102.70501974194,3.6109326672281394,69998.28708158674,-3.4310707220847725
1934,20350.34521489332,20833.536199845435,0.1578,True,20833.536199845435,2.374362596062962,20099.844726617648,-1.2309397488370122,20175.521842142156,-0.8590683396526466
1935,97388.62535269452,104950.31072511128,0.03166,True,104950.31072511128,7.76444409707191,101254.29160704183,3.9693200723880606,96432.80039470264,-0.9814544096195421
1936,9835.547018050056,10012.729103779044,0.36299,True,10012.729103779044,1.8014461768504075,9660.112346992604,-1.7836798577191115,9872.792148915067,0.3786787943432124
1937,106590.96035201184,117644.23759987862,0.03003,True,117644.23759987862,10.36980735642481,113501.17839123332,6.482930650404861,110133.86135501546,3.323828766814141
1938,37935.216201455616,38659.08232281661,0.31041,True,38659.08232281661,1.9081639538229833,37297.63130504498,-1.6807203444544228,37917.42676043836,-0.04689426553624587
1939,17011.200707623695,17280.2436758707,0.35576,True,17280.2436758707,1.5815636583867532,16671.687964604615,-1.9958188069988836,16999.749148196952,-0.06731776094800468
1940,37436.12233118436,38465.48507708379,0.20462,True,38465.48507708379,2.749651090444183,37110.85194404724,-0.8688677322388427,37350.82321293795,-0.22785244019613016
1941,74696.2180341865,79685.15176376914,0.04759,True,79685.15176376914,6.678964291471012,76878.89190317124,2.9220674438775296,74758.90867588566,0.0839274642666199
1942,12235.247745081744,12425.487671149103,0.36621,True,12425.487671149103,1.5548514425776983,11987.901163147322,-2.0215903027697046,12244.23690054821,0.07346933755452145
1943,91625.42949243738,98236.31346463096,0.02325,True,98236.31346463096,7.215119218337995,94776.74016613033,3.4393406842944785,90390.41146511627,-1.3478987592882685
1944,82262.71793550705,85869.64935334197,0.08864,True,85869.64935334197,4.384648973867722,82845.5909824892,0.7085506795911023,81696.89113336793,-0.687828965951176
1945,6377.500479670118,6517.469617413909,0.37098,True,6517.469617413909,2.1947334726195367,6287.944881937018,-1.4042429007819046,6437.722709649581,0.9442920493920148
1946,8573.896947626039,9262.416032371431,0.04843,True,9262.416032371431,8.03041008016816,8936.222936813814,4.225919571940939,8722.92876572997,1.7382039813902184
1947,14607.57488935835,15960.216495232618,0.01824,True,15960.216495232618,9.259864256178973,15398.147980262582,5.412076247373321,14501.545842276577,-0.7258497586688062
1948,26763.16676502371,27457.42355133642,0.28378,True,27457.42355133642,2.594075627926129,26490.459645488845,-1.018964317373916,26915.458570306655,0.5690350720452653
1949,24767.901776138588,25935.96389260135,0.07807,True,25935.96389260135,4.716031769748352,25022.58099997045,1.0282632179897444,24726.030866602898,-0.169053115254314
1950,108500.24979703042,114678.51030014816,0.03669,True,114678.51030014816,5.694236201921465,110639.89465839707,1.9720183735698615,107422.21642235719,-0.993576859675338
1951,25421.600581898903,26201.93220316948,0.18363,True,26201.93220316948,3.069561331343551,25279.182745028975,-0.5602237215989292,25466.9889216813,0.17854241567587525
1952,31522.26551211981,32000.7711576352,0.34974,True,32000.7711576352,1.5179925609452471,30873.804870690365,-2.057151130778101,31416.948852505448,-0.33410244442574344
1953,81744.71675344642,85135.04586718896,0.25443,True,85135.04586718896,4.147459613773274,82136.85791549229,0.47971438108791453,82939.55222166811,1.4616669011472405
1954,33398.67675832642,34908.6847767846,0.07501,True,34908.6847767846,4.521161210621094,33679.31093853464,0.8402553856815764,33371.91687458877,-0.08012258668594896
1955,172006.76116823126,194733.38903643843,0.01968,True,194733.38903643843,13.212636360252938,187875.4929155752,9.22564417791898,173620.1443233312,0.9379765912352456
1956,19404.88320000241,20456.66504438477,0.09995,True,20456.66504438477,5.420191575191913,19736.245785274383,1.7076247347468376,19574.39922643486,0.8735740621846677
1957,17297.292397556335,17675.99350264028,0.30298,True,17675.99350264028,2.1893663839402278,17053.500729962874,-1.4094209775161293,17344.359441750792,0.2721064263277784
1958,69855.78844446504,73594.1397841481,0.04374,True,73594.1397841481,5.35152694276011,71002.38616530907,1.641378254223791,69159.37163335209,-0.9969350094253149
1959,17654.924911417835,18496.904288481845,0.13105,True,18496.904288481845,4.7690906718016235,17845.50162561224,1.0794535527656413,17821.648664488253,0.9443469961324835
1960,182062.2785578717,205657.74178789803,0.01288,True,205657.74178789803,12.960105419380486,198415.12439900837,8.982006580752877,185454.92088757444,1.8634515378891825
1961,9029.633765314036,9161.689675970363,0.37716,True,9161.689675970363,1.46247249986593,8839.043845174323,-2.1107159503172213,9038.15855658406,0.0944090479369164
1962,6259.388513742816,6354.145341804443,0.35419,True,6354.145341804443,1.5138352229388419,6130.372372481714,-2.0611620604447323,6269.3564566629475,0.15924787059065082
1963,50632.93250800712,53126.10741435765,0.10204,True,53126.10741435765,4.924018386563445,51255.17337599757,1.2289252017785968,50870.628021896075,0.46944844415512943
1964,40131.70989560491,41941.08612766063,0.03204,True,41941.08612766063,4.508594915996533,40464.05328145543,0.8281316363420554,39471.3985012853,-1.645360728554257
1965,45163.25096745623,47282.53011630739,0.13043,True,47282.53011630739,4.692485822994152,45617.38845018793,1.005546485258435,45686.980912898034,1.1596373915137237
1966,18265.72619137889,18649.181330778727,0.17549,True,18649.181330778727,2.0993150525864257,17992.415950489005,-1.4963009848405706,18231.983161365908,-0.18473412805731781
1967,33105.303055712866,34329.01617215067,0.08395,True,34329.01617215067,3.6964262625187816,33120.05643491736,0.044565002711682844,32917.00310034239,-0.5687909126027013
1968,118961.3665054773,126449.6433199996,0.04215,True,126449.6433199996,6.294713178313671,121996.48547840059,2.5513484436844758,118121.65913345819,-0.7058656072015168
1969,23217.3715168156,23987.90511977223,0.10359,True,23987.90511977223,3.3187805191408293,23143.126716425388,-0.3197812480040696,23133.11701778232,-0.3628942189784934
1970,7714.586459833202,7830.227609420669,0.35601,True,7830.227609420669,1.4989935000348398,7554.471675557297,-2.0754811046523214,7725.238266918465,0.13807359786195406
1971,22291.69469569041,23457.741297862976,0.0837,True,23457.741297862976,5.230856684924867,22631.633593134815,1.5249576224912298,22501.465514304607,0.9410267881281964
1972,15229.263989768871,15721.351105307036,0.10545,True,15721.351105307036,3.2311943365664453,15167.694676415738,-0.4042829213184329,15226.97396445669,-0.015037005818008264
1973,51990.85466774064,53217.35592857907,0.14669,True,53217.35592857907,2.3590711648743934,51343.208405182806,-1.2456926640209476,51473.75935496469,-0.994588983159761
1974,10532.549504459492,10691.865985589826,0.31726,True,10691.865985589826,1.5126107982011305,10315.332168609699,-2.062343364802821,10521.979231733185,-0.10035815850503171
1975,24685.373494996733,25071.56343331733,0.31531,True,25071.56343331733,1.5644484309661033,24188.622000088584,-2.0123312900606094,24613.198528892677,-0.29237947774493067
1976,55025.791658063135,58034.62888633344,0.0562,True,58034.62888633344,5.468048959599847,55990.832194432536,1.7537967329325888,54457.69873674654,-1.0324120820410787
1977,17292.587176295554,18416.056753329267,0.05233,True,18416.056753329267,6.49682760352801,17767.501285799135,2.7463450359503483,17395.493263452267,0.5950878611025612
1978,22827.002146494808,23902.208377620005,0.03822,True,23902.208377620005,4.710238445788639,23060.447943397434,1.0226739166381282,22541.41590433203,-1.2510895663390142
1979,11121.347125324444,11301.676928956413,0.20997,True,11301.676928956413,1.6214744634788003,10903.667492804521,-1.9573135346548476,11058.517062337005,-0.5649501115235323
1980,9227.610535696498,9500.053189923305,0.35255,True,9500.053189923305,2.9524723997927493,9165.4912627595,-0.6731891500697085,9361.972190808308,1.4560828569003759
1981,22200.32415514867,22859.214606914386,0.12497,True,22859.214606914386,2.9679316714522175,22054.185125558186,-0.65827430522718,21996.726438868995,-0.9170934390724139
1982,30003.738132959246,30474.395528298275,0.32596,True,30474.395528298275,1.5686625221609019,29401.18337955853,-2.0082656058739823,29906.282953698883,-0.3248101247534496
1983,69641.20990587446,74366.06620858538,0.04188,True,74366.06620858538,6.784569522983497,71747.1277743537,3.023953592026274,69038.14138734453,-0.8659650217809678
1984,25389.13791343392,25886.346807693837,0.35266,True,25886.346807693837,1.9583528040817644,24974.71127238979,-1.6322989872958438,25442.75243565589,0.21117110161350539
1985,22586.22853802508,22914.23489822437,0.35985,True,22914.23489822437,1.4522405086226486,22107.26777564388,-2.1205876030823245,22530.43431871386,-0.24702760453029216
1986,53963.95629649458,55471.112370234216,0.18967,True,55471.112370234216,2.7928939558450105,53517.594649281826,-0.8271477442467479,53724.43110065057,-0.44386144434627184
1987,12419.700674798312,12679.65424566144,0.31624,True,12679.65424566144,2.093074363624714,12233.116792092358,-1.5023218964090201,12481.467231953611,0.4973272607175838
1988,64987.5560105108,68451.74667626618,0.03639,True,68451.74667626618,5.330544612564125,66041.09193277152,1.6211348555565497,63315.61760104,-2.5727054717989195
1989,28487.935792909568,30455.59373653325,0.04902,True,30455.59373653325,6.906986725634989,29383.043727632226,3.1420596466854134,28653.76966605511,0.5821196535651163
1990,19027.21647471644,19548.41243712171,0.12456,True,19548.41243712171,2.7392128696167584,18859.978971834018,-0.8789383518322147,18986.364334634643,-0.2147037121067119
1991,66695.84954997948,67573.64884727816,0.03235,True,67573.64884727816,1.3161228220669008,65193.91794136962,-2.25191165378944,62940.6847221266,-5.630282623566996
1992,33085.25107926558,34412.31167067774,0.03619,True,34412.31167067774,4.011033763149596,33200.41852855141,0.3480930188799469,32629.494553894452,-1.377521737039955
1993,13326.88257852779,13671.588468736594,0.24991,True,13671.588468736594,2.586545564408227,13190.118218618145,-1.0262291957910619,13416.867617811566,0.6752144678513261
1994,137889.13776522994,162950.58074698993,0.01104,True,162950.58074698993,18.17506686018271,157211.97494791923,14.013313518276082,147884.14336941004,7.2485808281705255
1995,40270.1520948699,43500.06266521032,0.0138,True,43500.06266521032,8.020606832403487,41968.12757957776,4.216461563660623,39255.27997783008,-2.5201596324964104
1996,107676.20945088744,113286.55856225,0.08304,True,113286.55856225,5.210388757157647,109296.96307298016,1.5052105106206914,108529.12586819226,0.7921122239113121
1997,48669.11237923259,49472.724876323286,0.34734,True,49472.724876323286,1.651175576881081,47730.451454715105,-1.9286584008423757,48507.19529487634,-0.33268961861185886
1998,25812.37214339048,26354.09331989665,0.16542,True,26354.09331989665,2.098688076775157,25425.98522686917,-1.4969058805401114,25591.98494289942,-0.8538045215944701
1999,12886.33705137684,13058.90349823229,0.32337,True,13058.90349823229,1.339142738292809,12599.01008146185,-2.2297024264493426,12843.715159800895,-0.33075257465341457
2000,135942.39769992084,143641.53095104583,0.04436,True,143641.53095104583,5.663526156218057,138582.92901956243,1.9423898388715388,132932.03322574403,-2.214441208269613
2001,47978.642775290646,49066.10911256924,0.35443,True,49066.10911256924,2.266563358975726,47338.155416421236,-1.3349426366001005,48119.45963993769,0.29349905812585675
2002,17524.5029265513,18033.892917484543,0.16659,True,18033.892917484543,2.9067300400370755,17398.796055591287,-0.7173206081044103,17521.627986398227,-0.016405259339580258
2003,5004.010286409316,5079.897741150114,0.31057,True,5079.897741150114,1.516532748681687,4900.999755623366,-2.0585595330553708,5010.947296300144,0.13862900941008505
2004,10131.273331486307,10323.173752340075,0.34398,True,10323.173752340075,1.8941392120709333,9959.624113618782,-1.6942511790109194,10165.019494160926,0.3330890557432742
2005,59127.89398604188,61985.21351850872,0.03696,True,61985.21351850872,4.8324392090497215,59802.289688944395,1.1405711542198826,57560.39673642695,-2.651028379236653
2006,53347.95893270315,57313.83962699897,0.02485,True,57313.83962699897,7.4339876794511595,55295.42686073099,3.650501288127095,52491.480975248785,-1.6054559060727835
2007,10195.123339812655,10313.420982430582,0.37223,True,10313.420982430582,1.1603355709878027,9950.214805522699,-2.402212568960016,10166.707839821991,-0.27871658874101257
2008,38875.9969644047,41131.16207643344,0.04467,True,41131.16207643344,5.800919045480923,39682.65220225984,2.0749441836661164,38549.34128482302,-0.840250296039402
2009,13644.230752248191,14194.871348458264,0.09764,True,14194.871348458264,4.03570275384959,13694.97272481479,0.3718932454894075,13669.995540520758,0.18883283887822788
2010,48383.85414005185,49346.04561863925,0.36962,True,49346.04561863925,1.9886623248372093,47608.233441166776,-1.6030568723193528,48434.225084671714,0.10410692888180861
2011,6544.455802424392,6620.535906721715,0.26572,True,6620.535906721715,1.1625123095665213,6387.381501422237,-2.400112488252515,6511.703712660695,-0.5004555115425191
2012,73790.3681778382,75843.77214332839,0.15418,True,75843.77214332839,2.782753381229086,73172.79356411801,-0.8369311997899365,73278.70400672166,-0.693402382657049
2013,117300.30120299388,140125.42476222065,0.01354,True,140125.42476222065,19.458708396431803,135190.6490071942,15.251749245929226,124956.35665840706,6.526884736778293
2014,15442.469953667623,15677.569449176386,0.19905,True,15677.569449176386,1.5224215829082732,15125.454872204931,-2.0528780850073813,15301.29608267596,-0.9141922983514239
2015,67362.51091113446,70754.07734261376,0.04084,True,70754.07734261376,5.034798117833672,68262.34177048558,1.3358036201147394,66507.82472667655,-1.2687861139639267
2016,153146.49830144498,162054.04010764763,0.08187,True,162054.04010764763,5.8163535601509775,156347.00764380806,2.089835143382368,152520.49164564995,-0.4087632840045985
2017,18541.379184078567,18803.244867132187,0.32211,True,18803.244867132187,1.4123311996039778,18141.053854733083,-2.1590914320399723,18486.98852442651,-0.2933474317744489
2018,110681.68723194263,118697.38698288254,0.03434,True,118697.38698288254,7.24211922622966,114517.23917271837,3.4653898370179625,110737.98638837271,0.05086582779687543
2019,82031.08163634798,86458.51521526123,0.03821,True,86458.51521526123,5.397263440387756,83413.71884498192,1.685504056576148,81671.36786482733,-0.4385091167215083
2020,30544.85533316816,32121.51354075469,0.07006,True,32121.51354075469,5.161779914781461,30990.29508768202,1.4583135184476292,30505.883414848216,-0.12758914028191404
2021,108907.08470563043,116895.1165590259,0.01657,True,116895.1165590259,7.334721955864176,112778.43903205082,3.5547313904181976,107936.03936167099,-0.8916273414021902
2022,34099.398647294554,35810.01745302269,0.06619,True,35810.01745302269,5.016565903175696,34548.90151910764,1.3182134865851847,34153.86155524059,0.15971808919379438
2023,134876.7341035171,144028.00087790654,0.0399,True,144028.00087790654,6.7849113008370265,138955.7886938344,3.0242833335411445,132937.21558202966,-1.4379933903195474
2024,60771.924086082814,66686.8924771505,0.03124,True,66686.8924771505,9.7330609159078,64338.39033535344,5.868608412362852,62796.78309061915,3.331898792060861
2025,51904.28461267551,53372.181600843935,0.04217,True,53372.181600843935,2.828084423323207,51492.581605313906,-0.7931965741052927,50638.41723692414,-2.4388494807271344
2026,50683.22984572323,51982.70930296785,0.15387,True,51982.70930296785,2.5639239275006,50152.04214185724,-1.048054169955026,50143.896465510894,-1.0641259088144839
2027,24143.469621739845,24619.394068491674,0.3313,True,24619.394068491674,1.971234682538281,23752.37661495822,-1.6198707679921376,24180.506126582364,0.15340174971856246
2028,15934.817854532965,16367.01003312319,0.12582,True,16367.01003312319,2.712250510395875,15790.615532048274,-0.9049511817524114,15784.073160731441,-0.9460082642779755
2029,20109.723792928107,20994.172266019843,0.08904,True,20994.172266019843,4.398113480816512,20254.823696900392,0.7215410090481322,20219.882026829993,0.5477859121099549
2030,58461.422526541166,60911.84280223156,0.12485,True,60911.84280223156,4.191516678503526,58766.719705802054,0.5222198948755974,58816.25364203408,0.6069491643516223
2031,53894.581000211154,57654.04464686368,0.03899,True,57654.04464686368,6.975587483717138,55623.65093219455,3.208244502312052,53285.12036257584,-1.1308384374171587
2032,16906.20650886909,17155.15221959283,0.10068,True,17155.15221959283,1.472510764571222,16551.00183510201,-2.1010312016521038,16664.061797854756,-1.4322829363719425
2033,42597.55950315133,44587.93069862746,0.09995,True,44587.93069862746,4.672500534517443,43017.684330049036,0.9862650156439834,42780.248488806596,0.4288719536661434
2034,25035.79149541,25408.11096202244,0.36721,True,25408.11096202244,1.4871487753071344,24513.31738570199,-2.0869086955121796,24983.167967311547,-0.21019318725394864
2035,20609.583583400552,21141.587135422877,0.33722,True,21141.587135422877,2.5813406169487685,20397.047079286025,-1.0312508414081156,20787.436703363222,0.8629631901244217
2036,41790.84935307841,45546.73549226654,0.03504,True,45546.73549226654,8.987341002466277,43942.72304121249,5.149150403605196,42395.54208630071,1.4469500921444167
2037,28919.226211125137,30407.26792561484,0.09923,True,30407.26792561484,5.145510130963538,29336.419799441144,1.442616705129951,29300.224330351346,1.31745613262515
2038,20062.93855048204,20839.4118845328,0.11574,True,20839.4118845328,3.8701874707785855,20105.51348821173,0.21220688894882933,20228.03668378042,0.8229010565075745
2039,34245.6401073692,40232.82423255015,0.00735,True,40232.82423255015,17.483055087916387,38815.950985486445,13.345672219260907,35451.7983541619,3.5220782645938975
2040,13313.47030154478,13804.470383649948,0.12191,True,13804.470383649948,3.687994722519483,13318.320451360267,0.03643039497316369,13379.018803236308,0.4923472258312911
2041,5550.916402761087,5671.842768216745,0.23557,True,5671.842768216745,2.1784937239463398,5472.098344773154,-1.4199107366979602,5557.977620083477,0.12720813663988917
2042,60617.22392434459,62898.1992182054,0.13075,True,62898.1992182054,3.762916125468996,60683.12291022259,0.10871330227899545,60447.77484045839,-0.2795394987036737
2043,8614.20902176979,8902.157760946646,0.05671,True,8902.157760946646,3.342718274529366,8588.651826098025,-0.29668650490343174,8547.972582659453,-0.7689207325123459
2044,6008.797972844409,6133.589937671518,0.29227,True,6133.589937671518,2.076820778316768,5917.584234444875,-1.5180030816771772,6039.780490038764,0.5156192192577347
2045,111522.94183137023,119704.15015623072,0.05743,True,119704.15015623072,7.33589716206644,115488.54732063258,3.5558652095625254,112897.307326739,1.2323612279228513
2046,60906.60686758503,62452.53077000942,0.17922,True,62452.53077000942,2.53818753322661,60253.14949993047,-1.072884209549252,60554.37607335916,-0.5783129488589722
2047,18850.74130950045,19097.14673398564,0.20847,True,19097.14673398564,1.3071391752695005,18424.605424277062,-2.2605789248649866,18646.796614478306,-1.0818921742847265
2048,23180.639730619398,24194.279336772317,0.09502,True,24194.279336772317,4.372785298129633,23342.233084038096,0.697104805115667,23409.614945523717,0.9877864354272514
2049,75408.8659258746,78310.34306564635,0.04085,True,78310.34306564635,3.8476604894494004,75552.49963370734,0.19047323689223017,73267.09450060021,-2.840211689935379
2050,21960.223878225268,22287.38120059316,0.34774,True,22287.38120059316,1.4897722545182512,21502.489889267254,-2.0843776069691233,21914.899131595048,-0.20639473842141154
2051,16597.202516903762,16869.850481321697,0.11875,True,16869.850481321697,1.6427344556424472,16275.747524721117,-1.9368022523991835,16404.819735378864,-1.1591277586024629
2052,35792.28308373492,37023.38527154732,0.06051,True,37023.38527154732,3.4395743488401465,35719.5383478569,-0.203241396218945,35023.48891035979,-2.1479327585126606
2053,8535.779879747846,8771.701657817786,0.12894,True,8771.701657817786,2.763915909191761,8462.789975696021,-0.8551052754418142,8545.306800177807,0.11161159922321584
2054,30064.98899961332,31623.251140377062,0.0564,True,31623.251140377062,5.182979248000996,30509.579918416784,1.4787662779759625,30044.550106895236,-0.06798237218162972
2055,23461.839968382195,24131.9353760731,0.20808,True,24131.9353760731,2.8561076564921795,23282.084681113298,-0.7661602308733695,23524.09744330032,0.2653563190356145
2056,31571.64358911054,32499.28740061212,0.0513,True,32499.28740061212,2.9382183061940292,31354.764943018712,-0.68694125942379,30871.303942613074,-2.218255266061031
2057,6867.5462012183225,6979.136557085073,0.15066,True,6979.136557085073,1.6248941411847184,6733.353367265207,-1.9540142872181754,6777.039154172983,-1.3178949859745104
2058,72703.0870218757,80031.8233967816,0.02655,True,80031.8233967816,10.080364775571017,77213.35485405162,6.203681324864263,74437.53420310793,2.385658233068355
2059,14014.12171773886,14688.446128266169,0.09963,True,14688.446128266169,4.811749349042382,14171.165356730393,1.120609925863203,14175.485160298607,1.1514345729957132
2060,39786.29540140031,41229.17589340206,0.10596,True,41229.17589340206,3.626576632593359,39777.21428155519,-0.02282474342860663,39292.28331824222,-1.2416639402438756
2061,14935.976713564303,15273.526159956811,0.18984,True,15273.526159956811,2.2599757141155585,14735.64071400141,-1.3412982853739597,14901.84572781577,-0.22851525817885188
2062,29024.09430322792,30343.020917807717,0.13704,True,30343.020917807717,4.544247275385649,29274.435368728773,0.8625284320172844,29285.915185864742,0.9020811464483858
2063,78521.59851003555,83097.366062743,0.0749,True,83097.366062743,5.827399899560937,80170.93877055941,2.100492465538717,78592.8537636112,0.0907460557703077
2064,311850.8734284568,381994.83604067547,0.0119,True,381994.83604067547,22.492790172771727,368542.18204417493,18.178980226176588,341156.8989768078,9.397448602969604
2065,11801.293118925858,11992.92102682993,0.34745,True,11992.92102682993,1.623787376289787,11570.568152499138,-1.9550820753422737,11810.683708768289,0.0795725497858557
2066,69459.5920276376,73927.3811077044,0.04717,True,73927.3811077044,6.432213247508112,71323.89177989714,2.6840061938713244,69950.49667363235,0.70674853056929
2067,184041.80360612425,205520.3624897661,0.02728,True,205520.3624897661,11.670478371103687,198282.58316670792,7.737796131938035,187559.18735958968,1.9111873957685876
2068,20528.03676039376,21008.13651571889,0.11492,True,21008.13651571889,2.3387514399400455,20268.296169743317,-1.2652967922952008,20195.375333033116,-1.6205223677427827
2069,5504.759137812139,5615.685384979672,0.33957,True,5615.685384979672,2.015097198451099,5417.918647553692,-1.5775529516258158,5538.224538981579,0.6079357939490437
2070,33159.87926240921,34386.06287003203,0.12461,True,34386.06287003203,3.6977927389888032,33175.094127922646,0.045883356187870206,33170.95732509164,0.033408030815684775
2071,24340.784016999118,24831.79575856629,0.25315,True,24831.79575856629,2.017238808841415,23957.298187043645,-1.5754867620026314,24287.07416893607,-0.22065783922793347
2072,25891.00983316611,26774.661649240003,0.07913,True,26774.661649240003,3.4129677512305667,25831.742465373743,-0.2289109933303779,25344.92856000361,-2.1091540140044107
2073,12874.726330929829,13131.02676173012,0.18845,True,13131.02676173012,1.990725272230165,12668.593390967131,-1.6010665754307318,12828.664640735587,-0.3577683052072622
2074,49208.48239205448,53681.01376338612,0.0127,True,53681.01376338612,9.088943925760674,51790.53767259593,5.247175192215159,48314.89584046607,-1.8159197523488158
2075,6421.010335416708,6517.9692367498765,0.3412,True,6517.9692367498765,1.5100256232008835,6288.426906254879,-2.0648374980885897,6430.22454877602,0.14350098937685463
2076,9636.309612149584,9860.93983551249,0.20706,True,9860.93983551249,2.331081424362802,9513.668618282389,-1.2726966941013163,9659.012463160587,0.23559694452301994
2077,17076.65816987977,17620.018645000222,0.07949,True,17620.018645000222,3.1818899793804034,16999.49713036426,-0.4518509344621613,16998.270127790747,-0.45903619612932545
2078,16464.68414728758,17258.047903182593,0.06673,True,17258.047903182593,4.8185786547609855,16650.273857064793,1.1271987249618087,16583.621761375165,0.7223801745822156
2079,23527.73717979525,24268.686643544064,0.19933,True,24268.686643544064,3.149259353275635,23414.020000012973,-0.4833324127742067,23611.113303886326,0.35437374811664313
2080,26591.95048595585,27165.412935333825,0.33286,True,27165.412935333825,2.1565264634530568,26208.732722902383,-1.44110437952214,26657.17662889374,0.2452852902698366
2081,44996.18863890487,48270.88382918616,0.03947,True,48270.88382918616,7.27771682299756,46570.93546079992,3.49973379863886,45184.14044999622,0.4177060697288626
2082,58288.29320326962,60174.95977911105,0.07526,True,60174.95977911105,3.236784733534792,58055.787379944064,-0.39888940050918364,57074.04331807414,-2.083179689206216
2083,35850.852461175404,37167.05117754813,0.09146,True,37167.05117754813,3.671317767961302,35858.144793513806,0.020340750185221523,35989.32397565016,0.3862432967938867
2084,20747.53888959284,21384.93081628409,0.14274,True,21384.93081628409,3.072132700090857,20631.82096277827,-0.5577429083534091,20806.604006890684,0.2846849335343071
2085,40459.934802116426,42020.81704089927,0.06363,True,42020.81704089927,3.8578466485843066,40540.976323258576,0.20030067161134202,39664.896577510495,-1.9650012499880298
2086,17597.929658664478,17866.109576866736,0.33,True,17866.109576866736,1.5239287996029693,17236.921515341317,-2.0514239477336216,17560.802133341298,-0.21097666625176092
2087,132910.3123501984,145576.94058589265,0.02026,True,145576.94058589265,9.530207259102387,140450.17962789215,5.6728986219123145,131899.79655787142,-0.7602990125133546
2088,30376.494075606093,30822.18257530556,0.28782,True,30822.18257530556,1.4672150729118538,29736.722463068854,-2.1061403957443825,30176.226046782383,-0.6592861846572817
2089,37920.2232561182,39359.40383946159,0.0693,True,39359.40383946159,3.7952851005727872,37973.289705435884,0.13994234411349726,37765.25079784046,-0.4086802370097842
2090,30738.71186447145,31361.98832311099,0.36773,True,31361.98832311099,2.0276596540141245,30257.517954018935,-1.5654329061481898,30814.699798087287,0.24720597906273678
2091,12192.41560490558,12396.362886999848,0.30992,True,12396.362886999848,1.6727389280612348,11959.802062088298,-1.9078544429185218,12192.330872633484,-0.000694958856739536
2092,62840.66899925183,65643.14487488555,0.09882,True,65643.14487488555,4.459653151794241,63331.40023352615,0.7809134468001355,62687.561623855494,-0.24364377056227404
2093,26211.39198288841,27105.34342928053,0.14992,True,27105.34342928053,3.4105454871519836,26150.778675500445,-0.23124795290359046,26324.482627089707,0.43145607938381847
2094,127166.24169319747,136195.4211140669,0.0451,True,136195.4211140669,7.100295880925156,131399.04769932228,3.3285610628777773,126547.71865785668,-0.48638933344672397
2095,39637.6890928654,41250.81948244021,0.05991,True,41250.81948244021,4.069688285297035,39798.0956516126,0.4046819136488855,38961.91998820045,-1.704865041657011
2096,64083.907241786335,67489.08207037854,0.09553,True,67489.08207037854,5.313619245693935,65112.329339779964,1.6048055467551725,64979.704588304514,1.3978507008606256
2097,47016.19052620316,49398.64947377169,0.08853,True,49398.64947377169,5.067316005197697,47658.98475433998,1.3671763299890838,46986.70723034028,-0.0627088148420829
2098,24831.54737323912,25658.035441429776,0.18365,True,25658.035441429776,3.328379241808199,24754.440312759634,-0.31052056209184276,24981.07341825975,0.6021616082684256
2099,86680.04858725613,92588.96587737543,0.05147,True,92588.96587737543,6.816928908583986,89328.27435925895,3.055173382069576,86700.32333861671,0.023390332251804757
2100,80885.67556392802,85816.34214689147,0.07257,True,85816.34214689147,6.09584645066914,82794.16108781425,2.359485175317433,81222.60725994143,0.41655298501788174
2101,24498.847612060697,25163.508393612505,0.19152,True,25163.508393612505,2.7130287598694958,24277.328948712206,-0.9042003397720544,24603.170197215197,0.4258264992968108
2102,69000.95704103561,73082.74482076986,0.05287,True,73082.74482076986,5.915552413724878,70509.00092051548,2.1855405260292615,68886.81209406667,-0.16542516490177794
2103,197468.4039174652,221530.6817905368,0.01015,True,221530.6817905368,12.185381253766936,213729.0694896322,8.234565758157132,194814.71249206606,-1.3438562183894054
2104,340173.10865179164,417038.63030915946,0.01136,True,417038.63030915946,22.59600177157124,402351.8443440051,18.27855703781127,369127.31878071773,8.511610527851632
2105,57321.44889345692,61048.35304846954,0.02525,True,61048.35304846954,6.5017619529118775,58898.42249147682,2.7511056131030553,56844.44006079987,-0.8321646466816768
2106,42025.15112459336,42444.85821146017,0.30234,True,42444.85821146017,0.9987045272543904,40950.084100460146,-2.5581514768285407,41546.91794623677,-1.1379689675326987
2107,25968.30458574077,26415.25733203617,0.14701,True,26415.25733203617,1.7211471962664149,25484.995235303093,-1.8611509613263855,25635.298888884263,-1.2823544015243882
2108,53915.17231077544,54956.7779905465,0.13346,True,54956.7779905465,1.931934249912226,53021.37350515551,-1.6577871632644126,53158.93889721842,-1.4026356239723592
2109,12416.848355780145,13324.155123856584,0.02196,True,13324.155123856584,7.307061680060545,12854.920380961117,3.5280452223373393,12074.654035587668,-2.7558870849315187
2110,105471.31250723227,119845.3821774815,0.02067,True,119845.3821774815,13.62841641822139,115624.80559528823,9.626781772872818,108930.8168311332,3.2800429250974705
2111,13686.764208068083,14038.100599376136,0.26644,True,14038.100599376136,2.566979206823383,13543.722947340637,-1.045106487939107,13765.481739956196,0.5751361731044513
2112,142067.89786572612,155980.1117082517,0.01959,True,155980.1117082517,9.792651296688115,150486.98385632655,5.9261002077736435,144812.76106114217,1.9320784192994322
2113,25718.068251346387,26135.66579005912,0.32651,True,26135.66579005912,1.6237515766405641,25215.250026102553,-1.9551166142406928,25679.131729004297,-0.15139753873252282
2114,30204.98305597564,34453.13401277042,0.0092,True,34453.13401277042,14.064404369709905,33239.80323643627,10.047415603036525,30484.162581706212,0.9242830072548003
2115,85713.00505663657,94980.86758535818,0.01827,True,94980.86758535818,10.812667835642543,91635.94082886873,6.910194979534867,86371.65978107226,0.7684419931379916
2116,6217.59858251768,6373.6286086654745,0.34348,True,6373.6286086654745,2.5094901846270945,6149.169500099295,-1.1005709279912512,6287.62697718594,1.1262932744671161
2117,14325.850239208605,15155.325033676048,0.02893,True,15155.325033676048,5.790056301141866,14621.602258793202,2.064463990941001,14307.895647094807,-0.12533002798436055
2118,46262.8714725766,47096.6775705414,0.29435,True,47096.6775705414,1.8023224054716458,45438.081045237115,-1.782834487107865,46072.70714753681,-0.4110517116355683
2119,28804.714110349945,30510.08318409176,0.06293,True,30510.08318409176,5.920451309492614,29435.614228610037,2.1902668981303997,28751.566368424978,-0.1845105690733817
2120,46308.35298848367,47273.13817894485,0.03959,True,47273.13817894485,2.0833934445932734,45608.32726725392,-1.511661883988491,44651.25829011785,-3.578392647170847
2121,44078.02140684676,46207.49602655629,0.1435,True,46207.49602655629,4.831148385845552,44580.21367234209,1.1393257897400089,44609.75372737547,1.2063434418272623
2122,26853.76540573985,27149.462198553192,0.25897,True,27149.462198553192,1.101137171437938,26193.343720791057,-2.459326187483679,26577.53616488581,-1.0286424889784707
2123,60862.40051122198,63916.91417534064,0.10321,True,63916.91417534064,5.018720323979742,61665.96193777342,1.3202920354797198,61163.49828370546,0.49471885754484024
2124,91939.98205592568,96966.8416821878,0.07273,True,96966.8416821878,5.4675447110750675,93551.97517822015,1.7533102424513336,92071.15845466367,0.14267611957787807
2125,17456.766253058715,20319.81636807473,0.00805,True,20319.81636807473,16.400804556309858,19604.216487967893,12.301535139894026,18039.864777794763,3.3402436412521608
2126,25137.351070721663,25754.410167589467,0.16242,True,25754.410167589467,2.4547498864608386,24847.421024857587,-1.1533834454091174,25017.787812730512,-0.4756398462780309
2127,80759.0820046485,85633.29463931792,0.03508,True,85633.29463931792,6.035497821023839,82617.55993645282,2.301261834176538,78829.62037337988,-2.3891574586714204
2128,16637.653313145176,16821.910143281584,0.15796,True,16821.910143281584,1.1074688639582941,16229.495494268649,-2.453217477215053,16275.04480703152,-2.1794450172078372
2129,33093.55280882181,33805.289250937094,0.08793,True,33805.289250937094,2.1506800621465816,32614.773524970442,-1.4467448890037038,32274.54259615285,-2.4748331416705405
2130,116133.2561963979,134902.54801180205,0.00679,True,134902.54801180205,16.16185787786972,130151.70551230859,12.071003410257862,119931.85664875638,3.2708980844681657
2131,26192.69121502573,26770.9710548772,0.11737,True,26770.9710548772,2.207790849379121,25828.181842110862,-1.391645363672156,25832.051555854163,-1.3768713425090229
2132,55056.07790804599,58007.83455719191,0.05209,True,58007.83455719191,5.361363833573307,55964.98147710196,1.650868720750509,55276.87481850805,0.401040028370403
2133,80426.06763692026,84594.25619631722,0.08084,True,84594.25619631722,5.1826337925833466,81615.11315214475,1.478432988409173,80902.95645200233,0.5929530425818674
2134,162836.23167328985,181033.92126013615,0.02099,True,181033.92126013615,11.17545487257261,174658.4772107223,7.260205800606023,167981.9978794739,3.1600867652773923
2135,35755.67247730096,36827.91053420597,0.21077,True,36827.91053420597,2.998791471718798,35530.947614586825,-0.6285012898493259,35869.62301536035,0.31869219669053983
2136,35229.04241889094,36339.41614195733,0.13749,True,36339.41614195733,3.151870294581083,35059.65645499511,-0.4808134205913084,35206.529512411435,-0.06390439516298363
2137,65859.13717133674,69495.34131831102,0.01978,True,69495.34131831102,5.521184004452517,67047.9344611555,1.80506052899847,64335.63143967468,-2.313279215454278
2138,10729.534380867606,11001.112130156222,0.14928,True,11001.112130156222,2.5311233428067403,10613.687638773992,-1.0796996214503585,10657.52998125801,-0.671085967514029
2139,9236.434272932018,9398.815892515106,0.31904,True,9398.815892515106,1.758055270949721,9067.819223844555,-1.8255426726913493,9256.214665004296,0.21415615039068747
2140,13075.1960482601,13475.400599660075,0.12441,True,13475.400599660075,3.0607919753006696,13000.839467864671,-0.5686842485648547,13065.161507104542,-0.07674486193952612
2141,12591.369364461274,12807.330888615012,0.34505,True,12807.330888615012,1.715155182114514,12356.297066144998,-1.8669319556279484,12606.466486514582,0.11990055740815908
2142,40686.23028223872,42418.09661169126,0.08588,True,42418.09661169126,4.25663994289629,40924.264959876855,0.5850497231788099,40556.99227486209,-0.3176455682428969
2143,8027.076042108357,8171.762018861425,0.3336,True,8171.762018861425,1.802474225908357,7883.978319686544,-1.7826880133083645,8054.79039841502,0.3452609164442899
2144,36468.66777243212,37370.33547876614,0.19846,True,37370.33547876614,2.4724448722956094,36054.27006243821,-1.1363116211970947,36334.54681797727,-0.367770370148357
2145,109446.21068778214,115404.79060345876,0.02145,True,115404.79060345876,5.444299878663417,111340.59765881483,1.730884019764578,106770.12433596027,-2.445115582353008
2146,22745.23605403854,23175.072131714976,0.38775,True,23175.072131714976,1.8897850813912154,22358.919143985302,-1.6984519709332568,22797.9525492561,0.23176939158737753
2147,40980.39104830443,42116.69229710192,0.22226,True,42116.69229710192,2.7727925959957433,40633.47515515694,-0.8465411975658643,41067.626211427065,0.21287049950258208
2148,47452.8199888316,48715.30328701651,0.08996,True,48715.30328701651,2.66050215452327,46999.703866230004,-0.9548771236530085,46729.481023779445,-1.5243329379000081
2149,38180.38738652589,38845.22256003386,0.19325,True,38845.22256003386,1.7413002303444225,37477.216269861,-1.8417076535819588,37925.358755872374,-0.6679571584009447
2150,4917.804890097053,4992.16382621785,0.36417,True,4992.16382621785,1.512035100671305,4816.355552619084,-2.0628987880803695,4931.007888381048,0.26847340590070434
2151,45655.9686125172,47358.83167771996,0.06646,True,47358.83167771996,3.7297709739880336,45691.00291112627,0.07673541855262034,44462.325584250786,-2.614429316781952
2152,45104.01602374134,46794.89105497692,0.09279,True,46794.89105497692,3.7488347608460426,45146.92249945563,0.09512783893059762,44893.678796560474,-0.46633813510119637
2153,8687.353486499604,8966.360405536667,0.12222,True,8966.360405536667,3.2116445989063047,8650.593455925957,-0.4231441788431045,8731.386087962892,0.5068586368877082
2154,27218.93012418985,27473.19250468744,0.1615,True,27473.19250468744,0.9341380404647825,26505.673266009933,-2.620444135480682,26665.363582348094,-2.033755696186579
2155,39679.310902936726,42098.815098584295,0.04837,True,42098.815098584295,6.097646709556392,40616.22753521838,2.3612220347614787,39450.99912943269,-0.5753924861813475
2156,5471.239310115838,5576.723758185402,0.32833,True,5576.723758185402,1.9279808849620883,5380.329126439794,-1.661601303162863,5500.815468978514,0.5405751272475445
2157,6682.903845667602,6871.953711658172,0.08581,True,6871.953711658172,2.828858088585662,6629.94516379115,-0.7924501548946306,6561.705146070843,-1.813563420867259
2158,23660.14262847975,24715.99810608853,0.08159,True,24715.99810608853,4.4625913469255485,23845.578562867355,0.7837481679607405,23733.140451062118,0.308526553405053
2159,15051.124663744202,15330.075840417108,0.36958,True,15330.075840417108,1.8533576918996264,14790.1988929725,-1.7335965025938038,15096.29381931633,0.30010485316711577
2160,55336.41558196532,59650.26938203166,0.02464,True,59650.26938203166,7.795687080014413,57549.574924714245,3.999462775955842,54430.01530744825,-1.6379815443132384
2161,4928.484905099594,4990.264720050294,0.33174,True,4990.264720050294,1.2535254980039712,4814.523326984363,-2.3123044974189266,4922.120628705912,-0.1291325126530518
2162,16982.711821080888,17346.939419570444,0.23335,True,17346.939419570444,2.1446963378218387,16736.0348944504,-1.452517885419713,16976.539204633216,-0.036346471121351254
2163,8881.840758122058,9131.795375968222,0.16827,True,9131.795375968222,2.814220887912122,8810.202328185076,-0.8065718794999954,8913.319724806823,0.3544193995594691
2164,23726.774569546888,24770.316816526887,0.12596,True,24770.316816526887,4.398163112820974,23897.984339548184,0.7215888931698444,23830.16251243378,0.43574377370108053
2165,55281.76239087534,57087.57610939158,0.19762,True,57087.57610939158,3.266563221606522,55077.13163098308,-0.37015961691921895,55696.33273008587,0.7499224360455026
2166,115924.52330896509,126582.63217957618,0.04771,True,126582.63217957618,9.194007071484634,122124.79088955201,5.348538345128073,118830.73849715077,2.5069891212232687
2167,47571.07231980215,50072.48765909662,0.11869,True,50072.48765909662,5.2582698209500345,48309.09248285884,1.551405354277624,48070.764408710034,1.050411656791428
2168,31136.933989656496,31652.75571650921,0.14113,True,31652.75571650921,1.6566233753910087,30538.04543638225,-1.9234024566233576,30620.610929001996,-1.6582334690564582
2169,20691.721368628383,21055.741807580733,0.3038,True,21055.741807580733,1.7592564314357073,20314.224953287776,-1.8243838132913637,20680.44192831256,-0.054511850971106224
2170,10052.833881006853,10466.481209227211,0.15181,True,10466.481209227211,4.11473354793892,10097.884733609893,0.4481408241327589,10235.25573784755,1.814631167688474
2171,74740.90937770678,76508.67418750691,0.16586,True,76508.67418750691,2.365190395084249,73814.27985421302,-1.2397889338099821,73897.70058160336,-1.128175724812519
2172,21869.464741977197,22326.290317709107,0.12455,True,22326.290317709107,2.088874058518031,21540.028749928177,-1.506374280010092,21643.39377434044,-1.0337288557539681
2173,17957.451534220974,18376.36940071304,0.18263,True,18376.36940071304,2.3328358464103083,17729.21159663909,-1.2710040572680104,17938.556911685184,-0.10521884188178232
2174,9896.25274820789,10332.335935412506,0.14287,True,10332.335935412506,4.406548602788929,9968.463633484547,0.7296790726139646,9997.669301964106,1.0247975303034007
2175,31273.36994344205,32238.46080702537,0.14658,True,32238.46080702537,3.085982947564303,31103.12383987727,-0.5443804229370519,31306.948339854567,0.10737057270528982
2176,20805.24867485156,21329.75226751141,0.2739,True,21329.75226751141,2.521015734331722,20578.58562855886,-1.089451271816222,20885.497295096186,0.385713343295091
2177,6167.507358431592,6339.428705943784,0.11894,True,6339.428705943784,2.7875337234443354,6116.1740101461055,-0.8323192061588602,6177.84052850501,0.16754207936682253
2178,32519.602795289175,33163.04234592793,0.13118,True,33163.04234592793,1.9786205713802962,31995.144531457052,-1.6127449868732602,32133.25601960722,-1.1880427264564286
2179,191392.9984756446,220340.6876042538,0.02612,True,220340.6876042538,15.12473776949208,212580.9831474757,11.070407402874437,197932.80647209092,3.416952578481358
2180,6954.417433244441,7066.88063337407,0.32752,True,7066.88063337407,1.6171476792868011,6818.00737377527,-1.9614879431465448,6966.322719930698,0.17119028014260795
2181,10862.829560954791,11146.419644997528,0.24175,True,11146.419644997528,2.610646539664674,10753.877880982734,-1.002976980911785,10936.30532978741,0.6763962227366527
2182,42822.37596460814,43990.1569697432,0.13073,True,43990.1569697432,2.727034590748101,42440.96230758633,-0.8906877501076549,42734.23751912592,-0.20582334234574562
2183,17630.14951269126,17857.31909905058,0.34002,True,17857.31909905058,1.2885289838057812,17228.44061044439,-2.278533724048648,17552.50839436621,-0.44038831473980355
2184,67772.09118813682,71396.84792310557,0.04501,True,71396.84792310557,5.348450477802635,68882.47599728184,1.6384101326644362,66966.61506436442,-1.1885071120741775
2185,31064.45723854737,31649.60559749648,0.24074,True,31649.60559749648,1.8836587243604264,30535.006254631306,-1.704362576980989,30984.550563676676,-0.2572286206614871
2186,19558.576424196584,19915.771830762755,0.1633,True,19915.771830762755,1.8262853022588788,19214.401125625853,-1.7597154880093502,19310.241834121363,-1.2696966521960062
2187,21837.28938965325,22405.129573505463,0.14884,True,22405.129573505463,2.60032357368154,21616.09153565346,-1.0129364045731615,21823.00963829616,-0.06539159280389839
2188,51186.19607824236,52612.71815878661,0.13816,True,52612.71815878661,2.7869273160359143,50759.864071695774,-0.8329042578098633,50564.73415173563,-1.214120161530996
2189,30114.303601227588,33202.954901751546,0.02092,True,33202.954901751546,10.256426120370431,32033.651492877416,6.373542344082583,29733.80261541426,-1.2635224471796103
2190,71550.35324795941,75886.8277598153,0.07429,True,75886.8277598153,6.060731100554784,73214.33289751271,2.325606477143083,71340.4562679072,-0.2933556167428186
2191,38080.732770809154,39380.93796626568,0.13578,True,39380.93796626568,3.414338697949626,37994.06546817407,-0.22758832703324572,38145.20997605289,0.16931713376366897
2192,98678.18760795829,112242.85840589808,0.00921,True,112242.85840589808,13.746372047114708,108290.0187461704,9.740583376337696,100762.51420181374,2.1122465302426674
2193,52962.93626107687,55680.50740780588,0.06652,True,55680.50740780588,5.131080975822311,53719.615453687846,1.4286956993490252,52433.52883753625,-0.999580953991952
2194,86594.87176822398,92647.77817732596,0.05793,True,92647.77817732596,6.989913242556578,89385.01547539407,3.2220657530830144,87175.87306781295,0.6709419249953497
2195,6657.677654356466,6730.092283617382,0.35794,True,6730.092283617382,1.0876860223704599,6493.079648068607,-2.4723036294818757,6641.407181013174,-0.24438661929877536
2196,49287.84653863122,50298.35319063386,0.18983,True,50298.35319063386,2.0502146532423993,48527.00374235146,-1.5436722228945765,48762.782318112804,-1.0653016055527487
2197,6498.781607174536,6584.041901965869,0.31239,True,6584.041901965869,1.3119427601199662,6352.172700477038,-2.255944507131058,6492.6899566766815,-0.09373527017939587
2198,17455.280720606817,17929.687704241158,0.15357,True,17929.687704241158,2.71784218900748,17298.26062148137,-0.899556424435366,17405.50131209367,-0.2851825147353826
2199,6690.502533864002,6801.266578747822,0.40382,True,6801.266578747822,1.6555414832172488,6561.747408881046,-1.9244462479651059,6719.978980886713,0.4405714947945283
2200,58935.61576623537,61918.99570900879,0.06817,True,61918.99570900879,5.062100232577227,59738.403861962455,1.3621442404390782,58985.23881569169,0.08419874605729571
2201,48002.32082580434,50542.32904686816,0.0786,True,50542.32904686816,5.29142795049693,48762.3875379929,1.5833957590233316,48295.47420534024,0.6107066793701987
2202,21052.075712110836,21634.88723590329,0.12657,True,21634.88723590329,2.76842783468223,20872.974705214205,-0.8507522457445793,21027.21476490163,-0.11809261732278475
2203,12787.87702015049,13434.627690272942,0.05823,True,13434.627690272942,5.057529636102487,12961.502451821283,1.357734605964711,12554.848348044494,-1.822262379742956
2204,9807.107007664685,10003.588448994597,0.26922,True,10003.588448994597,2.003459747878278,9651.293597256381,-1.5887805678731604,9822.277831426798,0.15469214061043512
2205,98030.01519672036,103896.50235761794,0.05247,True,103896.50235761794,5.984378508077448,100237.59504842381,2.2519427822931926,97301.86179677655,-0.7427861747063891
2206,127780.69859349835,135047.31218757736,0.05713,True,135047.31218757736,5.6867849949669536,130291.37155014052,1.964829574636484,126729.52677466009,-0.8226374017427318
2207,60158.78800440549,62814.174974154026,0.10313,True,62814.174974154026,4.413963541875332,60602.05773518444,0.7368328809192137,60026.69202525216,-0.21957885711337832
2208,10328.166769551175,10562.744437884296,0.23186,True,10562.744437884296,2.271242066159185,10190.757874795816,-1.3304286987353753,10362.060040565597,0.328163475384069
2209,27638.222183775142,28092.644268585515,0.32294,True,28092.644268585515,1.6441798672460761,27103.309891427038,-1.9354077436359862,27588.95441625858,-0.17825953923145121
2210,21439.59953124942,23239.0590815721,0.03502,True,23239.0590815721,8.393158406246659,22420.652675168916,4.575893045434709,21739.751512253115,1.399988747766523
2211,66222.25694461634,69217.1893248596,0.0421,True,69217.1893248596,4.522546525027105,66779.57810411928,0.8415919136810057,65268.3051193036,-1.4405305245192124
2212,13967.706152506831,14347.274213406774,0.22219,True,14347.274213406774,2.7174688295674043,13842.00844126601,-0.8999166353328647,14065.720719972584,0.701722719504394
2213,20531.623725284964,20997.8761174563,0.17103,True,20997.8761174563,2.270898777465624,20258.39711036458,-1.3307598978832824,20477.057332516197,-0.26576754716952644
2214,45878.61278378201,48910.40240513039,0.02526,True,48910.40240513039,6.608285293273108,47187.93220839777,2.853877537200944,44677.99075446242,-2.6169536445618147
2215,17200.608313912653,17603.277719592254,0.33789,True,17603.277719592254,2.3410184008079593,16983.345767578205,-1.263109666643103,17312.155535620604,0.648507422948108
2216,31814.08893751724,32720.141038077472,0.26361,True,32720.141038077472,2.847958658629879,31567.840811550104,-0.77402224671832,31974.53561056902,0.5043258455927901
2217,17358.597598019536,18114.71246692792,0.05896,True,18114.71246692792,4.355852278035677,17476.76939526365,0.6807681126129506,17260.179871615597,-0.5669681888078815
2218,221628.02002365104,236578.37230113585,0.0689,True,236578.37230113585,6.7456959078953105,228246.82777396432,2.9864489831235908,221447.16846982454,-0.08160139399666644
2219,5595.818102689463,5748.817985785107,0.34988,True,5748.817985785107,2.734182567909227,5546.362737820992,-0.8837915021701837,5674.450934177236,1.4052070679349216
2220,30875.849458637123,31660.56737008312,0.16478,True,31660.56737008312,2.541526549730233,30545.58198814128,-1.069662782681613,30760.66176038651,-0.3730673010468144
2221,91912.6138977399,97460.2806971384,0.0316,True,97460.2806971384,6.035805711684716,94028.03682648875,2.3015588818988686,89886.80116807514,-2.204063886071872
2222,28205.26896510252,28924.946040060346,0.36594,True,28924.946040060346,2.551569622854011,27906.300618102476,-1.059973394935354,28425.402154125655,0.7804683206371843
2223,17433.316276513004,17686.202904327663,0.35601,True,17686.202904327663,1.450593930630184,17063.35058870503,-2.122176193788261,17397.564849337323,-0.20507530872853064
2224,52365.888705140685,54397.48927373208,0.10863,True,54397.48927373208,3.879625876361681,52481.78117395047,0.22131290363913703,52679.106629874215,0.5981335034666913
2225,43246.36198075471,55995.12560716777,0.00453,True,55995.12560716777,29.479389808757684,54023.153791811594,24.919533846229026,48206.77827602035,11.47013544740041
2226,195471.7616564216,222814.22575468133,0.01756,True,222814.22575468133,13.987935580341926,214967.41108136278,9.973639803384216,205016.56790470128,4.882959138137033
2227,35366.40173554234,35733.074438017764,0.14167,True,35733.074438017764,1.0367826085822207,34474.66819455047,-2.52141438549488,34570.19792012874,-2.2513000371576886
2228,35745.14828365574,37207.399084270415,0.12188,True,37207.399084270415,4.090767197301792,35897.071774146505,0.42501849281804116,36113.19896874518,1.029652142351667
2229,9160.039754763891,9456.198736867776,0.20776,True,9456.198736867776,3.233162628468511,9123.181225302038,-0.40238394645267794,9235.185539603039,0.8203652697038377
2230,47644.471615735325,49438.02878784103,0.11869,True,49438.02878784103,3.7644602013245043,47696.97725309976,0.11020300065012201,47459.68746279824,-0.38783965205326787
2231,35831.43870518961,36957.6933034855,0.06422,True,36957.6933034855,3.143202279881585,35656.15984383519,-0.48917617513649647,35368.57793238332,-1.2917727825962344
2232,59435.631134722826,64085.171640082335,0.01576,True,64085.171640082335,7.8228167457671915,61828.29390499018,4.025637020399264,57933.551368175795,-2.527237850208508
2233,19725.210717006223,20484.452290005887,0.09698,True,20484.452290005887,3.849092331090187,19763.054451696025,0.19185465358388942,19614.51005289137,-0.5612141016035355
2234,15560.274121301538,15884.262309183836,0.34866,True,15884.262309183836,2.0821496161097075,15324.868661222712,-1.512861908753671,15633.036997324481,0.4676194998604499
2235,84932.8305413472,94004.38349473575,0.02343,True,94004.38349473575,10.680855560291636,90693.84542983277,6.783024717021502,85076.10427775604,0.16869064117566168
2236,6212.270987177511,6343.016437830876,0.25724,True,6343.016437830876,2.1046321212199404,6119.6353934254275,-1.4911711666037886,6234.625957055245,0.3598518146403329
2237,21966.338065046988,22674.74254257924,0.21191,True,22674.74254257924,3.2249548169317688,21876.2095858338,-0.4103027047398511,22151.78777239323,0.8442449842895217
2238,5288.335443121607,5380.747380428059,0.36794,True,5380.747380428059,1.747467389320967,5191.2544189478995,-1.8357576825043798,5315.06168697762,0.5053810247754864
2239,9189.712820510127,9372.690141062802,0.32172,True,9372.690141062802,1.9911103222322257,9042.613539004486,-1.600695085675985,9223.364520247536,0.36618880692662614
2240,70983.31263440535,80691.84981513664,0.02032,True,80691.84981513664,13.677210629397418,77850.13722249564,9.673857605740954,74138.95547818125,4.445612252599185
2241,74946.19637241897,78122.92825287007,0.04524,True,78122.92825287007,4.238683261076304,75371.68497986575,0.5677254190892711,72968.52487299769,-2.6387883510377685
2242,33761.729901182625,34383.89159588056,0.26404,True,34383.89159588056,1.8428015878301895,33172.99931920248,-1.743780853953003,33667.20498187962,-0.2799765283937439
2243,139864.3528840976,151788.41304514837,0.01339,True,151788.41304514837,8.525446202101229,146442.9036070133,4.703522082118505,134933.9838605904,-3.5251076645618773
2244,145142.4508405129,153487.08189974196,0.04213,True,153487.08189974196,5.74926977662682,148081.7506991131,2.0251138392516133,143609.77615315098,-1.055979610710911
2245,111808.68404004694,119584.6297697062,0.04833,True,119584.6297697062,6.954688534634856,115373.2360653678,3.1880815483385394,112895.70467883915,0.9722148580184165
2246,49270.52276676296,50578.05153725799,0.05387,True,50578.05153725799,2.6537749085485007,48796.85199487608,-0.9613674572302444,47917.14586434304,-2.746828786101063
2247,11196.826597760402,11369.559088741416,0.28779,True,11369.559088741416,1.5426914891721655,10969.15905690088,-2.0333220209470815,11187.58119395235,-0.08257164409335438
2248,108030.26720507447,114912.73349288656,0.03403,True,114912.73349288656,6.370868522195794,110865.86924860846,2.624821836412883,105071.99208307258,-2.738376196354475
2249,81130.93910117993,88332.09323776078,0.03732,True,88332.09323776078,8.875965465653191,85221.31535544488,5.04169716211933,81217.30445978198,0.10645181672843673
2250,30176.252455215785,30955.394706130894,0.15262,True,30955.394706130894,2.581971542262984,29865.243282559448,-1.0306421352946349,30184.12800510505,0.026098502128291123
2251,24656.713756869,25919.21146596093,0.05429,True,25919.21146596093,5.120299978095066,25006.4185409891,1.4182943743777487,24463.503843344697,-0.783599612784891
2252,46913.276924378006,49241.334414381134,0.15394,True,49241.334414381134,4.962470419100851,47507.209835450674,1.2660230749390156,47691.01560329193,1.6578221132742543
2253,51516.01123348195,53855.60882740133,0.09365,True,53855.60882740133,4.5414960085240486,51958.98404881724,0.8598740561019724,51448.75694335183,-0.1305502668390024
2254,17483.564182598293,18054.137247820872,0.11967,True,18054.137247820872,3.2634825443114135,17418.3274444276,-0.37313180247094957,17288.918745867006,-1.113305243132412
2255,123460.35749614792,137333.20672205862,0.01992,True,137333.20672205862,11.236683180950259,132496.7640847424,7.319277840967242,124004.52381009673,0.44076197816436125
2256,91441.68546372252,99128.97578430024,0.03605,True,99128.97578430024,8.406767965390882,95637.96573276207,4.589023318806085,90855.01702005464,-0.6415765858784672
2257,35957.50978117689,36386.95023925127,0.33219,True,36386.95023925127,1.1942997740605144,35105.51655121993,-2.3694444780571478,35697.22551192207,-0.7238662266625284
2258,47337.2241470702,48178.44950164826,0.22825,True,48178.44950164826,1.7770905872395382,46481.75637890527,-1.8071777202378958,46992.89101804481,-0.7274045642296167
2259,16731.3919803678,17159.903819715946,0.1815,True,17159.903819715946,2.5611248594913816,16555.586098846845,-1.050754663612219,16673.366163235227,-0.34680806713905943
2260,70658.90817788728,73903.22604375999,0.10492,True,73903.22604375999,4.591519950612577,71300.58738116297,0.908136312636243,70970.65617221972,0.44120126162663365
2261,12577.346974946551,12826.927106396111,0.37423,True,12826.927106396111,1.9843622979211162,12375.203166907288,-1.6072054658420765,12640.969935249293,0.5058535828698751
2262,39312.38534669885,40408.742870178496,0.07366,True,40408.742870178496,2.788834902310766,38985.67432323043,-0.8310638507104895,38371.26378360216,-2.3939569039041264
2263,45038.15676426783,47433.68584814443,0.15674,True,47433.68584814443,5.318887929661353,45763.22095362464,1.6098886842812687,45675.01033663393,1.4140311640625791
2264,25815.49667164135,26479.824493412438,0.11384,True,26479.824493412438,2.573368353981187,25547.288544785093,-1.0389423464042369,25531.919698113008,-1.098475761033313
2265,86258.0614958335,91183.0570367157,0.09074,True,91183.0570367157,5.709606099970244,87971.877196244,1.9868469922585286,87643.31523131822,1.6059411856266026
2266,86026.8675894158,89074.37234484244,0.07675,True,89074.37234484244,3.5425034536554323,85937.45373219652,-0.10393713002084803,84983.56972898736,-1.2127581645862362
2267,76283.89603762269,79071.599299618,0.04668,True,79071.599299618,3.6543797666291677,76286.94682275983,0.003999251867825571,74937.13143778993,-1.7654638394039912
2268,12345.21275880831,12599.820599896671,0.199,True,12599.820599896671,2.0624014025736326,12156.094635678817,-1.531914652459565,12290.001251658305,-0.44723009824687576
2269,9190.223737751992,9359.683861436866,0.37837,True,9359.683861436866,1.8439172812383164,9030.06529954842,-1.7427044517498214,9234.71025062643,0.484063436798543
2270,76220.7864370287,83923.797178049,0.04483,True,83923.797178049,10.106181136538517,80968.26558707072,6.22858851497714,77867.7419967101,2.1607695704400465
2271,78714.39863068068,84226.6525137867,0.05777,True,84226.6525137867,7.0028533267069815,81260.45531254807,3.234550128259528,79611.48391122803,1.1396711353362177
2272,66176.7403557243,70806.80285051207,0.04462,True,70806.80285051207,6.9965103598326195,68313.21045219772,3.2284305406840907,65395.092474645106,-1.181151983125106
2273,43442.95155876845,44722.750702405,0.11981,True,44722.750702405,2.9459304621723748,43147.75639827482,-0.6795007012686538,42675.56579210056,-1.766421799471407
2274,8910.688532211592,9497.991610169604,0.04471,True,9497.991610169604,6.590995475096517,9163.502285346189,2.8371966119193903,8975.320033082528,0.7253255529838798
2275,13530.37556281908,13894.868647500614,0.10577,True,13894.868647500614,2.6938874164228466,13405.535173312639,-0.9226675854400956,13372.480124228372,-1.1669701100137764
2276,13231.19149053905,13928.603097333784,0.07746,True,13928.603097333784,5.27096601461341,13438.081602160835,1.563654428021266,13284.359755496354,0.40184034064749685
2277,28564.346972266598,29530.738286954413,0.13775,True,29530.738286954413,3.3832081497472855,28490.758771646757,-0.2576225554579925,28525.024223050437,-0.13766374303721962
2278,13877.442332545774,14205.252546953438,0.23669,True,14205.252546953438,2.3621803395202923,13704.988330222706,-1.2426929847052848,13921.358685116455,0.3164585484724869
2279,26303.36537903782,28256.915638492424,0.04841,True,28256.915638492424,7.42699738722965,27261.796141504074,3.643757171962747,26424.143666891312,0.4591742771810736
2280,34869.79185530348,36205.72161008618,0.18164,True,36205.72161008618,3.831195093811579,34930.6702231029,0.1745877005863372,35299.73481355071,1.2329954822539069
2281,15202.1213249821,15805.115364949526,0.09413,True,15805.115364949526,3.9665124825474685,15248.509022876357,0.3051396374401216,15345.519764955918,0.9432791444583977
2282,6445.557811331116,6691.518971387605,0.11572,True,6691.518971387605,3.815979427321192,6455.86476630429,0.1599078819067401,6493.111106348098,0.7377684974508192
2283,46641.81595724649,48784.079947843165,0.06083,True,48784.079947843165,4.593011542604497,47066.05842986098,0.9095753754600144,45805.146646381436,-1.79381804437454
2284,13859.837669803406,14172.153105761658,0.26216,True,14172.153105761658,2.2533845157414634,13673.054547013231,-1.3476573625181953,13886.73749135196,0.1940846797012563
2285,10632.727379005575,10790.83132669745,0.36703,True,10790.83132669745,1.4869557175335002,10410.812262363284,-2.0870949543996042,10633.806651750865,0.0101504788641682
2286,26534.61283134885,27228.41688082504,0.15218,True,27228.41688082504,2.6147132949929652,26269.517868035215,-0.9990534438868659,26550.62504384215,0.06034462456667722
2287,104637.05769562414,115422.4159650988,0.01921,True,115422.4159650988,10.30739826500846,111357.60231077678,6.422719410461486,104948.32698757807,0.2974751955080457
2288,32549.613862015776,34107.48356349719,0.10679,True,34107.48356349719,4.786138809773699,32906.32550642283,1.0959013090576786,32869.275218002054,0.9820741878579176
2289,68997.05038481326,76998.76348473487,0.00977,True,76998.76348473487,11.597181408906776,74287.10975125816,7.667080457702102,69622.0818787969,0.9058814695667161
2290,54780.0502098777,61176.04235879578,0.01694,True,61176.04235879578,11.675769051713614,59021.6149867972,7.74290049145423,55498.153630252185,1.3108849254851451
2291,19562.63236071632,19894.861357641243,0.33307,True,19894.861357641243,1.6982837012879282,19194.22705345343,-1.8832092760823205,19544.838307257538,-0.09095940224544963
2292,37947.14394125112,40118.661214452266,0.0558,True,40118.661214452266,5.72247881569965,38705.80842901989,1.9992663715175052,37578.08557246897,-0.972559013541352
2293,51630.40200325431,54381.98126050651,0.05958,True,54381.98126050651,5.329377944953362,52466.81930406616,1.6200092743014594,51700.149889886445,0.13509072934922983
2294,15522.991025287722,16068.774427756633,0.17095,True,16068.774427756633,3.5159680346384503,15502.88284460076,-0.12953805522534223,15704.044205103255,1.1663549861015143
2295,48370.63047272671,49848.578211261,0.14612,True,49848.578211261,3.0554651119704124,48093.06841996585,-0.5738235165600347,48256.28892399512,-0.2363863104824837
2296,30266.88378362424,31099.571721153367,0.20972,True,31099.571721153367,2.751151864466639,30004.3428375894,-0.8674198107467057,30354.572706238254,0.28971903166807866
2297,41693.3102561374,43367.95720846149,0.05157,True,43367.95720846149,4.01658429622429,41840.67446059117,0.35344807967623293,41270.163768212624,-1.0149025954649171
2298,43001.98148080872,43428.94087104016,0.24324,True,43428.94087104016,0.9928830614979622,41899.510470807276,-2.563767928911509,42393.0038784128,-1.4161617242398505
2299,16774.78106376297,16863.373323515167,0.36608,True,16863.373323515167,0.5281276662595369,16269.498471995155,-3.0121561041373646,16596.805923785738,-1.0609684817985188
2300,26039.646784932746,27699.84476820808,0.03606,True,27699.84476820808,6.37565477361226,26724.34355126545,2.629439531141764,25790.888817220406,-0.9553046927513575
2301,7267.860303808468,7543.053939091043,0.08341,True,7543.053939091043,3.786446406219013,7277.411356664281,0.1314149207134241,7249.907361642454,-0.24701826143530559
2302,44455.48945234681,46149.691031031805,0.03662,True,46149.691031031805,3.811006468618605,44524.44438654636,0.15511005513384468,43982.76557794438,-1.0633644578565637
2303,7788.322578797289,8169.092172374289,0.03421,True,8169.092172374289,4.8889807750592595,7881.402496776762,1.1951215045056252,7566.981826110799,-2.8419566658558937
2304,104032.03620305978,115112.57873153868,0.01565,True,115112.57873153868,10.65108685064169,111058.67656790989,6.75430436748814,104236.97657421058,0.19699736603326912
2305,45302.9974688933,46528.713101705216,0.04763,True,46528.713101705216,2.7055949965640425,44890.11849464872,-0.9113723093666759,43796.94451968854,-3.3244002237133863
2306,49660.00229705309,52138.64028936319,0.07602,True,52138.64028936319,4.991216024283562,50302.48173043932,1.2937563505194483,49234.88029206499,-0.856065214103563
2307,70493.91478252926,74360.9341355419,0.06881,True,74360.9341355419,5.48560732503256,71742.17643674543,1.7707367480824576,70799.35335373237,0.4332835992232331
2308,32904.929710955854,34297.320678499,0.18232,True,34297.320678499,4.231557337378367,33089.47715664118,0.5608504479615473,33348.99265145677,1.3495331684390877
2309,48712.949013022495,52926.68234084441,0.0461,True,52926.68234084441,8.650129818039654,51062.77142494328,4.823814734132825,49820.63289451976,2.273900274855345
2310,22464.060386659094,22812.768400838693,0.31339,True,22812.768400838693,1.5522928988683127,22009.374608452174,-2.024058742634738,22406.040788631188,-0.2582774308350855
2311,63713.45419697315,67099.50688411298,0.12668,True,67099.50688411298,5.314501826681206,64736.47376355095,1.6056570460221575,64394.82135098201,1.069424288161147
2312,8250.325815883925,8351.51256926036,0.19426,True,8351.51256926036,1.2264576652430526,8057.398622312339,-2.338419086433574,8195.33979027602,-0.6664709592685725
2313,34297.95346540051,35179.155703879296,0.1495,True,35179.155703879296,2.5692560326310288,33940.256732158865,-1.0429098447593654,34251.79663018709,-0.13457606227141872
2314,21207.101157667897,22013.31118145809,0.12383,True,22013.31118145809,3.8016040843879884,21238.07175227921,0.1460387932374907,21219.238286360873,0.057231436784976886
2315,224091.36612143903,259576.5489726973,0.01094,True,259576.5489726973,15.835140579235096,250435.08115829065,11.755792064998838,227595.07063334127,1.5635160660333103
2316,7175.636755462794,7280.373083561709,0.33084,True,7280.373083561709,1.4596102292828483,7023.9812928408455,-2.1134774207528517,7176.430349624797,0.011059564315307746
2317,35457.262959966865,37327.92724546554,0.05427,True,37327.92724546554,5.275828220612366,36013.355313434695,1.568345402451632,35291.09331503181,-0.46864769320370536
2318,48112.82773672682,49432.13041788559,0.14703,True,49432.13041788559,2.7421017288320693,47691.286605141235,-0.8761512291321827,47817.2692237276,-0.6143029352099427
2319,44813.52136051923,48884.89540685141,0.02531,True,48884.89540685141,9.085146452961101,47163.32348619469,5.243511454437133,44628.18809395493,-0.4135655064312349
2320,21793.688425679,22296.38068745469,0.29539,True,22296.38068745469,2.3065956159278533,21511.172442569812,-1.2963201895476617,21847.031674440812,0.24476466635614536
2321,8121.384925701706,8327.111879331094,0.38857,True,8327.111879331094,2.533151125226496,8033.857247766226,-1.0777432511354323,8216.992139838312,1.1772279606405256
2322,51987.18204079999,54303.02246861259,0.09935,True,54303.02246861259,4.454637348866308,52390.641191927854,0.7760742846404378,52076.900324867245,0.17257770193590538
2323,20623.62120063564,20856.731425126756,0.34769,True,20856.731425126756,1.1303069534846388,20122.22308918084,-2.4311836732113123,20494.726094476464,-0.6249877502366274
2324,25796.5978353088,26858.83473783861,0.09682,True,26858.83473783861,4.117740290062155,25912.95124312336,0.45104167827627606,25764.25940409229,-0.1253592873873055
2325,106171.64006823802,118920.705011267,0.01607,True,118920.705011267,12.007975891523358,114732.69264408898,8.06340805355239,106828.65963801727,0.6188277484994842
2326,20532.98473580538,21817.45751230988,0.01451,True,21817.45751230988,6.255655439438557,21049.11543198604,2.5136661952542605,20116.546541179327,-2.0281425227958727
2327,71069.92098267276,75747.12761261642,0.05894,True,75747.12761261642,6.581133854199694,73079.55254913363,2.8276822862246087,71616.72023904616,0.7693821082293217
2328,103301.04219523148,108995.4137814708,0.07516,True,108995.4137814708,5.512404778528146,105156.93888478029,1.7965904797371701,103741.8899729149,0.4267602420218175
2329,22666.458316370205,22870.69972627428,0.24428,True,22870.69972627428,0.9010733262927451,22065.265775217762,-2.65234441464659,22360.015632859548,-1.351965442652936
2330,54509.43777988475,58731.21637437346,0.06846,True,58731.21637437346,7.745041531223884,56662.8880669355,3.9506008037482054,55493.24561921839,1.8048394542361068
2331,14972.507954255889,15360.935248421,0.07662,True,15360.935248421,2.594270080549199,14819.9715299019,-1.0187767127592728,14792.821406310053,-1.2001098846954328
2332,9127.804067181913,9478.83220072578,0.11054,True,9478.83220072578,3.8457018901835616,9145.017609908447,0.18858361331861584,9105.968598851103,-0.23921929272471276
2333,17265.955565701963,19294.114906847422,0.01323,True,19294.114906847422,11.746580335086154,18614.636998976166,7.8112180246386,17745.976930174063,2.780161009018478
2334,31030.1592266025,31705.91932267812,0.18218,True,31705.91932267812,2.1777525894752126,30589.33678792487,-1.4206257707492176,30827.544669566712,-0.6529600945846425
2335,22849.755001734404,23512.83896596922,0.07075,True,23512.83896596922,2.901930301591782,22684.790895049908,-0.7219513148914447,22406.00831254498,-1.9420194621594056
2336,53985.65437186565,55366.39212349199,0.21103,True,55366.39212349199,2.5576012140475335,53416.5623195294,-1.0541542173707952,53818.12341255239,-0.3103249581069556
2337,50175.87685759436,51507.86688495447,0.15364,True,51507.86688495447,2.6546422519739377,49693.92217700214,-0.9605306589062113,49843.252180311116,-0.6629175175698054
2338,29921.401405227032,31581.381223791566,0.12346,True,31581.381223791566,5.547801040744527,30469.18452831056,1.8307401971748405,30407.034659069635,1.623029774794471
2339,56064.84490085996,57970.55871394311,0.15394,True,57970.55871394311,3.3991243825842066,55929.018371551,-0.24226684217024674,56252.59251526178,0.3348758294682064
2340,30239.57577739908,31222.710129234285,0.12615,True,31222.710129234285,3.2511512696880907,30123.144699096123,-0.3850288084728315,30143.47624556517,-0.31779391530266654
2341,62156.98845297706,64347.61293117293,0.12922,True,64347.61293117293,3.5243414018572006,62081.492841079256,-0.12145957160539789,61711.34778094149,-0.7169598835579105
2342,13866.281036385271,14105.433633310678,0.35884,True,14105.433633310678,1.7247061147676712,13608.684724068029,-1.8577173767162725,13888.356977074167,0.15920592284959234
2343,60839.68518040766,65100.47617353204,0.02101,True,65100.47617353204,7.003308745746928,62807.842613227316,3.2349895088764624,60163.38111715793,-1.1116166384561144
2344,34682.19181274143,36216.82889971087,0.14453,True,36216.82889971087,4.424856119980425,34941.38634899955,0.7473418567591761,34980.86636441354,0.8611755372461172
2345,22507.59144509306,23166.86369384741,0.13901,True,23166.86369384741,2.9291106085812535,22350.99978142469,-0.6957282126360598,22386.031568414634,-0.5400838955823883
2346,10291.688739136793,10382.35960100926,0.29389,True,10382.35960100926,0.8810105335548046,10016.725623264203,-2.6717006590664893,10210.67043011552,-0.7872207474870385
2347,79660.59737357397,83333.24033616304,0.05219,True,83333.24033616304,4.6103633209853445,80398.5062955954,0.9263160789027891,79102.68843515757,-0.7003574625483178
2348,31344.6278314586,32336.956797597377,0.1523,True,32336.956797597377,3.165866162056763,31198.15111214161,-0.46731044345015293,31290.574111405695,-0.17244971081984417
2349,17284.37232689952,17807.987655194916,0.17374,True,17807.987655194916,3.0294147707087937,17180.846464538135,-0.5989564469186304,17397.2964935298,0.6533310235080858
2350,79720.62428562758,82830.09105710509,0.13143,True,82830.09105710509,3.9004546180380295,79913.07634811249,0.24140812269028977,79607.90729915843,-0.14138999472119718
2351,52154.909777702494,53709.48945428144,0.1608,True,53709.48945428144,2.980696703733088,51818.01053941934,-0.6459588171451314,51865.963296157206,-0.5540158784222871
2352,12771.286506345738,13893.350330138714,0.03474,True,13893.350330138714,8.785832368849068,13404.070326302166,4.954738268865966,13138.311906155237,2.873832637198559
2353,15571.676353534604,16016.084611615584,0.15181,True,16016.084611615584,2.853952573835161,15452.048597694707,-0.7682394183124774,15588.946887755312,0.11090992278932621
2354,25472.35420165544,26197.214514605843,0.1279,True,26197.214514605843,2.8456745976910724,25274.631198585394,-0.7762258702306957,25339.178744315865,-0.5228235140155135
2355,8422.352259188652,9249.213565372698,0.04627,True,9249.213565372698,9.817462874245763,8923.485419085797,5.950037999781066,8696.016704842252,3.249263830719462
2356,38393.43102304597,40553.04625656269,0.08454,True,40553.04625656269,5.624960249633304,39124.895799221085,1.9051821019487658,38558.61509471503,0.4302404532950277
2357,104337.32618536468,116455.23636386762,0.01654,True,116455.23636386762,11.614165918891173,112354.05003077022,7.683466826783647,108053.9424504619,3.5621156885833116
2358,115921.40426102758,122830.42535756082,0.01836,True,122830.42535756082,5.960090925896444,118504.72496405522,2.22851053219697,112715.16629770688,-2.765872259536306
2359,280880.49838712526,361733.7375134908,0.00819,True,361733.7375134908,28.78563645060508,348994.615539832,24.250212294492602,322240.1859445963,14.725012165304129
2360,25011.00560777969,25239.03671721736,0.27048,True,25239.03671721736,0.9117230750879557,24350.197402841015,-2.6420697164336815,24708.685109721933,-1.2087498711516043
2361,21197.31481866375,21461.88473015897,0.12569,True,21461.88473015897,1.2481293680757677,20706.06480238156,-2.3175105926608097,20713.563433180178,-2.2821352120394156
2362,106797.30095722189,111920.90043875496,0.06115,True,111920.90043875496,4.797499033786767,107979.39912375018,1.1068614617908645,104415.48936017074,-2.2302170332986093
2363,25259.636939887143,26093.891530502784,0.08039,True,26093.891530502784,3.3027180580663007,25174.946924286454,-0.33527803983182114,25079.056424951654,-0.7148975076927466
2364,59523.13708345996,64034.56158111782,0.03608,True,64034.56158111782,7.579278779161447,61779.46617276874,3.79067569329401,60464.347721671205,1.5812517355923816
2365,9406.59100655798,9547.913539986204,0.34938,True,9547.913539986204,1.5023777830852847,9211.666122159173,-2.072216005382932,9404.32257082262,-0.024115386049816667
2366,10753.574192289294,10985.450054583584,0.2732,True,10985.450054583584,2.1562678431191085,10598.577132132834,-1.4413538920631463,10780.43537296084,0.24978839771065964
2367,7524.684866008615,7758.819535759971,0.11255,True,7758.819535759971,3.111554489265278,7485.578369157515,-0.5197094303278638,7518.199952858168,-0.08618185699366121
2368,6651.72258923404,6759.880518997578,0.31407,True,6759.880518997578,1.6260138379582179,6521.818835697556,-1.9529340226355218,6658.166230648128,0.09687177009631842
2369,82605.06669474543,89121.0944875808,0.04659,True,89121.0944875808,7.8881696408700686,85982.53046834575,4.088688392542839,83648.7042641725,1.2634062427231862
2370,50200.58832622248,51149.53535760148,0.10236,True,51149.53535760148,1.8903105780601281,49348.209956505445,-1.6979449806005409,49138.576188145984,-2.1155372346936208
2371,12583.396200945775,12848.083766389724,0.3512,True,12848.083766389724,2.1034668321422867,12395.61475602621,-1.4922954178733683,12649.868796795245,0.5282564006406476
2372,16503.562373093107,16933.20141657652,0.27578,True,16933.20141657652,2.6033109323347237,16336.867439731868,-1.01005425127495,16581.69683857321,0.4734399986725979
2373,20493.27014575579,21277.013977928247,0.15157,True,21277.013977928247,3.8243961388210845,20527.70461529253,0.16802818335888148,20596.10206351184,0.501783839400316
2374,117236.64514651244,130002.50837860306,0.02407,True,130002.50837860306,10.888970096454841,125424.22982902527,6.983810115242273,118269.75153802047,0.8812145641125646
2375,65817.07278867906,67994.06363900562,0.11281,True,67994.06363900562,3.307638517009548,65599.52704936915,-0.3305308639422244,65697.72509751024,-0.18133242046788345
2376,25953.5411676086,26939.82596879701,0.17794,True,26939.82596879701,3.8001935644117246,25991.09021822897,0.1446779473285531,26186.95198767737,0.899340936026416
2377,23001.17975350548,23564.15768295472,0.07744,True,23564.15768295472,2.4476045815147396,22734.302328590675,-1.1602771152385394,22722.332764227413,-1.212316030161753
2378,24554.948866727424,26233.886264421508,0.04943,True,26233.886264421508,6.8374705514825385,25310.011484969695,3.0749916130568655,24724.361592957164,0.6899331256979391
2379,61366.8871696558,63686.76755219786,0.13302,True,63686.76755219786,3.7803455406308695,61443.9203532267,0.12552890838006814,61638.95664749656,0.4433489955072867
2380,41983.59943769562,42915.48286295388,0.17497,True,42915.48286295388,2.219636805179581,41404.134835237106,-1.3802165850940185,41610.46553921383,-0.8887610959501635
2381,126039.91213074808,131601.67667088963,0.07392,True,131601.67667088963,4.4127010612099005,126967.0804549756,0.7356148608432145,124259.49861486751,-1.4125791471781168
2382,7406.962656420798,7569.511033219289,0.09596,True,7569.511033219289,2.1945348496874573,7302.93671533571,-1.4044345288404148,7305.28242771124,-1.372765510319074
2383,42557.89843672844,44364.70749430317,0.1152,True,44364.70749430317,4.245531673188574,42802.3223433341,0.5743326517145597,42567.191222296875,0.02183563077544637
2384,24846.956724314863,25349.135418508056,0.18049,True,25349.135418508056,2.021087329788629,24456.41877492674,-1.5717737738318194,24723.88687066149,-0.4953115788741247
2385,92110.99992618967,101638.53015263932,0.04306,True,101638.53015263932,10.343531428476771,98059.1415068966,6.457580077811875,94330.64322832278,2.4097483513497275
2386,35600.058772740354,38662.26561146264,0.03461,True,38662.26561146264,8.601690402452578,37300.7024882993,4.777081202071387,36285.626227843335,1.9257480991237363
2387,11757.634838209911,12100.165502052783,0.23035,True,12100.165502052783,2.9132616257966815,11674.035815362004,-0.7110190442063069,11867.502985069219,0.9344408834866869
2388,33481.871028523805,35469.18214409057,0.03279,True,35469.18214409057,5.93548405306783,34220.06935537083,2.204770235863296,33561.84123263344,0.23884628204171587
2389,20122.92803759293,20757.38539198439,0.21008,True,20757.38539198439,3.152907733935084,20026.37571016595,-0.4798125165811129,20272.955366148883,0.7455541672448218
2390,16970.26054067111,17599.6534195077,0.11699,True,17599.6534195077,3.708799150892106,16979.849103918066,0.056502156958493366,17017.996051903687,0.281289206598645
2391,51372.85860373596,59979.48037301105,0.01443,True,59979.48037301105,16.753246759465323,57867.1921423343,12.641565439627023,54226.056351403204,5.553901077756573
2392,76083.92458115813,81979.52299469433,0.07118,True,81979.52299469433,7.748809549443525,79092.46261168865,3.9542361242437263,77303.6665124596,1.603153278456837
2393,18383.052041262443,18763.611507004374,0.25037,True,18763.611507004374,2.070164763107507,18102.816256616203,-1.5244246930119387,18394.09479828301,0.06007031365511395
2394,63338.40745242129,68389.68627439287,0.05269,True,68389.68627439287,7.975064459531933,65981.21710262462,4.172523049602339,64478.0124695765,1.7992321925859311
2395,24529.42389491679,25093.698931807216,0.10563,True,25093.698931807216,2.3004006914624675,24209.97795609745,-1.302296948301085,24356.895207485017,-0.7033540134121274
2396,36354.24504150279,36980.779676562,0.31565,True,36980.779676562,1.7234153379995787,35678.43318762508,-1.8589626963954053,36267.33695925138,-0.23905896588471975
2397,6694.15786947609,6803.292457009944,0.34936,True,6803.292457009944,1.6302959933389705,6563.701942096775,-1.948802671269012,6710.324307541812,0.24150069928046136
2398,39602.90283902062,40780.29841847248,0.18243,True,40780.29841847248,2.9730032271567897,39344.14485633549,-0.6533813537278776,39764.85118966085,0.4089305051665493
2399,10899.145095213942,11283.702069941515,0.09249,True,11283.702069941515,3.5283223717834655,10886.325651663556,-0.11761879889107263,10855.311274362073,-0.40217668880394575
2400,127272.43293916927,132527.72516968867,0.03239,True,132527.72516968867,4.1291677303216145,127860.51644474847,0.46206668011152807,122114.36817893936,-4.052774541282833
2401,68135.46371017703,70583.96223173755,0.05237,True,70583.96223173755,3.593574312454262,68098.21757757547,-0.05466482588273314,66761.83167620211,-2.0160309465535375
2402,138656.17241269056,157815.17077486715,0.00983,True,157815.17077486715,13.817631071736592,152257.4179271117,9.809332882735976,141681.33154430919,2.181770258748128
2403,20823.4143696602,21477.64925916022,0.1657,True,21477.64925916022,3.1418233239081106,20721.274154364528,-0.49050656862733577,20877.008311652407,0.25737345970646697
2404,18345.165300784287,18516.62240567953,0.37456,True,18516.62240567953,0.93461738874554,17864.525332877914,-2.6199816683353805,18224.78136886245,-0.6562161198770511
2405,16969.66751041206,17275.313622291662,0.363,True,17275.313622291662,1.8011320003298081,16666.93153197205,-1.7839829699330179,16999.302962556365,0.17463778902044869
2406,18761.970686005847,18957.441237429743,0.34969,True,18957.441237429743,1.0418444559754825,18289.819914928466,-2.516530800410788,18646.554015339563,-0.6151628344263971
2407,32691.391528360014,35397.97354362987,0.03179,True,35397.97354362987,8.279188767238255,34151.36849735373,4.465937057855673,33150.8009431123,1.4052917091453399
2408,41393.9838580468,42758.145053928965,0.17812,True,42758.145053928965,3.2955542538749327,41252.33796788386,-0.3421895574214018,41413.22690859738,0.04648755388361181
2409,56408.620497836826,59327.10466679638,0.14211,True,59327.10466679638,5.173826523680858,57237.79105206573,1.4699358837550358,56978.83302173064,1.0108606075833526
2410,14675.744880027756,14908.411813087569,0.30772,True,14908.411813087569,1.585384148892155,14383.384543510938,-1.9921328621260725,14660.329045462326,-0.10504294460998986
2411,35298.65632637527,36702.1799962993,0.04585,True,36702.1799962993,3.9761390828786825,35409.64490989587,0.314427219252722,34902.21124473156,-1.1231166364468192
2412,15322.088814318731,15508.0200449533,0.35209,True,15508.0200449533,1.2134848772108242,14961.87646354285,-2.350935013764288,15263.632276011123,-0.381518075087639
2413,23385.88938807704,23868.43089755405,0.26015,True,23868.43089755405,2.063387461855637,23027.85999970561,-1.5309633190772054,23358.828828428108,-0.11571319439631633
2414,28277.44476187992,29415.15610129255,0.18405,True,29415.15610129255,4.023388071281264,28379.247026224308,0.3600122472226408,28550.217258512945,0.9646292263321588
2415,64990.82753411486,72648.25397709795,0.0101,True,72648.25397709795,11.782318726382691,70089.81147475028,7.845697822448683,66333.48683347377,2.0659212235051516
2416,14905.01342998496,15222.656114425454,0.30536,True,15222.656114425454,2.13111303745277,14686.56215112048,-1.465622824767221,14951.737313955799,0.31347763750981805
2417,241984.76862282812,260186.75826396988,0.0547,True,260186.75826396988,7.5219567515476315,251023.8008018339,3.735372366801548,242730.4928004252,0.3081698826918444
2418,24059.52800103489,24842.49260031017,0.10667,True,24842.49260031017,3.254280795706377,23967.618319740017,-0.38200949449598287,23991.385042456845,-0.2832264979392596
2419,46224.71405334098,48382.98119507336,0.05614,True,48382.98119507336,4.669076241860259,46679.08511081527,0.9829613157800621,45560.30577323787,-1.4373442728848662
2420,28280.39723787601,28778.85398036497,0.21618,True,28778.85398036497,1.762552125050676,27765.353460236372,-1.8212041836167647,28077.034431306336,-0.7190945900056533
2421,62724.60798418144,67444.87160403897,0.03218,True,67444.87160403897,7.5253776333650935,65069.67582670409,3.738672775944729,62937.31869334193,0.33911843532625774
2422,106224.50946367507,118689.9800528088,0.02243,True,118689.9800528088,11.735022973578868,114510.09309137361,7.800067676972322,108747.65400198355,2.3752941303732733
2423,69286.53513513766,72335.73166533823,0.12378,True,72335.73166533823,4.400850070296292,69788.29521367404,0.7241812244727308,70120.40244995848,1.203505577518671
2424,10498.994914005132,10704.864923704892,0.17239,True,10704.864923704892,1.9608544568884279,10327.873325099767,-1.6298854348152703,10432.101336217982,-0.6371426820858561
2425,36470.77429502749,38006.91553434294,0.11197,True,38006.91553434294,4.211978684326656,36668.43177509313,0.5419612933542428,36327.53556163686,-0.39274936208348876
2426,60672.64531026542,62842.98713003577,0.10791,True,62842.98713003577,3.577133992875603,60629.855217758064,-0.07052616922921251,60059.75783182094,-1.0101545355576946
2427,18407.172371220156,18805.98632559653,0.34148,True,18805.98632559653,2.1666225878338663,18143.69876767197,-1.4313638088168879,18484.92987965488,0.4224304899556275
2428,142358.29165992796,155592.65846152493,0.02104,True,155592.65846152493,9.296519821417814,150113.1754916146,5.44744091915057,143323.0145964819,0.677672459612344
2429,17937.692880110644,18231.004409272937,0.24171,True,18231.004409272937,1.6351686424931344,17588.96590197618,-1.9441016214584383,17827.713677572025,-0.6131178812887605
2430,64767.23851931687,67793.58761464199,0.02529,True,67793.58761464199,4.672654206837179,65406.1111586406,0.9864132761089994,63495.629581984926,-1.963352099615434
2431,74559.96360809823,79614.06178660829,0.08629,True,79614.06178660829,6.778568462124501,76810.30549091529,3.01816386961411,75673.6934372949,1.493737087977487
2432,37961.349071663964,38952.87191258949,0.1623,True,38952.87191258949,2.6119273028303525,37581.07455155325,-1.0017413221875437,37728.78634832383,-0.6126302911445447
2433,49082.42936739529,52683.6277127268,0.0404,True,52683.6277127268,7.337041771864139,50828.276414668166,3.556969509811214,49965.91793119122,1.800009851148121
2434,58926.2681387329,60766.96331359215,0.06691,True,60766.96331359215,3.123726027457918,58626.9424160616,-0.5079665353430851,57627.75932995966,-2.2036162305681617
2435,39684.82905741617,41168.96842679184,0.10681,True,41168.96842679184,3.7398154524702854,39719.127132132264,0.08642616216505417,39183.69675816295,-1.2627805414713533
2436,84094.68596776204,88346.47531657916,0.03377,True,88346.47531657916,5.055954844099264,85235.19094278265,1.356215273171757,81835.7269987385,-2.686208935829215
2437,9251.050151646892,9369.954818969134,0.38013,True,9369.954818969134,1.2853099418240088,9039.97454633264,-2.281639401518931,9242.004574919813,-0.09777891783960824
2438,13804.475876261651,14336.49105324444,0.03691,True,14336.49105324444,3.8539324618448445,13831.605030013783,0.1965243301905062,13642.80363647915,-1.1711581173502905
2439,38268.314417860056,39847.50582462449,0.15767,True,39847.50582462449,4.126629120689507,38444.202277282464,0.45961747230842676,38563.94515076206,0.7725209155384993
2440,18024.06976467214,18340.59801531867,0.12816,True,18340.59801531867,1.7561419522850397,17694.6999666793,-1.8273886103038373,17827.108541599726,-1.0927677580257922
2441,25229.109757961734,25813.53520128556,0.35601,True,25813.53520128556,2.3164727131895324,24904.463861241566,-1.2867909325168236,25368.791216580306,0.5536519518866134
2442,29902.70552417297,30806.12234101015,0.12889,True,30806.12234101015,3.0211875514303266,29721.227819600055,-0.6068939294680553,29665.191682870947,-0.7942888014264016
2443,44780.691131751286,45968.82580280235,0.04134,True,45968.82580280235,2.653229865424356,44349.94866152953,-0.9618933056536494,43768.863159304645,-2.2595184372427357
2444,221272.23783048315,238234.4513687105,0.03579,True,238234.4513687105,7.665766706450583,229844.58495709192,3.8741177884123346,219102.69075619505,-0.9804876994782274
2445,17126.150225799804,17442.98825475018,0.39012,True,17442.98825475018,1.8500248145264742,16828.701192421435,-1.7368120065318293,17177.588463030683,0.3003490951129839
2446,21251.61847251079,22396.68031691897,0.03363,True,22396.68031691897,5.388115949330308,21607.939835250094,1.676678711318913,20564.965682413756,-3.231061158872328
2447,28943.940618233344,30166.55276884651,0.04082,True,30166.55276884651,4.224069440782974,29104.181871708897,0.5536262514807877,28475.23614288293,-1.6193526705038597
2448,20574.281686622708,21555.752624368317,0.11306,True,21555.752624368317,4.770377662243042,20796.62696524839,1.0806952194605701,20699.82076537995,0.6101747835933757
2449,25584.87118581901,28587.810981464423,0.02005,True,28587.810981464423,11.737169883856446,27581.038393548995,7.8021389798374585,26575.37937032158,3.87146051003604
2450,24126.61647734522,25698.43392035572,0.04222,True,25698.43392035572,6.514868939399077,24793.416084602395,2.763751012842186,23838.85378935405,-1.192718789480396
2451,85436.01936210944,88071.6959100364,0.07885,True,88071.6959100364,3.0849711487095366,84970.08840077528,-0.5453565894255608,83197.95442710097,-2.6195800690604787
2452,60296.52580016829,63712.1300879688,0.08275,True,63712.1300879688,5.6646784246248805,61468.38970043589,1.9435015280172774,60393.9376113394,0.1615546001670909
2453,43820.10242104474,45026.77891362214,0.20129,True,45026.77891362214,2.7537053222356,43441.07769425438,-0.8649562777113262,43707.11915429081,-0.2578343283371032
2454,192731.94777546017,217255.03235856496,0.01572,True,217255.03235856496,12.723933352074601,209603.99495289935,8.754151749193007,194778.94098123987,1.0620933526622744
2455,5951.332675261496,6018.532338165688,0.38976,True,6018.532338165688,1.1291531925870624,5806.57860090765,-2.4322968022869818,5947.730004284046,-0.060535533367600536
2456,34878.45393194521,36504.08375061719,0.07545,True,36504.08375061719,4.660842541483934,35218.52498954524,0.9750175803766359,34777.143733155965,-0.2904664265994117
2457,41609.13351084992,42747.90118982727,0.1107,True,42747.90118982727,2.736821420903679,41242.45486038499,-0.8812455812599707,41168.48735313618,-1.059013059233338
2458,49169.42910822379,52465.15851874276,0.06901,True,52465.15851874276,6.702801863460617,50617.50101703495,2.945065531722757,50178.9789567339,2.053206365866189
2459,28982.12469786235,29520.769974263807,0.15599,True,29520.769974263807,1.8585430917050338,28481.141511506874,-1.7285937162240805,28741.268196301004,-0.831051912419345
2460,10029.877229179028,10275.889177189283,0.36867,True,10275.889177189283,2.452791219563033,9914.004752153776,-1.155273134232937,10133.801011558979,1.036142118246608
2461,8284.35827923437,8568.433055345304,0.14917,True,8568.433055345304,3.4290498616289744,8266.679852656813,-0.21339524416598143,8311.904935078606,0.3325140574048424
2462,44769.84917666016,45865.6016814813,0.14968,True,45865.6016814813,2.4475233331641144,44250.35976837706,-1.1603555022783651,44382.747600474526,-0.8646479345019498
2463,59739.52706844784,61882.54749500525,0.0287,True,61882.54749500525,3.5872738398179838,59703.23923916361,-0.060743415733188755,57868.58806261991,-3.1318276150466673
2464,5468.168543780356,5553.080266769001,0.33977,True,5553.080266769001,1.5528366089817336,5357.518284261772,-2.0235341802776086,5479.103925753796,0.1999825331989502
2465,4749.566602110036,4836.048638921201,0.34098,True,4836.048638921201,1.8208405957028662,4665.738250110796,-1.7649684491633066,4773.273974538391,0.49914812054265845
2466,28950.939347265707,30732.30287031085,0.1172,True,30732.30287031085,6.153042226636374,29650.008037964137,2.414666696348333,29504.41970695436,1.9117872240678402
2467,40720.78958080511,42229.50744848172,0.13713,True,42229.50744848172,3.705030976088408,40742.317312522464,0.052866685393304635,40856.718777576534,0.3338078612196149
2468,10052.352917156732,10486.974975412824,0.05509,True,10486.974975412824,4.32358535198567,10117.656773951152,0.649637525986213,9888.571220685923,-1.6292871710788859
2469,13419.496403316263,14176.577749658683,0.0422,True,14176.577749658683,5.641652440514289,13677.32336889962,1.9212864464842605,13407.586780991118,-0.08874865320730452
2470,11546.95866130713,11993.542449456383,0.16141,True,11993.542449456383,3.8675447037471278,11571.167690579543,0.2096571918416501,11714.197745762562,1.4483388168335276
2471,5031.506047146446,5119.833752642871,0.3207,True,5119.833752642871,1.755492384760604,4939.529346678139,-1.8280153021076218,5051.221495138237,0.39183989459721236
2472,42653.547239915504,50518.814251359145,0.00841,True,50518.814251359145,18.439889576366262,48739.700859458084,14.268810013173105,45886.33334538695,7.579172928544109
2473,15790.53277776803,16564.83176090276,0.08294,True,16564.83176090276,4.903564648717174,15981.470602151549,1.2091917801047458,15850.593945825472,0.3803618845717782
2474,31626.42452880109,32611.713244065868,0.14654,True,32611.713244065868,3.115397108413287,31463.231502656155,-0.5160021361134914,31629.040530510432,0.008271569576123738
2475,17209.45040215051,17466.39258497718,0.32647,True,17466.39258497718,1.4930295670253502,16851.28129591326,-2.081235006740778,17161.51817682872,-0.27852269655166406
2476,41661.35776516068,42153.71596611378,0.30896,True,42153.71596611378,1.181810261030014,40669.19496725267,-2.3814941498083164,41287.07775288185,-0.8983864961593313
2477,24682.22577078531,25074.036232854145,0.11929,True,25074.036232854145,1.5874194884506476,24191.007715420503,-1.9901692008110095,24206.757207884006,-1.926360156157736
2478,80086.6001158849,85436.10195105645,0.05114,True,85436.10195105645,6.679646566879915,82427.31175307868,2.9227256916972255,80138.45015931487,0.06474247046941439
2479,61404.32455197645,63417.0869910662,0.03861,True,63417.0869910662,3.2778838522782294,61183.73709136769,-0.3592376631747496,59457.19013280561,-3.1710053540653593
2480,104741.36341487516,113456.68608731414,0.0266,True,113456.68608731414,8.320803155786738,109461.09924288964,4.506085918816849,105696.90887691818,0.9122904561192025
2481,107222.9729768818,113531.27699586807,0.08196,True,113531.27699586807,5.883351154930572,109533.06329477069,2.154473294064463,106935.11502620396,-0.26846667527108403
2482,60414.48914982363,63118.76830953656,0.08585,True,63118.76830953656,4.476209594368186,60895.92425343768,0.79688682365604,60136.185878177545,-0.46065650072106834
2483,19373.785356903783,19704.14303113959,0.36136,True,19704.14303113959,1.705178766823101,19010.22522522649,-1.8765570330205983,19390.79769558501,0.08781112398958957
2484,10617.904382821003,10950.158956653402,0.29025,True,10950.158956653402,3.1291916168501466,10564.528875426717,-0.502693426780565,10753.827995489903,1.28013596438874
2485,12454.316457493607,12799.993422598882,0.23738,True,12799.993422598882,2.7755595121182752,12349.218002552705,-0.8438717235072835,12551.742267470785,0.7822654122343176
2486,309960.7187163963,421680.930208106,0.00309,True,421680.930208106,36.043345090424175,406830.65707402595,31.2523273138563,356050.44733347546,14.86953856861124
2487,11295.487657740236,11505.975145750574,0.35139,True,11505.975145750574,1.8634652561113851,11100.77097039456,-1.7238448949324137,11334.056875927698,0.34145686628264116
2488,20635.141671309368,21584.827387651487,0.1562,True,21584.827387651487,4.602273788420552,20824.677807018557,0.9185114341750067,20933.10614539987,1.4439662147063714
2489,9839.964963368771,10003.996162622723,0.30244,True,10003.996162622723,1.6669896677944607,9651.686952495724,-1.9134012323616,9829.58373536412,-0.10550066024926918
2490,53712.34293261624,57983.75757340555,0.06163,True,57983.75757340555,7.952389353314815,55941.75240878879,4.1506464891494455,55151.69081912026,2.679733945528562
2491,57325.24336433868,59174.26662367255,0.11595,True,59174.26662367255,3.2254956993067463,57090.33548304275,-0.4097808705371575,57100.414199460414,-0.392199233153423
2492,30728.987849494395,31776.753840167497,0.14086,True,31776.753840167497,3.409698997587851,30657.67673699371,-0.2320646317735986,30786.538400505076,0.18728423888398904
2493,16091.258832239357,16295.96041382814,0.36122,True,16295.96041382814,1.272129071584227,15722.068056381306,-2.294356083057747,16034.737620023121,-0.35125413620836765
2494,27846.21166990985,32120.89441874789,0.00498,True,32120.89441874789,15.351038767895275,30989.697769200695,11.288738793462683,28001.20473004622,0.5566037562799053
2495,64217.042755994735,66278.43500955043,0.04416,True,66278.43500955043,3.210039212469451,63944.31745221756,-0.4246930286301853,61970.10609192729,-3.498972496452568
2496,59143.4711855306,60816.01300975279,0.1673,True,60816.01300975279,2.82793990730692,58674.26473653853,-0.7933360007230439,58821.087977557356,-0.5450867213423138
2497,25336.174163930493,27111.32461026049,0.01147,True,27111.32461026049,7.006387131870784,26156.549218140244,3.2379594839447634,24486.3874798391,-3.3540450053472504
2498,44797.02163542537,46180.23224057241,0.2568,True,46180.23224057241,3.087728948598678,44553.91003095933,-0.5426959105553464,45092.52437508334,0.6596481838968549
2499,21304.47795876514,22268.81718684332,0.05536,True,22268.81718684332,4.526462605395265,21484.579641563967,0.8453700820429066,20990.926893791242,-1.4717613150661335
2500,57646.35962949087,59373.39377683133,0.1702,True,59373.39377683133,2.9959118987575195,57282.450005558356,-0.6312794533279487,57457.83231204964,-0.32704114995802946
2501,23437.96835392604,24030.16504084432,0.24586,True,24030.16504084432,2.5266553737755215,23183.898376289566,-1.0840102426962983,23519.83505240807,0.3492909336073824
2502,60268.99174685515,65745.6609075178,0.04123,True,65745.6609075178,9.08704294185978,63430.3059746414,5.245341154974947,62289.07690231271,3.3517818979657443
2503,48545.55800289771,50036.33004754535,0.13219,True,50036.33004754535,3.0708721991796972,48274.20822840993,-0.5589590183958437,48181.49273556627,-0.7499455816528222
2504,38189.533609457205,40092.655043703926,0.08605,True,40092.655043703926,4.9833586702285215,38680.71811362833,1.2861757077061942,38317.85590163191,0.33601429513905323
2505,11891.394834804514,12680.68255897078,0.01931,True,12680.68255897078,6.637469658783224,12234.108891448404,2.8820341213531275,11744.43650124924,-1.2358376422347606
2506,98038.99902599254,101105.93878924048,0.10619,True,101105.93878924048,3.128285471820069,97545.30633247558,-0.5035676602390349,96736.3261863071,-1.3287292328842293
2507,130765.75394439764,145368.87465757754,0.02075,True,145368.87465757754,11.167389222861225,140249.44112570432,7.2524241976528625,132759.42181966186,1.5246100872189583
2508,32524.73745447975,33700.10384684756,0.07936,True,33700.10384684756,3.613761353224776,32513.29241924621,-0.035188709054323475,32196.065413788172,-1.0105294198041515
2509,54261.65487708459,56499.12052211287,0.06193,True,56499.12052211287,4.123474763341939,54509.39959455134,0.4565742014834395,53310.48643199143,-1.7529292964760912
2510,14519.77170670416,14780.338596268606,0.36389,True,14780.338596268606,1.7945660223027904,14259.82166167436,-1.7903177149112826,14553.922775762298,0.23520389816025222
2511,25360.66171206049,26735.766505859257,0.10585,True,26735.766505859257,5.422196034990767,25794.217086337118,1.7095586037900734,25800.641553001587,1.7348910132414241
2512,13498.576931824367,13679.769927742978,0.33758,True,13679.769927742978,1.3423118365272213,13198.011552428019,-2.226644933865085,13462.272747462097,-0.2689482346593053
2513,40196.56909571008,42449.71881292103,0.03994,True,42449.71881292103,5.605328434489243,40954.77352685921,1.886241657450416,39416.92552619456,-1.9395773994023036
2514,12904.479764328897,13173.206509842505,0.38297,True,13173.206509842505,2.0824299035783866,12709.287701310523,-1.512591492126103,12982.480955171208,0.6044504874805234
2515,26913.9222615546,27797.69644575044,0.22175,True,27797.69644575044,3.2837063866320015,26818.749201174036,-0.35362018012704555,27089.922257661026,0.6539366295110316
2516,75261.69174895852,79498.78743779112,0.09552,True,79498.78743779112,5.629817228884226,76699.09074129423,1.9098680337007012,75927.87688452627,0.8851583323290946
2517,34684.33307025381,36192.96888388294,0.10103,True,36192.96888388294,4.349617478800472,34918.36660771724,0.6747528833533911,34971.98970023174,0.8293560939899747
2518,19228.84743532679,19624.48258275597,0.35988,True,19624.48258275597,2.057508380363604,18933.37016672829,-1.5366353578512126,19296.162798813733,0.3500748742916171
2519,96415.35967838544,109459.2283826756,0.0285,True,109459.2283826756,13.528828547443927,105604.4193977728,9.530701072982017,100088.42981534623,3.809631732135954
2520,70947.8377655862,75618.85052396213,0.03946,True,75618.85052396213,6.583728138141565,72955.79297518512,2.8301852076637823,71040.11806955103,0.13006781724584915
2521,207824.9994707702,235119.57211522237,0.01495,True,235119.57211522237,13.133440497513881,226839.4019321507,9.149237343823401,213353.09223569644,2.659974872610893
2522,22250.049764445343,22505.39959425089,0.31219,True,22505.39959425089,1.1476371177092215,21712.830362340635,-2.4144638227423743,22087.559819736118,-0.7302902529632838
2523,40702.5051836932,41484.6769675281,0.14149,True,41484.6769675281,1.9216797106342831,40023.717413244165,-1.6676805699934794,40041.54162829706,-1.6238891252839838
2524,38176.16051287763,39531.738843799256,0.04676,True,39531.738843799256,3.5508503545409242,38139.55561415731,-0.09588418067335569,37530.84681508964,-1.690357775948459
2525,74343.58619757673,76655.70949143467,0.10343,True,76655.70949143467,3.1100507953883083,73956.13703822295,-0.5211601688464351,73184.64605508542,-1.558897279196747
2526,56592.77708347168,57372.18837860239,0.26913,True,57372.18837860239,1.3772275108201892,55351.720753230606,-2.1929588795590926,56046.488660667856,-0.9652970766889091
2527,10341.458986667372,10640.401684265253,0.20375,True,10640.401684265253,2.8907207192262696,10265.68027775137,-0.7327661311010369,10400.719413358964,0.5730373902559815
2528,138941.19422994312,148513.20524922825,0.06011,True,148513.20524922825,6.889253451675215,143283.0383055149,3.1249508827354333,138845.2540274917,-0.06905094128718536
2529,58899.63907594903,62472.30508842399,0.06253,True,62472.30508842399,6.065684049214859,60272.22742918333,2.3303849985640834,59025.249542520985,0.21326186126537916
2530,24049.010776290103,24613.006756317794,0.35681,True,24613.006756317794,2.345194092489389,23746.214243784936,-1.2590810296600363,24195.939198058408,0.6109541183837885
2531,40030.66363296404,40800.67694789954,0.3523,True,40800.67694789954,1.9235587048859637,39363.80571819359,-1.6658677479963524,40028.58800874162,-0.005185085716907789
2532,37265.82244400422,38210.93824793643,0.20493,True,38210.93824793643,2.5361463720607436,36865.26945183678,-1.0748534874530424,37213.49139217827,-0.1404263971486963
2533,10466.846594435956,10686.45743355312,0.3845,True,10686.45743355312,2.0981566619492353,10310.114088726821,-1.4974185806110096,10537.049034995589,0.6707124244751173
2534,123333.4047447761,149531.3120110323,0.00649,True,149531.3120110323,21.241534133002894,144265.29055645698,16.97178947990363,132120.63627215306,7.124778194164905
2535,5178.812429075512,5280.791492030407,0.35065,True,5280.791492030407,1.9691592300650207,5094.818661857425,-1.6218731295715494,5211.69128337649,0.634872468374903
2536,31140.53762647473,32367.186996309847,0.20913,True,32367.186996309847,3.9390757621097006,31227.316698547434,0.278669151809785,31467.420017439887,1.0497005378842683
2537,74787.33394921792,79953.84652364314,0.05043,True,79953.84652364314,6.908272165355411,77138.12408058543,3.1432998172708615,75178.61472464366,0.5231912340817324
2538,31373.726113234035,32900.20457298945,0.09689,True,32900.20457298945,4.86546753881274,31741.563076360988,1.1724363303209584,31758.543807652426,1.226560380585684
2539,17234.11720663223,17460.359315596685,0.32714,True,17460.359315596685,1.3127571679586225,16845.460499262197,-2.2551587801692863,17158.751985504445,-0.43730247522502097
2540,30874.89161400296,32030.02678745265,0.15726,True,32030.02678745265,3.7413416308991643,30902.030209445602,0.08789859340050388,31125.76034490221,0.8125331548871628
2541,44565.56241962335,45515.76004538335,0.18341,True,45515.76004538335,2.1321342628038087,43912.83845192734,-1.4646375637539344,44387.5789150078,-0.39937452811585894
2542,10594.54115124852,10888.622535579763,0.18767,True,10888.622535579763,2.775782170581187,10505.159573127423,-0.8436569063735688,10626.220778858336,0.2990184016235853
2543,13368.226233329922,13969.159867167002,0.10173,True,13969.159867167002,4.495238361083542,13477.21009040408,0.8152454571904055,13420.968951749774,0.3945378952994627
2544,68906.36570706857,72194.38754178063,0.03053,True,72194.38754178063,4.771724355177764,69651.92878460143,1.081994486115212,66798.57542990106,-3.0589195287530457
2545,154815.85549555594,168457.22857284898,0.04525,True,168457.22857284898,8.811354000937332,162524.695995475,4.979361109521707,155982.92668982857,0.7538447470621934
2546,12036.946448393675,12298.946591590944,0.36015,True,12298.946591590944,2.176632955214597,11865.816461526843,-1.4217059750205152,12116.496501962642,0.6608823417967535
2547,66532.52364421397,67457.28131324137,0.18854,True,67457.28131324137,1.389933251251052,65081.64850506642,-2.180700595255003,65428.21830620479,-1.6597977613392656
2548,43472.429180734354,44543.18993916469,0.13927,True,44543.18993916469,2.4630801144760017,42974.519199102164,-1.1453465817660047,42969.482813205526,-1.1569318232433123
2549,57681.339236258784,59353.38530740808,0.18392,True,59353.38530740808,2.8987643027855503,57263.14617135725,-0.7250058171996421,57483.21410574386,-0.3434821956948997
2550,19441.012403899826,22119.497885085613,0.00581,True,22119.497885085613,13.777499985795426,21340.518894928016,9.770615087139966,19358.11126420224,-0.42642398438547113
2551,19448.232086331365,19605.19738868437,0.35924,True,19605.19738868437,0.8070929103284552,18914.764136400867,-2.743015136606841,19279.87587190147,-0.865663334757405
2552,51720.13056035445,53649.44296929157,0.11514,True,53649.44296929157,3.730292998169671,51760.07870235154,0.07723905868812775,51749.85364223762,0.057469077438776495
2553,15068.92562725318,15417.400877815691,0.19414,True,15417.400877815691,2.312542109387472,14874.448617820968,-1.29058311284308,15060.40956733984,-0.05651404834022822
2554,92415.34135295816,97684.87278708367,0.06425,True,97684.87278708367,5.7020093817538475,94244.71949098812,1.979517806511244,91399.0117811387,-1.0997411868423734
2555,109512.93549772224,121241.47469295523,0.01761,True,121241.47469295523,10.709729532797475,116971.73213314709,6.810881839232574,111429.92688902636,1.7504702824297835
2556,18533.73672723187,19520.940752315084,0.02377,True,19520.940752315084,5.326524486736139,18833.474753169696,1.6172563058879375,18089.77777309837,-2.395409844584584
2557,18650.517767222507,19455.9214970668,0.01013,True,19455.9214970668,4.318398769924525,18770.745271136755,0.6446335989960694,17657.732612615993,-5.32309701530802
2558,16590.761493634458,16907.291465684433,0.26557,True,16907.291465684433,1.9078688592529147,16311.869955636532,-1.681005046723938,16567.569271493492,-0.1397899798020963
2559,31867.5931039522,32419.81138319733,0.27819,True,32419.81138319733,1.7328521719346401,31278.087820411987,-1.849858198004617,31794.87551424439,-0.22818663923128701
2560,33174.85259949588,33754.063757365875,0.2964,True,33754.063757365875,1.7459343824749674,32565.35203180917,-1.8372367016816105,33052.917664260494,-0.36755230447427234
2561,13474.092764420478,13633.11154482004,0.20106,True,13633.11154482004,1.1801817248836555,13152.996330674496,-2.383065334045098,13344.28655339393,-0.9633762606215179
2562,5842.23977051453,6022.73220677009,0.14993,True,6022.73220677009,3.0894390395699745,5810.630563378683,-0.5410460435974707,5891.2177822435215,0.838343061100999
2563,28311.23336742532,29680.6644589315,0.03018,True,29680.6644589315,4.837059105598129,28635.405016445948,1.1450283525747729,28010.280545202942,-1.0630155822481835
2564,11810.749641784383,12043.271639752096,0.3487,True,12043.271639752096,1.968731918125588,11619.14557555001,-1.6222853929314662,11862.866055001094,0.4412625345332266
2565,12705.204062748962,12999.303609527004,0.24572,True,12999.303609527004,2.314795931852265,12541.509112965257,-1.288408662900975,12745.82676390199,0.3197327721176313
2566,23563.97706580923,24110.537393518767,0.34114,True,24110.537393518767,2.31947402674475,23261.440268053546,-1.2838953157642385,23687.2026607885,0.5229405657420472
2567,34092.00832280589,35297.59439010039,0.11518,True,35297.59439010039,3.536271773370503,34054.524381195144,-0.10994935016974683,34001.983926508285,-0.2640630479882278
2568,64816.91507685728,71699.25259289016,0.02051,True,71699.25259289016,10.618119526163937,69174.23092784037,6.722498048258485,65665.60780474402,1.3093692084549247
2569,40179.2556031789,41913.56645307979,0.09504,True,41913.56645307979,4.316433502475525,40437.502763065466,0.6427375420716697,40456.36142817328,0.6896738648698442
2570,62275.20733244783,65690.9829483378,0.01868,True,65690.9829483378,5.4849686772703965,63377.553600827174,1.7701205914813167,59746.98618007536,-4.059755496077122
2571,24517.31227723761,25563.96542457157,0.10219,True,25563.96542457157,4.269037060419123,24663.683145366504,0.5970102533008559,24591.87976468125,0.30414217757821493
2572,7673.235031770336,7825.290747696464,0.35316,True,7825.290747696464,1.9816376703770233,7549.708674540982,-1.6098341405926364,7716.797218985601,0.5677160550263238
2573,13145.935205539428,13384.767436924853,0.36588,True,13384.767436924853,1.816776270772924,12913.398119426005,-1.768889641380833,13187.066928299928,0.31288548222241364
2574,23405.48998985726,24117.53393312581,0.22285,True,24117.53393312581,3.0422090867446627,23268.190411590207,-0.586612706363121,23467.791673843305,0.2661840620001854
2575,57056.21011929244,60330.84289370473,0.05984,True,60330.84289370473,5.739310002479536,58206.18078261844,2.015504816954472,56144.18127206233,-1.5984742858371592
2576,82706.23664515678,87132.6462764325,0.05179,True,87132.6462764325,5.351965959068861,84064.10913518301,1.6418018097620113,82551.6246546626,-0.18694115071093975
2577,53528.34552393384,55864.832487986285,0.14338,True,55864.832487986285,4.36495270156958,53897.44918557609,0.6895480479164551,53939.84665197229,0.7687536836991526
2578,22616.17856487185,22958.01361022561,0.24878,True,22958.01361022561,1.5114624443437474,22149.504739408232,-2.0634512772572,22483.494862413554,-0.5866760473159038
2579,90579.81733869883,96198.8806636334,0.02913,True,96198.8806636334,6.203438569459241,92811.059325963,2.463288238836947,89778.15457468371,-0.8850346441056756
2580,31489.98916515932,32299.403864948134,0.12929,True,32299.403864948134,2.5703873556246037,31161.920675405454,-1.0418183633954525,31153.62949248086,-1.068147946683351
2581,28617.995548010196,29780.538896301223,0.14301,True,29780.538896301223,4.062280834241938,28731.762190956946,0.39753532967008454,28962.9815997546,1.205486426069391
2582,13705.964363559862,14503.743510167014,0.01657,True,14503.743510167014,5.820671391268273,13992.96738261881,2.094000914098415,13237.47605445506,-3.41813459219531
2583,24431.13541204075,24992.06566025017,0.21771,True,24992.06566025017,2.295964713670129,24111.923887994984,-1.3065767049387444,24430.931231336155,-0.0008357397278113687
2584,26047.352117286933,27257.09981904108,0.05859,True,27257.09981904108,4.644417199517448,26297.190683582,0.959170687178057,26135.113829862512,0.33693141698396545
2585,20981.65786913993,21651.56902349849,0.16532,True,21651.56902349849,3.1928418551894877,20889.06901283484,-0.44128474919644667,21008.245357833755,0.1267177687275689
2586,7337.297851030237,7498.282989203351,0.32005,True,7498.282989203351,2.194065737027562,7234.217098504091,-1.4048871208311775,7390.6056538320645,0.7265318089048511
2587,8108.971535160595,8212.14886969663,0.24383,True,8212.14886969663,1.2723849638472284,7922.942872943265,-2.294109202513628,8048.577912835638,-0.7447753647067179
2588,14348.83568175582,14573.904039201703,0.36129,True,14573.904039201703,1.5685478768988403,14060.657078981785,-2.0083762136913097,14345.3539054139,-0.024265218580399317
2589,7529.019883712067,7656.543357521656,0.34365,True,7656.543357521656,1.6937592911059562,7386.904035520518,-1.8875743507995812,7551.361011722098,0.29673355038366545
2590,45992.78376575946,46640.249688208256,0.05889,True,46640.249688208256,1.4077554551738647,44997.72711416213,-2.163506033174978,43862.57461320297,-4.631616045259646
2591,55410.56698792451,58316.65481039784,0.08025,True,58316.65481039784,5.244645526017888,56262.926054457,1.5382608640662987,55556.309792259875,0.2630234849737789
2592,54567.90537438964,61956.681502566345,0.02035,True,61956.681502566345,13.540516311708162,59774.76248066454,9.541977231031185,57909.39742698371,6.123548319599492
2593,91504.07847689638,97448.80568994572,0.0873,True,97448.80568994572,6.496680051862724,94016.96593287773,2.7462026805896267,92844.74734937586,1.4651465757539839
2594,39475.20112635125,40931.836008470775,0.14104,True,40931.836008470775,3.689999900081986,39490.34577009272,0.038364956502690006,39609.950486168826,0.3413519272169818
2595,61913.08064805579,66047.03396682817,0.04761,True,66047.03396682817,6.677027334937158,63721.06562479474,2.920198700847121,61994.80437903803,0.1319975199534973
2596,24550.09087429688,25913.869902126786,0.04522,True,25913.869902126786,5.5550874936179495,25001.26509019545,1.837770044146514,24433.101840265565,-0.4765319795772993
2597,21424.539965777265,22064.787179382325,0.20232,True,22064.787179382325,2.9883825492998506,21287.734927819834,-0.6385436428318125,21548.998529503406,0.5809159212984083
2598,5518.346794871152,5689.64143680416,0.12883,True,5689.64143680416,3.104093459516011,5489.2702003581035,-0.5269077061280991,5550.547905193892,0.5835282108885842
2599,11128.115481963963,11510.15816708667,0.14112,True,11510.15816708667,3.4331301264972414,11104.806678904972,-0.2094586733645043,11168.085690471778,0.3591821865310152
2600,54081.08821480971,56402.780039525576,0.03731,True,56402.780039525576,4.292982817753455,54416.4519200751,0.6201127165439635,51971.80402696637,-3.900225120221834
2601,20914.220169841497,21317.69312744509,0.304,True,21317.69312744509,1.9291800235774703,20566.951173392707,-1.660444394429561,20918.0762201259,0.0184374566829959
2602,17404.151052465608,18464.68226505345,0.04728,True,18464.68226505345,6.093553252846529,17814.414360278333,2.357272736693483,17565.69628896575,0.9281994623763001
2603,87430.81898148243,89662.6295798624,0.15901,True,89662.6295798624,2.5526589186504856,86504.99440171082,-1.0589224607031267,86515.24007333264,-1.0472038565070618
2604,100117.12038017502,105516.96737124235,0.02989,True,105516.96737124235,5.393530068146668,101800.99239231825,1.681902161936999,97170.47409673888,-2.943199197346902
2605,8024.27450287068,8333.994002157911,0.15722,True,8333.994002157911,3.859781955071817,8040.497003920995,0.20216782270485734,8089.522697274351,0.8131351236841278
2606,20529.78002083735,21006.517253163023,0.35261,True,21006.517253163023,2.32217408974571,20266.73393251041,-1.2812903404710085,20660.314573170697,0.6358302534214211
2607,117283.37952351496,130463.84812269076,0.02058,True,130463.84812269076,11.238138475139326,125869.32264156705,7.320681884282365,118684.04824443957,1.1942601983461643
2608,59865.88724483978,63573.95636911993,0.0548,True,63573.95636911993,6.193960024537626,61335.08202441197,2.4541434983891053,60380.66995743406,0.8598932318315322
2609,27743.984596241924,28855.748211456637,0.15826,True,28855.748211456637,4.007224021330047,27839.53971889594,0.34441744415818487,28038.840028267718,1.0627724759684876
2610,20961.561438398818,21335.99809100675,0.19998,True,21335.99809100675,1.7863013388020432,20584.611493838856,-1.7982913423111646,20825.004298508553,-0.651464540423552
2611,19952.05805999789,20247.475213393867,0.29559,True,20247.475213393867,1.4806349926790974,19534.422960720207,-2.093193083248912,19884.811581606915,-0.33704031027154135
2612,46593.405272763535,49035.06308898431,0.06776,True,49035.06308898431,5.240350650327041,47308.2027359233,1.5341172403589232,46375.88273198036,-0.46685263613974737
2613,17648.833236324735,18031.564990686275,0.35815,True,18031.564990686275,2.1685952223391425,17396.550111036733,-1.4294606442807445,17730.448257254968,0.46243862037436134
2614,10089.950090727703,10149.603341850354,0.31039,True,10149.603341850354,0.5912145311548045,9792.166305855711,-2.9512909597604886,9988.333602575169,-1.007105954328913
2615,10341.86689165906,10574.77509465019,0.33923,True,10574.77509465019,2.252090511617144,10202.3648497536,-1.3489057958962047,10419.392983183634,0.7496334301798191
2616,62309.399676394205,65330.725224150425,0.08212,True,65330.725224150425,4.8489081317547145,63029.983018076826,1.1564600933807734,62714.90637089471,0.6507953801617727
2617,6776.985203047785,6974.994807196905,0.19061,True,6974.994807196905,2.921794842639902,6729.357476752425,-0.702786340361794,6812.351105430137,0.5218530264231136
2618,44118.820495154105,45868.21963335793,0.15892,True,45868.21963335793,3.965199247327944,44252.885524240926,0.303872650225423,44357.44756085929,0.5408736295010375
2619,19805.205306058837,19955.869708091726,0.34473,True,19955.869708091726,0.7607313315090902,19253.086882112322,-2.78774400676175,19616.73078965484,-0.9516413159642356
2620,36566.55514742247,37681.12217383983,0.07815,True,37681.12217383983,3.0480503890067068,36354.11182977707,-0.5809771163537425,36255.73545652115,-0.8500108627903624
2621,43329.77394537517,45148.86578169079,0.06795,True,45148.86578169079,4.1982490806642625,43558.86504767339,0.5287152030541975,43094.96821638668,-0.5419038864234671
2622,56606.694400069246,59439.874759562095,0.02026,True,59439.874759562095,5.005027037030763,57346.58973763952,1.307080982932951,55623.22980605919,-1.7373644662226573
2623,59918.14053555193,61911.928157989816,0.02315,True,61911.928157989816,3.3275191863720854,59731.58520781195,-0.31135032908654603,58147.254549068486,-2.955508917091154
2624,44152.05661887004,46321.48896584027,0.08212,True,46321.48896584027,4.913547664828455,44690.19213963445,1.2188232258572018,44027.61790340514,-0.2818412662836556
2625,57977.45169370604,59928.49675112074,0.09048,True,59928.49675112074,3.365179048782685,57818.00400289577,-0.27501672831816704,57788.00598910225,-0.3267575567215908
2626,43327.44687734795,46881.22744233951,0.03115,True,46881.22744233951,8.202146263202748,45230.218391405935,4.391607747957971,43577.55652491141,0.5772545247622496
2627,32885.38626863779,34115.32789274017,0.06232,True,34115.32789274017,3.740085684428629,32913.893583116864,0.08668687740567282,32353.192635430365,-1.6183286669038455
2628,215288.87049300203,245266.7496966196,0.02269,True,245266.7496966196,13.924490910732889,236629.22790518994,9.912429455047732,228473.32262810456,6.124075111226479
2629,7552.592700839096,7658.54730004739,0.34016,True,7658.54730004739,1.4028904166448974,7388.837405507348,-2.1681997403825926,7549.697786089033,-0.03833007901699048
2630,19906.71491856721,20818.59469891663,0.11008,True,20818.59469891663,4.580764752394684,20085.42941825277,0.8977598785969043,19979.92883404226,0.36778502015299974
2631,11352.02929612838,11568.562522319084,0.19971,True,11568.562522319084,1.9074406922518605,11161.15421684903,-1.681418135032886,11281.450582042638,-0.6217277302993929
2632,10212.362287878195,10358.92582802939,0.3458,True,10358.92582802939,1.4351580566737576,9994.117113900455,-2.1370684649211102,10204.1016181374,-0.08088892175908136
2633,153068.4858823115,165643.83350423223,0.02166,True,165643.83350423223,8.215504027125098,159810.37983275615,4.404495093541483,152876.03899810615,-0.12572599976805598
2634,129011.43639256703,139356.9293152635,0.02469,True,139356.9293152635,8.019051032976886,134449.21754741803,4.2149605545855895,125743.20714695331,-2.5332864566121716
2635,44399.6827720562,48531.27782424302,0.04202,True,48531.27782424302,9.305460747091466,46822.159200168055,5.4560669736057,46058.61894700858,3.736369431892572
2636,96494.37268852456,108131.08217148187,0.01839,True,108131.08217148187,12.059469540798617,104323.04630953839,8.113088258819111,99368.47456681168,2.9785176049223816
2637,38410.40968906736,39122.02775235879,0.15767,True,39122.02775235879,1.8526698076172021,37744.273255861,-1.7342601617601594,37942.4076129527,-1.2184251089825349
2638,18274.50352227144,18569.20983472831,0.34703,True,18569.20983472831,1.6126638521134495,17915.260798442345,-1.965813864060817,18262.059613217156,-0.06809437552772746
2639,31817.154367838448,33381.41324120308,0.04496,True,33381.41324120308,4.916400930391895,32205.825092152056,1.2215760084015814,31690.396351917607,-0.39839520044875343
2640,19155.93090045062,19475.15185230747,0.36915,True,19475.15185230747,1.666434032967512,18789.29839388401,-1.9139372994814052,19158.03600817308,0.010989326143429068
2641,11765.231235962134,11991.19143964104,0.32948,True,11991.19143964104,1.9205759678418088,11568.899475919014,-1.6687454424440307,11795.51879981082,0.2574327970376489
2642,16470.61344058574,16776.9104189905,0.32395,True,16776.9104189905,1.8596573801556326,16186.08051841841,-1.7275186695002165,16498.239774244077,0.167731054814646
2643,22617.90042979972,23025.549604964843,0.36153,True,23025.549604964843,1.8023298689034517,22214.662329300547,-1.7828272865145989,22642.880380564515,0.11044327850997515
2644,41252.28584354114,42538.80025195385,0.07523,True,42538.80025195385,3.1186499901899145,41040.7177984129,-0.5128638105792671,40470.910406877694,-1.8941385202919214
2645,18543.247942892867,18858.61229153952,0.31708,True,18858.61229153952,1.7006963915807694,18194.47141298267,-1.8808815531362821,18512.393093279425,-0.16639398722632093
2646,19020.079913105837,19333.41325635229,0.15724,True,19333.41325635229,1.647381844229523,18652.551384488215,-1.9323185301885926,18808.711464411004,-1.1112910653397923
2647,12900.825069367287,13139.322475079169,0.32001,True,13139.322475079169,1.8486988578597874,12676.596955441877,-1.7380912671844162,12925.356075525873,0.19015067661707352
2648,40080.63536661151,41263.51049537081,0.28967,True,41263.51049537081,2.9512384670046243,39810.339727072555,-0.674379627634647,40413.602789289704,0.8307438732759298
2649,12848.063377559758,13017.688753423135,0.32351,True,13017.688753423135,1.3202408088961004,12559.246790047246,-2.2479386894756037,12800.307334032785,-0.37169838070991723
2650,26703.12101691993,27167.651260137136,0.34387,True,27167.651260137136,1.7396102984473805,26210.8922209618,-1.84333807140461,26690.02338969007,-0.04904905018989769
2651,25485.547303106447,25925.174558486557,0.31735,True,25925.174558486557,1.7250061383869975,25012.17163219291,-1.857427918983079,25463.85388831756,-0.08512045878740215
2652,49574.10118893316,52827.67764455183,0.0193,True,52827.67764455183,6.563056873626194,50967.2533619703,2.8102419199244055,49400.67567071507,-0.3498308876183964
2653,62120.06227927736,65330.62021507959,0.08562,True,65330.62021507959,5.16831087735925,63029.88170709445,1.4646144811103934,61936.64048194824,-0.2952698220173966
2654,75792.16450803145,79643.03995803007,0.04204,True,79643.03995803007,5.080835829131858,76838.26314248495,1.380220028341661,75898.88402655047,0.1408054766765643
2655,20545.384868790643,21004.72820289844,0.3298,True,21004.72820289844,2.235749473866333,20265.00788695668,-1.364671353807878,20636.940120685478,0.44562441871756064
2656,22465.53708375057,23004.53157971049,0.15444,True,23004.53157971049,2.399205921276537,22194.384492642374,-1.206971327226003,22254.795688399467,-0.9380652444028748
2657,46100.72605540987,47187.658052031205,0.33352,True,47187.658052031205,2.3577329244552914,45525.85748095866,-1.246983775830901,46244.60313771381,0.3120928770861786
2658,29208.270243956304,29645.128942159063,0.34701,True,29645.128942159063,1.495667817895363,28601.12094855874,-2.0786896667501,29125.34467960775,-0.28391124724583827
2659,77518.69178232313,80664.78713168492,0.10297,True,80664.78713168492,4.058499023946638,77824.02760144777,0.3938867028123294,77520.57129345933,0.002424590886374034
2660,30259.87309374176,30773.55615330956,0.19669,True,30773.55615330956,1.6975717577415672,29689.808510374743,-1.8838961472211757,29955.099557265545,-1.0071870940504657
2661,57699.4981288232,59711.031231519686,0.17494,True,59711.031231519686,3.4862228752933433,57608.19693339755,-0.15823568382138387,57882.2126468417,0.3166656971791193
2662,98810.53150650556,102806.25563661124,0.0841,True,102806.25563661124,4.043824144233654,99185.74338024175,0.3797286261044919,97893.5597158078,-0.9280101793981199
2663,53015.1088586894,61964.92092026828,0.01594,True,61964.92092026828,16.88162535973361,59782.711732047406,12.765422950270477,56848.63206210022,7.231001286122041
2664,47213.35104514533,49335.57864410606,0.12231,True,49335.57864410606,4.49497345979839,47598.13508048252,0.81498988489348,47228.778761821864,0.032676597477232505
2665,10944.76977217695,11116.285923484613,0.36291,True,11116.285923484613,1.5671060687240779,10724.805374153615,-2.009767245927019,10951.59149080419,0.06232857126500235
2666,5260.729513605981,5317.400898128092,0.3064,True,5317.400898128092,1.0772533424411979,5130.138800072972,-2.4823689033100504,5244.256310148085,-0.31313534397257037
2667,46048.37075715545,47066.21753789654,0.13319,True,47066.21753789654,2.210386087509786,45408.69371892552,-1.3891415216477077,45511.710245455695,-1.165427794459728
2668,10105.943514369848,10532.103986657688,0.15244,True,10532.103986657688,4.216929094070965,10161.1964836762,0.5467373652720875,10233.350752372111,1.2607159125825218
2669,11246.8142510081,11481.321268755406,0.37571,True,11481.321268755406,2.0850972774471455,11076.985325232905,-1.5100180547569009,11318.969521157944,0.6415618551126823
2670,51130.8930647952,55394.33839884547,0.01542,True,55394.33839884547,8.338296240293431,53443.52441515753,4.522962952029164,49876.08674822053,-2.4541060039466323
2671,19954.244776598996,20212.91686251864,0.33667,True,20212.91686251864,1.2963261141458737,19501.081646027542,-2.2710111840609115,19854.436572011145,-0.5001853275093615
2672,8921.588849918,9255.081326377493,0.09082,True,9255.081326377493,3.738039065346044,8929.14653604443,0.08471233379578891,8974.70385630854,0.5953536672005377
2673,43349.85271696671,43899.188854502,0.1289,True,43899.188854502,1.2672156953379643,42353.197802613104,-2.2990964256806357,42558.620336463384,-1.8252250720880547
2674,146656.51514030705,164212.30584410753,0.02213,True,164212.30584410753,11.97068584849761,158429.26606434182,8.02743124829588,153080.36065967462,4.380197847481826
2675,54764.94745198204,56549.442233759975,0.117,True,56549.442233759975,3.2584615977995446,54557.94913413895,-0.37797592707377037,54153.046060420056,-1.1173230689183078
2676,11068.717653645332,11143.491282472982,0.36277,True,11143.491282472982,0.6755401227803937,10751.052646155482,-2.869935049659811,10979.90737441788,-0.8023538227863503
2677,28786.25774405453,30219.146913340883,0.0624,True,30219.146913340883,4.977684775932012,29154.92381622209,1.280701630081471,28987.99495587339,0.7008108299889404
2678,19194.95986952433,20236.452159345616,0.03891,True,20236.452159345616,5.425863335483472,19523.788103888528,1.7130967535195385,19050.409688366017,-0.7530632110766433
2679,143634.4393309861,152550.10476777278,0.05417,True,152550.10476777278,6.207192006536633,147177.77094818096,2.4669094916921264,142609.3654691712,-0.7136685787819674
2680,10582.557995996276,10942.28130194091,0.11023,True,10942.28130194091,3.3992093979615223,10556.928646881159,-0.24218482076652226,10523.354630675529,-0.5594428619540404
2681,113725.22424073004,135451.82559049467,0.01322,True,135451.82559049467,19.104470001988695,130681.63926611924,14.909986011103737,124754.141704102,9.697863896954196
2682,321217.9835931524,390828.0781231641,0.00907,True,390828.0781231641,21.6706716577171,377064.3451847733,17.385814133730037,349896.1380591867,8.927941750097457
2683,61857.93228517063,63906.23651087564,0.03061,True,63906.23651087564,3.3113040640643243,61655.66030699262,-0.3269944059001495,59655.66987195181,-3.5601940314884617
2684,115974.04616850246,118476.86500681048,0.19483,True,118476.86500681048,2.158085296663348,114304.48328551147,-1.4396004435037413,114739.24543069654,-1.064721615396469
2685,37567.00392521134,38285.23761841117,0.09062,True,38285.23761841117,1.9118737672817687,36936.9522326908,-1.6771411789315294,36503.946484312146,-2.8297637017195676
2686,26649.02832136334,27695.11607052297,0.04696,True,27695.11607052297,3.9254254847296943,26719.78138340695,0.26549959417052627,26120.56758945103,-1.9830394021858821
2687,20770.118738426925,21345.533179165417,0.23096,True,21345.533179165417,2.770395528235059,20593.8107862492,-0.8488538481560837,20873.47586354764,0.49762414178928793
2688,145253.97636119233,153937.43598978937,0.06134,True,153937.43598978937,5.978121801639724,148516.2447377208,2.245906417333754,145027.92530306824,-0.15562469530058243
2689,87193.38156926818,92537.85723716787,0.04664,True,92537.85723716787,6.1294510795569135,89278.9656042542,2.3919063551047115,86865.8934423442,-0.37558828552121115
2690,13166.751805003072,13338.824254988323,0.35515,True,13338.824254988323,1.3068709164842485,12869.072911534613,-2.2608377364214283,13133.889271932776,-0.24958724488001183
2691,59632.95169645757,62703.03986703445,0.01384,True,62703.03986703445,5.1483082477690845,60494.83645621616,1.4453162810818654,57365.82383780318,-3.8018038587029457
2692,28111.43969015681,29978.692277358863,0.05079,True,29978.692277358863,6.642322868493533,28922.937234555277,2.886716416315771,28525.83020776473,1.4740992356681692
2693,59130.824603507404,61264.64275724003,0.15444,True,61264.64275724003,3.6086392639382403,59107.09515849551,-0.04013041450209309,59051.53530789681,-0.13409130710125838
2694,65799.13965656918,67901.05258453537,0.07605,True,67901.05258453537,3.1944383147513467,65509.79155104674,-0.43974451190799124,64526.063920380126,-1.9347908541566428
2695,47294.43442633782,49524.05796644081,0.07778,True,49524.05796644081,4.714346555038462,47779.97675521149,1.0266373512298088,47626.08581104471,0.7012482308535573
2696,95375.50425221278,107395.638508443,0.01823,True,107395.638508443,12.60295748942406,103613.5026540371,8.637436275083399,99970.65721659084,4.817959286722684
2697,46774.55039075598,48213.11802636496,0.07929,True,48213.11802636496,3.0755349299803836,46515.203987464,-0.5544604942760434,46108.08541973628,-1.4248452747317453
2698,24084.50909720329,24549.199954603977,0.35542,True,24549.199954603977,1.9294180152280793,23684.65451649489,-1.6602147840946824,24128.854416781305,0.18412382581285414
2699,79086.79573425544,83658.22422038695,0.02902,True,83658.22422038695,5.780267671347139,80712.04527183517,2.055020085831827,77859.87368292295,-1.5513614376983398
2700,39365.70996435645,41659.87625059274,0.04855,True,41659.87625059274,5.827829063196188,40192.74672982461,2.1009065153835715,39072.629605638824,-0.7445067267502492
2701,20925.88542591481,21248.758530072424,0.17127,True,21248.758530072424,1.5429364042955473,20500.444235243012,-2.033085730962325,20632.15340760032,-1.4036778484447288
2702,12578.462398965128,12887.135906820058,0.28647,True,12887.135906820058,2.4539844224547247,12433.29160317123,-1.1541219521858381,12657.94354005846,0.6318828054840075
2703,57231.47890054735,60628.397591506255,0.0531,True,60628.397591506255,5.935402607473805,58493.25654191899,2.20469165852637,57495.688272385094,0.4616504359373108
2704,18202.615419430884,18410.463062666517,0.26248,True,18410.463062666517,1.1418559280979013,17762.104587289028,-2.4200414170791107,18036.79909392736,-0.9109478043826558
2705,29671.2519388919,31026.96429852855,0.10551,True,31026.96429852855,4.569110742036586,29934.292419515412,0.8865162857477182,29853.305993558748,0.6135705195108976
2706,54060.903786612114,57318.34946208237,0.03039,True,57318.34946208237,6.025510946557544,55299.77787363872,2.2916266659481987,53496.698319933894,-1.0436478622429912
2707,22643.17752568251,22982.476174084884,0.36609,True,22982.476174084884,1.498458632926103,22173.10580887958,-2.0759971354274875,22595.563355880924,-0.21028042441295636
2708,11865.598285946837,12079.631285116782,0.35572,True,12079.631285116782,1.8038112702958964,11654.224748818277,-1.7813980554095,11900.741294617324,0.2961756147779715
2709,51665.68754983748,54000.45785068213,0.06779,True,54000.45785068213,4.5189958976012745,52098.73194609297,0.8381663281607832,51128.43176301991,-1.0398696161728727
2710,31553.343550099435,32484.50718130508,0.15154,True,32484.50718130508,2.9510775291600178,31340.50523644528,-0.6745348977556631,31410.161801935406,-0.4537767857681674
2711,7600.347653848364,7730.503995307459,0.26867,True,7730.503995307459,1.7125051035421057,7458.260012783144,-1.8694887067866595,7604.9682307056255,0.060794282942078226
2712,19818.623491183665,20213.87030703517,0.18784,True,20213.87030703517,1.9943202212168165,19502.00151323366,-1.5975982292153468,19721.083172081235,-0.4921649535641115
2713,47064.338317769056,47969.81363775888,0.30513,True,47969.81363775888,1.9239095934510786,46280.468012477526,-1.6655292166204316,46933.985793554355,-0.2769666564407802
2714,45910.22894103269,48632.79101592599,0.02255,True,48632.79101592599,5.930186230154,46920.09741723109,2.199658985572639,44765.575669707665,-2.49324235083912
2715,27711.40792598288,28366.88363479686,0.24303,True,28366.88363479686,2.365364150983429,27367.89141162115,-1.2396212970458342,27734.824259198365,0.08450069833345619
2716,11748.179328690376,12052.744922124484,0.28872,True,12052.744922124484,2.592449305658162,11628.28523877904,-1.0205333656981175,11823.821547091655,0.6438633279673533
2717,45314.123253725935,47086.48786575655,0.07105,True,47086.48786575655,3.9112852346423477,45428.25018973468,0.2518573191181872,44938.84701654035,-0.8281661659529704
2718,35914.511998660775,36935.712240636734,0.1458,True,36935.712240636734,2.8434195124634742,35634.95288473097,-0.77840153846509,35902.34171559493,-0.033886811733097044
2719,7884.4696330919005,8879.970445169041,0.02416,True,8879.970445169041,12.62609735852016,8567.245877642978,8.659761230931728,8270.809812217132,4.900014802564834
2720,19085.80967068996,19401.99871625518,0.23982,True,19401.99871625518,1.6566708513854334,18718.721480689263,-1.9233566525837964,18950.748320579416,-0.7076532378815337
2721,9656.787478194485,9849.492275580114,0.24664,True,9849.492275580114,1.9955373132189758,9502.62420532569,-1.5964239993569662,9674.707596882838,0.18557018810674286
2722,53330.81329423841,56467.96298004052,0.03742,True,56467.96298004052,5.882433610179039,54479.33932289558,2.1535880623467785,52555.61262245504,-1.4535699418390835
2723,20165.480901174036,20634.58785609913,0.2718,True,20634.58785609913,2.326286971404601,19907.902716410656,-1.2773223015394852,20212.9433907226,0.23536502690497674
2724,42532.41578096187,43850.27070967896,0.1178,True,43850.27070967896,3.098471846753137,42306.00240065035,-0.5323313434099974,42262.40340188578,-0.634839037750945
2725,70976.86605417603,77850.91701696222,0.04364,True,77850.91701696222,9.684917558263685,75109.25312224939,5.822160512016894,73283.6538382126,3.25005584534519
2726,12981.76801117612,13263.364466727566,0.33833,True,13263.364466727566,2.169168755049511,12796.27057915112,-1.428907309584515,13049.00825853597,0.5179590892547381
2727,135665.75246154837,141061.32473994282,0.00955,True,141061.32473994282,3.977107103669164,136093.5895378565,0.31536114940238225,127888.79919071583,-5.7324366169986485
2728,121101.8464648958,132304.88814354813,0.02411,True,132304.88814354813,9.250925568587265,127645.52703623897,5.403452352181937,121657.21195228549,0.4585937403940976
